{
"type": "FeatureCollection",
"name": "hti_adminpoints",
"crs": { "type": "name", "properties": { "name": "urn:ogc:def:crs:OGC:1.3:CRS84" } },
"features": [
{ "type": "Feature", "properties": { "admin_level": 0, "name": "Haiti", "name1": "Haïti", "name2": "Ayiti", "name3": null, "x_coord": -72.29486206, "y_coord": 18.9887608, "adm4_name": null, "adm4_name1": null, "adm4_name2": null, "adm4_name3": null, "adm4_pcode": null, "adm3_name": null, "adm3_name1": null, "adm3_name2": null, "adm3_name3": null, "adm3_pcode": null, "adm2_name": null, "adm2_name1": null, "adm2_name2": null, "adm2_name3": null, "adm2_pcode": null, "adm1_name": null, "adm1_name1": null, "adm1_name2": null, "adm1_name3": null, "adm1_pcode": null, "adm0_name": "Haiti", "adm0_name1": null, "adm0_name2": null, "adm0_name3": null, "adm0_pcode": "HT", "valid_on": "2018-11-29", "valid_to": null, "version": "v01", "lang": "en", "lang1": "fr", "lang2": "ht", "lang3": null }, "geometry": { "type": "Point", "coordinates": [ -72.294862060999947, 18.988760801000183 ] } },
{ "type": "Feature", "properties": { "admin_level": 1, "name": "Artibonite", "name1": "Artibonite", "name2": "Latibonit", "name3": null, "x_coord": -72.49245856, "y_coord": 19.33671941, "adm4_name": null, "adm4_name1": null, "adm4_name2": null, "adm4_name3": null, "adm4_pcode": null, "adm3_name": null, "adm3_name1": null, "adm3_name2": null, "adm3_name3": null, "adm3_pcode": null, "adm2_name": null, "adm2_name1": null, "adm2_name2": null, "adm2_name3": null, "adm2_pcode": null, "adm1_name": "Artibonite", "adm1_name1": "Artibonite", "adm1_name2": "Latibonit", "adm1_name3": null, "adm1_pcode": "HT05", "adm0_name": "Haiti", "adm0_name1": null, "adm0_name2": null, "adm0_name3": null, "adm0_pcode": "HT", "valid_on": "2018-11-29", "valid_to": null, "version": "v01", "lang": "en", "lang1": "fr", "lang2": "ht", "lang3": null }, "geometry": { "type": "Point", "coordinates": [ -72.492458560999921, 19.336719407000089 ] } },
{ "type": "Feature", "properties": { "admin_level": 1, "name": "Centre", "name1": "Centre", "name2": "Sant", "name3": null, "x_coord": -72.01591926, "y_coord": 19.00952069, "adm4_name": null, "adm4_name1": null, "adm4_name2": null, "adm4_name3": null, "adm4_pcode": null, "adm3_name": null, "adm3_name1": null, "adm3_name2": null, "adm3_name3": null, "adm3_pcode": null, "adm2_name": null, "adm2_name1": null, "adm2_name2": null, "adm2_name3": null, "adm2_pcode": null, "adm1_name": "Centre", "adm1_name1": "Centre", "adm1_name2": "Sant", "adm1_name3": null, "adm1_pcode": "HT06", "adm0_name": "Haiti", "adm0_name1": null, "adm0_name2": null, "adm0_name3": null, "adm0_pcode": "HT", "valid_on": "2018-11-29", "valid_to": null, "version": "v01", "lang": "en", "lang1": "fr", "lang2": "ht", "lang3": null }, "geometry": { "type": "Point", "coordinates": [ -72.015919258999986, 19.009520692000024 ] } },
{ "type": "Feature", "properties": { "admin_level": 1, "name": "Grande'Anse", "name1": "Grande'Anse", "name2": "Grandans", "name3": null, "x_coord": -74.0981846, "y_coord": 18.51641358, "adm4_name": null, "adm4_name1": null, "adm4_name2": null, "adm4_name3": null, "adm4_pcode": null, "adm3_name": null, "adm3_name1": null, "adm3_name2": null, "adm3_name3": null, "adm3_pcode": null, "adm2_name": null, "adm2_name1": null, "adm2_name2": null, "adm2_name3": null, "adm2_pcode": null, "adm1_name": "Grande'Anse", "adm1_name1": "Grande'Anse", "adm1_name2": "Grandans", "adm1_name3": null, "adm1_pcode": "HT08", "adm0_name": "Haiti", "adm0_name1": null, "adm0_name2": null, "adm0_name3": null, "adm0_pcode": "HT", "valid_on": "2018-11-29", "valid_to": null, "version": "v01", "lang": "en", "lang1": "fr", "lang2": "ht", "lang3": null }, "geometry": { "type": "Point", "coordinates": [ -74.098184600999957, 18.516413578000083 ] } },
{ "type": "Feature", "properties": { "admin_level": 1, "name": "Nippes", "name1": "Nippes", "name2": "Nip", "name3": null, "x_coord": -73.30774538, "y_coord": 18.40544143, "adm4_name": null, "adm4_name1": null, "adm4_name2": null, "adm4_name3": null, "adm4_pcode": null, "adm3_name": null, "adm3_name1": null, "adm3_name2": null, "adm3_name3": null, "adm3_pcode": null, "adm2_name": null, "adm2_name1": null, "adm2_name2": null, "adm2_name3": null, "adm2_pcode": null, "adm1_name": "Nippes", "adm1_name1": "Nippes", "adm1_name2": "Nip", "adm1_name3": null, "adm1_pcode": "HT10", "adm0_name": "Haiti", "adm0_name1": null, "adm0_name2": null, "adm0_name3": null, "adm0_pcode": "HT", "valid_on": "2018-11-29", "valid_to": null, "version": "v01", "lang": "en", "lang1": "fr", "lang2": "ht", "lang3": null }, "geometry": { "type": "Point", "coordinates": [ -73.307745374999911, 18.405441428000188 ] } },
{ "type": "Feature", "properties": { "admin_level": 1, "name": "North", "name1": "Nord", "name2": "Nò", "name3": null, "x_coord": -72.21764097000001, "y_coord": 19.56737391, "adm4_name": null, "adm4_name1": null, "adm4_name2": null, "adm4_name3": null, "adm4_pcode": null, "adm3_name": null, "adm3_name1": null, "adm3_name2": null, "adm3_name3": null, "adm3_pcode": null, "adm2_name": null, "adm2_name1": null, "adm2_name2": null, "adm2_name3": null, "adm2_pcode": null, "adm1_name": "North", "adm1_name1": "Nord", "adm1_name2": "Nò", "adm1_name3": null, "adm1_pcode": "HT03", "adm0_name": "Haiti", "adm0_name1": null, "adm0_name2": null, "adm0_name3": null, "adm0_pcode": "HT", "valid_on": "2018-11-29", "valid_to": null, "version": "v01", "lang": "en", "lang1": "fr", "lang2": "ht", "lang3": null }, "geometry": { "type": "Point", "coordinates": [ -72.21764097199997, 19.567373907000103 ] } },
{ "type": "Feature", "properties": { "admin_level": 1, "name": "North-East", "name1": "Nord-Est", "name2": "Nòdès", "name3": null, "x_coord": -71.89071718, "y_coord": 19.49702481, "adm4_name": null, "adm4_name1": null, "adm4_name2": null, "adm4_name3": null, "adm4_pcode": null, "adm3_name": null, "adm3_name1": null, "adm3_name2": null, "adm3_name3": null, "adm3_pcode": null, "adm2_name": null, "adm2_name1": null, "adm2_name2": null, "adm2_name3": null, "adm2_pcode": null, "adm1_name": "North-East", "adm1_name1": "Nord-Est", "adm1_name2": "Nòdès", "adm1_name3": null, "adm1_pcode": "HT04", "adm0_name": "Haiti", "adm0_name1": null, "adm0_name2": null, "adm0_name3": null, "adm0_pcode": "HT", "valid_on": "2018-11-29", "valid_to": null, "version": "v01", "lang": "en", "lang1": "fr", "lang2": "ht", "lang3": null }, "geometry": { "type": "Point", "coordinates": [ -71.890717179999967, 19.497024810000028 ] } },
{ "type": "Feature", "properties": { "admin_level": 1, "name": "North-West", "name1": "Nord-Ouest", "name2": "Nòdwès", "name3": null, "x_coord": -73.09816327, "y_coord": 19.7878579, "adm4_name": null, "adm4_name1": null, "adm4_name2": null, "adm4_name3": null, "adm4_pcode": null, "adm3_name": null, "adm3_name1": null, "adm3_name2": null, "adm3_name3": null, "adm3_pcode": null, "adm2_name": null, "adm2_name1": null, "adm2_name2": null, "adm2_name3": null, "adm2_pcode": null, "adm1_name": "North-West", "adm1_name1": "Nord-Ouest", "adm1_name2": "Nòdwès", "adm1_name3": null, "adm1_pcode": "HT09", "adm0_name": "Haiti", "adm0_name1": null, "adm0_name2": null, "adm0_name3": null, "adm0_pcode": "HT", "valid_on": "2018-11-29", "valid_to": null, "version": "v01", "lang": "en", "lang1": "fr", "lang2": "ht", "lang3": null }, "geometry": { "type": "Point", "coordinates": [ -73.098163271999908, 19.787857896000105 ] } },
{ "type": "Feature", "properties": { "admin_level": 1, "name": "South", "name1": "Sud", "name2": "Sid", "name3": null, "x_coord": -73.88190865, "y_coord": 18.22772825, "adm4_name": null, "adm4_name1": null, "adm4_name2": null, "adm4_name3": null, "adm4_pcode": null, "adm3_name": null, "adm3_name1": null, "adm3_name2": null, "adm3_name3": null, "adm3_pcode": null, "adm2_name": null, "adm2_name1": null, "adm2_name2": null, "adm2_name3": null, "adm2_pcode": null, "adm1_name": "South", "adm1_name1": "Sud", "adm1_name2": "Sid", "adm1_name3": null, "adm1_pcode": "HT07", "adm0_name": "Haiti", "adm0_name1": null, "adm0_name2": null, "adm0_name3": null, "adm0_pcode": "HT", "valid_on": "2018-11-29", "valid_to": null, "version": "v01", "lang": "en", "lang1": "fr", "lang2": "ht", "lang3": null }, "geometry": { "type": "Point", "coordinates": [ -73.881908649999957, 18.22772825100003 ] } },
{ "type": "Feature", "properties": { "admin_level": 1, "name": "South-East", "name1": "Sud-Est", "name2": "Sidès", "name3": null, "x_coord": -72.78221649, "y_coord": 18.21892991, "adm4_name": null, "adm4_name1": null, "adm4_name2": null, "adm4_name3": null, "adm4_pcode": null, "adm3_name": null, "adm3_name1": null, "adm3_name2": null, "adm3_name3": null, "adm3_pcode": null, "adm2_name": null, "adm2_name1": null, "adm2_name2": null, "adm2_name3": null, "adm2_pcode": null, "adm1_name": "South-East", "adm1_name1": "Sud-Est", "adm1_name2": "Sidès", "adm1_name3": null, "adm1_pcode": "HT02", "adm0_name": "Haiti", "adm0_name1": null, "adm0_name2": null, "adm0_name3": null, "adm0_pcode": "HT", "valid_on": "2018-11-29", "valid_to": null, "version": "v01", "lang": "en", "lang1": "fr", "lang2": "ht", "lang3": null }, "geometry": { "type": "Point", "coordinates": [ -72.782216486999914, 18.218929914000057 ] } },
{ "type": "Feature", "properties": { "admin_level": 1, "name": "West", "name1": "Ouest", "name2": "Lwès", "name3": null, "x_coord": -72.17623252, "y_coord": 18.61774329, "adm4_name": null, "adm4_name1": null, "adm4_name2": null, "adm4_name3": null, "adm4_pcode": null, "adm3_name": null, "adm3_name1": null, "adm3_name2": null, "adm3_name3": null, "adm3_pcode": null, "adm2_name": null, "adm2_name1": null, "adm2_name2": null, "adm2_name3": null, "adm2_pcode": null, "adm1_name": "West", "adm1_name1": "Ouest", "adm1_name2": "Lwès", "adm1_name3": null, "adm1_pcode": "HT01", "adm0_name": "Haiti", "adm0_name1": null, "adm0_name2": null, "adm0_name3": null, "adm0_pcode": "HT", "valid_on": "2018-11-29", "valid_to": null, "version": "v01", "lang": "en", "lang1": "fr", "lang2": "ht", "lang3": null }, "geometry": { "type": "Point", "coordinates": [ -72.176232518999939, 18.617743291000181 ] } },
{ "type": "Feature", "properties": { "admin_level": 2, "name": "Abricots", "name1": "Abricots", "name2": null, "name3": null, "x_coord": -74.31895955, "y_coord": 18.61449896, "adm4_name": null, "adm4_name1": null, "adm4_name2": null, "adm4_name3": null, "adm4_pcode": null, "adm3_name": null, "adm3_name1": null, "adm3_name2": null, "adm3_name3": null, "adm3_pcode": null, "adm2_name": "Abricots", "adm2_name1": "Abricots", "adm2_name2": null, "adm2_name3": null, "adm2_pcode": "HT0812", "adm1_name": "Grande'Anse", "adm1_name1": "Grande'Anse", "adm1_name2": "Grandans", "adm1_name3": null, "adm1_pcode": "HT08", "adm0_name": "Haiti", "adm0_name1": null, "adm0_name2": null, "adm0_name3": null, "adm0_pcode": "HT", "valid_on": "2018-11-29", "valid_to": null, "version": "v01", "lang": "en", "lang1": "fr", "lang2": "ht", "lang3": null }, "geometry": { "type": "Point", "coordinates": [ -74.318959553999889, 18.61449895800007 ] } },
{ "type": "Feature", "properties": { "admin_level": 2, "name": "Acul du Nord", "name1": "Acul du Nord", "name2": null, "name3": null, "x_coord": -72.32173182, "y_coord": 19.6705723, "adm4_name": null, "adm4_name1": null, "adm4_name2": null, "adm4_name3": null, "adm4_pcode": null, "adm3_name": null, "adm3_name1": null, "adm3_name2": null, "adm3_name3": null, "adm3_pcode": null, "adm2_name": "Acul du Nord", "adm2_name1": "Acul du Nord", "adm2_name2": null, "adm2_name3": null, "adm2_pcode": "HT0321", "adm1_name": "North", "adm1_name1": "Nord", "adm1_name2": "Nò", "adm1_name3": null, "adm1_pcode": "HT03", "adm0_name": "Haiti", "adm0_name1": null, "adm0_name2": null, "adm0_name3": null, "adm0_pcode": "HT", "valid_on": "2018-11-29", "valid_to": null, "version": "v01", "lang": "en", "lang1": "fr", "lang2": "ht", "lang3": null }, "geometry": { "type": "Point", "coordinates": [ -72.321731818999979, 19.670572302000096 ] } },
{ "type": "Feature", "properties": { "admin_level": 2, "name": "Anse-a-Foleur", "name1": "Anse-à-Foleur", "name2": null, "name3": null, "x_coord": -72.62581721, "y_coord": 19.86029931, "adm4_name": null, "adm4_name1": null, "adm4_name2": null, "adm4_name3": null, "adm4_pcode": null, "adm3_name": null, "adm3_name1": null, "adm3_name2": null, "adm3_name3": null, "adm3_pcode": null, "adm2_name": "Anse-a-Foleur", "adm2_name1": "Anse-à-Foleur", "adm2_name2": null, "adm2_name3": null, "adm2_pcode": "HT0922", "adm1_name": "North-West", "adm1_name1": "Nord-Ouest", "adm1_name2": "Nòdwès", "adm1_name3": null, "adm1_pcode": "HT09", "adm0_name": "Haiti", "adm0_name1": null, "adm0_name2": null, "adm0_name3": null, "adm0_pcode": "HT", "valid_on": "2018-11-29", "valid_to": null, "version": "v01", "lang": "en", "lang1": "fr", "lang2": "ht", "lang3": null }, "geometry": { "type": "Point", "coordinates": [ -72.625817206999955, 19.860299308000151 ] } },
{ "type": "Feature", "properties": { "admin_level": 2, "name": "Anse-a-Pitre", "name1": "Anse-à-Pître", "name2": null, "name3": null, "x_coord": -71.80596952, "y_coord": 18.16321109, "adm4_name": null, "adm4_name1": null, "adm4_name2": null, "adm4_name3": null, "adm4_pcode": null, "adm3_name": null, "adm3_name1": null, "adm3_name2": null, "adm3_name3": null, "adm3_pcode": null, "adm2_name": "Anse-a-Pitre", "adm2_name1": "Anse-à-Pître", "adm2_name2": null, "adm2_name3": null, "adm2_pcode": "HT0234", "adm1_name": "South-East", "adm1_name1": "Sud-Est", "adm1_name2": "Sidès", "adm1_name3": null, "adm1_pcode": "HT02", "adm0_name": "Haiti", "adm0_name1": null, "adm0_name2": null, "adm0_name3": null, "adm0_pcode": "HT", "valid_on": "2018-11-29", "valid_to": null, "version": "v01", "lang": "en", "lang1": "fr", "lang2": "ht", "lang3": null }, "geometry": { "type": "Point", "coordinates": [ -71.805969517999927, 18.16321109200004 ] } },
{ "type": "Feature", "properties": { "admin_level": 2, "name": "Anse-a-Veau", "name1": "Anse-à-Veau", "name2": null, "name3": null, "x_coord": -73.31798479, "y_coord": 18.4630593, "adm4_name": null, "adm4_name1": null, "adm4_name2": null, "adm4_name3": null, "adm4_pcode": null, "adm3_name": null, "adm3_name1": null, "adm3_name2": null, "adm3_name3": null, "adm3_pcode": null, "adm2_name": "Anse-a-Veau", "adm2_name1": "Anse-à-Veau", "adm2_name2": null, "adm2_name3": null, "adm2_pcode": "HT1021", "adm1_name": "Nippes", "adm1_name1": "Nippes", "adm1_name2": "Nip", "adm1_name3": null, "adm1_pcode": "HT10", "adm0_name": "Haiti", "adm0_name1": null, "adm0_name2": null, "adm0_name3": null, "adm0_pcode": "HT", "valid_on": "2018-11-29", "valid_to": null, "version": "v01", "lang": "en", "lang1": "fr", "lang2": "ht", "lang3": null }, "geometry": { "type": "Point", "coordinates": [ -73.31798479299988, 18.463059301000044 ] } },
{ "type": "Feature", "properties": { "admin_level": 2, "name": "Anse a Galets", "name1": "Anse à Galets", "name2": null, "name3": null, "x_coord": -72.9171167, "y_coord": 18.81192337, "adm4_name": null, "adm4_name1": null, "adm4_name2": null, "adm4_name3": null, "adm4_pcode": null, "adm3_name": null, "adm3_name1": null, "adm3_name2": null, "adm3_name3": null, "adm3_pcode": null, "adm2_name": "Anse a Galets", "adm2_name1": "Anse à Galets", "adm2_name2": null, "adm2_name3": null, "adm2_pcode": "HT0151", "adm1_name": "West", "adm1_name1": "Ouest", "adm1_name2": "Lwès", "adm1_name3": null, "adm1_pcode": "HT01", "adm0_name": "Haiti", "adm0_name1": null, "adm0_name2": null, "adm0_name3": null, "adm0_pcode": "HT", "valid_on": "2018-11-29", "valid_to": null, "version": "v01", "lang": "en", "lang1": "fr", "lang2": "ht", "lang3": null }, "geometry": { "type": "Point", "coordinates": [ -72.917116700999884, 18.811923374000173 ] } },
{ "type": "Feature", "properties": { "admin_level": 2, "name": "Anse d'Hainault", "name1": "Anse d'Hainault", "name2": null, "name3": null, "x_coord": -74.4102586, "y_coord": 18.46483617, "adm4_name": null, "adm4_name1": null, "adm4_name2": null, "adm4_name3": null, "adm4_pcode": null, "adm3_name": null, "adm3_name1": null, "adm3_name2": null, "adm3_name3": null, "adm3_pcode": null, "adm2_name": "Anse d'Hainault", "adm2_name1": "Anse d'Hainault", "adm2_name2": null, "adm2_name3": null, "adm2_pcode": "HT0821", "adm1_name": "Grande'Anse", "adm1_name1": "Grande'Anse", "adm1_name2": "Grandans", "adm1_name3": null, "adm1_pcode": "HT08", "adm0_name": "Haiti", "adm0_name1": null, "adm0_name2": null, "adm0_name3": null, "adm0_pcode": "HT", "valid_on": "2018-11-29", "valid_to": null, "version": "v01", "lang": "en", "lang1": "fr", "lang2": "ht", "lang3": null }, "geometry": { "type": "Point", "coordinates": [ -74.410258603999978, 18.46483616800009 ] } },
{ "type": "Feature", "properties": { "admin_level": 2, "name": "Anse Rouge", "name1": "Anse Rouge", "name2": null, "name3": null, "x_coord": -72.95224135, "y_coord": 19.62214267, "adm4_name": null, "adm4_name1": null, "adm4_name2": null, "adm4_name3": null, "adm4_pcode": null, "adm3_name": null, "adm3_name1": null, "adm3_name2": null, "adm3_name3": null, "adm3_pcode": null, "adm2_name": "Anse Rouge", "adm2_name1": "Anse Rouge", "adm2_name2": null, "adm2_name3": null, "adm2_pcode": "HT0523", "adm1_name": "Artibonite", "adm1_name1": "Artibonite", "adm1_name2": "Latibonit", "adm1_name3": null, "adm1_pcode": "HT05", "adm0_name": "Haiti", "adm0_name1": null, "adm0_name2": null, "adm0_name3": null, "adm0_pcode": "HT", "valid_on": "2018-11-29", "valid_to": null, "version": "v01", "lang": "en", "lang1": "fr", "lang2": "ht", "lang3": null }, "geometry": { "type": "Point", "coordinates": [ -72.952241347999973, 19.622142666000116 ] } },
{ "type": "Feature", "properties": { "admin_level": 2, "name": "Aquin", "name1": "Aquin", "name2": null, "name3": null, "x_coord": -73.21530865, "y_coord": 18.27620481, "adm4_name": null, "adm4_name1": null, "adm4_name2": null, "adm4_name3": null, "adm4_pcode": null, "adm3_name": null, "adm3_name1": null, "adm3_name2": null, "adm3_name3": null, "adm3_pcode": null, "adm2_name": "Aquin", "adm2_name1": "Aquin", "adm2_name2": null, "adm2_name3": null, "adm2_pcode": "HT0731", "adm1_name": "South", "adm1_name1": "Sud", "adm1_name2": "Sid", "adm1_name3": null, "adm1_pcode": "HT07", "adm0_name": "Haiti", "adm0_name1": null, "adm0_name2": null, "adm0_name3": null, "adm0_pcode": "HT", "valid_on": "2018-11-29", "valid_to": null, "version": "v01", "lang": "en", "lang1": "fr", "lang2": "ht", "lang3": null }, "geometry": { "type": "Point", "coordinates": [ -73.215308645999869, 18.276204813000163 ] } },
{ "type": "Feature", "properties": { "admin_level": 2, "name": "Arcahaie", "name1": "Arcahaie", "name2": null, "name3": null, "x_coord": -72.4940084, "y_coord": 18.87137091, "adm4_name": null, "adm4_name1": null, "adm4_name2": null, "adm4_name3": null, "adm4_pcode": null, "adm3_name": null, "adm3_name1": null, "adm3_name2": null, "adm3_name3": null, "adm3_pcode": null, "adm2_name": "Arcahaie", "adm2_name1": "Arcahaie", "adm2_name2": null, "adm2_name3": null, "adm2_pcode": "HT0141", "adm1_name": "West", "adm1_name1": "Ouest", "adm1_name2": "Lwès", "adm1_name3": null, "adm1_pcode": "HT01", "adm0_name": "Haiti", "adm0_name1": null, "adm0_name2": null, "adm0_name3": null, "adm0_pcode": "HT", "valid_on": "2018-11-29", "valid_to": null, "version": "v01", "lang": "en", "lang1": "fr", "lang2": "ht", "lang3": null }, "geometry": { "type": "Point", "coordinates": [ -72.494008397999835, 18.871370905000049 ] } },
{ "type": "Feature", "properties": { "admin_level": 2, "name": "Arnaud", "name1": "Arnaud", "name2": null, "name3": null, "x_coord": -73.38641233, "y_coord": 18.44819158, "adm4_name": null, "adm4_name1": null, "adm4_name2": null, "adm4_name3": null, "adm4_pcode": null, "adm3_name": null, "adm3_name1": null, "adm3_name2": null, "adm3_name3": null, "adm3_pcode": null, "adm2_name": "Arnaud", "adm2_name1": "Arnaud", "adm2_name2": null, "adm2_name3": null, "adm2_pcode": "HT1024", "adm1_name": "Nippes", "adm1_name1": "Nippes", "adm1_name2": "Nip", "adm1_name3": null, "adm1_pcode": "HT10", "adm0_name": "Haiti", "adm0_name1": null, "adm0_name2": null, "adm0_name3": null, "adm0_pcode": "HT", "valid_on": "2018-11-29", "valid_to": null, "version": "v01", "lang": "en", "lang1": "fr", "lang2": "ht", "lang3": null }, "geometry": { "type": "Point", "coordinates": [ -73.386412325999913, 18.448191585000188 ] } },
{ "type": "Feature", "properties": { "admin_level": 2, "name": "Arniquet", "name1": "Arniquet", "name2": null, "name3": null, "x_coord": -73.91201019, "y_coord": 18.14979845, "adm4_name": null, "adm4_name1": null, "adm4_name2": null, "adm4_name3": null, "adm4_pcode": null, "adm3_name": null, "adm3_name1": null, "adm3_name2": null, "adm3_name3": null, "adm3_pcode": null, "adm2_name": "Arniquet", "adm2_name1": "Arniquet", "adm2_name2": null, "adm2_name3": null, "adm2_pcode": "HT0723", "adm1_name": "South", "adm1_name1": "Sud", "adm1_name2": "Sid", "adm1_name3": null, "adm1_pcode": "HT07", "adm0_name": "Haiti", "adm0_name1": null, "adm0_name2": null, "adm0_name3": null, "adm0_pcode": "HT", "valid_on": "2018-11-29", "valid_to": null, "version": "v01", "lang": "en", "lang1": "fr", "lang2": "ht", "lang3": null }, "geometry": { "type": "Point", "coordinates": [ -73.912010190999922, 18.14979845199997 ] } },
{ "type": "Feature", "properties": { "admin_level": 2, "name": "Bahon", "name1": "Bahon", "name2": null, "name3": null, "x_coord": -72.11986934, "y_coord": 19.45040211, "adm4_name": null, "adm4_name1": null, "adm4_name2": null, "adm4_name3": null, "adm4_pcode": null, "adm3_name": null, "adm3_name1": null, "adm3_name2": null, "adm3_name3": null, "adm3_pcode": null, "adm2_name": "Bahon", "adm2_name1": "Bahon", "adm2_name2": null, "adm2_name3": null, "adm2_pcode": "HT0332", "adm1_name": "North", "adm1_name1": "Nord", "adm1_name2": "Nò", "adm1_name3": null, "adm1_pcode": "HT03", "adm0_name": "Haiti", "adm0_name1": null, "adm0_name2": null, "adm0_name3": null, "adm0_pcode": "HT", "valid_on": "2018-11-29", "valid_to": null, "version": "v01", "lang": "en", "lang1": "fr", "lang2": "ht", "lang3": null }, "geometry": { "type": "Point", "coordinates": [ -72.119869343999824, 19.450402107000116 ] } },
{ "type": "Feature", "properties": { "admin_level": 2, "name": "Baie de Henne", "name1": "Baie de Henne", "name2": null, "name3": null, "x_coord": -73.2024878, "y_coord": 19.70898483, "adm4_name": null, "adm4_name1": null, "adm4_name2": null, "adm4_name3": null, "adm4_pcode": null, "adm3_name": null, "adm3_name1": null, "adm3_name2": null, "adm3_name3": null, "adm3_pcode": null, "adm2_name": "Baie de Henne", "adm2_name1": "Baie de Henne", "adm2_name2": null, "adm2_name3": null, "adm2_pcode": "HT0932", "adm1_name": "North-West", "adm1_name1": "Nord-Ouest", "adm1_name2": "Nòdwès", "adm1_name3": null, "adm1_pcode": "HT09", "adm0_name": "Haiti", "adm0_name1": null, "adm0_name2": null, "adm0_name3": null, "adm0_pcode": "HT", "valid_on": "2018-11-29", "valid_to": null, "version": "v01", "lang": "en", "lang1": "fr", "lang2": "ht", "lang3": null }, "geometry": { "type": "Point", "coordinates": [ -73.202487800999904, 19.708984828999974 ] } },
{ "type": "Feature", "properties": { "admin_level": 2, "name": "Bainet", "name1": "Bainet", "name2": null, "name3": null, "x_coord": -72.76039828, "y_coord": 18.21575289, "adm4_name": null, "adm4_name1": null, "adm4_name2": null, "adm4_name3": null, "adm4_pcode": null, "adm3_name": null, "adm3_name1": null, "adm3_name2": null, "adm3_name3": null, "adm3_pcode": null, "adm2_name": "Bainet", "adm2_name1": "Bainet", "adm2_name2": null, "adm2_name3": null, "adm2_pcode": "HT0221", "adm1_name": "South-East", "adm1_name1": "Sud-Est", "adm1_name2": "Sidès", "adm1_name3": null, "adm1_pcode": "HT02", "adm0_name": "Haiti", "adm0_name1": null, "adm0_name2": null, "adm0_name3": null, "adm0_pcode": "HT", "valid_on": "2018-11-29", "valid_to": null, "version": "v01", "lang": "en", "lang1": "fr", "lang2": "ht", "lang3": null }, "geometry": { "type": "Point", "coordinates": [ -72.760398281999983, 18.215752893 ] } },
{ "type": "Feature", "properties": { "admin_level": 2, "name": "Baraderes", "name1": "Baradères", "name2": null, "name3": null, "x_coord": -73.6724434, "y_coord": 18.4737711, "adm4_name": null, "adm4_name1": null, "adm4_name2": null, "adm4_name3": null, "adm4_pcode": null, "adm3_name": null, "adm3_name1": null, "adm3_name2": null, "adm3_name3": null, "adm3_pcode": null, "adm2_name": "Baraderes", "adm2_name1": "Baradères", "adm2_name2": null, "adm2_name3": null, "adm2_pcode": "HT1031", "adm1_name": "Nippes", "adm1_name1": "Nippes", "adm1_name2": "Nip", "adm1_name3": null, "adm1_pcode": "HT10", "adm0_name": "Haiti", "adm0_name1": null, "adm0_name2": null, "adm0_name3": null, "adm0_pcode": "HT", "valid_on": "2018-11-29", "valid_to": null, "version": "v01", "lang": "en", "lang1": "fr", "lang2": "ht", "lang3": null }, "geometry": { "type": "Point", "coordinates": [ -73.672443397999928, 18.47377109700011 ] } },
{ "type": "Feature", "properties": { "admin_level": 2, "name": "Bas Limbe", "name1": "Bas Limbé", "name2": null, "name3": null, "x_coord": -72.39505867, "y_coord": 19.76241896, "adm4_name": null, "adm4_name1": null, "adm4_name2": null, "adm4_name3": null, "adm4_pcode": null, "adm3_name": null, "adm3_name1": null, "adm3_name2": null, "adm3_name3": null, "adm3_pcode": null, "adm2_name": "Bas Limbe", "adm2_name1": "Bas Limbé", "adm2_name2": null, "adm2_name3": null, "adm2_pcode": "HT0362", "adm1_name": "North", "adm1_name1": "Nord", "adm1_name2": "Nò", "adm1_name3": null, "adm1_pcode": "HT03", "adm0_name": "Haiti", "adm0_name1": null, "adm0_name2": null, "adm0_name3": null, "adm0_pcode": "HT", "valid_on": "2018-11-29", "valid_to": null, "version": "v01", "lang": "en", "lang1": "fr", "lang2": "ht", "lang3": null }, "geometry": { "type": "Point", "coordinates": [ -72.395058666999944, 19.762418956999966 ] } },
{ "type": "Feature", "properties": { "admin_level": 2, "name": "Bassin Bleu", "name1": "Bassin Bleu", "name2": null, "name3": null, "x_coord": -72.84900015, "y_coord": 19.78748265, "adm4_name": null, "adm4_name1": null, "adm4_name2": null, "adm4_name3": null, "adm4_pcode": null, "adm3_name": null, "adm3_name1": null, "adm3_name2": null, "adm3_name3": null, "adm3_pcode": null, "adm2_name": "Bassin Bleu", "adm2_name1": "Bassin Bleu", "adm2_name2": null, "adm2_name3": null, "adm2_pcode": "HT0913", "adm1_name": "North-West", "adm1_name1": "Nord-Ouest", "adm1_name2": "Nòdwès", "adm1_name3": null, "adm1_pcode": "HT09", "adm0_name": "Haiti", "adm0_name1": null, "adm0_name2": null, "adm0_name3": null, "adm0_pcode": "HT", "valid_on": "2018-11-29", "valid_to": null, "version": "v01", "lang": "en", "lang1": "fr", "lang2": "ht", "lang3": null }, "geometry": { "type": "Point", "coordinates": [ -72.849000149999938, 19.787482649000026 ] } },
{ "type": "Feature", "properties": { "admin_level": 2, "name": "Beaumont", "name1": "Beaumont", "name2": null, "name3": null, "x_coord": -73.9817287, "y_coord": 18.4479942, "adm4_name": null, "adm4_name1": null, "adm4_name2": null, "adm4_name3": null, "adm4_pcode": null, "adm3_name": null, "adm3_name1": null, "adm3_name2": null, "adm3_name3": null, "adm3_pcode": null, "adm2_name": "Beaumont", "adm2_name1": "Beaumont", "adm2_name2": null, "adm2_name3": null, "adm2_pcode": "HT0833", "adm1_name": "Grande'Anse", "adm1_name1": "Grande'Anse", "adm1_name2": "Grandans", "adm1_name3": null, "adm1_pcode": "HT08", "adm0_name": "Haiti", "adm0_name1": null, "adm0_name2": null, "adm0_name3": null, "adm0_pcode": "HT", "valid_on": "2018-11-29", "valid_to": null, "version": "v01", "lang": "en", "lang1": "fr", "lang2": "ht", "lang3": null }, "geometry": { "type": "Point", "coordinates": [ -73.981728702999931, 18.447994196000082 ] } },
{ "type": "Feature", "properties": { "admin_level": 2, "name": "Belladere", "name1": "Belladère", "name2": null, "name3": null, "x_coord": -71.81336617, "y_coord": 18.86587539, "adm4_name": null, "adm4_name1": null, "adm4_name2": null, "adm4_name3": null, "adm4_pcode": null, "adm3_name": null, "adm3_name1": null, "adm3_name2": null, "adm3_name3": null, "adm3_pcode": null, "adm2_name": "Belladere", "adm2_name1": "Belladère", "adm2_name2": null, "adm2_name3": null, "adm2_pcode": "HT0632", "adm1_name": "Centre", "adm1_name1": "Centre", "adm1_name2": "Sant", "adm1_name3": null, "adm1_pcode": "HT06", "adm0_name": "Haiti", "adm0_name1": null, "adm0_name2": null, "adm0_name3": null, "adm0_pcode": "HT", "valid_on": "2018-11-29", "valid_to": null, "version": "v01", "lang": "en", "lang1": "fr", "lang2": "ht", "lang3": null }, "geometry": { "type": "Point", "coordinates": [ -71.813366169999881, 18.865875393000124 ] } },
{ "type": "Feature", "properties": { "admin_level": 2, "name": "Belle Anse", "name1": "Belle Anse", "name2": null, "name3": null, "x_coord": -72.07855549, "y_coord": 18.2757478, "adm4_name": null, "adm4_name1": null, "adm4_name2": null, "adm4_name3": null, "adm4_pcode": null, "adm3_name": null, "adm3_name1": null, "adm3_name2": null, "adm3_name3": null, "adm3_pcode": null, "adm2_name": "Belle Anse", "adm2_name1": "Belle Anse", "adm2_name2": null, "adm2_name3": null, "adm2_pcode": "HT0231", "adm1_name": "South-East", "adm1_name1": "Sud-Est", "adm1_name2": "Sidès", "adm1_name3": null, "adm1_pcode": "HT02", "adm0_name": "Haiti", "adm0_name1": null, "adm0_name2": null, "adm0_name3": null, "adm0_pcode": "HT", "valid_on": "2018-11-29", "valid_to": null, "version": "v01", "lang": "en", "lang1": "fr", "lang2": "ht", "lang3": null }, "geometry": { "type": "Point", "coordinates": [ -72.078555485999914, 18.275747801000023 ] } },
{ "type": "Feature", "properties": { "admin_level": 2, "name": "Bombardopolis", "name1": "Bombardopolis", "name2": null, "name3": null, "x_coord": -73.34715161, "y_coord": 19.69732132, "adm4_name": null, "adm4_name1": null, "adm4_name2": null, "adm4_name3": null, "adm4_pcode": null, "adm3_name": null, "adm3_name1": null, "adm3_name2": null, "adm3_name3": null, "adm3_pcode": null, "adm2_name": "Bombardopolis", "adm2_name1": "Bombardopolis", "adm2_name2": null, "adm2_name3": null, "adm2_pcode": "HT0933", "adm1_name": "North-West", "adm1_name1": "Nord-Ouest", "adm1_name2": "Nòdwès", "adm1_name3": null, "adm1_pcode": "HT09", "adm0_name": "Haiti", "adm0_name1": null, "adm0_name2": null, "adm0_name3": null, "adm0_pcode": "HT", "valid_on": "2018-11-29", "valid_to": null, "version": "v01", "lang": "en", "lang1": "fr", "lang2": "ht", "lang3": null }, "geometry": { "type": "Point", "coordinates": [ -73.347151606999887, 19.697321317000046 ] } },
{ "type": "Feature", "properties": { "admin_level": 2, "name": "Bonbon", "name1": "Bonbon", "name2": null, "name3": null, "x_coord": -74.2385819, "y_coord": 18.63163407, "adm4_name": null, "adm4_name1": null, "adm4_name2": null, "adm4_name3": null, "adm4_pcode": null, "adm3_name": null, "adm3_name1": null, "adm3_name2": null, "adm3_name3": null, "adm3_pcode": null, "adm2_name": "Bonbon", "adm2_name1": "Bonbon", "adm2_name2": null, "adm2_name3": null, "adm2_pcode": "HT0813", "adm1_name": "Grande'Anse", "adm1_name1": "Grande'Anse", "adm1_name2": "Grandans", "adm1_name3": null, "adm1_pcode": "HT08", "adm0_name": "Haiti", "adm0_name1": null, "adm0_name2": null, "adm0_name3": null, "adm0_pcode": "HT", "valid_on": "2018-11-29", "valid_to": null, "version": "v01", "lang": "en", "lang1": "fr", "lang2": "ht", "lang3": null }, "geometry": { "type": "Point", "coordinates": [ -74.238581902999897, 18.63163407400009 ] } },
{ "type": "Feature", "properties": { "admin_level": 2, "name": "Borgne", "name1": "Borgne", "name2": null, "name3": null, "x_coord": -72.57220588, "y_coord": 19.80668204, "adm4_name": null, "adm4_name1": null, "adm4_name2": null, "adm4_name3": null, "adm4_pcode": null, "adm3_name": null, "adm3_name1": null, "adm3_name2": null, "adm3_name3": null, "adm3_pcode": null, "adm2_name": "Borgne", "adm2_name1": "Borgne", "adm2_name2": null, "adm2_name3": null, "adm2_pcode": "HT0351", "adm1_name": "North", "adm1_name1": "Nord", "adm1_name2": "Nò", "adm1_name3": null, "adm1_pcode": "HT03", "adm0_name": "Haiti", "adm0_name1": null, "adm0_name2": null, "adm0_name3": null, "adm0_pcode": "HT", "valid_on": "2018-11-29", "valid_to": null, "version": "v01", "lang": "en", "lang1": "fr", "lang2": "ht", "lang3": null }, "geometry": { "type": "Point", "coordinates": [ -72.572205877999977, 19.80668203700003 ] } },
{ "type": "Feature", "properties": { "admin_level": 2, "name": "Boucan Carre", "name1": "Boucan Carré", "name2": null, "name3": null, "x_coord": -72.15249449, "y_coord": 18.9613796, "adm4_name": null, "adm4_name1": null, "adm4_name2": null, "adm4_name3": null, "adm4_pcode": null, "adm3_name": null, "adm3_name1": null, "adm3_name2": null, "adm3_name3": null, "adm3_pcode": null, "adm2_name": "Boucan Carre", "adm2_name1": "Boucan Carré", "adm2_name2": null, "adm2_name3": null, "adm2_pcode": "HT0623", "adm1_name": "Centre", "adm1_name1": "Centre", "adm1_name2": "Sant", "adm1_name3": null, "adm1_pcode": "HT06", "adm0_name": "Haiti", "adm0_name1": null, "adm0_name2": null, "adm0_name3": null, "adm0_pcode": "HT", "valid_on": "2018-11-29", "valid_to": null, "version": "v01", "lang": "en", "lang1": "fr", "lang2": "ht", "lang3": null }, "geometry": { "type": "Point", "coordinates": [ -72.152494487999888, 18.961379597000075 ] } },
{ "type": "Feature", "properties": { "admin_level": 2, "name": "Cabaret", "name1": "Cabaret", "name2": null, "name3": null, "x_coord": -72.41845404, "y_coord": 18.76932489, "adm4_name": null, "adm4_name1": null, "adm4_name2": null, "adm4_name3": null, "adm4_pcode": null, "adm3_name": null, "adm3_name1": null, "adm3_name2": null, "adm3_name3": null, "adm3_pcode": null, "adm2_name": "Cabaret", "adm2_name1": "Cabaret", "adm2_name2": null, "adm2_name3": null, "adm2_pcode": "HT0142", "adm1_name": "West", "adm1_name1": "Ouest", "adm1_name2": "Lwès", "adm1_name3": null, "adm1_pcode": "HT01", "adm0_name": "Haiti", "adm0_name1": null, "adm0_name2": null, "adm0_name3": null, "adm0_pcode": "HT", "valid_on": "2018-11-29", "valid_to": null, "version": "v01", "lang": "en", "lang1": "fr", "lang2": "ht", "lang3": null }, "geometry": { "type": "Point", "coordinates": [ -72.418454036999947, 18.769324887000153 ] } },
{ "type": "Feature", "properties": { "admin_level": 2, "name": "Camp-Perrin", "name1": "Camp-Perrin", "name2": null, "name3": null, "x_coord": -73.86513255, "y_coord": 18.33903418, "adm4_name": null, "adm4_name1": null, "adm4_name2": null, "adm4_name3": null, "adm4_pcode": null, "adm3_name": null, "adm3_name1": null, "adm3_name2": null, "adm3_name3": null, "adm3_pcode": null, "adm2_name": "Camp-Perrin", "adm2_name1": "Camp-Perrin", "adm2_name2": null, "adm2_name3": null, "adm2_pcode": "HT0714", "adm1_name": "South", "adm1_name1": "Sud", "adm1_name2": "Sid", "adm1_name3": null, "adm1_pcode": "HT07", "adm0_name": "Haiti", "adm0_name1": null, "adm0_name2": null, "adm0_name3": null, "adm0_pcode": "HT", "valid_on": "2018-11-29", "valid_to": null, "version": "v01", "lang": "en", "lang1": "fr", "lang2": "ht", "lang3": null }, "geometry": { "type": "Point", "coordinates": [ -73.865132554999946, 18.339034180000056 ] } },
{ "type": "Feature", "properties": { "admin_level": 2, "name": "Cap-Haitien", "name1": "Cap-Haïtien", "name2": null, "name3": null, "x_coord": -72.22935814, "y_coord": 19.7493181, "adm4_name": null, "adm4_name1": null, "adm4_name2": null, "adm4_name3": null, "adm4_pcode": null, "adm3_name": null, "adm3_name1": null, "adm3_name2": null, "adm3_name3": null, "adm3_pcode": null, "adm2_name": "Cap-Haitien", "adm2_name1": "Cap-Haïtien", "adm2_name2": null, "adm2_name3": null, "adm2_pcode": "HT0311", "adm1_name": "North", "adm1_name1": "Nord", "adm1_name2": "Nò", "adm1_name3": null, "adm1_pcode": "HT03", "adm0_name": "Haiti", "adm0_name1": null, "adm0_name2": null, "adm0_name3": null, "adm0_pcode": "HT", "valid_on": "2018-11-29", "valid_to": null, "version": "v01", "lang": "en", "lang1": "fr", "lang2": "ht", "lang3": null }, "geometry": { "type": "Point", "coordinates": [ -72.229358136999963, 19.749318104000054 ] } },
{ "type": "Feature", "properties": { "admin_level": 2, "name": "Capotille", "name1": "Capotille", "name2": null, "name3": null, "x_coord": -71.70671961, "y_coord": 19.46220651, "adm4_name": null, "adm4_name1": null, "adm4_name2": null, "adm4_name3": null, "adm4_pcode": null, "adm3_name": null, "adm3_name1": null, "adm3_name2": null, "adm3_name3": null, "adm3_pcode": null, "adm2_name": "Capotille", "adm2_name1": "Capotille", "adm2_name2": null, "adm2_name3": null, "adm2_pcode": "HT0422", "adm1_name": "North-East", "adm1_name1": "Nord-Est", "adm1_name2": "Nòdès", "adm1_name3": null, "adm1_pcode": "HT04", "adm0_name": "Haiti", "adm0_name1": null, "adm0_name2": null, "adm0_name3": null, "adm0_pcode": "HT", "valid_on": "2018-11-29", "valid_to": null, "version": "v01", "lang": "en", "lang1": "fr", "lang2": "ht", "lang3": null }, "geometry": { "type": "Point", "coordinates": [ -71.706719607999958, 19.462206511000147 ] } },
{ "type": "Feature", "properties": { "admin_level": 2, "name": "Caracol", "name1": "Caracol", "name2": null, "name3": null, "x_coord": -72.01029843000001, "y_coord": 19.68666136, "adm4_name": null, "adm4_name1": null, "adm4_name2": null, "adm4_name3": null, "adm4_pcode": null, "adm3_name": null, "adm3_name1": null, "adm3_name2": null, "adm3_name3": null, "adm3_pcode": null, "adm2_name": "Caracol", "adm2_name1": "Caracol", "adm2_name2": null, "adm2_name3": null, "adm2_pcode": "HT0434", "adm1_name": "North-East", "adm1_name1": "Nord-Est", "adm1_name2": "Nòdès", "adm1_name3": null, "adm1_pcode": "HT04", "adm0_name": "Haiti", "adm0_name1": null, "adm0_name2": null, "adm0_name3": null, "adm0_pcode": "HT", "valid_on": "2018-11-29", "valid_to": null, "version": "v01", "lang": "en", "lang1": "fr", "lang2": "ht", "lang3": null }, "geometry": { "type": "Point", "coordinates": [ -72.010298427999942, 19.686661362000109 ] } },
{ "type": "Feature", "properties": { "admin_level": 2, "name": "Carice", "name1": "Carice", "name2": null, "name3": null, "x_coord": -71.82262787000001, "y_coord": 19.35601247, "adm4_name": null, "adm4_name1": null, "adm4_name2": null, "adm4_name3": null, "adm4_pcode": null, "adm3_name": null, "adm3_name1": null, "adm3_name2": null, "adm3_name3": null, "adm3_pcode": null, "adm2_name": "Carice", "adm2_name1": "Carice", "adm2_name2": null, "adm2_name3": null, "adm2_pcode": "HT0442", "adm1_name": "North-East", "adm1_name1": "Nord-Est", "adm1_name2": "Nòdès", "adm1_name3": null, "adm1_pcode": "HT04", "adm0_name": "Haiti", "adm0_name1": null, "adm0_name2": null, "adm0_name3": null, "adm0_pcode": "HT", "valid_on": "2018-11-29", "valid_to": null, "version": "v01", "lang": "en", "lang1": "fr", "lang2": "ht", "lang3": null }, "geometry": { "type": "Point", "coordinates": [ -71.822627870999952, 19.356012471000042 ] } },
{ "type": "Feature", "properties": { "admin_level": 2, "name": "Carrefour", "name1": "Carrefour", "name2": null, "name3": null, "x_coord": -72.42037656, "y_coord": 18.46527907, "adm4_name": null, "adm4_name1": null, "adm4_name2": null, "adm4_name3": null, "adm4_pcode": null, "adm3_name": null, "adm3_name1": null, "adm3_name2": null, "adm3_name3": null, "adm3_pcode": null, "adm2_name": "Carrefour", "adm2_name1": "Carrefour", "adm2_name2": null, "adm2_name3": null, "adm2_pcode": "HT0113", "adm1_name": "West", "adm1_name1": "Ouest", "adm1_name2": "Lwès", "adm1_name3": null, "adm1_pcode": "HT01", "adm0_name": "Haiti", "adm0_name1": null, "adm0_name2": null, "adm0_name3": null, "adm0_pcode": "HT", "valid_on": "2018-11-29", "valid_to": null, "version": "v01", "lang": "en", "lang1": "fr", "lang2": "ht", "lang3": null }, "geometry": { "type": "Point", "coordinates": [ -72.420376560999955, 18.465279069000019 ] } },
{ "type": "Feature", "properties": { "admin_level": 2, "name": "Cavaillon", "name1": "Cavaillon", "name2": null, "name3": null, "x_coord": -73.63259037, "y_coord": 18.32159703, "adm4_name": null, "adm4_name1": null, "adm4_name2": null, "adm4_name3": null, "adm4_pcode": null, "adm3_name": null, "adm3_name1": null, "adm3_name2": null, "adm3_name3": null, "adm3_pcode": null, "adm2_name": "Cavaillon", "adm2_name1": "Cavaillon", "adm2_name2": null, "adm2_name3": null, "adm2_pcode": "HT0733", "adm1_name": "South", "adm1_name1": "Sud", "adm1_name2": "Sid", "adm1_name3": null, "adm1_pcode": "HT07", "adm0_name": "Haiti", "adm0_name1": null, "adm0_name2": null, "adm0_name3": null, "adm0_pcode": "HT", "valid_on": "2018-11-29", "valid_to": null, "version": "v01", "lang": "en", "lang1": "fr", "lang2": "ht", "lang3": null }, "geometry": { "type": "Point", "coordinates": [ -73.63259036799991, 18.321597031000181 ] } },
{ "type": "Feature", "properties": { "admin_level": 2, "name": "Cayes-Jacmel", "name1": "Cayes-Jacmel", "name2": null, "name3": null, "x_coord": -72.41660361, "y_coord": 18.2802576, "adm4_name": null, "adm4_name1": null, "adm4_name2": null, "adm4_name3": null, "adm4_pcode": null, "adm3_name": null, "adm3_name1": null, "adm3_name2": null, "adm3_name3": null, "adm3_pcode": null, "adm2_name": "Cayes-Jacmel", "adm2_name1": "Cayes-Jacmel", "adm2_name2": null, "adm2_name3": null, "adm2_pcode": "HT0213", "adm1_name": "South-East", "adm1_name1": "Sud-Est", "adm1_name2": "Sidès", "adm1_name3": null, "adm1_pcode": "HT02", "adm0_name": "Haiti", "adm0_name1": null, "adm0_name2": null, "adm0_name3": null, "adm0_pcode": "HT", "valid_on": "2018-11-29", "valid_to": null, "version": "v01", "lang": "en", "lang1": "fr", "lang2": "ht", "lang3": null }, "geometry": { "type": "Point", "coordinates": [ -72.416603613999882, 18.280257596000183 ] } },
{ "type": "Feature", "properties": { "admin_level": 2, "name": "Cerca Carvajal", "name1": "Cerca Carvajal", "name2": null, "name3": null, "x_coord": -71.92246209, "y_coord": 19.26046065, "adm4_name": null, "adm4_name1": null, "adm4_name2": null, "adm4_name3": null, "adm4_pcode": null, "adm3_name": null, "adm3_name1": null, "adm3_name2": null, "adm3_name3": null, "adm3_pcode": null, "adm2_name": "Cerca Carvajal", "adm2_name1": "Cerca Carvajal", "adm2_name2": null, "adm2_name3": null, "adm2_pcode": "HT0614", "adm1_name": "Centre", "adm1_name1": "Centre", "adm1_name2": "Sant", "adm1_name3": null, "adm1_pcode": "HT06", "adm0_name": "Haiti", "adm0_name1": null, "adm0_name2": null, "adm0_name3": null, "adm0_pcode": "HT", "valid_on": "2018-11-29", "valid_to": null, "version": "v01", "lang": "en", "lang1": "fr", "lang2": "ht", "lang3": null }, "geometry": { "type": "Point", "coordinates": [ -71.922462085999939, 19.260460650000141 ] } },
{ "type": "Feature", "properties": { "admin_level": 2, "name": "Cerca La Source", "name1": "Cerca La Source", "name2": null, "name3": null, "x_coord": -71.74017146, "y_coord": 19.16655862, "adm4_name": null, "adm4_name1": null, "adm4_name2": null, "adm4_name3": null, "adm4_pcode": null, "adm3_name": null, "adm3_name1": null, "adm3_name2": null, "adm3_name3": null, "adm3_pcode": null, "adm2_name": "Cerca La Source", "adm2_name1": "Cerca La Source", "adm2_name2": null, "adm2_name3": null, "adm2_pcode": "HT0641", "adm1_name": "Centre", "adm1_name1": "Centre", "adm1_name2": "Sant", "adm1_name3": null, "adm1_pcode": "HT06", "adm0_name": "Haiti", "adm0_name1": null, "adm0_name2": null, "adm0_name3": null, "adm0_pcode": "HT", "valid_on": "2018-11-29", "valid_to": null, "version": "v01", "lang": "en", "lang1": "fr", "lang2": "ht", "lang3": null }, "geometry": { "type": "Point", "coordinates": [ -71.740171458999953, 19.166558622000082 ] } },
{ "type": "Feature", "properties": { "admin_level": 2, "name": "Chambellan", "name1": "Chambellan", "name2": null, "name3": null, "x_coord": -74.33510487, "y_coord": 18.51911078, "adm4_name": null, "adm4_name1": null, "adm4_name2": null, "adm4_name3": null, "adm4_pcode": null, "adm3_name": null, "adm3_name1": null, "adm3_name2": null, "adm3_name3": null, "adm3_pcode": null, "adm2_name": "Chambellan", "adm2_name1": "Chambellan", "adm2_name2": null, "adm2_name3": null, "adm2_pcode": "HT0815", "adm1_name": "Grande'Anse", "adm1_name1": "Grande'Anse", "adm1_name2": "Grandans", "adm1_name3": null, "adm1_pcode": "HT08", "adm0_name": "Haiti", "adm0_name1": null, "adm0_name2": null, "adm0_name3": null, "adm0_pcode": "HT", "valid_on": "2018-11-29", "valid_to": null, "version": "v01", "lang": "en", "lang1": "fr", "lang2": "ht", "lang3": null }, "geometry": { "type": "Point", "coordinates": [ -74.335104871999931, 18.519110775000058 ] } },
{ "type": "Feature", "properties": { "admin_level": 2, "name": "Chamsolme", "name1": "Chamsolme", "name2": null, "name3": null, "x_coord": -72.81241965, "y_coord": 19.85927701, "adm4_name": null, "adm4_name1": null, "adm4_name2": null, "adm4_name3": null, "adm4_pcode": null, "adm3_name": null, "adm3_name1": null, "adm3_name2": null, "adm3_name3": null, "adm3_pcode": null, "adm2_name": "Chamsolme", "adm2_name1": "Chamsolme", "adm2_name2": null, "adm2_name3": null, "adm2_pcode": "HT0914", "adm1_name": "North-West", "adm1_name1": "Nord-Ouest", "adm1_name2": "Nòdwès", "adm1_name3": null, "adm1_pcode": "HT09", "adm0_name": "Haiti", "adm0_name1": null, "adm0_name2": null, "adm0_name3": null, "adm0_pcode": "HT", "valid_on": "2018-11-29", "valid_to": null, "version": "v01", "lang": "en", "lang1": "fr", "lang2": "ht", "lang3": null }, "geometry": { "type": "Point", "coordinates": [ -72.812419652999949, 19.859277012000121 ] } },
{ "type": "Feature", "properties": { "admin_level": 2, "name": "Chantal", "name1": "Chantal", "name2": null, "name3": null, "x_coord": -73.97435839000001, "y_coord": 18.28070076, "adm4_name": null, "adm4_name1": null, "adm4_name2": null, "adm4_name3": null, "adm4_pcode": null, "adm3_name": null, "adm3_name1": null, "adm3_name2": null, "adm3_name3": null, "adm3_pcode": null, "adm2_name": "Chantal", "adm2_name1": "Chantal", "adm2_name2": null, "adm2_name3": null, "adm2_pcode": "HT0713", "adm1_name": "South", "adm1_name1": "Sud", "adm1_name2": "Sid", "adm1_name3": null, "adm1_pcode": "HT07", "adm0_name": "Haiti", "adm0_name1": null, "adm0_name2": null, "adm0_name3": null, "adm0_pcode": "HT", "valid_on": "2018-11-29", "valid_to": null, "version": "v01", "lang": "en", "lang1": "fr", "lang2": "ht", "lang3": null }, "geometry": { "type": "Point", "coordinates": [ -73.974358385999949, 18.280700761 ] } },
{ "type": "Feature", "properties": { "admin_level": 2, "name": "Chardonnieres", "name1": "Chardonnières", "name2": null, "name3": null, "x_coord": -74.09525353, "y_coord": 18.32986033, "adm4_name": null, "adm4_name1": null, "adm4_name2": null, "adm4_name3": null, "adm4_pcode": null, "adm3_name": null, "adm3_name1": null, "adm3_name2": null, "adm3_name3": null, "adm3_pcode": null, "adm2_name": "Chardonnieres", "adm2_name1": "Chardonnières", "adm2_name2": null, "adm2_name3": null, "adm2_pcode": "HT0751", "adm1_name": "South", "adm1_name1": "Sud", "adm1_name2": "Sid", "adm1_name3": null, "adm1_pcode": "HT07", "adm0_name": "Haiti", "adm0_name1": null, "adm0_name2": null, "adm0_name3": null, "adm0_pcode": "HT", "valid_on": "2018-11-29", "valid_to": null, "version": "v01", "lang": "en", "lang1": "fr", "lang2": "ht", "lang3": null }, "geometry": { "type": "Point", "coordinates": [ -74.095253530999912, 18.32986032499997 ] } },
{ "type": "Feature", "properties": { "admin_level": 2, "name": "Cite Soleil", "name1": "Cité Soleil", "name2": null, "name3": null, "x_coord": -72.31643067, "y_coord": 18.59533529, "adm4_name": null, "adm4_name1": null, "adm4_name2": null, "adm4_name3": null, "adm4_pcode": null, "adm3_name": null, "adm3_name1": null, "adm3_name2": null, "adm3_name3": null, "adm3_pcode": null, "adm2_name": "Cite Soleil", "adm2_name1": "Cité Soleil", "adm2_name2": null, "adm2_name3": null, "adm2_pcode": "HT0117", "adm1_name": "West", "adm1_name1": "Ouest", "adm1_name2": "Lwès", "adm1_name3": null, "adm1_pcode": "HT01", "adm0_name": "Haiti", "adm0_name1": null, "adm0_name2": null, "adm0_name3": null, "adm0_pcode": "HT", "valid_on": "2018-11-29", "valid_to": null, "version": "v01", "lang": "en", "lang1": "fr", "lang2": "ht", "lang3": null }, "geometry": { "type": "Point", "coordinates": [ -72.316430665999917, 18.595335286000022 ] } },
{ "type": "Feature", "properties": { "admin_level": 2, "name": "Corail", "name1": "Corail", "name2": null, "name3": null, "x_coord": -73.90178113, "y_coord": 18.54346588, "adm4_name": null, "adm4_name1": null, "adm4_name2": null, "adm4_name3": null, "adm4_pcode": null, "adm3_name": null, "adm3_name1": null, "adm3_name2": null, "adm3_name3": null, "adm3_pcode": null, "adm2_name": "Corail", "adm2_name1": "Corail", "adm2_name2": null, "adm2_name3": null, "adm2_pcode": "HT0831", "adm1_name": "Grande'Anse", "adm1_name1": "Grande'Anse", "adm1_name2": "Grandans", "adm1_name3": null, "adm1_pcode": "HT08", "adm0_name": "Haiti", "adm0_name1": null, "adm0_name2": null, "adm0_name3": null, "adm0_pcode": "HT", "valid_on": "2018-11-29", "valid_to": null, "version": "v01", "lang": "en", "lang1": "fr", "lang2": "ht", "lang3": null }, "geometry": { "type": "Point", "coordinates": [ -73.90178113199994, 18.543465877000074 ] } },
{ "type": "Feature", "properties": { "admin_level": 2, "name": "Cornillon / Grand Bois", "name1": "Cornillon / Grand Bois", "name2": null, "name3": null, "x_coord": -71.93070113, "y_coord": 18.68743981, "adm4_name": null, "adm4_name1": null, "adm4_name2": null, "adm4_name3": null, "adm4_pcode": null, "adm3_name": null, "adm3_name1": null, "adm3_name2": null, "adm3_name3": null, "adm3_pcode": null, "adm2_name": "Cornillon / Grand Bois", "adm2_name1": "Cornillon / Grand Bois", "adm2_name2": null, "adm2_name3": null, "adm2_pcode": "HT0134", "adm1_name": "West", "adm1_name1": "Ouest", "adm1_name2": "Lwès", "adm1_name3": null, "adm1_pcode": "HT01", "adm0_name": "Haiti", "adm0_name1": null, "adm0_name2": null, "adm0_name3": null, "adm0_pcode": "HT", "valid_on": "2018-11-29", "valid_to": null, "version": "v01", "lang": "en", "lang1": "fr", "lang2": "ht", "lang3": null }, "geometry": { "type": "Point", "coordinates": [ -71.930701133999889, 18.687439808000022 ] } },
{ "type": "Feature", "properties": { "admin_level": 2, "name": "Coteaux", "name1": "Côteaux", "name2": null, "name3": null, "x_coord": -74.0320777, "y_coord": 18.2427829, "adm4_name": null, "adm4_name1": null, "adm4_name2": null, "adm4_name3": null, "adm4_pcode": null, "adm3_name": null, "adm3_name1": null, "adm3_name2": null, "adm3_name3": null, "adm3_pcode": null, "adm2_name": "Coteaux", "adm2_name1": "Côteaux", "adm2_name2": null, "adm2_name3": null, "adm2_pcode": "HT0741", "adm1_name": "South", "adm1_name1": "Sud", "adm1_name2": "Sid", "adm1_name3": null, "adm1_pcode": "HT07", "adm0_name": "Haiti", "adm0_name1": null, "adm0_name2": null, "adm0_name3": null, "adm0_pcode": "HT", "valid_on": "2018-11-29", "valid_to": null, "version": "v01", "lang": "en", "lang1": "fr", "lang2": "ht", "lang3": null }, "geometry": { "type": "Point", "coordinates": [ -74.032077703999903, 18.242782897000041 ] } },
{ "type": "Feature", "properties": { "admin_level": 2, "name": "Cotes de Fer", "name1": "Côtes de Fer", "name2": null, "name3": null, "x_coord": -72.95386698, "y_coord": 18.24171733, "adm4_name": null, "adm4_name1": null, "adm4_name2": null, "adm4_name3": null, "adm4_pcode": null, "adm3_name": null, "adm3_name1": null, "adm3_name2": null, "adm3_name3": null, "adm3_pcode": null, "adm2_name": "Cotes de Fer", "adm2_name1": "Côtes de Fer", "adm2_name2": null, "adm2_name3": null, "adm2_pcode": "HT0222", "adm1_name": "South-East", "adm1_name1": "Sud-Est", "adm1_name2": "Sidès", "adm1_name3": null, "adm1_pcode": "HT02", "adm0_name": "Haiti", "adm0_name1": null, "adm0_name2": null, "adm0_name3": null, "adm0_pcode": "HT", "valid_on": "2018-11-29", "valid_to": null, "version": "v01", "lang": "en", "lang1": "fr", "lang2": "ht", "lang3": null }, "geometry": { "type": "Point", "coordinates": [ -72.95386697899994, 18.241717326000071 ] } },
{ "type": "Feature", "properties": { "admin_level": 2, "name": "Croix-Des-Bouquets", "name1": "Croix-Des-Bouquets", "name2": null, "name3": null, "x_coord": -72.19384245000001, "y_coord": 18.56587023, "adm4_name": null, "adm4_name1": null, "adm4_name2": null, "adm4_name3": null, "adm4_pcode": null, "adm3_name": null, "adm3_name1": null, "adm3_name2": null, "adm3_name3": null, "adm3_pcode": null, "adm2_name": "Croix-Des-Bouquets", "adm2_name1": "Croix-Des-Bouquets", "adm2_name2": null, "adm2_name3": null, "adm2_pcode": "HT0131", "adm1_name": "West", "adm1_name1": "Ouest", "adm1_name2": "Lwès", "adm1_name3": null, "adm1_pcode": "HT01", "adm0_name": "Haiti", "adm0_name1": null, "adm0_name2": null, "adm0_name3": null, "adm0_pcode": "HT", "valid_on": "2018-11-29", "valid_to": null, "version": "v01", "lang": "en", "lang1": "fr", "lang2": "ht", "lang3": null }, "geometry": { "type": "Point", "coordinates": [ -72.193842448999931, 18.565870230000144 ] } },
{ "type": "Feature", "properties": { "admin_level": 2, "name": "Dame Marie", "name1": "Dame Marie", "name2": null, "name3": null, "x_coord": -74.3809312, "y_coord": 18.56516451, "adm4_name": null, "adm4_name1": null, "adm4_name2": null, "adm4_name3": null, "adm4_pcode": null, "adm3_name": null, "adm3_name1": null, "adm3_name2": null, "adm3_name3": null, "adm3_pcode": null, "adm2_name": "Dame Marie", "adm2_name1": "Dame Marie", "adm2_name2": null, "adm2_name3": null, "adm2_pcode": "HT0822", "adm1_name": "Grande'Anse", "adm1_name1": "Grande'Anse", "adm1_name2": "Grandans", "adm1_name3": null, "adm1_pcode": "HT08", "adm0_name": "Haiti", "adm0_name1": null, "adm0_name2": null, "adm0_name3": null, "adm0_pcode": "HT", "valid_on": "2018-11-29", "valid_to": null, "version": "v01", "lang": "en", "lang1": "fr", "lang2": "ht", "lang3": null }, "geometry": { "type": "Point", "coordinates": [ -74.380931201999886, 18.565164509999988 ] } },
{ "type": "Feature", "properties": { "admin_level": 2, "name": "Delmas", "name1": "Delmas", "name2": null, "name3": null, "x_coord": -72.2871848, "y_coord": 18.55139617, "adm4_name": null, "adm4_name1": null, "adm4_name2": null, "adm4_name3": null, "adm4_pcode": null, "adm3_name": null, "adm3_name1": null, "adm3_name2": null, "adm3_name3": null, "adm3_pcode": null, "adm2_name": "Delmas", "adm2_name1": "Delmas", "adm2_name2": null, "adm2_name3": null, "adm2_pcode": "HT0112", "adm1_name": "West", "adm1_name1": "Ouest", "adm1_name2": "Lwès", "adm1_name3": null, "adm1_pcode": "HT01", "adm0_name": "Haiti", "adm0_name1": null, "adm0_name2": null, "adm0_name3": null, "adm0_pcode": "HT", "valid_on": "2018-11-29", "valid_to": null, "version": "v01", "lang": "en", "lang1": "fr", "lang2": "ht", "lang3": null }, "geometry": { "type": "Point", "coordinates": [ -72.287184800999967, 18.551396172000182 ] } },
{ "type": "Feature", "properties": { "admin_level": 2, "name": "Desdunes", "name1": "Desdunes", "name2": null, "name3": null, "x_coord": -72.6904752, "y_coord": 19.31353914, "adm4_name": null, "adm4_name1": null, "adm4_name2": null, "adm4_name3": null, "adm4_pcode": null, "adm3_name": null, "adm3_name1": null, "adm3_name2": null, "adm3_name3": null, "adm3_pcode": null, "adm2_name": "Desdunes", "adm2_name1": "Desdunes", "adm2_name2": null, "adm2_name3": null, "adm2_pcode": "HT0544", "adm1_name": "Artibonite", "adm1_name1": "Artibonite", "adm1_name2": "Latibonit", "adm1_name3": null, "adm1_pcode": "HT05", "adm0_name": "Haiti", "adm0_name1": null, "adm0_name2": null, "adm0_name3": null, "adm0_pcode": "HT", "valid_on": "2018-11-29", "valid_to": null, "version": "v01", "lang": "en", "lang1": "fr", "lang2": "ht", "lang3": null }, "geometry": { "type": "Point", "coordinates": [ -72.690475197999945, 19.313539139000113 ] } },
{ "type": "Feature", "properties": { "admin_level": 2, "name": "Dessalines", "name1": "Dessalines", "name2": null, "name3": null, "x_coord": -72.43990724, "y_coord": 19.2237844, "adm4_name": null, "adm4_name1": null, "adm4_name2": null, "adm4_name3": null, "adm4_pcode": null, "adm3_name": null, "adm3_name1": null, "adm3_name2": null, "adm3_name3": null, "adm3_pcode": null, "adm2_name": "Dessalines", "adm2_name1": "Dessalines", "adm2_name2": null, "adm2_name3": null, "adm2_pcode": "HT0541", "adm1_name": "Artibonite", "adm1_name1": "Artibonite", "adm1_name2": "Latibonit", "adm1_name3": null, "adm1_pcode": "HT05", "adm0_name": "Haiti", "adm0_name1": null, "adm0_name2": null, "adm0_name3": null, "adm0_pcode": "HT", "valid_on": "2018-11-29", "valid_to": null, "version": "v01", "lang": "en", "lang1": "fr", "lang2": "ht", "lang3": null }, "geometry": { "type": "Point", "coordinates": [ -72.439907240999901, 19.223784396999974 ] } },
{ "type": "Feature", "properties": { "admin_level": 2, "name": "Dondon", "name1": "Dondon", "name2": null, "name3": null, "x_coord": -72.26911452, "y_coord": 19.52072494, "adm4_name": null, "adm4_name1": null, "adm4_name2": null, "adm4_name3": null, "adm4_pcode": null, "adm3_name": null, "adm3_name1": null, "adm3_name2": null, "adm3_name3": null, "adm3_pcode": null, "adm2_name": "Dondon", "adm2_name1": "Dondon", "adm2_name2": null, "adm2_name3": null, "adm2_pcode": "HT0342", "adm1_name": "North", "adm1_name1": "Nord", "adm1_name2": "Nò", "adm1_name3": null, "adm1_pcode": "HT03", "adm0_name": "Haiti", "adm0_name1": null, "adm0_name2": null, "adm0_name3": null, "adm0_pcode": "HT", "valid_on": "2018-11-29", "valid_to": null, "version": "v01", "lang": "en", "lang1": "fr", "lang2": "ht", "lang3": null }, "geometry": { "type": "Point", "coordinates": [ -72.269114522999985, 19.520724937000182 ] } },
{ "type": "Feature", "properties": { "admin_level": 2, "name": "Ennery", "name1": "Ennery", "name2": null, "name3": null, "x_coord": -72.4747769, "y_coord": 19.48991958, "adm4_name": null, "adm4_name1": null, "adm4_name2": null, "adm4_name3": null, "adm4_pcode": null, "adm3_name": null, "adm3_name1": null, "adm3_name2": null, "adm3_name3": null, "adm3_pcode": null, "adm2_name": "Ennery", "adm2_name1": "Ennery", "adm2_name2": null, "adm2_name3": null, "adm2_pcode": "HT0512", "adm1_name": "Artibonite", "adm1_name1": "Artibonite", "adm1_name2": "Latibonit", "adm1_name3": null, "adm1_pcode": "HT05", "adm0_name": "Haiti", "adm0_name1": null, "adm0_name2": null, "adm0_name3": null, "adm0_pcode": "HT", "valid_on": "2018-11-29", "valid_to": null, "version": "v01", "lang": "en", "lang1": "fr", "lang2": "ht", "lang3": null }, "geometry": { "type": "Point", "coordinates": [ -72.474776900999871, 19.489919581000038 ] } },
{ "type": "Feature", "properties": { "admin_level": 2, "name": "Ferrier", "name1": "Ferrier", "name2": null, "name3": null, "x_coord": -71.76250282, "y_coord": 19.6452486, "adm4_name": null, "adm4_name1": null, "adm4_name2": null, "adm4_name3": null, "adm4_pcode": null, "adm3_name": null, "adm3_name1": null, "adm3_name2": null, "adm3_name3": null, "adm3_pcode": null, "adm2_name": "Ferrier", "adm2_name1": "Ferrier", "adm2_name2": null, "adm2_name3": null, "adm2_pcode": "HT0412", "adm1_name": "North-East", "adm1_name1": "Nord-Est", "adm1_name2": "Nòdès", "adm1_name3": null, "adm1_pcode": "HT04", "adm0_name": "Haiti", "adm0_name1": null, "adm0_name2": null, "adm0_name3": null, "adm0_pcode": "HT", "valid_on": "2018-11-29", "valid_to": null, "version": "v01", "lang": "en", "lang1": "fr", "lang2": "ht", "lang3": null }, "geometry": { "type": "Point", "coordinates": [ -71.762502818999963, 19.64524859900007 ] } },
{ "type": "Feature", "properties": { "admin_level": 2, "name": "Fonds-Verrettes", "name1": "Fonds-Verrettes", "name2": null, "name3": null, "x_coord": -71.83852298, "y_coord": 18.36121088, "adm4_name": null, "adm4_name1": null, "adm4_name2": null, "adm4_name3": null, "adm4_pcode": null, "adm3_name": null, "adm3_name1": null, "adm3_name2": null, "adm3_name3": null, "adm3_pcode": null, "adm2_name": "Fonds-Verrettes", "adm2_name1": "Fonds-Verrettes", "adm2_name2": null, "adm2_name3": null, "adm2_pcode": "HT0135", "adm1_name": "West", "adm1_name1": "Ouest", "adm1_name2": "Lwès", "adm1_name3": null, "adm1_pcode": "HT01", "adm0_name": "Haiti", "adm0_name1": null, "adm0_name2": null, "adm0_name3": null, "adm0_pcode": "HT", "valid_on": "2018-11-29", "valid_to": null, "version": "v01", "lang": "en", "lang1": "fr", "lang2": "ht", "lang3": null }, "geometry": { "type": "Point", "coordinates": [ -71.838522980999983, 18.36121087600003 ] } },
{ "type": "Feature", "properties": { "admin_level": 2, "name": "Fonds des Negres", "name1": "Fonds des Nègres", "name2": null, "name3": null, "x_coord": -73.24735739, "y_coord": 18.38618397, "adm4_name": null, "adm4_name1": null, "adm4_name2": null, "adm4_name3": null, "adm4_pcode": null, "adm3_name": null, "adm3_name1": null, "adm3_name2": null, "adm3_name3": null, "adm3_pcode": null, "adm2_name": "Fonds des Negres", "adm2_name1": "Fonds des Nègres", "adm2_name2": null, "adm2_name3": null, "adm2_pcode": "HT1013", "adm1_name": "Nippes", "adm1_name1": "Nippes", "adm1_name2": "Nip", "adm1_name3": null, "adm1_pcode": "HT10", "adm0_name": "Haiti", "adm0_name1": null, "adm0_name2": null, "adm0_name3": null, "adm0_pcode": "HT", "valid_on": "2018-11-29", "valid_to": null, "version": "v01", "lang": "en", "lang1": "fr", "lang2": "ht", "lang3": null }, "geometry": { "type": "Point", "coordinates": [ -73.247357387999955, 18.386183966000033 ] } },
{ "type": "Feature", "properties": { "admin_level": 2, "name": "Fort-Liberte", "name1": "Fort-Liberté", "name2": null, "name3": null, "x_coord": -71.85017247, "y_coord": 19.56923558, "adm4_name": null, "adm4_name1": null, "adm4_name2": null, "adm4_name3": null, "adm4_pcode": null, "adm3_name": null, "adm3_name1": null, "adm3_name2": null, "adm3_name3": null, "adm3_pcode": null, "adm2_name": "Fort-Liberte", "adm2_name1": "Fort-Liberté", "adm2_name2": null, "adm2_name3": null, "adm2_pcode": "HT0411", "adm1_name": "North-East", "adm1_name1": "Nord-Est", "adm1_name2": "Nòdès", "adm1_name3": null, "adm1_pcode": "HT04", "adm0_name": "Haiti", "adm0_name1": null, "adm0_name2": null, "adm0_name3": null, "adm0_pcode": "HT", "valid_on": "2018-11-29", "valid_to": null, "version": "v01", "lang": "en", "lang1": "fr", "lang2": "ht", "lang3": null }, "geometry": { "type": "Point", "coordinates": [ -71.85017247199994, 19.569235579000122 ] } },
{ "type": "Feature", "properties": { "admin_level": 2, "name": "Ganthier", "name1": "Ganthier", "name2": null, "name3": null, "x_coord": -72.01690164, "y_coord": 18.48435146, "adm4_name": null, "adm4_name1": null, "adm4_name2": null, "adm4_name3": null, "adm4_pcode": null, "adm3_name": null, "adm3_name1": null, "adm3_name2": null, "adm3_name3": null, "adm3_pcode": null, "adm2_name": "Ganthier", "adm2_name1": "Ganthier", "adm2_name2": null, "adm2_name3": null, "adm2_pcode": "HT0133", "adm1_name": "West", "adm1_name1": "Ouest", "adm1_name2": "Lwès", "adm1_name3": null, "adm1_pcode": "HT01", "adm0_name": "Haiti", "adm0_name1": null, "adm0_name2": null, "adm0_name3": null, "adm0_pcode": "HT", "valid_on": "2018-11-29", "valid_to": null, "version": "v01", "lang": "en", "lang1": "fr", "lang2": "ht", "lang3": null }, "geometry": { "type": "Point", "coordinates": [ -72.01690164099989, 18.484351464000042 ] } },
{ "type": "Feature", "properties": { "admin_level": 2, "name": "Gonaives", "name1": "Gonaïves", "name2": null, "name3": null, "x_coord": -72.68367668, "y_coord": 19.49324487, "adm4_name": null, "adm4_name1": null, "adm4_name2": null, "adm4_name3": null, "adm4_pcode": null, "adm3_name": null, "adm3_name1": null, "adm3_name2": null, "adm3_name3": null, "adm3_pcode": null, "adm2_name": "Gonaives", "adm2_name1": "Gonaïves", "adm2_name2": null, "adm2_name3": null, "adm2_pcode": "HT0511", "adm1_name": "Artibonite", "adm1_name1": "Artibonite", "adm1_name2": "Latibonit", "adm1_name3": null, "adm1_pcode": "HT05", "adm0_name": "Haiti", "adm0_name1": null, "adm0_name2": null, "adm0_name3": null, "adm0_pcode": "HT", "valid_on": "2018-11-29", "valid_to": null, "version": "v01", "lang": "en", "lang1": "fr", "lang2": "ht", "lang3": null }, "geometry": { "type": "Point", "coordinates": [ -72.683676679999905, 19.493244869000023 ] } },
{ "type": "Feature", "properties": { "admin_level": 2, "name": "Grand-Boucan", "name1": "Grand-Boucan", "name2": null, "name3": null, "x_coord": -73.64650752, "y_coord": 18.56777882, "adm4_name": null, "adm4_name1": null, "adm4_name2": null, "adm4_name3": null, "adm4_pcode": null, "adm3_name": null, "adm3_name1": null, "adm3_name2": null, "adm3_name3": null, "adm3_pcode": null, "adm2_name": "Grand-Boucan", "adm2_name1": "Grand-Boucan", "adm2_name2": null, "adm2_name3": null, "adm2_pcode": "HT1032", "adm1_name": "Nippes", "adm1_name1": "Nippes", "adm1_name2": "Nip", "adm1_name3": null, "adm1_pcode": "HT10", "adm0_name": "Haiti", "adm0_name1": null, "adm0_name2": null, "adm0_name3": null, "adm0_pcode": "HT", "valid_on": "2018-11-29", "valid_to": null, "version": "v01", "lang": "en", "lang1": "fr", "lang2": "ht", "lang3": null }, "geometry": { "type": "Point", "coordinates": [ -73.646507517999908, 18.5677788160001 ] } },
{ "type": "Feature", "properties": { "admin_level": 2, "name": "Grand-Goave", "name1": "Grand-Goâve", "name2": null, "name3": null, "x_coord": -72.75043516, "y_coord": 18.35511027, "adm4_name": null, "adm4_name1": null, "adm4_name2": null, "adm4_name3": null, "adm4_pcode": null, "adm3_name": null, "adm3_name1": null, "adm3_name2": null, "adm3_name3": null, "adm3_pcode": null, "adm2_name": "Grand-Goave", "adm2_name1": "Grand-Goâve", "adm2_name2": null, "adm2_name3": null, "adm2_pcode": "HT0123", "adm1_name": "West", "adm1_name1": "Ouest", "adm1_name2": "Lwès", "adm1_name3": null, "adm1_pcode": "HT01", "adm0_name": "Haiti", "adm0_name1": null, "adm0_name2": null, "adm0_name3": null, "adm0_pcode": "HT", "valid_on": "2018-11-29", "valid_to": null, "version": "v01", "lang": "en", "lang1": "fr", "lang2": "ht", "lang3": null }, "geometry": { "type": "Point", "coordinates": [ -72.750435159999938, 18.355110274000083 ] } },
{ "type": "Feature", "properties": { "admin_level": 2, "name": "Grand Gosier", "name1": "Grand Gosier", "name2": null, "name3": null, "x_coord": -71.90087429, "y_coord": 18.25473575, "adm4_name": null, "adm4_name1": null, "adm4_name2": null, "adm4_name3": null, "adm4_pcode": null, "adm3_name": null, "adm3_name1": null, "adm3_name2": null, "adm3_name3": null, "adm3_pcode": null, "adm2_name": "Grand Gosier", "adm2_name1": "Grand Gosier", "adm2_name2": null, "adm2_name3": null, "adm2_pcode": "HT0232", "adm1_name": "South-East", "adm1_name1": "Sud-Est", "adm1_name2": "Sidès", "adm1_name3": null, "adm1_pcode": "HT02", "adm0_name": "Haiti", "adm0_name1": null, "adm0_name2": null, "adm0_name3": null, "adm0_pcode": "HT", "valid_on": "2018-11-29", "valid_to": null, "version": "v01", "lang": "en", "lang1": "fr", "lang2": "ht", "lang3": null }, "geometry": { "type": "Point", "coordinates": [ -71.900874293999891, 18.254735746000051 ] } },
{ "type": "Feature", "properties": { "admin_level": 2, "name": "Grande Riviere Du Nord", "name1": "Grande Riviere Du Nord", "name2": null, "name3": null, "x_coord": -72.16372953, "y_coord": 19.55804223, "adm4_name": null, "adm4_name1": null, "adm4_name2": null, "adm4_name3": null, "adm4_pcode": null, "adm3_name": null, "adm3_name1": null, "adm3_name2": null, "adm3_name3": null, "adm3_pcode": null, "adm2_name": "Grande Riviere Du Nord", "adm2_name1": "Grande Riviere Du Nord", "adm2_name2": null, "adm2_name3": null, "adm2_pcode": "HT0331", "adm1_name": "North", "adm1_name1": "Nord", "adm1_name2": "Nò", "adm1_name3": null, "adm1_pcode": "HT03", "adm0_name": "Haiti", "adm0_name1": null, "adm0_name2": null, "adm0_name3": null, "adm0_pcode": "HT", "valid_on": "2018-11-29", "valid_to": null, "version": "v01", "lang": "en", "lang1": "fr", "lang2": "ht", "lang3": null }, "geometry": { "type": "Point", "coordinates": [ -72.163729533999913, 19.558042232000048 ] } },
{ "type": "Feature", "properties": { "admin_level": 2, "name": "Grande Saline", "name1": "Grande Saline", "name2": null, "name3": null, "x_coord": -72.66147187, "y_coord": 19.25721598, "adm4_name": null, "adm4_name1": null, "adm4_name2": null, "adm4_name3": null, "adm4_pcode": null, "adm3_name": null, "adm3_name1": null, "adm3_name2": null, "adm3_name3": null, "adm3_pcode": null, "adm2_name": "Grande Saline", "adm2_name1": "Grande Saline", "adm2_name2": null, "adm2_name3": null, "adm2_pcode": "HT0543", "adm1_name": "Artibonite", "adm1_name1": "Artibonite", "adm1_name2": "Latibonit", "adm1_name3": null, "adm1_pcode": "HT05", "adm0_name": "Haiti", "adm0_name1": null, "adm0_name2": null, "adm0_name3": null, "adm0_pcode": "HT", "valid_on": "2018-11-29", "valid_to": null, "version": "v01", "lang": "en", "lang1": "fr", "lang2": "ht", "lang3": null }, "geometry": { "type": "Point", "coordinates": [ -72.661471865999886, 19.257215981000172 ] } },
{ "type": "Feature", "properties": { "admin_level": 2, "name": "Gressier", "name1": "Gressier", "name2": null, "name3": null, "x_coord": -72.51510079000001, "y_coord": 18.5110923, "adm4_name": null, "adm4_name1": null, "adm4_name2": null, "adm4_name3": null, "adm4_pcode": null, "adm3_name": null, "adm3_name1": null, "adm3_name2": null, "adm3_name3": null, "adm3_pcode": null, "adm2_name": "Gressier", "adm2_name1": "Gressier", "adm2_name2": null, "adm2_name3": null, "adm2_pcode": "HT0116", "adm1_name": "West", "adm1_name1": "Ouest", "adm1_name2": "Lwès", "adm1_name3": null, "adm1_pcode": "HT01", "adm0_name": "Haiti", "adm0_name1": null, "adm0_name2": null, "adm0_name3": null, "adm0_pcode": "HT", "valid_on": "2018-11-29", "valid_to": null, "version": "v01", "lang": "en", "lang1": "fr", "lang2": "ht", "lang3": null }, "geometry": { "type": "Point", "coordinates": [ -72.515100790999952, 18.511092295000083 ] } },
{ "type": "Feature", "properties": { "admin_level": 2, "name": "Gros Morne", "name1": "Gros Morne", "name2": null, "name3": null, "x_coord": -72.71581797, "y_coord": 19.70617486, "adm4_name": null, "adm4_name1": null, "adm4_name2": null, "adm4_name3": null, "adm4_pcode": null, "adm3_name": null, "adm3_name1": null, "adm3_name2": null, "adm3_name3": null, "adm3_pcode": null, "adm2_name": "Gros Morne", "adm2_name1": "Gros Morne", "adm2_name2": null, "adm2_name3": null, "adm2_pcode": "HT0521", "adm1_name": "Artibonite", "adm1_name1": "Artibonite", "adm1_name2": "Latibonit", "adm1_name3": null, "adm1_pcode": "HT05", "adm0_name": "Haiti", "adm0_name1": null, "adm0_name2": null, "adm0_name3": null, "adm0_pcode": "HT", "valid_on": "2018-11-29", "valid_to": null, "version": "v01", "lang": "en", "lang1": "fr", "lang2": "ht", "lang3": null }, "geometry": { "type": "Point", "coordinates": [ -72.715817973999833, 19.706174857 ] } },
{ "type": "Feature", "properties": { "admin_level": 2, "name": "Hinche", "name1": "Hinche", "name2": null, "name3": null, "x_coord": -71.97540261, "y_coord": 19.16367696, "adm4_name": null, "adm4_name1": null, "adm4_name2": null, "adm4_name3": null, "adm4_pcode": null, "adm3_name": null, "adm3_name1": null, "adm3_name2": null, "adm3_name3": null, "adm3_pcode": null, "adm2_name": "Hinche", "adm2_name1": "Hinche", "adm2_name2": null, "adm2_name3": null, "adm2_pcode": "HT0611", "adm1_name": "Centre", "adm1_name1": "Centre", "adm1_name2": "Sant", "adm1_name3": null, "adm1_pcode": "HT06", "adm0_name": "Haiti", "adm0_name1": null, "adm0_name2": null, "adm0_name3": null, "adm0_pcode": "HT", "valid_on": "2018-11-29", "valid_to": null, "version": "v01", "lang": "en", "lang1": "fr", "lang2": "ht", "lang3": null }, "geometry": { "type": "Point", "coordinates": [ -71.975402610999936, 19.163676963000114 ] } },
{ "type": "Feature", "properties": { "admin_level": 2, "name": "Ile a Vache", "name1": "Île à Vache", "name2": null, "name3": null, "x_coord": -73.60883264, "y_coord": 18.08305955, "adm4_name": null, "adm4_name1": null, "adm4_name2": null, "adm4_name3": null, "adm4_pcode": null, "adm3_name": null, "adm3_name1": null, "adm3_name2": null, "adm3_name3": null, "adm3_pcode": null, "adm2_name": "Ile a Vache", "adm2_name1": "Île à Vache", "adm2_name2": null, "adm2_name3": null, "adm2_pcode": "HT0716", "adm1_name": "South", "adm1_name1": "Sud", "adm1_name2": "Sid", "adm1_name3": null, "adm1_pcode": "HT07", "adm0_name": "Haiti", "adm0_name1": null, "adm0_name2": null, "adm0_name3": null, "adm0_pcode": "HT", "valid_on": "2018-11-29", "valid_to": null, "version": "v01", "lang": "en", "lang1": "fr", "lang2": "ht", "lang3": null }, "geometry": { "type": "Point", "coordinates": [ -73.608832641999925, 18.083059548000165 ] } },
{ "type": "Feature", "properties": { "admin_level": 2, "name": "Jacmel", "name1": "Jacmel", "name2": null, "name3": null, "x_coord": -72.55322666000001, "y_coord": 18.28856741, "adm4_name": null, "adm4_name1": null, "adm4_name2": null, "adm4_name3": null, "adm4_pcode": null, "adm3_name": null, "adm3_name1": null, "adm3_name2": null, "adm3_name3": null, "adm3_pcode": null, "adm2_name": "Jacmel", "adm2_name1": "Jacmel", "adm2_name2": null, "adm2_name3": null, "adm2_pcode": "HT0211", "adm1_name": "South-East", "adm1_name1": "Sud-Est", "adm1_name2": "Sidès", "adm1_name3": null, "adm1_pcode": "HT02", "adm0_name": "Haiti", "adm0_name1": null, "adm0_name2": null, "adm0_name3": null, "adm0_pcode": "HT", "valid_on": "2018-11-29", "valid_to": null, "version": "v01", "lang": "en", "lang1": "fr", "lang2": "ht", "lang3": null }, "geometry": { "type": "Point", "coordinates": [ -72.553226664999954, 18.28856741300001 ] } },
{ "type": "Feature", "properties": { "admin_level": 2, "name": "Jean Rabel", "name1": "Jean Rabel", "name2": null, "name3": null, "x_coord": -73.14095273, "y_coord": 19.81281008, "adm4_name": null, "adm4_name1": null, "adm4_name2": null, "adm4_name3": null, "adm4_pcode": null, "adm3_name": null, "adm3_name1": null, "adm3_name2": null, "adm3_name3": null, "adm3_pcode": null, "adm2_name": "Jean Rabel", "adm2_name1": "Jean Rabel", "adm2_name2": null, "adm2_name3": null, "adm2_pcode": "HT0934", "adm1_name": "North-West", "adm1_name1": "Nord-Ouest", "adm1_name2": "Nòdwès", "adm1_name3": null, "adm1_pcode": "HT09", "adm0_name": "Haiti", "adm0_name1": null, "adm0_name2": null, "adm0_name3": null, "adm0_pcode": "HT", "valid_on": "2018-11-29", "valid_to": null, "version": "v01", "lang": "en", "lang1": "fr", "lang2": "ht", "lang3": null }, "geometry": { "type": "Point", "coordinates": [ -73.140952726999956, 19.812810076000176 ] } },
{ "type": "Feature", "properties": { "admin_level": 2, "name": "Jeremie", "name1": "Jérémie", "name2": null, "name3": null, "x_coord": -74.15560614, "y_coord": 18.53364027, "adm4_name": null, "adm4_name1": null, "adm4_name2": null, "adm4_name3": null, "adm4_pcode": null, "adm3_name": null, "adm3_name1": null, "adm3_name2": null, "adm3_name3": null, "adm3_pcode": null, "adm2_name": "Jeremie", "adm2_name1": "Jérémie", "adm2_name2": null, "adm2_name3": null, "adm2_pcode": "HT0811", "adm1_name": "Grande'Anse", "adm1_name1": "Grande'Anse", "adm1_name2": "Grandans", "adm1_name3": null, "adm1_pcode": "HT08", "adm0_name": "Haiti", "adm0_name1": null, "adm0_name2": null, "adm0_name3": null, "adm0_pcode": "HT", "valid_on": "2018-11-29", "valid_to": null, "version": "v01", "lang": "en", "lang1": "fr", "lang2": "ht", "lang3": null }, "geometry": { "type": "Point", "coordinates": [ -74.155606140999907, 18.533640273000174 ] } },
{ "type": "Feature", "properties": { "admin_level": 2, "name": "Kenscoff", "name1": "Kenscoff", "name2": null, "name3": null, "x_coord": -72.29321187, "y_coord": 18.41249642, "adm4_name": null, "adm4_name1": null, "adm4_name2": null, "adm4_name3": null, "adm4_pcode": null, "adm3_name": null, "adm3_name1": null, "adm3_name2": null, "adm3_name3": null, "adm3_pcode": null, "adm2_name": "Kenscoff", "adm2_name1": "Kenscoff", "adm2_name2": null, "adm2_name3": null, "adm2_pcode": "HT0115", "adm1_name": "West", "adm1_name1": "Ouest", "adm1_name2": "Lwès", "adm1_name3": null, "adm1_pcode": "HT01", "adm0_name": "Haiti", "adm0_name1": null, "adm0_name2": null, "adm0_name3": null, "adm0_pcode": "HT", "valid_on": "2018-11-29", "valid_to": null, "version": "v01", "lang": "en", "lang1": "fr", "lang2": "ht", "lang3": null }, "geometry": { "type": "Point", "coordinates": [ -72.29321187499994, 18.412496424000039 ] } },
{ "type": "Feature", "properties": { "admin_level": 2, "name": "L'Asile", "name1": "L'Asile", "name2": null, "name3": null, "x_coord": -73.38874147, "y_coord": 18.39414137, "adm4_name": null, "adm4_name1": null, "adm4_name2": null, "adm4_name3": null, "adm4_pcode": null, "adm3_name": null, "adm3_name1": null, "adm3_name2": null, "adm3_name3": null, "adm3_pcode": null, "adm2_name": "L'Asile", "adm2_name1": "L'Asile", "adm2_name2": null, "adm2_name3": null, "adm2_pcode": "HT1023", "adm1_name": "Nippes", "adm1_name1": "Nippes", "adm1_name2": "Nip", "adm1_name3": null, "adm1_pcode": "HT10", "adm0_name": "Haiti", "adm0_name1": null, "adm0_name2": null, "adm0_name3": null, "adm0_pcode": "HT", "valid_on": "2018-11-29", "valid_to": null, "version": "v01", "lang": "en", "lang1": "fr", "lang2": "ht", "lang3": null }, "geometry": { "type": "Point", "coordinates": [ -73.388741467999978, 18.394141366000099 ] } },
{ "type": "Feature", "properties": { "admin_level": 2, "name": "L'Estere", "name1": "L'Estère", "name2": null, "name3": null, "x_coord": -72.63080295, "y_coord": 19.36447578, "adm4_name": null, "adm4_name1": null, "adm4_name2": null, "adm4_name3": null, "adm4_pcode": null, "adm3_name": null, "adm3_name1": null, "adm3_name2": null, "adm3_name3": null, "adm3_pcode": null, "adm2_name": "L'Estere", "adm2_name1": "L'Estère", "adm2_name2": null, "adm2_name3": null, "adm2_pcode": "HT0513", "adm1_name": "Artibonite", "adm1_name1": "Artibonite", "adm1_name2": "Latibonit", "adm1_name3": null, "adm1_pcode": "HT05", "adm0_name": "Haiti", "adm0_name1": null, "adm0_name2": null, "adm0_name3": null, "adm0_pcode": "HT", "valid_on": "2018-11-29", "valid_to": null, "version": "v01", "lang": "en", "lang1": "fr", "lang2": "ht", "lang3": null }, "geometry": { "type": "Point", "coordinates": [ -72.630802954999922, 19.364475775000017 ] } },
{ "type": "Feature", "properties": { "admin_level": 2, "name": "La Chapelle", "name1": "La Chapelle", "name2": null, "name3": null, "x_coord": -72.3545863, "y_coord": 18.92073207, "adm4_name": null, "adm4_name1": null, "adm4_name2": null, "adm4_name3": null, "adm4_pcode": null, "adm3_name": null, "adm3_name1": null, "adm3_name2": null, "adm3_name3": null, "adm3_pcode": null, "adm2_name": "La Chapelle", "adm2_name1": "La Chapelle", "adm2_name2": null, "adm2_name3": null, "adm2_pcode": "HT0533", "adm1_name": "Artibonite", "adm1_name1": "Artibonite", "adm1_name2": "Latibonit", "adm1_name3": null, "adm1_pcode": "HT05", "adm0_name": "Haiti", "adm0_name1": null, "adm0_name2": null, "adm0_name3": null, "adm0_pcode": "HT", "valid_on": "2018-11-29", "valid_to": null, "version": "v01", "lang": "en", "lang1": "fr", "lang2": "ht", "lang3": null }, "geometry": { "type": "Point", "coordinates": [ -72.354586296999912, 18.920732072000135 ] } },
{ "type": "Feature", "properties": { "admin_level": 2, "name": "La Tortue", "name1": "La Tortue", "name2": null, "name3": null, "x_coord": -72.78370502, "y_coord": 20.04015057, "adm4_name": null, "adm4_name1": null, "adm4_name2": null, "adm4_name3": null, "adm4_pcode": null, "adm3_name": null, "adm3_name1": null, "adm3_name2": null, "adm3_name3": null, "adm3_pcode": null, "adm2_name": "La Tortue", "adm2_name1": "La Tortue", "adm2_name2": null, "adm2_name3": null, "adm2_pcode": "HT0912", "adm1_name": "North-West", "adm1_name1": "Nord-Ouest", "adm1_name2": "Nòdwès", "adm1_name3": null, "adm1_pcode": "HT09", "adm0_name": "Haiti", "adm0_name1": null, "adm0_name2": null, "adm0_name3": null, "adm0_pcode": "HT", "valid_on": "2018-11-29", "valid_to": null, "version": "v01", "lang": "en", "lang1": "fr", "lang2": "ht", "lang3": null }, "geometry": { "type": "Point", "coordinates": [ -72.783705022999982, 20.040150573000119 ] } },
{ "type": "Feature", "properties": { "admin_level": 2, "name": "La Vallee", "name1": "La Vallée", "name2": null, "name3": null, "x_coord": -72.70092091, "y_coord": 18.28291228, "adm4_name": null, "adm4_name1": null, "adm4_name2": null, "adm4_name3": null, "adm4_pcode": null, "adm3_name": null, "adm3_name1": null, "adm3_name2": null, "adm3_name3": null, "adm3_pcode": null, "adm2_name": "La Vallee", "adm2_name1": "La Vallée", "adm2_name2": null, "adm2_name3": null, "adm2_pcode": "HT0214", "adm1_name": "South-East", "adm1_name1": "Sud-Est", "adm1_name2": "Sidès", "adm1_name3": null, "adm1_pcode": "HT02", "adm0_name": "Haiti", "adm0_name1": null, "adm0_name2": null, "adm0_name3": null, "adm0_pcode": "HT", "valid_on": "2018-11-29", "valid_to": null, "version": "v01", "lang": "en", "lang1": "fr", "lang2": "ht", "lang3": null }, "geometry": { "type": "Point", "coordinates": [ -72.700920908999933, 18.28291228300003 ] } },
{ "type": "Feature", "properties": { "admin_level": 2, "name": "La Victoire", "name1": "La Victoire", "name2": null, "name3": null, "x_coord": -72.01889465, "y_coord": 19.35161003, "adm4_name": null, "adm4_name1": null, "adm4_name2": null, "adm4_name3": null, "adm4_pcode": null, "adm3_name": null, "adm3_name1": null, "adm3_name2": null, "adm3_name3": null, "adm3_pcode": null, "adm2_name": "La Victoire", "adm2_name1": "La Victoire", "adm2_name2": null, "adm2_name3": null, "adm2_pcode": "HT0345", "adm1_name": "North", "adm1_name1": "Nord", "adm1_name2": "Nò", "adm1_name3": null, "adm1_pcode": "HT03", "adm0_name": "Haiti", "adm0_name1": null, "adm0_name2": null, "adm0_name3": null, "adm0_pcode": "HT", "valid_on": "2018-11-29", "valid_to": null, "version": "v01", "lang": "en", "lang1": "fr", "lang2": "ht", "lang3": null }, "geometry": { "type": "Point", "coordinates": [ -72.018894647999957, 19.3516100330001 ] } },
{ "type": "Feature", "properties": { "admin_level": 2, "name": "Lascahobas", "name1": "Lascahobas", "name2": null, "name3": null, "x_coord": -71.95556508, "y_coord": 18.83772264, "adm4_name": null, "adm4_name1": null, "adm4_name2": null, "adm4_name3": null, "adm4_pcode": null, "adm3_name": null, "adm3_name1": null, "adm3_name2": null, "adm3_name3": null, "adm3_pcode": null, "adm2_name": "Lascahobas", "adm2_name1": "Lascahobas", "adm2_name2": null, "adm2_name3": null, "adm2_pcode": "HT0631", "adm1_name": "Centre", "adm1_name1": "Centre", "adm1_name2": "Sant", "adm1_name3": null, "adm1_pcode": "HT06", "adm0_name": "Haiti", "adm0_name1": null, "adm0_name2": null, "adm0_name3": null, "adm0_pcode": "HT", "valid_on": "2018-11-29", "valid_to": null, "version": "v01", "lang": "en", "lang1": "fr", "lang2": "ht", "lang3": null }, "geometry": { "type": "Point", "coordinates": [ -71.955565080999861, 18.83772263700007 ] } },
{ "type": "Feature", "properties": { "admin_level": 2, "name": "Leogane", "name1": "Léogâne", "name2": null, "name3": null, "x_coord": -72.57370423, "y_coord": 18.44366409, "adm4_name": null, "adm4_name1": null, "adm4_name2": null, "adm4_name3": null, "adm4_pcode": null, "adm3_name": null, "adm3_name1": null, "adm3_name2": null, "adm3_name3": null, "adm3_pcode": null, "adm2_name": "Leogane", "adm2_name1": "Léogâne", "adm2_name2": null, "adm2_name3": null, "adm2_pcode": "HT0121", "adm1_name": "West", "adm1_name1": "Ouest", "adm1_name2": "Lwès", "adm1_name3": null, "adm1_pcode": "HT01", "adm0_name": "Haiti", "adm0_name1": null, "adm0_name2": null, "adm0_name3": null, "adm0_pcode": "HT", "valid_on": "2018-11-29", "valid_to": null, "version": "v01", "lang": "en", "lang1": "fr", "lang2": "ht", "lang3": null }, "geometry": { "type": "Point", "coordinates": [ -72.573704224999972, 18.44366409200012 ] } },
{ "type": "Feature", "properties": { "admin_level": 2, "name": "Les Anglais", "name1": "Les Anglais", "name2": null, "name3": null, "x_coord": -74.17672785000001, "y_coord": 18.35075057, "adm4_name": null, "adm4_name1": null, "adm4_name2": null, "adm4_name3": null, "adm4_pcode": null, "adm3_name": null, "adm3_name1": null, "adm3_name2": null, "adm3_name3": null, "adm3_pcode": null, "adm2_name": "Les Anglais", "adm2_name1": "Les Anglais", "adm2_name2": null, "adm2_name3": null, "adm2_pcode": "HT0752", "adm1_name": "South", "adm1_name1": "Sud", "adm1_name2": "Sid", "adm1_name3": null, "adm1_pcode": "HT07", "adm0_name": "Haiti", "adm0_name1": null, "adm0_name2": null, "adm0_name3": null, "adm0_pcode": "HT", "valid_on": "2018-11-29", "valid_to": null, "version": "v01", "lang": "en", "lang1": "fr", "lang2": "ht", "lang3": null }, "geometry": { "type": "Point", "coordinates": [ -74.17672784899986, 18.350750571000049 ] } },
{ "type": "Feature", "properties": { "admin_level": 2, "name": "Les Cayes", "name1": "Les Cayes", "name2": null, "name3": null, "x_coord": -73.76596954, "y_coord": 18.26015612, "adm4_name": null, "adm4_name1": null, "adm4_name2": null, "adm4_name3": null, "adm4_pcode": null, "adm3_name": null, "adm3_name1": null, "adm3_name2": null, "adm3_name3": null, "adm3_pcode": null, "adm2_name": "Les Cayes", "adm2_name1": "Les Cayes", "adm2_name2": null, "adm2_name3": null, "adm2_pcode": "HT0711", "adm1_name": "South", "adm1_name1": "Sud", "adm1_name2": "Sid", "adm1_name3": null, "adm1_pcode": "HT07", "adm0_name": "Haiti", "adm0_name1": null, "adm0_name2": null, "adm0_name3": null, "adm0_pcode": "HT", "valid_on": "2018-11-29", "valid_to": null, "version": "v01", "lang": "en", "lang1": "fr", "lang2": "ht", "lang3": null }, "geometry": { "type": "Point", "coordinates": [ -73.765969544999962, 18.260156122000183 ] } },
{ "type": "Feature", "properties": { "admin_level": 2, "name": "Les Irois", "name1": "Les Irois", "name2": null, "name3": null, "x_coord": -74.37832386, "y_coord": 18.40580651, "adm4_name": null, "adm4_name1": null, "adm4_name2": null, "adm4_name3": null, "adm4_pcode": null, "adm3_name": null, "adm3_name1": null, "adm3_name2": null, "adm3_name3": null, "adm3_pcode": null, "adm2_name": "Les Irois", "adm2_name1": "Les Irois", "adm2_name2": null, "adm2_name3": null, "adm2_pcode": "HT0823", "adm1_name": "Grande'Anse", "adm1_name1": "Grande'Anse", "adm1_name2": "Grandans", "adm1_name3": null, "adm1_pcode": "HT08", "adm0_name": "Haiti", "adm0_name1": null, "adm0_name2": null, "adm0_name3": null, "adm0_pcode": "HT", "valid_on": "2018-11-29", "valid_to": null, "version": "v01", "lang": "en", "lang1": "fr", "lang2": "ht", "lang3": null }, "geometry": { "type": "Point", "coordinates": [ -74.378323859999909, 18.405806510000048 ] } },
{ "type": "Feature", "properties": { "admin_level": 2, "name": "Limbe", "name1": "Limbé", "name2": null, "name3": null, "x_coord": -72.41744231, "y_coord": 19.64562567, "adm4_name": null, "adm4_name1": null, "adm4_name2": null, "adm4_name3": null, "adm4_pcode": null, "adm3_name": null, "adm3_name1": null, "adm3_name2": null, "adm3_name3": null, "adm3_pcode": null, "adm2_name": "Limbe", "adm2_name1": "Limbé", "adm2_name2": null, "adm2_name3": null, "adm2_pcode": "HT0361", "adm1_name": "North", "adm1_name1": "Nord", "adm1_name2": "Nò", "adm1_name3": null, "adm1_pcode": "HT03", "adm0_name": "Haiti", "adm0_name1": null, "adm0_name2": null, "adm0_name3": null, "adm0_pcode": "HT", "valid_on": "2018-11-29", "valid_to": null, "version": "v01", "lang": "en", "lang1": "fr", "lang2": "ht", "lang3": null }, "geometry": { "type": "Point", "coordinates": [ -72.41744230899991, 19.645625674000087 ] } },
{ "type": "Feature", "properties": { "admin_level": 2, "name": "Limonade", "name1": "Limonade", "name2": null, "name3": null, "x_coord": -72.1036099, "y_coord": 19.67110121, "adm4_name": null, "adm4_name1": null, "adm4_name2": null, "adm4_name3": null, "adm4_pcode": null, "adm3_name": null, "adm3_name1": null, "adm3_name2": null, "adm3_name3": null, "adm3_pcode": null, "adm2_name": "Limonade", "adm2_name1": "Limonade", "adm2_name2": null, "adm2_name3": null, "adm2_pcode": "HT0313", "adm1_name": "North", "adm1_name1": "Nord", "adm1_name2": "Nò", "adm1_name3": null, "adm1_pcode": "HT03", "adm0_name": "Haiti", "adm0_name1": null, "adm0_name2": null, "adm0_name3": null, "adm0_pcode": "HT", "valid_on": "2018-11-29", "valid_to": null, "version": "v01", "lang": "en", "lang1": "fr", "lang2": "ht", "lang3": null }, "geometry": { "type": "Point", "coordinates": [ -72.103609897999831, 19.671101210000131 ] } },
{ "type": "Feature", "properties": { "admin_level": 2, "name": "Maissade", "name1": "Maïssade", "name2": null, "name3": null, "x_coord": -72.17318234, "y_coord": 19.18860822, "adm4_name": null, "adm4_name1": null, "adm4_name2": null, "adm4_name3": null, "adm4_pcode": null, "adm3_name": null, "adm3_name1": null, "adm3_name2": null, "adm3_name3": null, "adm3_pcode": null, "adm2_name": "Maissade", "adm2_name1": "Maïssade", "adm2_name2": null, "adm2_name3": null, "adm2_pcode": "HT0612", "adm1_name": "Centre", "adm1_name1": "Centre", "adm1_name2": "Sant", "adm1_name3": null, "adm1_pcode": "HT06", "adm0_name": "Haiti", "adm0_name1": null, "adm0_name2": null, "adm0_name3": null, "adm0_pcode": "HT", "valid_on": "2018-11-29", "valid_to": null, "version": "v01", "lang": "en", "lang1": "fr", "lang2": "ht", "lang3": null }, "geometry": { "type": "Point", "coordinates": [ -72.173182343999883, 19.188608218000184 ] } },
{ "type": "Feature", "properties": { "admin_level": 2, "name": "Maniche", "name1": "Maniche", "name2": null, "name3": null, "x_coord": -73.75214952, "y_coord": 18.36795034, "adm4_name": null, "adm4_name1": null, "adm4_name2": null, "adm4_name3": null, "adm4_pcode": null, "adm3_name": null, "adm3_name1": null, "adm3_name2": null, "adm3_name3": null, "adm3_pcode": null, "adm2_name": "Maniche", "adm2_name1": "Maniche", "adm2_name2": null, "adm2_name3": null, "adm2_pcode": "HT0715", "adm1_name": "South", "adm1_name1": "Sud", "adm1_name2": "Sid", "adm1_name3": null, "adm1_pcode": "HT07", "adm0_name": "Haiti", "adm0_name1": null, "adm0_name2": null, "adm0_name3": null, "adm0_pcode": "HT", "valid_on": "2018-11-29", "valid_to": null, "version": "v01", "lang": "en", "lang1": "fr", "lang2": "ht", "lang3": null }, "geometry": { "type": "Point", "coordinates": [ -73.752149520999922, 18.367950341000153 ] } },
{ "type": "Feature", "properties": { "admin_level": 2, "name": "Marigot", "name1": "Marigot", "name2": null, "name3": null, "x_coord": -72.2983742, "y_coord": 18.28947772, "adm4_name": null, "adm4_name1": null, "adm4_name2": null, "adm4_name3": null, "adm4_pcode": null, "adm3_name": null, "adm3_name1": null, "adm3_name2": null, "adm3_name3": null, "adm3_pcode": null, "adm2_name": "Marigot", "adm2_name1": "Marigot", "adm2_name2": null, "adm2_name3": null, "adm2_pcode": "HT0212", "adm1_name": "South-East", "adm1_name1": "Sud-Est", "adm1_name2": "Sidès", "adm1_name3": null, "adm1_pcode": "HT02", "adm0_name": "Haiti", "adm0_name1": null, "adm0_name2": null, "adm0_name3": null, "adm0_pcode": "HT", "valid_on": "2018-11-29", "valid_to": null, "version": "v01", "lang": "en", "lang1": "fr", "lang2": "ht", "lang3": null }, "geometry": { "type": "Point", "coordinates": [ -72.298374195999941, 18.289477722000129 ] } },
{ "type": "Feature", "properties": { "admin_level": 2, "name": "Marmelade", "name1": "Marmelade", "name2": null, "name3": null, "x_coord": -72.37862965, "y_coord": 19.52712982, "adm4_name": null, "adm4_name1": null, "adm4_name2": null, "adm4_name3": null, "adm4_pcode": null, "adm3_name": null, "adm3_name1": null, "adm3_name2": null, "adm3_name3": null, "adm3_pcode": null, "adm2_name": "Marmelade", "adm2_name1": "Marmelade", "adm2_name2": null, "adm2_name3": null, "adm2_pcode": "HT0552", "adm1_name": "Artibonite", "adm1_name1": "Artibonite", "adm1_name2": "Latibonit", "adm1_name3": null, "adm1_pcode": "HT05", "adm0_name": "Haiti", "adm0_name1": null, "adm0_name2": null, "adm0_name3": null, "adm0_pcode": "HT", "valid_on": "2018-11-29", "valid_to": null, "version": "v01", "lang": "en", "lang1": "fr", "lang2": "ht", "lang3": null }, "geometry": { "type": "Point", "coordinates": [ -72.378629646999912, 19.527129823000053 ] } },
{ "type": "Feature", "properties": { "admin_level": 2, "name": "Milot", "name1": "Milot", "name2": null, "name3": null, "x_coord": -72.21838716000001, "y_coord": 19.64683075, "adm4_name": null, "adm4_name1": null, "adm4_name2": null, "adm4_name3": null, "adm4_pcode": null, "adm3_name": null, "adm3_name1": null, "adm3_name2": null, "adm3_name3": null, "adm3_pcode": null, "adm2_name": "Milot", "adm2_name1": "Milot", "adm2_name2": null, "adm2_name3": null, "adm2_pcode": "HT0323", "adm1_name": "North", "adm1_name1": "Nord", "adm1_name2": "Nò", "adm1_name3": null, "adm1_pcode": "HT03", "adm0_name": "Haiti", "adm0_name1": null, "adm0_name2": null, "adm0_name3": null, "adm0_pcode": "HT", "valid_on": "2018-11-29", "valid_to": null, "version": "v01", "lang": "en", "lang1": "fr", "lang2": "ht", "lang3": null }, "geometry": { "type": "Point", "coordinates": [ -72.218387161999942, 19.646830745999978 ] } },
{ "type": "Feature", "properties": { "admin_level": 2, "name": "Miragoane", "name1": "Miragoâne", "name2": null, "name3": null, "x_coord": -73.05363034, "y_coord": 18.34136085, "adm4_name": null, "adm4_name1": null, "adm4_name2": null, "adm4_name3": null, "adm4_pcode": null, "adm3_name": null, "adm3_name1": null, "adm3_name2": null, "adm3_name3": null, "adm3_pcode": null, "adm2_name": "Miragoane", "adm2_name1": "Miragoâne", "adm2_name2": null, "adm2_name3": null, "adm2_pcode": "HT1011", "adm1_name": "Nippes", "adm1_name1": "Nippes", "adm1_name2": "Nip", "adm1_name3": null, "adm1_pcode": "HT10", "adm0_name": "Haiti", "adm0_name1": null, "adm0_name2": null, "adm0_name3": null, "adm0_pcode": "HT", "valid_on": "2018-11-29", "valid_to": null, "version": "v01", "lang": "en", "lang1": "fr", "lang2": "ht", "lang3": null }, "geometry": { "type": "Point", "coordinates": [ -73.053630342999952, 18.341360845000111 ] } },
{ "type": "Feature", "properties": { "admin_level": 2, "name": "Mirebalais", "name1": "Mirebalais", "name2": null, "name3": null, "x_coord": -72.06721415, "y_coord": 18.80043641, "adm4_name": null, "adm4_name1": null, "adm4_name2": null, "adm4_name3": null, "adm4_pcode": null, "adm3_name": null, "adm3_name1": null, "adm3_name2": null, "adm3_name3": null, "adm3_pcode": null, "adm2_name": "Mirebalais", "adm2_name1": "Mirebalais", "adm2_name2": null, "adm2_name3": null, "adm2_pcode": "HT0621", "adm1_name": "Centre", "adm1_name1": "Centre", "adm1_name2": "Sant", "adm1_name3": null, "adm1_pcode": "HT06", "adm0_name": "Haiti", "adm0_name1": null, "adm0_name2": null, "adm0_name3": null, "adm0_pcode": "HT", "valid_on": "2018-11-29", "valid_to": null, "version": "v01", "lang": "en", "lang1": "fr", "lang2": "ht", "lang3": null }, "geometry": { "type": "Point", "coordinates": [ -72.067214154999988, 18.800436410000088 ] } },
{ "type": "Feature", "properties": { "admin_level": 2, "name": "Mole Saint Nicolas", "name1": "Môle Saint Nicolas", "name2": null, "name3": null, "x_coord": -73.37625556, "y_coord": 19.77081586, "adm4_name": null, "adm4_name1": null, "adm4_name2": null, "adm4_name3": null, "adm4_pcode": null, "adm3_name": null, "adm3_name1": null, "adm3_name2": null, "adm3_name3": null, "adm3_pcode": null, "adm2_name": "Mole Saint Nicolas", "adm2_name1": "Môle Saint Nicolas", "adm2_name2": null, "adm2_name3": null, "adm2_pcode": "HT0931", "adm1_name": "North-West", "adm1_name1": "Nord-Ouest", "adm1_name2": "Nòdwès", "adm1_name3": null, "adm1_pcode": "HT09", "adm0_name": "Haiti", "adm0_name1": null, "adm0_name2": null, "adm0_name3": null, "adm0_pcode": "HT", "valid_on": "2018-11-29", "valid_to": null, "version": "v01", "lang": "en", "lang1": "fr", "lang2": "ht", "lang3": null }, "geometry": { "type": "Point", "coordinates": [ -73.376255555999933, 19.770815855000023 ] } },
{ "type": "Feature", "properties": { "admin_level": 2, "name": "Mombin Crochu", "name1": "Mombin Crochu", "name2": null, "name3": null, "x_coord": -71.90004165000001, "y_coord": 19.33862711, "adm4_name": null, "adm4_name1": null, "adm4_name2": null, "adm4_name3": null, "adm4_pcode": null, "adm3_name": null, "adm3_name1": null, "adm3_name2": null, "adm3_name3": null, "adm3_pcode": null, "adm2_name": "Mombin Crochu", "adm2_name1": "Mombin Crochu", "adm2_name2": null, "adm2_name3": null, "adm2_pcode": "HT0443", "adm1_name": "North-East", "adm1_name1": "Nord-Est", "adm1_name2": "Nòdès", "adm1_name3": null, "adm1_pcode": "HT04", "adm0_name": "Haiti", "adm0_name1": null, "adm0_name2": null, "adm0_name3": null, "adm0_pcode": "HT", "valid_on": "2018-11-29", "valid_to": null, "version": "v01", "lang": "en", "lang1": "fr", "lang2": "ht", "lang3": null }, "geometry": { "type": "Point", "coordinates": [ -71.90004164699991, 19.338627114000133 ] } },
{ "type": "Feature", "properties": { "admin_level": 2, "name": "Mont-Organise", "name1": "Mont-Organisé", "name2": null, "name3": null, "x_coord": -71.77952631, "y_coord": 19.38720501, "adm4_name": null, "adm4_name1": null, "adm4_name2": null, "adm4_name3": null, "adm4_pcode": null, "adm3_name": null, "adm3_name1": null, "adm3_name2": null, "adm3_name3": null, "adm3_pcode": null, "adm2_name": "Mont-Organise", "adm2_name1": "Mont-Organisé", "adm2_name2": null, "adm2_name3": null, "adm2_pcode": "HT0423", "adm1_name": "North-East", "adm1_name1": "Nord-Est", "adm1_name2": "Nòdès", "adm1_name3": null, "adm1_pcode": "HT04", "adm0_name": "Haiti", "adm0_name1": null, "adm0_name2": null, "adm0_name3": null, "adm0_pcode": "HT", "valid_on": "2018-11-29", "valid_to": null, "version": "v01", "lang": "en", "lang1": "fr", "lang2": "ht", "lang3": null }, "geometry": { "type": "Point", "coordinates": [ -71.779526312999963, 19.387205012000095 ] } },
{ "type": "Feature", "properties": { "admin_level": 2, "name": "Moron", "name1": "Moron", "name2": null, "name3": null, "x_coord": -74.27924681, "y_coord": 18.4854336, "adm4_name": null, "adm4_name1": null, "adm4_name2": null, "adm4_name3": null, "adm4_pcode": null, "adm3_name": null, "adm3_name1": null, "adm3_name2": null, "adm3_name3": null, "adm3_pcode": null, "adm2_name": "Moron", "adm2_name1": "Moron", "adm2_name2": null, "adm2_name3": null, "adm2_pcode": "HT0814", "adm1_name": "Grande'Anse", "adm1_name1": "Grande'Anse", "adm1_name2": "Grandans", "adm1_name3": null, "adm1_pcode": "HT08", "adm0_name": "Haiti", "adm0_name1": null, "adm0_name2": null, "adm0_name3": null, "adm0_pcode": "HT", "valid_on": "2018-11-29", "valid_to": null, "version": "v01", "lang": "en", "lang1": "fr", "lang2": "ht", "lang3": null }, "geometry": { "type": "Point", "coordinates": [ -74.279246813999919, 18.485433601000182 ] } },
{ "type": "Feature", "properties": { "admin_level": 2, "name": "Ouanaminthe", "name1": "Ouanaminthe", "name2": null, "name3": null, "x_coord": -71.77125786000001, "y_coord": 19.49729699, "adm4_name": null, "adm4_name1": null, "adm4_name2": null, "adm4_name3": null, "adm4_pcode": null, "adm3_name": null, "adm3_name1": null, "adm3_name2": null, "adm3_name3": null, "adm3_pcode": null, "adm2_name": "Ouanaminthe", "adm2_name1": "Ouanaminthe", "adm2_name2": null, "adm2_name3": null, "adm2_pcode": "HT0421", "adm1_name": "North-East", "adm1_name1": "Nord-Est", "adm1_name2": "Nòdès", "adm1_name3": null, "adm1_pcode": "HT04", "adm0_name": "Haiti", "adm0_name1": null, "adm0_name2": null, "adm0_name3": null, "adm0_pcode": "HT", "valid_on": "2018-11-29", "valid_to": null, "version": "v01", "lang": "en", "lang1": "fr", "lang2": "ht", "lang3": null }, "geometry": { "type": "Point", "coordinates": [ -71.771257856999966, 19.497296986000038 ] } },
{ "type": "Feature", "properties": { "admin_level": 2, "name": "Paillant", "name1": "Paillant", "name2": null, "name3": null, "x_coord": -73.18249949, "y_coord": 18.4166481, "adm4_name": null, "adm4_name1": null, "adm4_name2": null, "adm4_name3": null, "adm4_pcode": null, "adm3_name": null, "adm3_name1": null, "adm3_name2": null, "adm3_name3": null, "adm3_pcode": null, "adm2_name": "Paillant", "adm2_name1": "Paillant", "adm2_name2": null, "adm2_name3": null, "adm2_pcode": "HT1014", "adm1_name": "Nippes", "adm1_name1": "Nippes", "adm1_name2": "Nip", "adm1_name3": null, "adm1_pcode": "HT10", "adm0_name": "Haiti", "adm0_name1": null, "adm0_name2": null, "adm0_name3": null, "adm0_pcode": "HT", "valid_on": "2018-11-29", "valid_to": null, "version": "v01", "lang": "en", "lang1": "fr", "lang2": "ht", "lang3": null }, "geometry": { "type": "Point", "coordinates": [ -73.182499485999926, 18.416648103000114 ] } },
{ "type": "Feature", "properties": { "admin_level": 2, "name": "Perches", "name1": "Perches", "name2": null, "name3": null, "x_coord": -71.93082039, "y_coord": 19.51542223, "adm4_name": null, "adm4_name1": null, "adm4_name2": null, "adm4_name3": null, "adm4_pcode": null, "adm3_name": null, "adm3_name1": null, "adm3_name2": null, "adm3_name3": null, "adm3_pcode": null, "adm2_name": "Perches", "adm2_name1": "Perches", "adm2_name2": null, "adm2_name3": null, "adm2_pcode": "HT0413", "adm1_name": "North-East", "adm1_name1": "Nord-Est", "adm1_name2": "Nòdès", "adm1_name3": null, "adm1_pcode": "HT04", "adm0_name": "Haiti", "adm0_name1": null, "adm0_name2": null, "adm0_name3": null, "adm0_pcode": "HT", "valid_on": "2018-11-29", "valid_to": null, "version": "v01", "lang": "en", "lang1": "fr", "lang2": "ht", "lang3": null }, "geometry": { "type": "Point", "coordinates": [ -71.93082038499989, 19.515422226000112 ] } },
{ "type": "Feature", "properties": { "admin_level": 2, "name": "Pestel", "name1": "Pestel", "name2": null, "name3": null, "x_coord": -73.84497092, "y_coord": 18.46448059, "adm4_name": null, "adm4_name1": null, "adm4_name2": null, "adm4_name3": null, "adm4_pcode": null, "adm3_name": null, "adm3_name1": null, "adm3_name2": null, "adm3_name3": null, "adm3_pcode": null, "adm2_name": "Pestel", "adm2_name1": "Pestel", "adm2_name2": null, "adm2_name3": null, "adm2_pcode": "HT0834", "adm1_name": "Grande'Anse", "adm1_name1": "Grande'Anse", "adm1_name2": "Grandans", "adm1_name3": null, "adm1_pcode": "HT08", "adm0_name": "Haiti", "adm0_name1": null, "adm0_name2": null, "adm0_name3": null, "adm0_pcode": "HT", "valid_on": "2018-11-29", "valid_to": null, "version": "v01", "lang": "en", "lang1": "fr", "lang2": "ht", "lang3": null }, "geometry": { "type": "Point", "coordinates": [ -73.844970917999945, 18.46448059100004 ] } },
{ "type": "Feature", "properties": { "admin_level": 2, "name": "Petion-Ville", "name1": "Pétion-Ville", "name2": null, "name3": null, "x_coord": -72.23955914, "y_coord": 18.48369816, "adm4_name": null, "adm4_name1": null, "adm4_name2": null, "adm4_name3": null, "adm4_pcode": null, "adm3_name": null, "adm3_name1": null, "adm3_name2": null, "adm3_name3": null, "adm3_pcode": null, "adm2_name": "Petion-Ville", "adm2_name1": "Pétion-Ville", "adm2_name2": null, "adm2_name3": null, "adm2_pcode": "HT0114", "adm1_name": "West", "adm1_name1": "Ouest", "adm1_name2": "Lwès", "adm1_name3": null, "adm1_pcode": "HT01", "adm0_name": "Haiti", "adm0_name1": null, "adm0_name2": null, "adm0_name3": null, "adm0_pcode": "HT", "valid_on": "2018-11-29", "valid_to": null, "version": "v01", "lang": "en", "lang1": "fr", "lang2": "ht", "lang3": null }, "geometry": { "type": "Point", "coordinates": [ -72.239559142999894, 18.483698156000173 ] } },
{ "type": "Feature", "properties": { "admin_level": 2, "name": "Petit-Goave", "name1": "Petit-Goâve", "name2": null, "name3": null, "x_coord": -72.92182904000001, "y_coord": 18.36346656, "adm4_name": null, "adm4_name1": null, "adm4_name2": null, "adm4_name3": null, "adm4_pcode": null, "adm3_name": null, "adm3_name1": null, "adm3_name2": null, "adm3_name3": null, "adm3_pcode": null, "adm2_name": "Petit-Goave", "adm2_name1": "Petit-Goâve", "adm2_name2": null, "adm2_name3": null, "adm2_pcode": "HT0122", "adm1_name": "West", "adm1_name1": "Ouest", "adm1_name2": "Lwès", "adm1_name3": null, "adm1_pcode": "HT01", "adm0_name": "Haiti", "adm0_name1": null, "adm0_name2": null, "adm0_name3": null, "adm0_pcode": "HT", "valid_on": "2018-11-29", "valid_to": null, "version": "v01", "lang": "en", "lang1": "fr", "lang2": "ht", "lang3": null }, "geometry": { "type": "Point", "coordinates": [ -72.921829036999952, 18.363466558000141 ] } },
{ "type": "Feature", "properties": { "admin_level": 2, "name": "Petit Trou de Nippes", "name1": "Petit Trou de Nippes", "name2": null, "name3": null, "x_coord": -73.47424397, "y_coord": 18.45344974, "adm4_name": null, "adm4_name1": null, "adm4_name2": null, "adm4_name3": null, "adm4_pcode": null, "adm3_name": null, "adm3_name1": null, "adm3_name2": null, "adm3_name3": null, "adm3_pcode": null, "adm2_name": "Petit Trou de Nippes", "adm2_name1": "Petit Trou de Nippes", "adm2_name2": null, "adm2_name3": null, "adm2_pcode": "HT1022", "adm1_name": "Nippes", "adm1_name1": "Nippes", "adm1_name2": "Nip", "adm1_name3": null, "adm1_pcode": "HT10", "adm0_name": "Haiti", "adm0_name1": null, "adm0_name2": null, "adm0_name3": null, "adm0_pcode": "HT", "valid_on": "2018-11-29", "valid_to": null, "version": "v01", "lang": "en", "lang1": "fr", "lang2": "ht", "lang3": null }, "geometry": { "type": "Point", "coordinates": [ -73.474243969999975, 18.453449736000152 ] } },
{ "type": "Feature", "properties": { "admin_level": 2, "name": "Petite Riviere de l'Artibonite", "name1": "Petite Rivière de l'Artibonite", "name2": null, "name3": null, "x_coord": -72.33970373, "y_coord": 19.06954528, "adm4_name": null, "adm4_name1": null, "adm4_name2": null, "adm4_name3": null, "adm4_pcode": null, "adm3_name": null, "adm3_name1": null, "adm3_name2": null, "adm3_name3": null, "adm3_pcode": null, "adm2_name": "Petite Riviere de l'Artibonite", "adm2_name1": "Petite Rivière de l'Artibonite", "adm2_name2": null, "adm2_name3": null, "adm2_pcode": "HT0542", "adm1_name": "Artibonite", "adm1_name1": "Artibonite", "adm1_name2": "Latibonit", "adm1_name3": null, "adm1_pcode": "HT05", "adm0_name": "Haiti", "adm0_name1": null, "adm0_name2": null, "adm0_name3": null, "adm0_pcode": "HT", "valid_on": "2018-11-29", "valid_to": null, "version": "v01", "lang": "en", "lang1": "fr", "lang2": "ht", "lang3": null }, "geometry": { "type": "Point", "coordinates": [ -72.339703726999971, 19.069545284000185 ] } },
{ "type": "Feature", "properties": { "admin_level": 2, "name": "Petite Riviere de Nippes", "name1": "Petite Rivière de Nippes", "name2": null, "name3": null, "x_coord": -73.19155063, "y_coord": 18.44910218, "adm4_name": null, "adm4_name1": null, "adm4_name2": null, "adm4_name3": null, "adm4_pcode": null, "adm3_name": null, "adm3_name1": null, "adm3_name2": null, "adm3_name3": null, "adm3_pcode": null, "adm2_name": "Petite Riviere de Nippes", "adm2_name1": "Petite Rivière de Nippes", "adm2_name2": null, "adm2_name3": null, "adm2_pcode": "HT1012", "adm1_name": "Nippes", "adm1_name1": "Nippes", "adm1_name2": "Nip", "adm1_name3": null, "adm1_pcode": "HT10", "adm0_name": "Haiti", "adm0_name1": null, "adm0_name2": null, "adm0_name3": null, "adm0_pcode": "HT", "valid_on": "2018-11-29", "valid_to": null, "version": "v01", "lang": "en", "lang1": "fr", "lang2": "ht", "lang3": null }, "geometry": { "type": "Point", "coordinates": [ -73.191550628999835, 18.449102182000104 ] } },
{ "type": "Feature", "properties": { "admin_level": 2, "name": "Pignon", "name1": "Pignon", "name2": null, "name3": null, "x_coord": -72.08606597000001, "y_coord": 19.32980004, "adm4_name": null, "adm4_name1": null, "adm4_name2": null, "adm4_name3": null, "adm4_pcode": null, "adm3_name": null, "adm3_name1": null, "adm3_name2": null, "adm3_name3": null, "adm3_pcode": null, "adm2_name": "Pignon", "adm2_name1": "Pignon", "adm2_name2": null, "adm2_name3": null, "adm2_pcode": "HT0344", "adm1_name": "North", "adm1_name1": "Nord", "adm1_name2": "Nò", "adm1_name3": null, "adm1_pcode": "HT03", "adm0_name": "Haiti", "adm0_name1": null, "adm0_name2": null, "adm0_name3": null, "adm0_pcode": "HT", "valid_on": "2018-11-29", "valid_to": null, "version": "v01", "lang": "en", "lang1": "fr", "lang2": "ht", "lang3": null }, "geometry": { "type": "Point", "coordinates": [ -72.086065968999947, 19.329800039000133 ] } },
{ "type": "Feature", "properties": { "admin_level": 2, "name": "Pilate", "name1": "Pilate", "name2": null, "name3": null, "x_coord": -72.54221007, "y_coord": 19.68747106, "adm4_name": null, "adm4_name1": null, "adm4_name2": null, "adm4_name3": null, "adm4_pcode": null, "adm3_name": null, "adm3_name1": null, "adm3_name2": null, "adm3_name3": null, "adm3_pcode": null, "adm2_name": "Pilate", "adm2_name1": "Pilate", "adm2_name2": null, "adm2_name3": null, "adm2_pcode": "HT0372", "adm1_name": "North", "adm1_name1": "Nord", "adm1_name2": "Nò", "adm1_name3": null, "adm1_pcode": "HT03", "adm0_name": "Haiti", "adm0_name1": null, "adm0_name2": null, "adm0_name3": null, "adm0_pcode": "HT", "valid_on": "2018-11-29", "valid_to": null, "version": "v01", "lang": "en", "lang1": "fr", "lang2": "ht", "lang3": null }, "geometry": { "type": "Point", "coordinates": [ -72.542210070999943, 19.687471057000039 ] } },
{ "type": "Feature", "properties": { "admin_level": 2, "name": "Plaine du Nord", "name1": "Plaine du Nord", "name2": null, "name3": null, "x_coord": -72.25970694, "y_coord": 19.6705723, "adm4_name": null, "adm4_name1": null, "adm4_name2": null, "adm4_name3": null, "adm4_pcode": null, "adm3_name": null, "adm3_name1": null, "adm3_name2": null, "adm3_name3": null, "adm3_pcode": null, "adm2_name": "Plaine du Nord", "adm2_name1": "Plaine du Nord", "adm2_name2": null, "adm2_name3": null, "adm2_pcode": "HT0322", "adm1_name": "North", "adm1_name1": "Nord", "adm1_name2": "Nò", "adm1_name3": null, "adm1_pcode": "HT03", "adm0_name": "Haiti", "adm0_name1": null, "adm0_name2": null, "adm0_name3": null, "adm0_pcode": "HT", "valid_on": "2018-11-29", "valid_to": null, "version": "v01", "lang": "en", "lang1": "fr", "lang2": "ht", "lang3": null }, "geometry": { "type": "Point", "coordinates": [ -72.25970694199998, 19.670572302000096 ] } },
{ "type": "Feature", "properties": { "admin_level": 2, "name": "Plaisance", "name1": "Plaisance", "name2": null, "name3": null, "x_coord": -72.4940039, "y_coord": 19.59956915, "adm4_name": null, "adm4_name1": null, "adm4_name2": null, "adm4_name3": null, "adm4_pcode": null, "adm3_name": null, "adm3_name1": null, "adm3_name2": null, "adm3_name3": null, "adm3_pcode": null, "adm2_name": "Plaisance", "adm2_name1": "Plaisance", "adm2_name2": null, "adm2_name3": null, "adm2_pcode": "HT0371", "adm1_name": "North", "adm1_name1": "Nord", "adm1_name2": "Nò", "adm1_name3": null, "adm1_pcode": "HT03", "adm0_name": "Haiti", "adm0_name1": null, "adm0_name2": null, "adm0_name3": null, "adm0_pcode": "HT", "valid_on": "2018-11-29", "valid_to": null, "version": "v01", "lang": "en", "lang1": "fr", "lang2": "ht", "lang3": null }, "geometry": { "type": "Point", "coordinates": [ -72.494003900999985, 19.599569149000104 ] } },
{ "type": "Feature", "properties": { "admin_level": 2, "name": "Plaisance du Sud", "name1": "Plaisance du Sud", "name2": null, "name3": null, "x_coord": -73.55816113, "y_coord": 18.42531534, "adm4_name": null, "adm4_name1": null, "adm4_name2": null, "adm4_name3": null, "adm4_pcode": null, "adm3_name": null, "adm3_name1": null, "adm3_name2": null, "adm3_name3": null, "adm3_pcode": null, "adm2_name": "Plaisance du Sud", "adm2_name1": "Plaisance du Sud", "adm2_name2": null, "adm2_name3": null, "adm2_pcode": "HT1025", "adm1_name": "Nippes", "adm1_name1": "Nippes", "adm1_name2": "Nip", "adm1_name3": null, "adm1_pcode": "HT10", "adm0_name": "Haiti", "adm0_name1": null, "adm0_name2": null, "adm0_name3": null, "adm0_pcode": "HT", "valid_on": "2018-11-29", "valid_to": null, "version": "v01", "lang": "en", "lang1": "fr", "lang2": "ht", "lang3": null }, "geometry": { "type": "Point", "coordinates": [ -73.558161130999963, 18.425315342000033 ] } },
{ "type": "Feature", "properties": { "admin_level": 2, "name": "Pointe a Raquette", "name1": "Pointe à Raquette", "name2": null, "name3": null, "x_coord": -73.1814424, "y_coord": 18.85687767, "adm4_name": null, "adm4_name1": null, "adm4_name2": null, "adm4_name3": null, "adm4_pcode": null, "adm3_name": null, "adm3_name1": null, "adm3_name2": null, "adm3_name3": null, "adm3_pcode": null, "adm2_name": "Pointe a Raquette", "adm2_name1": "Pointe à Raquette", "adm2_name2": null, "adm2_name3": null, "adm2_pcode": "HT0152", "adm1_name": "West", "adm1_name1": "Ouest", "adm1_name2": "Lwès", "adm1_name3": null, "adm1_pcode": "HT01", "adm0_name": "Haiti", "adm0_name1": null, "adm0_name2": null, "adm0_name3": null, "adm0_pcode": "HT", "valid_on": "2018-11-29", "valid_to": null, "version": "v01", "lang": "en", "lang1": "fr", "lang2": "ht", "lang3": null }, "geometry": { "type": "Point", "coordinates": [ -73.18144240099997, 18.856877669000141 ] } },
{ "type": "Feature", "properties": { "admin_level": 2, "name": "Port-a-Piment", "name1": "Port-à-Piment", "name2": null, "name3": null, "x_coord": -74.07182908, "y_coord": 18.28202166, "adm4_name": null, "adm4_name1": null, "adm4_name2": null, "adm4_name3": null, "adm4_pcode": null, "adm3_name": null, "adm3_name1": null, "adm3_name2": null, "adm3_name3": null, "adm3_pcode": null, "adm2_name": "Port-a-Piment", "adm2_name1": "Port-à-Piment", "adm2_name2": null, "adm2_name3": null, "adm2_pcode": "HT0742", "adm1_name": "South", "adm1_name1": "Sud", "adm1_name2": "Sid", "adm1_name3": null, "adm1_pcode": "HT07", "adm0_name": "Haiti", "adm0_name1": null, "adm0_name2": null, "adm0_name3": null, "adm0_pcode": "HT", "valid_on": "2018-11-29", "valid_to": null, "version": "v01", "lang": "en", "lang1": "fr", "lang2": "ht", "lang3": null }, "geometry": { "type": "Point", "coordinates": [ -74.071829077999951, 18.282021663000023 ] } },
{ "type": "Feature", "properties": { "admin_level": 2, "name": "Port-au-Prince", "name1": "Port-au-Prince", "name2": null, "name3": null, "x_coord": -72.33330629, "y_coord": 18.53111373, "adm4_name": null, "adm4_name1": null, "adm4_name2": null, "adm4_name3": null, "adm4_pcode": null, "adm3_name": null, "adm3_name1": null, "adm3_name2": null, "adm3_name3": null, "adm3_pcode": null, "adm2_name": "Port-au-Prince", "adm2_name1": "Port-au-Prince", "adm2_name2": null, "adm2_name3": null, "adm2_pcode": "HT0111", "adm1_name": "West", "adm1_name1": "Ouest", "adm1_name2": "Lwès", "adm1_name3": null, "adm1_pcode": "HT01", "adm0_name": "Haiti", "adm0_name1": null, "adm0_name2": null, "adm0_name3": null, "adm0_pcode": "HT", "valid_on": "2018-11-29", "valid_to": null, "version": "v01", "lang": "en", "lang1": "fr", "lang2": "ht", "lang3": null }, "geometry": { "type": "Point", "coordinates": [ -72.333306289999939, 18.531113730000129 ] } },
{ "type": "Feature", "properties": { "admin_level": 2, "name": "Port-de-Paix", "name1": "Port-de-Paix", "name2": null, "name3": null, "x_coord": -72.95032608, "y_coord": 19.83734233, "adm4_name": null, "adm4_name1": null, "adm4_name2": null, "adm4_name3": null, "adm4_pcode": null, "adm3_name": null, "adm3_name1": null, "adm3_name2": null, "adm3_name3": null, "adm3_pcode": null, "adm2_name": "Port-de-Paix", "adm2_name1": "Port-de-Paix", "adm2_name2": null, "adm2_name3": null, "adm2_pcode": "HT0911", "adm1_name": "North-West", "adm1_name1": "Nord-Ouest", "adm1_name2": "Nòdwès", "adm1_name3": null, "adm1_pcode": "HT09", "adm0_name": "Haiti", "adm0_name1": null, "adm0_name2": null, "adm0_name3": null, "adm0_pcode": "HT", "valid_on": "2018-11-29", "valid_to": null, "version": "v01", "lang": "en", "lang1": "fr", "lang2": "ht", "lang3": null }, "geometry": { "type": "Point", "coordinates": [ -72.950326083999983, 19.837342329000023 ] } },
{ "type": "Feature", "properties": { "admin_level": 2, "name": "Port-Margot", "name1": "Port-Margot", "name2": null, "name3": null, "x_coord": -72.46902471, "y_coord": 19.74866653, "adm4_name": null, "adm4_name1": null, "adm4_name2": null, "adm4_name3": null, "adm4_pcode": null, "adm3_name": null, "adm3_name1": null, "adm3_name2": null, "adm3_name3": null, "adm3_pcode": null, "adm2_name": "Port-Margot", "adm2_name1": "Port-Margot", "adm2_name2": null, "adm2_name3": null, "adm2_pcode": "HT0352", "adm1_name": "North", "adm1_name1": "Nord", "adm1_name2": "Nò", "adm1_name3": null, "adm1_pcode": "HT03", "adm0_name": "Haiti", "adm0_name1": null, "adm0_name2": null, "adm0_name3": null, "adm0_pcode": "HT", "valid_on": "2018-11-29", "valid_to": null, "version": "v01", "lang": "en", "lang1": "fr", "lang2": "ht", "lang3": null }, "geometry": { "type": "Point", "coordinates": [ -72.469024710999975, 19.748666529000047 ] } },
{ "type": "Feature", "properties": { "admin_level": 2, "name": "Port-Salut", "name1": "Port-Salut", "name2": null, "name3": null, "x_coord": -73.8982639, "y_coord": 18.08880022, "adm4_name": null, "adm4_name1": null, "adm4_name2": null, "adm4_name3": null, "adm4_pcode": null, "adm3_name": null, "adm3_name1": null, "adm3_name2": null, "adm3_name3": null, "adm3_pcode": null, "adm2_name": "Port-Salut", "adm2_name1": "Port-Salut", "adm2_name2": null, "adm2_name3": null, "adm2_pcode": "HT0721", "adm1_name": "South", "adm1_name1": "Sud", "adm1_name2": "Sid", "adm1_name3": null, "adm1_pcode": "HT07", "adm0_name": "Haiti", "adm0_name1": null, "adm0_name2": null, "adm0_name3": null, "adm0_pcode": "HT", "valid_on": "2018-11-29", "valid_to": null, "version": "v01", "lang": "en", "lang1": "fr", "lang2": "ht", "lang3": null }, "geometry": { "type": "Point", "coordinates": [ -73.898263903999975, 18.088800222000145 ] } },
{ "type": "Feature", "properties": { "admin_level": 2, "name": "Quartier Morin", "name1": "Quartier Morin", "name2": null, "name3": null, "x_coord": -72.16564367, "y_coord": 19.67689999, "adm4_name": null, "adm4_name1": null, "adm4_name2": null, "adm4_name3": null, "adm4_pcode": null, "adm3_name": null, "adm3_name1": null, "adm3_name2": null, "adm3_name3": null, "adm3_pcode": null, "adm2_name": "Quartier Morin", "adm2_name1": "Quartier Morin", "adm2_name2": null, "adm2_name3": null, "adm2_pcode": "HT0312", "adm1_name": "North", "adm1_name1": "Nord", "adm1_name2": "Nò", "adm1_name3": null, "adm1_pcode": "HT03", "adm0_name": "Haiti", "adm0_name1": null, "adm0_name2": null, "adm0_name3": null, "adm0_pcode": "HT", "valid_on": "2018-11-29", "valid_to": null, "version": "v01", "lang": "en", "lang1": "fr", "lang2": "ht", "lang3": null }, "geometry": { "type": "Point", "coordinates": [ -72.165643671999987, 19.676899992000131 ] } },
{ "type": "Feature", "properties": { "admin_level": 2, "name": "Ranquitte", "name1": "Ranquitte", "name2": null, "name3": null, "x_coord": -72.06077595, "y_coord": 19.40352894, "adm4_name": null, "adm4_name1": null, "adm4_name2": null, "adm4_name3": null, "adm4_pcode": null, "adm3_name": null, "adm3_name1": null, "adm3_name2": null, "adm3_name3": null, "adm3_pcode": null, "adm2_name": "Ranquitte", "adm2_name1": "Ranquitte", "adm2_name2": null, "adm2_name3": null, "adm2_pcode": "HT0343", "adm1_name": "North", "adm1_name1": "Nord", "adm1_name2": "Nò", "adm1_name3": null, "adm1_pcode": "HT03", "adm0_name": "Haiti", "adm0_name1": null, "adm0_name2": null, "adm0_name3": null, "adm0_pcode": "HT", "valid_on": "2018-11-29", "valid_to": null, "version": "v01", "lang": "en", "lang1": "fr", "lang2": "ht", "lang3": null }, "geometry": { "type": "Point", "coordinates": [ -72.0607759479999, 19.403528935000111 ] } },
{ "type": "Feature", "properties": { "admin_level": 2, "name": "Roche a Bateau", "name1": "Roche à Bâteau", "name2": null, "name3": null, "x_coord": -73.96983428, "y_coord": 18.19797782, "adm4_name": null, "adm4_name1": null, "adm4_name2": null, "adm4_name3": null, "adm4_pcode": null, "adm3_name": null, "adm3_name1": null, "adm3_name2": null, "adm3_name3": null, "adm3_pcode": null, "adm2_name": "Roche a Bateau", "adm2_name1": "Roche à Bâteau", "adm2_name2": null, "adm2_name3": null, "adm2_pcode": "HT0743", "adm1_name": "South", "adm1_name1": "Sud", "adm1_name2": "Sid", "adm1_name3": null, "adm1_pcode": "HT07", "adm0_name": "Haiti", "adm0_name1": null, "adm0_name2": null, "adm0_name3": null, "adm0_pcode": "HT", "valid_on": "2018-11-29", "valid_to": null, "version": "v01", "lang": "en", "lang1": "fr", "lang2": "ht", "lang3": null }, "geometry": { "type": "Point", "coordinates": [ -73.969834280999976, 18.19797781900013 ] } },
{ "type": "Feature", "properties": { "admin_level": 2, "name": "Roseaux", "name1": "Roseaux", "name2": null, "name3": null, "x_coord": -74.0640791, "y_coord": 18.50170441, "adm4_name": null, "adm4_name1": null, "adm4_name2": null, "adm4_name3": null, "adm4_pcode": null, "adm3_name": null, "adm3_name1": null, "adm3_name2": null, "adm3_name3": null, "adm3_pcode": null, "adm2_name": "Roseaux", "adm2_name1": "Roseaux", "adm2_name2": null, "adm2_name3": null, "adm2_pcode": "HT0832", "adm1_name": "Grande'Anse", "adm1_name1": "Grande'Anse", "adm1_name2": "Grandans", "adm1_name3": null, "adm1_pcode": "HT08", "adm0_name": "Haiti", "adm0_name1": null, "adm0_name2": null, "adm0_name3": null, "adm0_pcode": "HT", "valid_on": "2018-11-29", "valid_to": null, "version": "v01", "lang": "en", "lang1": "fr", "lang2": "ht", "lang3": null }, "geometry": { "type": "Point", "coordinates": [ -74.064079103999973, 18.501704408000023 ] } },
{ "type": "Feature", "properties": { "admin_level": 2, "name": "Saint-Louis du Nord", "name1": "Saint-Louis du Nord", "name2": null, "name3": null, "x_coord": -72.70461915, "y_coord": 19.87624801, "adm4_name": null, "adm4_name1": null, "adm4_name2": null, "adm4_name3": null, "adm4_pcode": null, "adm3_name": null, "adm3_name1": null, "adm3_name2": null, "adm3_name3": null, "adm3_pcode": null, "adm2_name": "Saint-Louis du Nord", "adm2_name1": "Saint-Louis du Nord", "adm2_name2": null, "adm2_name3": null, "adm2_pcode": "HT0921", "adm1_name": "North-West", "adm1_name1": "Nord-Ouest", "adm1_name2": "Nòdwès", "adm1_name3": null, "adm1_pcode": "HT09", "adm0_name": "Haiti", "adm0_name1": null, "adm0_name2": null, "adm0_name3": null, "adm0_pcode": "HT", "valid_on": "2018-11-29", "valid_to": null, "version": "v01", "lang": "en", "lang1": "fr", "lang2": "ht", "lang3": null }, "geometry": { "type": "Point", "coordinates": [ -72.704619147999949, 19.876248006000083 ] } },
{ "type": "Feature", "properties": { "admin_level": 2, "name": "Saint-Marc", "name1": "Saint-Marc", "name2": null, "name3": null, "x_coord": -72.62949263, "y_coord": 19.10196454, "adm4_name": null, "adm4_name1": null, "adm4_name2": null, "adm4_name3": null, "adm4_pcode": null, "adm3_name": null, "adm3_name1": null, "adm3_name2": null, "adm3_name3": null, "adm3_pcode": null, "adm2_name": "Saint-Marc", "adm2_name1": "Saint-Marc", "adm2_name2": null, "adm2_name3": null, "adm2_pcode": "HT0531", "adm1_name": "Artibonite", "adm1_name1": "Artibonite", "adm1_name2": "Latibonit", "adm1_name3": null, "adm1_pcode": "HT05", "adm0_name": "Haiti", "adm0_name1": null, "adm0_name2": null, "adm0_name3": null, "adm0_pcode": "HT", "valid_on": "2018-11-29", "valid_to": null, "version": "v01", "lang": "en", "lang1": "fr", "lang2": "ht", "lang3": null }, "geometry": { "type": "Point", "coordinates": [ -72.62949262799998, 19.101964540000097 ] } },
{ "type": "Feature", "properties": { "admin_level": 2, "name": "Saint-Michel de l'Attalaye", "name1": "Saint-Michel de l'Attalaye", "name2": null, "name3": null, "x_coord": -72.36176645, "y_coord": 19.347665, "adm4_name": null, "adm4_name1": null, "adm4_name2": null, "adm4_name3": null, "adm4_pcode": null, "adm3_name": null, "adm3_name1": null, "adm3_name2": null, "adm3_name3": null, "adm3_pcode": null, "adm2_name": "Saint-Michel de l'Attalaye", "adm2_name1": "Saint-Michel de l'Attalaye", "adm2_name2": null, "adm2_name3": null, "adm2_pcode": "HT0551", "adm1_name": "Artibonite", "adm1_name1": "Artibonite", "adm1_name2": "Latibonit", "adm1_name3": null, "adm1_pcode": "HT05", "adm0_name": "Haiti", "adm0_name1": null, "adm0_name2": null, "adm0_name3": null, "adm0_pcode": "HT", "valid_on": "2018-11-29", "valid_to": null, "version": "v01", "lang": "en", "lang1": "fr", "lang2": "ht", "lang3": null }, "geometry": { "type": "Point", "coordinates": [ -72.361766447999912, 19.347665002000099 ] } },
{ "type": "Feature", "properties": { "admin_level": 2, "name": "Saint-Raphael", "name1": "Saint-Raphaël", "name2": null, "name3": null, "x_coord": -72.18156433, "y_coord": 19.39622276, "adm4_name": null, "adm4_name1": null, "adm4_name2": null, "adm4_name3": null, "adm4_pcode": null, "adm3_name": null, "adm3_name1": null, "adm3_name2": null, "adm3_name3": null, "adm3_pcode": null, "adm2_name": "Saint-Raphael", "adm2_name1": "Saint-Raphaël", "adm2_name2": null, "adm2_name3": null, "adm2_pcode": "HT0341", "adm1_name": "North", "adm1_name1": "Nord", "adm1_name2": "Nò", "adm1_name3": null, "adm1_pcode": "HT03", "adm0_name": "Haiti", "adm0_name1": null, "adm0_name2": null, "adm0_name3": null, "adm0_pcode": "HT", "valid_on": "2018-11-29", "valid_to": null, "version": "v01", "lang": "en", "lang1": "fr", "lang2": "ht", "lang3": null }, "geometry": { "type": "Point", "coordinates": [ -72.181564325999943, 19.396222758000022 ] } },
{ "type": "Feature", "properties": { "admin_level": 2, "name": "Saint Jean du Sud", "name1": "Saint Jean du Sud", "name2": null, "name3": null, "x_coord": -73.8448929, "y_coord": 18.07184958, "adm4_name": null, "adm4_name1": null, "adm4_name2": null, "adm4_name3": null, "adm4_pcode": null, "adm3_name": null, "adm3_name1": null, "adm3_name2": null, "adm3_name3": null, "adm3_pcode": null, "adm2_name": "Saint Jean du Sud", "adm2_name1": "Saint Jean du Sud", "adm2_name2": null, "adm2_name3": null, "adm2_pcode": "HT0722", "adm1_name": "South", "adm1_name1": "Sud", "adm1_name2": "Sid", "adm1_name3": null, "adm1_pcode": "HT07", "adm0_name": "Haiti", "adm0_name1": null, "adm0_name2": null, "adm0_name3": null, "adm0_pcode": "HT", "valid_on": "2018-11-29", "valid_to": null, "version": "v01", "lang": "en", "lang1": "fr", "lang2": "ht", "lang3": null }, "geometry": { "type": "Point", "coordinates": [ -73.844892895999976, 18.071849576999966 ] } },
{ "type": "Feature", "properties": { "admin_level": 2, "name": "Saint Louis du Sud", "name1": "Saint Louis du Sud", "name2": null, "name3": null, "x_coord": -73.52399458, "y_coord": 18.27704475, "adm4_name": null, "adm4_name1": null, "adm4_name2": null, "adm4_name3": null, "adm4_pcode": null, "adm3_name": null, "adm3_name1": null, "adm3_name2": null, "adm3_name3": null, "adm3_pcode": null, "adm2_name": "Saint Louis du Sud", "adm2_name1": "Saint Louis du Sud", "adm2_name2": null, "adm2_name3": null, "adm2_pcode": "HT0732", "adm1_name": "South", "adm1_name1": "Sud", "adm1_name2": "Sid", "adm1_name3": null, "adm1_pcode": "HT07", "adm0_name": "Haiti", "adm0_name1": null, "adm0_name2": null, "adm0_name3": null, "adm0_pcode": "HT", "valid_on": "2018-11-29", "valid_to": null, "version": "v01", "lang": "en", "lang1": "fr", "lang2": "ht", "lang3": null }, "geometry": { "type": "Point", "coordinates": [ -73.523994581999943, 18.277044752000108 ] } },
{ "type": "Feature", "properties": { "admin_level": 2, "name": "Sainte Suzanne", "name1": "Sainte Suzanne", "name2": null, "name3": null, "x_coord": -72.06145747, "y_coord": 19.53282065, "adm4_name": null, "adm4_name1": null, "adm4_name2": null, "adm4_name3": null, "adm4_pcode": null, "adm3_name": null, "adm3_name1": null, "adm3_name2": null, "adm3_name3": null, "adm3_pcode": null, "adm2_name": "Sainte Suzanne", "adm2_name1": "Sainte Suzanne", "adm2_name2": null, "adm2_name3": null, "adm2_pcode": "HT0432", "adm1_name": "North-East", "adm1_name1": "Nord-Est", "adm1_name2": "Nòdès", "adm1_name3": null, "adm1_pcode": "HT04", "adm0_name": "Haiti", "adm0_name1": null, "adm0_name2": null, "adm0_name3": null, "adm0_pcode": "HT", "valid_on": "2018-11-29", "valid_to": null, "version": "v01", "lang": "en", "lang1": "fr", "lang2": "ht", "lang3": null }, "geometry": { "type": "Point", "coordinates": [ -72.061457467999901, 19.532820647 ] } },
{ "type": "Feature", "properties": { "admin_level": 2, "name": "Saut d'Eau", "name1": "Saut d'Eau", "name2": null, "name3": null, "x_coord": -72.24184639000001, "y_coord": 18.8259004, "adm4_name": null, "adm4_name1": null, "adm4_name2": null, "adm4_name3": null, "adm4_pcode": null, "adm3_name": null, "adm3_name1": null, "adm3_name2": null, "adm3_name3": null, "adm3_pcode": null, "adm2_name": "Saut d'Eau", "adm2_name1": "Saut d'Eau", "adm2_name2": null, "adm2_name3": null, "adm2_pcode": "HT0622", "adm1_name": "Centre", "adm1_name1": "Centre", "adm1_name2": "Sant", "adm1_name3": null, "adm1_pcode": "HT06", "adm0_name": "Haiti", "adm0_name1": null, "adm0_name2": null, "adm0_name3": null, "adm0_pcode": "HT", "valid_on": "2018-11-29", "valid_to": null, "version": "v01", "lang": "en", "lang1": "fr", "lang2": "ht", "lang3": null }, "geometry": { "type": "Point", "coordinates": [ -72.241846393999879, 18.825900398000044 ] } },
{ "type": "Feature", "properties": { "admin_level": 2, "name": "Savanette", "name1": "Savanette", "name2": null, "name3": null, "x_coord": -71.84831986, "y_coord": 18.74214079, "adm4_name": null, "adm4_name1": null, "adm4_name2": null, "adm4_name3": null, "adm4_pcode": null, "adm3_name": null, "adm3_name1": null, "adm3_name2": null, "adm3_name3": null, "adm3_pcode": null, "adm2_name": "Savanette", "adm2_name1": "Savanette", "adm2_name2": null, "adm2_name3": null, "adm2_pcode": "HT0633", "adm1_name": "Centre", "adm1_name1": "Centre", "adm1_name2": "Sant", "adm1_name3": null, "adm1_pcode": "HT06", "adm0_name": "Haiti", "adm0_name1": null, "adm0_name2": null, "adm0_name3": null, "adm0_pcode": "HT", "valid_on": "2018-11-29", "valid_to": null, "version": "v01", "lang": "en", "lang1": "fr", "lang2": "ht", "lang3": null }, "geometry": { "type": "Point", "coordinates": [ -71.848319857999968, 18.742140792000043 ] } },
{ "type": "Feature", "properties": { "admin_level": 2, "name": "Tabarre", "name1": "Tabarre", "name2": null, "name3": null, "x_coord": -72.26937445, "y_coord": 18.57298302, "adm4_name": null, "adm4_name1": null, "adm4_name2": null, "adm4_name3": null, "adm4_pcode": null, "adm3_name": null, "adm3_name1": null, "adm3_name2": null, "adm3_name3": null, "adm3_pcode": null, "adm2_name": "Tabarre", "adm2_name1": "Tabarre", "adm2_name2": null, "adm2_name3": null, "adm2_pcode": "HT0118", "adm1_name": "West", "adm1_name1": "Ouest", "adm1_name2": "Lwès", "adm1_name3": null, "adm1_pcode": "HT01", "adm0_name": "Haiti", "adm0_name1": null, "adm0_name2": null, "adm0_name3": null, "adm0_pcode": "HT", "valid_on": "2018-11-29", "valid_to": null, "version": "v01", "lang": "en", "lang1": "fr", "lang2": "ht", "lang3": null }, "geometry": { "type": "Point", "coordinates": [ -72.269374446999905, 18.572983019000048 ] } },
{ "type": "Feature", "properties": { "admin_level": 2, "name": "Terre Neuve", "name1": "Terre Neuve", "name2": null, "name3": null, "x_coord": -72.80181035, "y_coord": 19.62283225, "adm4_name": null, "adm4_name1": null, "adm4_name2": null, "adm4_name3": null, "adm4_pcode": null, "adm3_name": null, "adm3_name1": null, "adm3_name2": null, "adm3_name3": null, "adm3_pcode": null, "adm2_name": "Terre Neuve", "adm2_name1": "Terre Neuve", "adm2_name2": null, "adm2_name3": null, "adm2_pcode": "HT0522", "adm1_name": "Artibonite", "adm1_name1": "Artibonite", "adm1_name2": "Latibonit", "adm1_name3": null, "adm1_pcode": "HT05", "adm0_name": "Haiti", "adm0_name1": null, "adm0_name2": null, "adm0_name3": null, "adm0_pcode": "HT", "valid_on": "2018-11-29", "valid_to": null, "version": "v01", "lang": "en", "lang1": "fr", "lang2": "ht", "lang3": null }, "geometry": { "type": "Point", "coordinates": [ -72.80181035499993, 19.622832252000137 ] } },
{ "type": "Feature", "properties": { "admin_level": 2, "name": "Terrier Rouge", "name1": "Terrier Rouge", "name2": null, "name3": null, "x_coord": -71.94405993, "y_coord": 19.62766325, "adm4_name": null, "adm4_name1": null, "adm4_name2": null, "adm4_name3": null, "adm4_pcode": null, "adm3_name": null, "adm3_name1": null, "adm3_name2": null, "adm3_name3": null, "adm3_pcode": null, "adm2_name": "Terrier Rouge", "adm2_name1": "Terrier Rouge", "adm2_name2": null, "adm2_name3": null, "adm2_pcode": "HT0433", "adm1_name": "North-East", "adm1_name1": "Nord-Est", "adm1_name2": "Nòdès", "adm1_name3": null, "adm1_pcode": "HT04", "adm0_name": "Haiti", "adm0_name1": null, "adm0_name2": null, "adm0_name3": null, "adm0_pcode": "HT", "valid_on": "2018-11-29", "valid_to": null, "version": "v01", "lang": "en", "lang1": "fr", "lang2": "ht", "lang3": null }, "geometry": { "type": "Point", "coordinates": [ -71.944059925999966, 19.627663249000079 ] } },
{ "type": "Feature", "properties": { "admin_level": 2, "name": "Thiotte", "name1": "Thiotte", "name2": null, "name3": null, "x_coord": -71.87067683, "y_coord": 18.20703755, "adm4_name": null, "adm4_name1": null, "adm4_name2": null, "adm4_name3": null, "adm4_pcode": null, "adm3_name": null, "adm3_name1": null, "adm3_name2": null, "adm3_name3": null, "adm3_pcode": null, "adm2_name": "Thiotte", "adm2_name1": "Thiotte", "adm2_name2": null, "adm2_name3": null, "adm2_pcode": "HT0233", "adm1_name": "South-East", "adm1_name1": "Sud-Est", "adm1_name2": "Sidès", "adm1_name3": null, "adm1_pcode": "HT02", "adm0_name": "Haiti", "adm0_name1": null, "adm0_name2": null, "adm0_name3": null, "adm0_pcode": "HT", "valid_on": "2018-11-29", "valid_to": null, "version": "v01", "lang": "en", "lang1": "fr", "lang2": "ht", "lang3": null }, "geometry": { "type": "Point", "coordinates": [ -71.870676830999969, 18.20703754900012 ] } },
{ "type": "Feature", "properties": { "admin_level": 2, "name": "Thomassique", "name1": "Thomassique", "name2": null, "name3": null, "x_coord": -71.82704906, "y_coord": 19.08331109, "adm4_name": null, "adm4_name1": null, "adm4_name2": null, "adm4_name3": null, "adm4_pcode": null, "adm3_name": null, "adm3_name1": null, "adm3_name2": null, "adm3_name3": null, "adm3_pcode": null, "adm2_name": "Thomassique", "adm2_name1": "Thomassique", "adm2_name2": null, "adm2_name3": null, "adm2_pcode": "HT0642", "adm1_name": "Centre", "adm1_name1": "Centre", "adm1_name2": "Sant", "adm1_name3": null, "adm1_pcode": "HT06", "adm0_name": "Haiti", "adm0_name1": null, "adm0_name2": null, "adm0_name3": null, "adm0_pcode": "HT", "valid_on": "2018-11-29", "valid_to": null, "version": "v01", "lang": "en", "lang1": "fr", "lang2": "ht", "lang3": null }, "geometry": { "type": "Point", "coordinates": [ -71.827049061999958, 19.08331108800013 ] } },
{ "type": "Feature", "properties": { "admin_level": 2, "name": "Thomazeau", "name1": "Thomazeau", "name2": null, "name3": null, "x_coord": -72.14727718, "y_coord": 18.66801145, "adm4_name": null, "adm4_name1": null, "adm4_name2": null, "adm4_name3": null, "adm4_pcode": null, "adm3_name": null, "adm3_name1": null, "adm3_name2": null, "adm3_name3": null, "adm3_pcode": null, "adm2_name": "Thomazeau", "adm2_name1": "Thomazeau", "adm2_name2": null, "adm2_name3": null, "adm2_pcode": "HT0132", "adm1_name": "West", "adm1_name1": "Ouest", "adm1_name2": "Lwès", "adm1_name3": null, "adm1_pcode": "HT01", "adm0_name": "Haiti", "adm0_name1": null, "adm0_name2": null, "adm0_name3": null, "adm0_pcode": "HT", "valid_on": "2018-11-29", "valid_to": null, "version": "v01", "lang": "en", "lang1": "fr", "lang2": "ht", "lang3": null }, "geometry": { "type": "Point", "coordinates": [ -72.147277183999961, 18.668011450000108 ] } },
{ "type": "Feature", "properties": { "admin_level": 2, "name": "Thomonde", "name1": "Thomonde", "name2": null, "name3": null, "x_coord": -71.97555672, "y_coord": 18.9576928, "adm4_name": null, "adm4_name1": null, "adm4_name2": null, "adm4_name3": null, "adm4_pcode": null, "adm3_name": null, "adm3_name1": null, "adm3_name2": null, "adm3_name3": null, "adm3_pcode": null, "adm2_name": "Thomonde", "adm2_name1": "Thomonde", "adm2_name2": null, "adm2_name3": null, "adm2_pcode": "HT0613", "adm1_name": "Centre", "adm1_name1": "Centre", "adm1_name2": "Sant", "adm1_name3": null, "adm1_pcode": "HT06", "adm0_name": "Haiti", "adm0_name1": null, "adm0_name2": null, "adm0_name3": null, "adm0_pcode": "HT", "valid_on": "2018-11-29", "valid_to": null, "version": "v01", "lang": "en", "lang1": "fr", "lang2": "ht", "lang3": null }, "geometry": { "type": "Point", "coordinates": [ -71.975556715999915, 18.957692796000117 ] } },
{ "type": "Feature", "properties": { "admin_level": 2, "name": "Tiburon", "name1": "Tiburon", "name2": null, "name3": null, "x_coord": -74.32170371, "y_coord": 18.33970806, "adm4_name": null, "adm4_name1": null, "adm4_name2": null, "adm4_name3": null, "adm4_pcode": null, "adm3_name": null, "adm3_name1": null, "adm3_name2": null, "adm3_name3": null, "adm3_pcode": null, "adm2_name": "Tiburon", "adm2_name1": "Tiburon", "adm2_name2": null, "adm2_name3": null, "adm2_pcode": "HT0753", "adm1_name": "South", "adm1_name1": "Sud", "adm1_name2": "Sid", "adm1_name3": null, "adm1_pcode": "HT07", "adm0_name": "Haiti", "adm0_name1": null, "adm0_name2": null, "adm0_name3": null, "adm0_pcode": "HT", "valid_on": "2018-11-29", "valid_to": null, "version": "v01", "lang": "en", "lang1": "fr", "lang2": "ht", "lang3": null }, "geometry": { "type": "Point", "coordinates": [ -74.321703711999987, 18.339708060000078 ] } },
{ "type": "Feature", "properties": { "admin_level": 2, "name": "Torbeck", "name1": "Torbeck", "name2": null, "name3": null, "x_coord": -73.86758621, "y_coord": 18.24238375, "adm4_name": null, "adm4_name1": null, "adm4_name2": null, "adm4_name3": null, "adm4_pcode": null, "adm3_name": null, "adm3_name1": null, "adm3_name2": null, "adm3_name3": null, "adm3_pcode": null, "adm2_name": "Torbeck", "adm2_name1": "Torbeck", "adm2_name2": null, "adm2_name3": null, "adm2_pcode": "HT0712", "adm1_name": "South", "adm1_name1": "Sud", "adm1_name2": "Sid", "adm1_name3": null, "adm1_pcode": "HT07", "adm0_name": "Haiti", "adm0_name1": null, "adm0_name2": null, "adm0_name3": null, "adm0_pcode": "HT", "valid_on": "2018-11-29", "valid_to": null, "version": "v01", "lang": "en", "lang1": "fr", "lang2": "ht", "lang3": null }, "geometry": { "type": "Point", "coordinates": [ -73.867586207999921, 18.242383751999967 ] } },
{ "type": "Feature", "properties": { "admin_level": 2, "name": "Trou du Nord", "name1": "Trou du Nord", "name2": null, "name3": null, "x_coord": -72.0127068, "y_coord": 19.58207096, "adm4_name": null, "adm4_name1": null, "adm4_name2": null, "adm4_name3": null, "adm4_pcode": null, "adm3_name": null, "adm3_name1": null, "adm3_name2": null, "adm3_name3": null, "adm3_pcode": null, "adm2_name": "Trou du Nord", "adm2_name1": "Trou du Nord", "adm2_name2": null, "adm2_name3": null, "adm2_pcode": "HT0431", "adm1_name": "North-East", "adm1_name1": "Nord-Est", "adm1_name2": "Nòdès", "adm1_name3": null, "adm1_pcode": "HT04", "adm0_name": "Haiti", "adm0_name1": null, "adm0_name2": null, "adm0_name3": null, "adm0_pcode": "HT", "valid_on": "2018-11-29", "valid_to": null, "version": "v01", "lang": "en", "lang1": "fr", "lang2": "ht", "lang3": null }, "geometry": { "type": "Point", "coordinates": [ -72.012706796999908, 19.582070963000035 ] } },
{ "type": "Feature", "properties": { "admin_level": 2, "name": "Vallieres", "name1": "Vallières", "name2": null, "name3": null, "x_coord": -71.94854413, "y_coord": 19.44106087, "adm4_name": null, "adm4_name1": null, "adm4_name2": null, "adm4_name3": null, "adm4_pcode": null, "adm3_name": null, "adm3_name1": null, "adm3_name2": null, "adm3_name3": null, "adm3_pcode": null, "adm2_name": "Vallieres", "adm2_name1": "Vallières", "adm2_name2": null, "adm2_name3": null, "adm2_pcode": "HT0441", "adm1_name": "North-East", "adm1_name1": "Nord-Est", "adm1_name2": "Nòdès", "adm1_name3": null, "adm1_pcode": "HT04", "adm0_name": "Haiti", "adm0_name1": null, "adm0_name2": null, "adm0_name3": null, "adm0_pcode": "HT", "valid_on": "2018-11-29", "valid_to": null, "version": "v01", "lang": "en", "lang1": "fr", "lang2": "ht", "lang3": null }, "geometry": { "type": "Point", "coordinates": [ -71.948544134999906, 19.44106087199998 ] } },
{ "type": "Feature", "properties": { "admin_level": 2, "name": "Verrettes", "name1": "Verrettes", "name2": null, "name3": null, "x_coord": -72.50234396, "y_coord": 19.03682866, "adm4_name": null, "adm4_name1": null, "adm4_name2": null, "adm4_name3": null, "adm4_pcode": null, "adm3_name": null, "adm3_name1": null, "adm3_name2": null, "adm3_name3": null, "adm3_pcode": null, "adm2_name": "Verrettes", "adm2_name1": "Verrettes", "adm2_name2": null, "adm2_name3": null, "adm2_pcode": "HT0532", "adm1_name": "Artibonite", "adm1_name1": "Artibonite", "adm1_name2": "Latibonit", "adm1_name3": null, "adm1_pcode": "HT05", "adm0_name": "Haiti", "adm0_name1": null, "adm0_name2": null, "adm0_name3": null, "adm0_pcode": "HT", "valid_on": "2018-11-29", "valid_to": null, "version": "v01", "lang": "en", "lang1": "fr", "lang2": "ht", "lang3": null }, "geometry": { "type": "Point", "coordinates": [ -72.50234396399992, 19.036828659000093 ] } },
{ "type": "Feature", "properties": { "admin_level": 3, "name": "10e Section des Orangers", "name1": "10e Section des Orangers", "name2": null, "name3": null, "x_coord": -72.31084915, "y_coord": 18.73654022, "adm4_name": null, "adm4_name1": null, "adm4_name2": null, "adm4_name3": null, "adm4_pcode": null, "adm3_name": "10e Section des Orangers", "adm3_name1": "10e Section des Orangers", "adm3_name2": null, "adm3_name3": null, "adm3_pcode": "HT0131-10", "adm2_name": "Croix-Des-Bouquets", "adm2_name1": "Croix-Des-Bouquets", "adm2_name2": null, "adm2_name3": null, "adm2_pcode": "HT0131", "adm1_name": "West", "adm1_name1": "Ouest", "adm1_name2": "Lwès", "adm1_name3": null, "adm1_pcode": "HT01", "adm0_name": "Haiti", "adm0_name1": null, "adm0_name2": null, "adm0_name3": null, "adm0_pcode": "HT", "valid_on": "2018-11-29", "valid_to": null, "version": "v01", "lang": "en", "lang1": "fr", "lang2": "ht", "lang3": null }, "geometry": { "type": "Point", "coordinates": [ -72.310849146999885, 18.736540223000191 ] } },
{ "type": "Feature", "properties": { "admin_level": 3, "name": "10e Section des Palmes", "name1": "10e Section des Palmes", "name2": null, "name3": null, "x_coord": -72.84462136, "y_coord": 18.32015736, "adm4_name": null, "adm4_name1": null, "adm4_name2": null, "adm4_name3": null, "adm4_pcode": null, "adm3_name": "10e Section des Palmes", "adm3_name1": "10e Section des Palmes", "adm3_name2": null, "adm3_name3": null, "adm3_pcode": "HT0122-10", "adm2_name": "Petit-Goave", "adm2_name1": "Petit-Goâve", "adm2_name2": null, "adm2_name3": null, "adm2_pcode": "HT0122", "adm1_name": "West", "adm1_name1": "Ouest", "adm1_name2": "Lwès", "adm1_name3": null, "adm1_pcode": "HT01", "adm0_name": "Haiti", "adm0_name1": null, "adm0_name2": null, "adm0_name3": null, "adm0_pcode": "HT", "valid_on": "2018-11-29", "valid_to": null, "version": "v01", "lang": "en", "lang1": "fr", "lang2": "ht", "lang3": null }, "geometry": { "type": "Point", "coordinates": [ -72.84462135699988, 18.320157359000063 ] } },
{ "type": "Feature", "properties": { "admin_level": 3, "name": "10e Section Fond d'Oie", "name1": "10e Section Fond d'Oie", "name2": null, "name3": null, "x_coord": -72.56335023, "y_coord": 18.38081413, "adm4_name": null, "adm4_name1": null, "adm4_name2": null, "adm4_name3": null, "adm4_pcode": null, "adm3_name": "10e Section Fond d'Oie", "adm3_name1": "10e Section Fond d'Oie", "adm3_name2": null, "adm3_name3": null, "adm3_pcode": "HT0121-10", "adm2_name": "Leogane", "adm2_name1": "Léogâne", "adm2_name2": null, "adm2_name3": null, "adm2_pcode": "HT0121", "adm1_name": "West", "adm1_name1": "Ouest", "adm1_name2": "Lwès", "adm1_name3": null, "adm1_pcode": "HT01", "adm0_name": "Haiti", "adm0_name1": null, "adm0_name2": null, "adm0_name3": null, "adm0_pcode": "HT", "valid_on": "2018-11-29", "valid_to": null, "version": "v01", "lang": "en", "lang1": "fr", "lang2": "ht", "lang3": null }, "geometry": { "type": "Point", "coordinates": [ -72.563350233999927, 18.380814133000115 ] } },
{ "type": "Feature", "properties": { "admin_level": 3, "name": "10e Section Guirand", "name1": "10e Section Guirand", "name2": null, "name3": null, "x_coord": -73.15622264, "y_coord": 18.34020013, "adm4_name": null, "adm4_name1": null, "adm4_name2": null, "adm4_name3": null, "adm4_pcode": null, "adm3_name": "10e Section Guirand", "adm3_name1": "10e Section Guirand", "adm3_name2": null, "adm3_name3": null, "adm3_pcode": "HT0731-10", "adm2_name": "Aquin", "adm2_name1": "Aquin", "adm2_name2": null, "adm2_name3": null, "adm2_pcode": "HT0731", "adm1_name": "South", "adm1_name1": "Sud", "adm1_name2": "Sid", "adm1_name3": null, "adm1_pcode": "HT07", "adm0_name": "Haiti", "adm0_name1": null, "adm0_name2": null, "adm0_name3": null, "adm0_pcode": "HT", "valid_on": "2018-11-29", "valid_to": null, "version": "v01", "lang": "en", "lang1": "fr", "lang2": "ht", "lang3": null }, "geometry": { "type": "Point", "coordinates": [ -73.156222638999964, 18.340200135000032 ] } },
{ "type": "Feature", "properties": { "admin_level": 3, "name": "10e Section La Vanneau", "name1": "10e Section La Vanneau", "name2": null, "name3": null, "x_coord": -72.58506822, "y_coord": 18.26353498, "adm4_name": null, "adm4_name1": null, "adm4_name2": null, "adm4_name3": null, "adm4_pcode": null, "adm3_name": "10e Section La Vanneau", "adm3_name1": "10e Section La Vanneau", "adm3_name2": null, "adm3_name3": null, "adm3_pcode": "HT0211-10", "adm2_name": "Jacmel", "adm2_name1": "Jacmel", "adm2_name2": null, "adm2_name3": null, "adm2_pcode": "HT0211", "adm1_name": "South-East", "adm1_name1": "Sud-Est", "adm1_name2": "Sidès", "adm1_name3": null, "adm1_pcode": "HT02", "adm0_name": "Haiti", "adm0_name1": null, "adm0_name2": null, "adm0_name3": null, "adm0_pcode": "HT", "valid_on": "2018-11-29", "valid_to": null, "version": "v01", "lang": "en", "lang1": "fr", "lang2": "ht", "lang3": null }, "geometry": { "type": "Point", "coordinates": [ -72.585068219999982, 18.263534976000187 ] } },
{ "type": "Feature", "properties": { "admin_level": 3, "name": "10e Section Thor", "name1": "10e Section Thor", "name2": null, "name3": null, "x_coord": -72.39565971, "y_coord": 18.5286512, "adm4_name": null, "adm4_name1": null, "adm4_name2": null, "adm4_name3": null, "adm4_pcode": null, "adm3_name": "10e Section Thor", "adm3_name1": "10e Section Thor", "adm3_name2": null, "adm3_name3": null, "adm3_pcode": "HT0113-10", "adm2_name": "Carrefour", "adm2_name1": "Carrefour", "adm2_name2": null, "adm2_name3": null, "adm2_pcode": "HT0113", "adm1_name": "West", "adm1_name1": "Ouest", "adm1_name2": "Lwès", "adm1_name3": null, "adm1_pcode": "HT01", "adm0_name": "Haiti", "adm0_name1": null, "adm0_name2": null, "adm0_name3": null, "adm0_pcode": "HT", "valid_on": "2018-11-29", "valid_to": null, "version": "v01", "lang": "en", "lang1": "fr", "lang2": "ht", "lang3": null }, "geometry": { "type": "Point", "coordinates": [ -72.395659707999982, 18.528651204000084 ] } },
{ "type": "Feature", "properties": { "admin_level": 3, "name": "11e Section Gros Morne", "name1": "11e Section Gros Morne", "name2": null, "name3": null, "x_coord": -72.59007647, "y_coord": 18.43366459, "adm4_name": null, "adm4_name1": null, "adm4_name2": null, "adm4_name3": null, "adm4_pcode": null, "adm3_name": "11e Section Gros Morne", "adm3_name1": "11e Section Gros Morne", "adm3_name2": null, "adm3_name3": null, "adm3_pcode": "HT0121-11", "adm2_name": "Leogane", "adm2_name1": "Léogâne", "adm2_name2": null, "adm2_name3": null, "adm2_pcode": "HT0121", "adm1_name": "West", "adm1_name1": "Ouest", "adm1_name2": "Lwès", "adm1_name3": null, "adm1_pcode": "HT01", "adm0_name": "Haiti", "adm0_name1": null, "adm0_name2": null, "adm0_name3": null, "adm0_pcode": "HT", "valid_on": "2018-11-29", "valid_to": null, "version": "v01", "lang": "en", "lang1": "fr", "lang2": "ht", "lang3": null }, "geometry": { "type": "Point", "coordinates": [ -72.59007646699996, 18.433664593000117 ] } },
{ "type": "Feature", "properties": { "admin_level": 3, "name": "11e Section La Montagne", "name1": "11e Section La Montagne", "name2": null, "name3": null, "x_coord": -72.59851332, "y_coord": 18.2167662, "adm4_name": null, "adm4_name1": null, "adm4_name2": null, "adm4_name3": null, "adm4_pcode": null, "adm3_name": "11e Section La Montagne", "adm3_name1": "11e Section La Montagne", "adm3_name2": null, "adm3_name3": null, "adm3_pcode": "HT0211-11", "adm2_name": "Jacmel", "adm2_name1": "Jacmel", "adm2_name2": null, "adm2_name3": null, "adm2_pcode": "HT0211", "adm1_name": "South-East", "adm1_name1": "Sud-Est", "adm1_name2": "Sidès", "adm1_name3": null, "adm1_pcode": "HT02", "adm0_name": "Haiti", "adm0_name1": null, "adm0_name2": null, "adm0_name3": null, "adm0_pcode": "HT", "valid_on": "2018-11-29", "valid_to": null, "version": "v01", "lang": "en", "lang1": "fr", "lang2": "ht", "lang3": null }, "geometry": { "type": "Point", "coordinates": [ -72.598513321999917, 18.216766199 ] } },
{ "type": "Feature", "properties": { "admin_level": 3, "name": "11e Section Ravine Seche", "name1": "11e Section Ravine Sèche", "name2": null, "name3": null, "x_coord": -72.87082798, "y_coord": 18.3901363, "adm4_name": null, "adm4_name1": null, "adm4_name2": null, "adm4_name3": null, "adm4_pcode": null, "adm3_name": "11e Section Ravine Seche", "adm3_name1": "11e Section Ravine Sèche", "adm3_name2": null, "adm3_name3": null, "adm3_pcode": "HT0122-11", "adm2_name": "Petit-Goave", "adm2_name1": "Petit-Goâve", "adm2_name2": null, "adm2_name3": null, "adm2_pcode": "HT0122", "adm1_name": "West", "adm1_name1": "Ouest", "adm1_name2": "Lwès", "adm1_name3": null, "adm1_pcode": "HT01", "adm0_name": "Haiti", "adm0_name1": null, "adm0_name2": null, "adm0_name3": null, "adm0_pcode": "HT", "valid_on": "2018-11-29", "valid_to": null, "version": "v01", "lang": "en", "lang1": "fr", "lang2": "ht", "lang3": null }, "geometry": { "type": "Point", "coordinates": [ -72.870827978999955, 18.390136304 ] } },
{ "type": "Feature", "properties": { "admin_level": 3, "name": "11e Section Riviere Froide", "name1": "11e Section Rivière Froide", "name2": null, "name3": null, "x_coord": -72.4343391, "y_coord": 18.53238412, "adm4_name": null, "adm4_name1": null, "adm4_name2": null, "adm4_name3": null, "adm4_pcode": null, "adm3_name": "11e Section Riviere Froide", "adm3_name1": "11e Section Rivière Froide", "adm3_name2": null, "adm3_name3": null, "adm3_pcode": "HT0113-11", "adm2_name": "Carrefour", "adm2_name1": "Carrefour", "adm2_name2": null, "adm2_name3": null, "adm2_pcode": "HT0113", "adm1_name": "West", "adm1_name1": "Ouest", "adm1_name2": "Lwès", "adm1_name3": null, "adm1_pcode": "HT01", "adm0_name": "Haiti", "adm0_name1": null, "adm0_name2": null, "adm0_name3": null, "adm0_pcode": "HT", "valid_on": "2018-11-29", "valid_to": null, "version": "v01", "lang": "en", "lang1": "fr", "lang2": "ht", "lang3": null }, "geometry": { "type": "Point", "coordinates": [ -72.434339097999953, 18.532384119000142 ] } },
{ "type": "Feature", "properties": { "admin_level": 3, "name": "12e Section Cormiers", "name1": "12e Section Cormiers", "name2": null, "name3": null, "x_coord": -72.62407765, "y_coord": 18.41407109, "adm4_name": null, "adm4_name1": null, "adm4_name2": null, "adm4_name3": null, "adm4_pcode": null, "adm3_name": "12e Section Cormiers", "adm3_name1": "12e Section Cormiers", "adm3_name2": null, "adm3_name3": null, "adm3_pcode": "HT0121-12", "adm2_name": "Leogane", "adm2_name1": "Léogâne", "adm2_name2": null, "adm2_name3": null, "adm2_pcode": "HT0121", "adm1_name": "West", "adm1_name1": "Ouest", "adm1_name2": "Lwès", "adm1_name3": null, "adm1_pcode": "HT01", "adm0_name": "Haiti", "adm0_name1": null, "adm0_name2": null, "adm0_name3": null, "adm0_pcode": "HT", "valid_on": "2018-11-29", "valid_to": null, "version": "v01", "lang": "en", "lang1": "fr", "lang2": "ht", "lang3": null }, "geometry": { "type": "Point", "coordinates": [ -72.624077648999844, 18.414071088000128 ] } },
{ "type": "Feature", "properties": { "admin_level": 3, "name": "12e Section des Fourques", "name1": "12e Section des Fourques", "name2": null, "name3": null, "x_coord": -72.82948692, "y_coord": 18.39561488, "adm4_name": null, "adm4_name1": null, "adm4_name2": null, "adm4_name3": null, "adm4_pcode": null, "adm3_name": "12e Section des Fourques", "adm3_name1": "12e Section des Fourques", "adm3_name2": null, "adm3_name3": null, "adm3_pcode": "HT0122-12", "adm2_name": "Petit-Goave", "adm2_name1": "Petit-Goâve", "adm2_name2": null, "adm2_name3": null, "adm2_pcode": "HT0122", "adm1_name": "West", "adm1_name1": "Ouest", "adm1_name2": "Lwès", "adm1_name3": null, "adm1_pcode": "HT01", "adm0_name": "Haiti", "adm0_name1": null, "adm0_name2": null, "adm0_name3": null, "adm0_pcode": "HT", "valid_on": "2018-11-29", "valid_to": null, "version": "v01", "lang": "en", "lang1": "fr", "lang2": "ht", "lang3": null }, "geometry": { "type": "Point", "coordinates": [ -72.82948692199983, 18.395614884000167 ] } },
{ "type": "Feature", "properties": { "admin_level": 3, "name": "12e Section Malanga", "name1": "12e Section Malanga", "name2": null, "name3": null, "x_coord": -72.42003295000001, "y_coord": 18.40863666, "adm4_name": null, "adm4_name1": null, "adm4_name2": null, "adm4_name3": null, "adm4_pcode": null, "adm3_name": "12e Section Malanga", "adm3_name1": "12e Section Malanga", "adm3_name2": null, "adm3_name3": null, "adm3_pcode": "HT0113-12", "adm2_name": "Carrefour", "adm2_name1": "Carrefour", "adm2_name2": null, "adm2_name3": null, "adm2_pcode": "HT0113", "adm1_name": "West", "adm1_name1": "Ouest", "adm1_name2": "Lwès", "adm1_name3": null, "adm1_pcode": "HT01", "adm0_name": "Haiti", "adm0_name1": null, "adm0_name2": null, "adm0_name3": null, "adm0_pcode": "HT", "valid_on": "2018-11-29", "valid_to": null, "version": "v01", "lang": "en", "lang1": "fr", "lang2": "ht", "lang3": null }, "geometry": { "type": "Point", "coordinates": [ -72.420032950999939, 18.408636663000152 ] } },
{ "type": "Feature", "properties": { "admin_level": 3, "name": "13e Section Corail Thor", "name1": "13e Section Corail Thor", "name2": null, "name3": null, "x_coord": -72.4530364, "y_coord": 18.49836173, "adm4_name": null, "adm4_name1": null, "adm4_name2": null, "adm4_name3": null, "adm4_pcode": null, "adm3_name": "13e Section Corail Thor", "adm3_name1": "13e Section Corail Thor", "adm3_name2": null, "adm3_name3": null, "adm3_pcode": "HT0113-13", "adm2_name": "Carrefour", "adm2_name1": "Carrefour", "adm2_name2": null, "adm2_name3": null, "adm2_pcode": "HT0113", "adm1_name": "West", "adm1_name1": "Ouest", "adm1_name2": "Lwès", "adm1_name3": null, "adm1_pcode": "HT01", "adm0_name": "Haiti", "adm0_name1": null, "adm0_name2": null, "adm0_name3": null, "adm0_pcode": "HT", "valid_on": "2018-11-29", "valid_to": null, "version": "v01", "lang": "en", "lang1": "fr", "lang2": "ht", "lang3": null }, "geometry": { "type": "Point", "coordinates": [ -72.453036400999963, 18.498361732000035 ] } },
{ "type": "Feature", "properties": { "admin_level": 3, "name": "13e Section Petit Harpon", "name1": "13e Section Petit Harpon", "name2": null, "name3": null, "x_coord": -72.61201354000001, "y_coord": 18.35358866, "adm4_name": null, "adm4_name1": null, "adm4_name2": null, "adm4_name3": null, "adm4_pcode": null, "adm3_name": "13e Section Petit Harpon", "adm3_name1": "13e Section Petit Harpon", "adm3_name2": null, "adm3_name3": null, "adm3_pcode": "HT0121-13", "adm2_name": "Leogane", "adm2_name1": "Léogâne", "adm2_name2": null, "adm2_name3": null, "adm2_pcode": "HT0121", "adm1_name": "West", "adm1_name1": "Ouest", "adm1_name2": "Lwès", "adm1_name3": null, "adm1_pcode": "HT01", "adm0_name": "Haiti", "adm0_name1": null, "adm0_name2": null, "adm0_name3": null, "adm0_pcode": "HT", "valid_on": "2018-11-29", "valid_to": null, "version": "v01", "lang": "en", "lang1": "fr", "lang2": "ht", "lang3": null }, "geometry": { "type": "Point", "coordinates": [ -72.612013536999939, 18.35358866100006 ] } },
{ "type": "Feature", "properties": { "admin_level": 3, "name": "1er Section Bouzi", "name1": "1er Section Bouzi", "name2": null, "name3": null, "x_coord": -73.31620337, "y_coord": 18.3913981, "adm4_name": null, "adm4_name1": null, "adm4_name2": null, "adm4_name3": null, "adm4_pcode": null, "adm3_name": "1er Section Bouzi", "adm3_name1": "1er Section Bouzi", "adm3_name2": null, "adm3_name3": null, "adm3_pcode": "HT1013-01", "adm2_name": "Fonds des Negres", "adm2_name1": "Fonds des Nègres", "adm2_name2": null, "adm2_name3": null, "adm2_pcode": "HT1013", "adm1_name": "Nippes", "adm1_name1": "Nippes", "adm1_name2": "Nip", "adm1_name3": null, "adm1_pcode": "HT10", "adm0_name": "Haiti", "adm0_name1": null, "adm0_name2": null, "adm0_name3": null, "adm0_pcode": "HT", "valid_on": "2018-11-29", "valid_to": null, "version": "v01", "lang": "en", "lang1": "fr", "lang2": "ht", "lang3": null }, "geometry": { "type": "Point", "coordinates": [ -73.316203367999947, 18.391398099000071 ] } },
{ "type": "Feature", "properties": { "admin_level": 3, "name": "1re Section Acaj ou Brûle No 1", "name1": "1re Section Acaj ou Brûle No 1", "name2": null, "name3": null, "x_coord": -71.72919225, "y_coord": 19.13324845, "adm4_name": null, "adm4_name1": null, "adm4_name2": null, "adm4_name3": null, "adm4_pcode": null, "adm3_name": "1re Section Acaj ou Brûle No 1", "adm3_name1": "1re Section Acaj ou Brûle No 1", "adm3_name2": null, "adm3_name3": null, "adm3_pcode": "HT0641-01", "adm2_name": "Cerca La Source", "adm2_name1": "Cerca La Source", "adm2_name2": null, "adm2_name3": null, "adm2_pcode": "HT0641", "adm1_name": "Centre", "adm1_name1": "Centre", "adm1_name2": "Sant", "adm1_name3": null, "adm1_pcode": "HT06", "adm0_name": "Haiti", "adm0_name1": null, "adm0_name2": null, "adm0_name3": null, "adm0_pcode": "HT", "valid_on": "2018-11-29", "valid_to": null, "version": "v01", "lang": "en", "lang1": "fr", "lang2": "ht", "lang3": null }, "geometry": { "type": "Point", "coordinates": [ -71.729192252999951, 19.1332484510001 ] } },
{ "type": "Feature", "properties": { "admin_level": 3, "name": "1re Section Anote ou 1re Tapion", "name1": "1re Section Anote ou 1re Tapion", "name2": null, "name3": null, "x_coord": -74.26011803, "y_coord": 18.56729417, "adm4_name": null, "adm4_name1": null, "adm4_name2": null, "adm4_name3": null, "adm4_pcode": null, "adm3_name": "1re Section Anote ou 1re Tapion", "adm3_name1": "1re Section Anote ou 1re Tapion", "adm3_name2": null, "adm3_name3": null, "adm3_pcode": "HT0814-01", "adm2_name": "Moron", "adm2_name1": "Moron", "adm2_name2": null, "adm2_name3": null, "adm2_pcode": "HT0814", "adm1_name": "Grande'Anse", "adm1_name1": "Grande'Anse", "adm1_name2": "Grandans", "adm1_name3": null, "adm1_pcode": "HT08", "adm0_name": "Haiti", "adm0_name1": null, "adm0_name2": null, "adm0_name3": null, "adm0_pcode": "HT", "valid_on": "2018-11-29", "valid_to": null, "version": "v01", "lang": "en", "lang1": "fr", "lang2": "ht", "lang3": null }, "geometry": { "type": "Point", "coordinates": [ -74.260118034999948, 18.567294173000107 ] } },
{ "type": "Feature", "properties": { "admin_level": 3, "name": "1re Section Anse du Clerc", "name1": "1re Section Anse du Clerc", "name2": null, "name3": null, "x_coord": -74.27145779, "y_coord": 18.62899703, "adm4_name": null, "adm4_name1": null, "adm4_name2": null, "adm4_name3": null, "adm4_pcode": null, "adm3_name": "1re Section Anse du Clerc", "adm3_name1": "1re Section Anse du Clerc", "adm3_name2": null, "adm3_name3": null, "adm3_pcode": "HT0812-01", "adm2_name": "Abricots", "adm2_name1": "Abricots", "adm2_name2": null, "adm2_name3": null, "adm2_pcode": "HT0812", "adm1_name": "Grande'Anse", "adm1_name1": "Grande'Anse", "adm1_name2": "Grandans", "adm1_name3": null, "adm1_pcode": "HT08", "adm0_name": "Haiti", "adm0_name1": null, "adm0_name2": null, "adm0_name3": null, "adm0_pcode": "HT", "valid_on": "2018-11-29", "valid_to": null, "version": "v01", "lang": "en", "lang1": "fr", "lang2": "ht", "lang3": null }, "geometry": { "type": "Point", "coordinates": [ -74.271457793999957, 18.628997031000154 ] } },
{ "type": "Feature", "properties": { "admin_level": 3, "name": "1re Section Bac a Soude", "name1": "1re Section Bac à Soude", "name2": null, "name3": null, "x_coord": -72.08888793, "y_coord": 19.40092815, "adm4_name": null, "adm4_name1": null, "adm4_name2": null, "adm4_name3": null, "adm4_pcode": null, "adm3_name": "1re Section Bac a Soude", "adm3_name1": "1re Section Bac à Soude", "adm3_name2": null, "adm3_name3": null, "adm3_pcode": "HT0343-01", "adm2_name": "Ranquitte", "adm2_name1": "Ranquitte", "adm2_name2": null, "adm2_name3": null, "adm2_pcode": "HT0343", "adm1_name": "North", "adm1_name1": "Nord", "adm1_name2": "Nò", "adm1_name3": null, "adm1_pcode": "HT03", "adm0_name": "Haiti", "adm0_name1": null, "adm0_name2": null, "adm0_name3": null, "adm0_pcode": "HT", "valid_on": "2018-11-29", "valid_to": null, "version": "v01", "lang": "en", "lang1": "fr", "lang2": "ht", "lang3": null }, "geometry": { "type": "Point", "coordinates": [ -72.088887930999931, 19.400928150000141 ] } },
{ "type": "Feature", "properties": { "admin_level": 3, "name": "1re Section Baconnois-Barreau", "name1": "1re Section Baconnois-Barreau", "name2": null, "name3": null, "x_coord": -73.39745619, "y_coord": 18.47333684, "adm4_name": null, "adm4_name1": null, "adm4_name2": null, "adm4_name3": null, "adm4_pcode": null, "adm3_name": "1re Section Baconnois-Barreau", "adm3_name1": "1re Section Baconnois-Barreau", "adm3_name2": null, "adm3_name3": null, "adm3_pcode": "HT1024-01", "adm2_name": "Arnaud", "adm2_name1": "Arnaud", "adm2_name2": null, "adm2_name3": null, "adm2_pcode": "HT1024", "adm1_name": "Nippes", "adm1_name1": "Nippes", "adm1_name2": "Nip", "adm1_name3": null, "adm1_pcode": "HT10", "adm0_name": "Haiti", "adm0_name1": null, "adm0_name2": null, "adm0_name3": null, "adm0_pcode": "HT", "valid_on": "2018-11-29", "valid_to": null, "version": "v01", "lang": "en", "lang1": "fr", "lang2": "ht", "lang3": null }, "geometry": { "type": "Point", "coordinates": [ -73.397456191999936, 18.47333684400013 ] } },
{ "type": "Feature", "properties": { "admin_level": 3, "name": "1re Section Baconnois-Grand-Fond", "name1": "1re Section Baconnois-Grand-Fond", "name2": null, "name3": null, "x_coord": -73.39726955, "y_coord": 18.50453632, "adm4_name": null, "adm4_name1": null, "adm4_name2": null, "adm4_name3": null, "adm4_pcode": null, "adm3_name": "1re Section Baconnois-Grand-Fond", "adm3_name1": "1re Section Baconnois-Grand-Fond", "adm3_name2": null, "adm3_name3": null, "adm3_pcode": "HT1021-01", "adm2_name": "Anse-a-Veau", "adm2_name1": "Anse-à-Veau", "adm2_name2": null, "adm2_name3": null, "adm2_pcode": "HT1021", "adm1_name": "Nippes", "adm1_name1": "Nippes", "adm1_name2": "Nip", "adm1_name3": null, "adm1_pcode": "HT10", "adm0_name": "Haiti", "adm0_name1": null, "adm0_name2": null, "adm0_name3": null, "adm0_pcode": "HT", "valid_on": "2018-11-29", "valid_to": null, "version": "v01", "lang": "en", "lang1": "fr", "lang2": "ht", "lang3": null }, "geometry": { "type": "Point", "coordinates": [ -73.397269553999934, 18.504536320000057 ] } },
{ "type": "Feature", "properties": { "admin_level": 3, "name": "1re Section Bais d'Orange", "name1": "1re Section Bais d'Orange", "name2": null, "name3": null, "x_coord": -72.20922181, "y_coord": 18.28979475, "adm4_name": null, "adm4_name1": null, "adm4_name2": null, "adm4_name3": null, "adm4_pcode": null, "adm3_name": "1re Section Bais d'Orange", "adm3_name1": "1re Section Bais d'Orange", "adm3_name2": null, "adm3_name3": null, "adm3_pcode": "HT0231-01", "adm2_name": "Belle Anse", "adm2_name1": "Belle Anse", "adm2_name2": null, "adm2_name3": null, "adm2_pcode": "HT0231", "adm1_name": "South-East", "adm1_name1": "Sud-Est", "adm1_name2": "Sidès", "adm1_name3": null, "adm1_pcode": "HT02", "adm0_name": "Haiti", "adm0_name1": null, "adm0_name2": null, "adm0_name3": null, "adm0_pcode": "HT", "valid_on": "2018-11-29", "valid_to": null, "version": "v01", "lang": "en", "lang1": "fr", "lang2": "ht", "lang3": null }, "geometry": { "type": "Point", "coordinates": [ -72.209221814999921, 18.28979475400007 ] } },
{ "type": "Feature", "properties": { "admin_level": 3, "name": "1re Section Ballon", "name1": "1re Section Ballon", "name2": null, "name3": null, "x_coord": -72.55478655, "y_coord": 19.66548481, "adm4_name": null, "adm4_name1": null, "adm4_name2": null, "adm4_name3": null, "adm4_pcode": null, "adm3_name": "1re Section Ballon", "adm3_name1": "1re Section Ballon", "adm3_name2": null, "adm3_name3": null, "adm3_pcode": "HT0372-01", "adm2_name": "Pilate", "adm2_name1": "Pilate", "adm2_name2": null, "adm2_name3": null, "adm2_pcode": "HT0372", "adm1_name": "North", "adm1_name1": "Nord", "adm1_name2": "Nò", "adm1_name3": null, "adm1_pcode": "HT03", "adm0_name": "Haiti", "adm0_name1": null, "adm0_name2": null, "adm0_name3": null, "adm0_pcode": "HT", "valid_on": "2018-11-29", "valid_to": null, "version": "v01", "lang": "en", "lang1": "fr", "lang2": "ht", "lang3": null }, "geometry": { "type": "Point", "coordinates": [ -72.554786553999861, 19.665484814000138 ] } },
{ "type": "Feature", "properties": { "admin_level": 3, "name": "1re Section Bande du Nord", "name1": "1re Section Bande du Nord", "name2": null, "name3": null, "x_coord": -72.22624186, "y_coord": 19.76932621, "adm4_name": null, "adm4_name1": null, "adm4_name2": null, "adm4_name3": null, "adm4_pcode": null, "adm3_name": "1re Section Bande du Nord", "adm3_name1": "1re Section Bande du Nord", "adm3_name2": null, "adm3_name3": null, "adm3_pcode": "HT0311-01", "adm2_name": "Cap-Haitien", "adm2_name1": "Cap-Haïtien", "adm2_name2": null, "adm2_name3": null, "adm2_pcode": "HT0311", "adm1_name": "North", "adm1_name1": "Nord", "adm1_name2": "Nò", "adm1_name3": null, "adm1_pcode": "HT03", "adm0_name": "Haiti", "adm0_name1": null, "adm0_name2": null, "adm0_name3": null, "adm0_pcode": "HT", "valid_on": "2018-11-29", "valid_to": null, "version": "v01", "lang": "en", "lang1": "fr", "lang2": "ht", "lang3": null }, "geometry": { "type": "Point", "coordinates": [ -72.226241863999974, 19.769326209000042 ] } },
{ "type": "Feature", "properties": { "admin_level": 3, "name": "1re Section Barbois", "name1": "1re Section Barbois", "name2": null, "name3": null, "x_coord": -73.88604415, "y_coord": 18.10918728, "adm4_name": null, "adm4_name1": null, "adm4_name2": null, "adm4_name3": null, "adm4_pcode": null, "adm3_name": "1re Section Barbois", "adm3_name1": "1re Section Barbois", "adm3_name2": null, "adm3_name3": null, "adm3_pcode": "HT0721-01", "adm2_name": "Port-Salut", "adm2_name1": "Port-Salut", "adm2_name2": null, "adm2_name3": null, "adm2_pcode": "HT0721", "adm1_name": "South", "adm1_name1": "Sud", "adm1_name2": "Sid", "adm1_name3": null, "adm1_pcode": "HT07", "adm0_name": "Haiti", "adm0_name1": null, "adm0_name2": null, "adm0_name3": null, "adm0_pcode": "HT", "valid_on": "2018-11-29", "valid_to": null, "version": "v01", "lang": "en", "lang1": "fr", "lang2": "ht", "lang3": null }, "geometry": { "type": "Point", "coordinates": [ -73.88604415299983, 18.109187284000143 ] } },
{ "type": "Feature", "properties": { "admin_level": 3, "name": "1re Section Bariadelle", "name1": "1re Section Bariadelle", "name2": null, "name3": null, "x_coord": -74.42426308, "y_coord": 18.52845322, "adm4_name": null, "adm4_name1": null, "adm4_name2": null, "adm4_name3": null, "adm4_pcode": null, "adm3_name": "1re Section Bariadelle", "adm3_name1": "1re Section Bariadelle", "adm3_name2": null, "adm3_name3": null, "adm3_pcode": "HT0822-01", "adm2_name": "Dame Marie", "adm2_name1": "Dame Marie", "adm2_name2": null, "adm2_name3": null, "adm2_pcode": "HT0822", "adm1_name": "Grande'Anse", "adm1_name1": "Grande'Anse", "adm1_name2": "Grandans", "adm1_name3": null, "adm1_pcode": "HT08", "adm0_name": "Haiti", "adm0_name1": null, "adm0_name2": null, "adm0_name3": null, "adm0_pcode": "HT", "valid_on": "2018-11-29", "valid_to": null, "version": "v01", "lang": "en", "lang1": "fr", "lang2": "ht", "lang3": null }, "geometry": { "type": "Point", "coordinates": [ -74.424263074999885, 18.528453219000141 ] } },
{ "type": "Feature", "properties": { "admin_level": 3, "name": "1re Section Bas Cap Rouge", "name1": "1re Section Bas Cap Rouge", "name2": null, "name3": null, "x_coord": -72.48822946, "y_coord": 18.2614589, "adm4_name": null, "adm4_name1": null, "adm4_name2": null, "adm4_name3": null, "adm4_pcode": null, "adm3_name": "1re Section Bas Cap Rouge", "adm3_name1": "1re Section Bas Cap Rouge", "adm3_name2": null, "adm3_name3": null, "adm3_pcode": "HT0211-01", "adm2_name": "Jacmel", "adm2_name1": "Jacmel", "adm2_name2": null, "adm2_name3": null, "adm2_pcode": "HT0211", "adm1_name": "South-East", "adm1_name1": "Sud-Est", "adm1_name2": "Sidès", "adm1_name3": null, "adm1_pcode": "HT02", "adm0_name": "Haiti", "adm0_name1": null, "adm0_name2": null, "adm0_name3": null, "adm0_pcode": "HT", "valid_on": "2018-11-29", "valid_to": null, "version": "v01", "lang": "en", "lang1": "fr", "lang2": "ht", "lang3": null }, "geometry": { "type": "Point", "coordinates": [ -72.488229455999942, 18.261458895000089 ] } },
{ "type": "Feature", "properties": { "admin_level": 3, "name": "1re Section Bas Coursin I", "name1": "1re Section Bas Coursin I", "name2": null, "name3": null, "x_coord": -72.53135436, "y_coord": 19.18138245, "adm4_name": null, "adm4_name1": null, "adm4_name2": null, "adm4_name3": null, "adm4_pcode": null, "adm3_name": "1re Section Bas Coursin I", "adm3_name1": "1re Section Bas Coursin I", "adm3_name2": null, "adm3_name3": null, "adm3_pcode": "HT0542-01", "adm2_name": "Petite Riviere de l'Artibonite", "adm2_name1": "Petite Rivière de l'Artibonite", "adm2_name2": null, "adm2_name3": null, "adm2_pcode": "HT0542", "adm1_name": "Artibonite", "adm1_name1": "Artibonite", "adm1_name2": "Latibonit", "adm1_name3": null, "adm1_pcode": "HT05", "adm0_name": "Haiti", "adm0_name1": null, "adm0_name2": null, "adm0_name3": null, "adm0_pcode": "HT", "valid_on": "2018-11-29", "valid_to": null, "version": "v01", "lang": "en", "lang1": "fr", "lang2": "ht", "lang3": null }, "geometry": { "type": "Point", "coordinates": [ -72.531354355999952, 19.181382449000125 ] } },
{ "type": "Feature", "properties": { "admin_level": 3, "name": "1re Section Bas de Sainte Anne", "name1": "1re Section Bas de Sainte Anne", "name2": null, "name3": null, "x_coord": -72.64488249, "y_coord": 19.83530222, "adm4_name": null, "adm4_name1": null, "adm4_name2": null, "adm4_name3": null, "adm4_pcode": null, "adm3_name": "1re Section Bas de Sainte Anne", "adm3_name1": "1re Section Bas de Sainte Anne", "adm3_name2": null, "adm3_name3": null, "adm3_pcode": "HT0922-01", "adm2_name": "Anse-a-Foleur", "adm2_name1": "Anse-à-Foleur", "adm2_name2": null, "adm2_name3": null, "adm2_pcode": "HT0922", "adm1_name": "North-West", "adm1_name1": "Nord-Ouest", "adm1_name2": "Nòdwès", "adm1_name3": null, "adm1_pcode": "HT09", "adm0_name": "Haiti", "adm0_name1": null, "adm0_name2": null, "adm0_name3": null, "adm0_pcode": "HT", "valid_on": "2018-11-29", "valid_to": null, "version": "v01", "lang": "en", "lang1": "fr", "lang2": "ht", "lang3": null }, "geometry": { "type": "Point", "coordinates": [ -72.644882494999933, 19.835302215000183 ] } },
{ "type": "Feature", "properties": { "admin_level": 3, "name": "1re Section Bas Maribahoux", "name1": "1re Section Bas Maribahoux", "name2": null, "name3": null, "x_coord": -71.76250282, "y_coord": 19.6452486, "adm4_name": null, "adm4_name1": null, "adm4_name2": null, "adm4_name3": null, "adm4_pcode": null, "adm3_name": "1re Section Bas Maribahoux", "adm3_name1": "1re Section Bas Maribahoux", "adm3_name2": null, "adm3_name3": null, "adm3_pcode": "HT0412-01", "adm2_name": "Ferrier", "adm2_name1": "Ferrier", "adm2_name2": null, "adm2_name3": null, "adm2_pcode": "HT0412", "adm1_name": "North-East", "adm1_name1": "Nord-Est", "adm1_name2": "Nòdès", "adm1_name3": null, "adm1_pcode": "HT04", "adm0_name": "Haiti", "adm0_name1": null, "adm0_name2": null, "adm0_name3": null, "adm0_pcode": "HT", "valid_on": "2018-11-29", "valid_to": null, "version": "v01", "lang": "en", "lang1": "fr", "lang2": "ht", "lang3": null }, "geometry": { "type": "Point", "coordinates": [ -71.762502818999963, 19.64524859900007 ] } },
{ "type": "Feature", "properties": { "admin_level": 3, "name": "1re Section Basse Plaine", "name1": "1re Section Basse Plaine", "name2": null, "name3": null, "x_coord": -72.16100483, "y_coord": 19.72109914, "adm4_name": null, "adm4_name1": null, "adm4_name2": null, "adm4_name3": null, "adm4_pcode": null, "adm3_name": "1re Section Basse Plaine", "adm3_name1": "1re Section Basse Plaine", "adm3_name2": null, "adm3_name3": null, "adm3_pcode": "HT0312-01", "adm2_name": "Quartier Morin", "adm2_name1": "Quartier Morin", "adm2_name2": null, "adm2_name3": null, "adm2_pcode": "HT0312", "adm1_name": "North", "adm1_name1": "Nord", "adm1_name2": "Nò", "adm1_name3": null, "adm1_pcode": "HT03", "adm0_name": "Haiti", "adm0_name1": null, "adm0_name2": null, "adm0_name3": null, "adm0_pcode": "HT", "valid_on": "2018-11-29", "valid_to": null, "version": "v01", "lang": "en", "lang1": "fr", "lang2": "ht", "lang3": null }, "geometry": { "type": "Point", "coordinates": [ -72.161004826999886, 19.721099136000021 ] } },
{ "type": "Feature", "properties": { "admin_level": 3, "name": "1re Section Basse Plaine", "name1": "1re Section Basse Plaine", "name2": null, "name3": null, "x_coord": -72.10818961, "y_coord": 19.70913558, "adm4_name": null, "adm4_name1": null, "adm4_name2": null, "adm4_name3": null, "adm4_pcode": null, "adm3_name": "1re Section Basse Plaine", "adm3_name1": "1re Section Basse Plaine", "adm3_name2": null, "adm3_name3": null, "adm3_pcode": "HT0313-01", "adm2_name": "Limonade", "adm2_name1": "Limonade", "adm2_name2": null, "adm2_name3": null, "adm2_pcode": "HT0313", "adm1_name": "North", "adm1_name1": "Nord", "adm1_name2": "Nò", "adm1_name3": null, "adm1_pcode": "HT03", "adm0_name": "Haiti", "adm0_name1": null, "adm0_name2": null, "adm0_name3": null, "adm0_pcode": "HT", "valid_on": "2018-11-29", "valid_to": null, "version": "v01", "lang": "en", "lang1": "fr", "lang2": "ht", "lang3": null }, "geometry": { "type": "Point", "coordinates": [ -72.10818960499995, 19.709135580000122 ] } },
{ "type": "Feature", "properties": { "admin_level": 3, "name": "1re Section Basse Voldrogue", "name1": "1re Section Basse Voldrogue", "name2": null, "name3": null, "x_coord": -74.09472106, "y_coord": 18.59072546, "adm4_name": null, "adm4_name1": null, "adm4_name2": null, "adm4_name3": null, "adm4_pcode": null, "adm3_name": "1re Section Basse Voldrogue", "adm3_name1": "1re Section Basse Voldrogue", "adm3_name2": null, "adm3_name3": null, "adm3_pcode": "HT0811-01", "adm2_name": "Jeremie", "adm2_name1": "Jérémie", "adm2_name2": null, "adm2_name3": null, "adm2_pcode": "HT0811", "adm1_name": "Grande'Anse", "adm1_name1": "Grande'Anse", "adm1_name2": "Grandans", "adm1_name3": null, "adm1_pcode": "HT08", "adm0_name": "Haiti", "adm0_name1": null, "adm0_name2": null, "adm0_name3": null, "adm0_pcode": "HT", "valid_on": "2018-11-29", "valid_to": null, "version": "v01", "lang": "en", "lang1": "fr", "lang2": "ht", "lang3": null }, "geometry": { "type": "Point", "coordinates": [ -74.094721055999912, 18.59072546100009 ] } },
{ "type": "Feature", "properties": { "admin_level": 3, "name": "1re Section Baudin", "name1": "1re Section Baudin", "name2": null, "name3": null, "x_coord": -72.79472726, "y_coord": 19.92857148, "adm4_name": null, "adm4_name1": null, "adm4_name2": null, "adm4_name3": null, "adm4_pcode": null, "adm3_name": "1re Section Baudin", "adm3_name1": "1re Section Baudin", "adm3_name2": null, "adm3_name3": null, "adm3_pcode": "HT0911-01", "adm2_name": "Port-de-Paix", "adm2_name1": "Port-de-Paix", "adm2_name2": null, "adm2_name3": null, "adm2_pcode": "HT0911", "adm1_name": "North-West", "adm1_name1": "Nord-Ouest", "adm1_name2": "Nòdwès", "adm1_name3": null, "adm1_pcode": "HT09", "adm0_name": "Haiti", "adm0_name1": null, "adm0_name2": null, "adm0_name3": null, "adm0_pcode": "HT", "valid_on": "2018-11-29", "valid_to": null, "version": "v01", "lang": "en", "lang1": "fr", "lang2": "ht", "lang3": null }, "geometry": { "type": "Point", "coordinates": [ -72.794727255999987, 19.928571485000077 ] } },
{ "type": "Feature", "properties": { "admin_level": 3, "name": "1re Section Beaulieu", "name1": "1re Section Beaulieu", "name2": null, "name3": null, "x_coord": -73.97479477, "y_coord": 18.16816863, "adm4_name": null, "adm4_name1": null, "adm4_name2": null, "adm4_name3": null, "adm4_pcode": null, "adm3_name": "1re Section Beaulieu", "adm3_name1": "1re Section Beaulieu", "adm3_name2": null, "adm3_name3": null, "adm3_pcode": "HT0743-01", "adm2_name": "Roche a Bateau", "adm2_name1": "Roche à Bâteau", "adm2_name2": null, "adm2_name3": null, "adm2_pcode": "HT0743", "adm1_name": "South", "adm1_name1": "Sud", "adm1_name2": "Sid", "adm1_name3": null, "adm1_pcode": "HT07", "adm0_name": "Haiti", "adm0_name1": null, "adm0_name2": null, "adm0_name3": null, "adm0_pcode": "HT", "valid_on": "2018-11-29", "valid_to": null, "version": "v01", "lang": "en", "lang1": "fr", "lang2": "ht", "lang3": null }, "geometry": { "type": "Point", "coordinates": [ -73.974794771999882, 18.168168627000171 ] } },
{ "type": "Feature", "properties": { "admin_level": 3, "name": "1re Section Beaumont", "name1": "1re Section Beaumont", "name2": null, "name3": null, "x_coord": -73.96099033, "y_coord": 18.44126186, "adm4_name": null, "adm4_name1": null, "adm4_name2": null, "adm4_name3": null, "adm4_pcode": null, "adm3_name": "1re Section Beaumont", "adm3_name1": "1re Section Beaumont", "adm3_name2": null, "adm3_name3": null, "adm3_pcode": "HT0833-01", "adm2_name": "Beaumont", "adm2_name1": "Beaumont", "adm2_name2": null, "adm2_name3": null, "adm2_pcode": "HT0833", "adm1_name": "Grande'Anse", "adm1_name1": "Grande'Anse", "adm1_name2": "Grandans", "adm1_name3": null, "adm1_pcode": "HT08", "adm0_name": "Haiti", "adm0_name1": null, "adm0_name2": null, "adm0_name3": null, "adm0_pcode": "HT", "valid_on": "2018-11-29", "valid_to": null, "version": "v01", "lang": "en", "lang1": "fr", "lang2": "ht", "lang3": null }, "geometry": { "type": "Point", "coordinates": [ -73.960990329999902, 18.441261863000022 ] } },
{ "type": "Feature", "properties": { "admin_level": 3, "name": "1re Section Bernagousse", "name1": "1re Section Bernagousse", "name2": null, "name3": null, "x_coord": -73.82660048, "y_coord": 18.53055674, "adm4_name": null, "adm4_name1": null, "adm4_name2": null, "adm4_name3": null, "adm4_pcode": null, "adm3_name": "1re Section Bernagousse", "adm3_name1": "1re Section Bernagousse", "adm3_name2": null, "adm3_name3": null, "adm3_pcode": "HT0834-01", "adm2_name": "Pestel", "adm2_name1": "Pestel", "adm2_name2": null, "adm2_name3": null, "adm2_pcode": "HT0834", "adm1_name": "Grande'Anse", "adm1_name1": "Grande'Anse", "adm1_name2": "Grandans", "adm1_name3": null, "adm1_pcode": "HT08", "adm0_name": "Haiti", "adm0_name1": null, "adm0_name2": null, "adm0_name3": null, "adm0_pcode": "HT", "valid_on": "2018-11-29", "valid_to": null, "version": "v01", "lang": "en", "lang1": "fr", "lang2": "ht", "lang3": null }, "geometry": { "type": "Point", "coordinates": [ -73.826600484999972, 18.53055674 ] } },
{ "type": "Feature", "properties": { "admin_level": 3, "name": "1re Section Bino", "name1": "1re Section Bino", "name2": null, "name3": null, "x_coord": -72.94029743, "y_coord": 18.40690888, "adm4_name": null, "adm4_name1": null, "adm4_name2": null, "adm4_name3": null, "adm4_pcode": null, "adm3_name": "1re Section Bino", "adm3_name1": "1re Section Bino", "adm3_name2": null, "adm3_name3": null, "adm3_pcode": "HT0122-01", "adm2_name": "Petit-Goave", "adm2_name1": "Petit-Goâve", "adm2_name2": null, "adm2_name3": null, "adm2_pcode": "HT0122", "adm1_name": "West", "adm1_name1": "Ouest", "adm1_name2": "Lwès", "adm1_name3": null, "adm1_pcode": "HT01", "adm0_name": "Haiti", "adm0_name1": null, "adm0_name2": null, "adm0_name3": null, "adm0_pcode": "HT", "valid_on": "2018-11-29", "valid_to": null, "version": "v01", "lang": "en", "lang1": "fr", "lang2": "ht", "lang3": null }, "geometry": { "type": "Point", "coordinates": [ -72.94029742999993, 18.406908880000117 ] } },
{ "type": "Feature", "properties": { "admin_level": 3, "name": "1re Section Blactote", "name1": "1re Section Blactote", "name2": null, "name3": null, "x_coord": -74.33937041, "y_coord": 18.31058392, "adm4_name": null, "adm4_name1": null, "adm4_name2": null, "adm4_name3": null, "adm4_pcode": null, "adm3_name": "1re Section Blactote", "adm3_name1": "1re Section Blactote", "adm3_name2": null, "adm3_name3": null, "adm3_pcode": "HT0753-01", "adm2_name": "Tiburon", "adm2_name1": "Tiburon", "adm2_name2": null, "adm2_name3": null, "adm2_pcode": "HT0753", "adm1_name": "South", "adm1_name1": "Sud", "adm1_name2": "Sid", "adm1_name3": null, "adm1_pcode": "HT07", "adm0_name": "Haiti", "adm0_name1": null, "adm0_name2": null, "adm0_name3": null, "adm0_pcode": "HT", "valid_on": "2018-11-29", "valid_to": null, "version": "v01", "lang": "en", "lang1": "fr", "lang2": "ht", "lang3": null }, "geometry": { "type": "Point", "coordinates": [ -74.339370408999969, 18.310583924000127 ] } },
{ "type": "Feature", "properties": { "admin_level": 3, "name": "1re Section Boileau", "name1": "1re Section Boileau", "name2": null, "name3": null, "x_coord": -73.64491407, "y_coord": 18.28014107, "adm4_name": null, "adm4_name1": null, "adm4_name2": null, "adm4_name3": null, "adm4_pcode": null, "adm3_name": "1re Section Boileau", "adm3_name1": "1re Section Boileau", "adm3_name2": null, "adm3_name3": null, "adm3_pcode": "HT0733-01", "adm2_name": "Cavaillon", "adm2_name1": "Cavaillon", "adm2_name2": null, "adm2_name3": null, "adm2_pcode": "HT0733", "adm1_name": "South", "adm1_name1": "Sud", "adm1_name2": "Sid", "adm1_name3": null, "adm1_pcode": "HT07", "adm0_name": "Haiti", "adm0_name1": null, "adm0_name2": null, "adm0_name3": null, "adm0_pcode": "HT", "valid_on": "2018-11-29", "valid_to": null, "version": "v01", "lang": "en", "lang1": "fr", "lang2": "ht", "lang3": null }, "geometry": { "type": "Point", "coordinates": [ -73.64491407099996, 18.280141066000169 ] } },
{ "type": "Feature", "properties": { "admin_level": 3, "name": "1re Section Bois Camelle", "name1": "1re Section Bois Camelle", "name2": null, "name3": null, "x_coord": -71.85669112, "y_coord": 19.39592995, "adm4_name": null, "adm4_name1": null, "adm4_name2": null, "adm4_name3": null, "adm4_pcode": null, "adm3_name": "1re Section Bois Camelle", "adm3_name1": "1re Section Bois Camelle", "adm3_name2": null, "adm3_name3": null, "adm3_pcode": "HT0442-01", "adm2_name": "Carice", "adm2_name1": "Carice", "adm2_name2": null, "adm2_name3": null, "adm2_pcode": "HT0442", "adm1_name": "North-East", "adm1_name1": "Nord-Est", "adm1_name2": "Nòdès", "adm1_name3": null, "adm1_pcode": "HT04", "adm0_name": "Haiti", "adm0_name1": null, "adm0_name2": null, "adm0_name3": null, "adm0_pcode": "HT", "valid_on": "2018-11-29", "valid_to": null, "version": "v01", "lang": "en", "lang1": "fr", "lang2": "ht", "lang3": null }, "geometry": { "type": "Point", "coordinates": [ -71.856691115999979, 19.395929948000116 ] } },
{ "type": "Feature", "properties": { "admin_level": 3, "name": "1re Section Bois Neuf", "name1": "1re Section Bois Neuf", "name2": null, "name3": null, "x_coord": -72.22882935, "y_coord": 19.45284999, "adm4_name": null, "adm4_name1": null, "adm4_name2": null, "adm4_name3": null, "adm4_pcode": null, "adm3_name": "1re Section Bois Neuf", "adm3_name1": "1re Section Bois Neuf", "adm3_name2": null, "adm3_name3": null, "adm3_pcode": "HT0341-01", "adm2_name": "Saint-Raphael", "adm2_name1": "Saint-Raphaël", "adm2_name2": null, "adm2_name3": null, "adm2_pcode": "HT0341", "adm1_name": "North", "adm1_name1": "Nord", "adm1_name2": "Nò", "adm1_name3": null, "adm1_pcode": "HT03", "adm0_name": "Haiti", "adm0_name1": null, "adm0_name2": null, "adm0_name3": null, "adm0_pcode": "HT", "valid_on": "2018-11-29", "valid_to": null, "version": "v01", "lang": "en", "lang1": "fr", "lang2": "ht", "lang3": null }, "geometry": { "type": "Point", "coordinates": [ -72.228829348999909, 19.452849995000122 ] } },
{ "type": "Feature", "properties": { "admin_level": 3, "name": "1re Section Bois Pin", "name1": "1re Section Bois Pin", "name2": null, "name3": null, "x_coord": -72.09322999, "y_coord": 19.48165343, "adm4_name": null, "adm4_name1": null, "adm4_name2": null, "adm4_name3": null, "adm4_pcode": null, "adm3_name": "1re Section Bois Pin", "adm3_name1": "1re Section Bois Pin", "adm3_name2": null, "adm3_name3": null, "adm3_pcode": "HT0332-01", "adm2_name": "Bahon", "adm2_name1": "Bahon", "adm2_name2": null, "adm2_name3": null, "adm2_pcode": "HT0332", "adm1_name": "North", "adm1_name1": "Nord", "adm1_name2": "Nò", "adm1_name3": null, "adm1_pcode": "HT03", "adm0_name": "Haiti", "adm0_name1": null, "adm0_name2": null, "adm0_name3": null, "adm0_pcode": "HT", "valid_on": "2018-11-29", "valid_to": null, "version": "v01", "lang": "en", "lang1": "fr", "lang2": "ht", "lang3": null }, "geometry": { "type": "Point", "coordinates": [ -72.093229992999966, 19.481653426000094 ] } },
{ "type": "Feature", "properties": { "admin_level": 3, "name": "1re Section Boucan Guillaume", "name1": "1re Section Boucan Guillaume", "name2": null, "name3": null, "x_coord": -71.79543023, "y_coord": 18.11921146, "adm4_name": null, "adm4_name1": null, "adm4_name2": null, "adm4_name3": null, "adm4_pcode": null, "adm3_name": "1re Section Boucan Guillaume", "adm3_name1": "1re Section Boucan Guillaume", "adm3_name2": null, "adm3_name3": null, "adm3_pcode": "HT0234-01", "adm2_name": "Anse-a-Pitre", "adm2_name1": "Anse-à-Pître", "adm2_name2": null, "adm2_name3": null, "adm2_pcode": "HT0234", "adm1_name": "South-East", "adm1_name1": "Sud-Est", "adm1_name2": "Sidès", "adm1_name3": null, "adm1_pcode": "HT02", "adm0_name": "Haiti", "adm0_name1": null, "adm0_name2": null, "adm0_name3": null, "adm0_pcode": "HT", "valid_on": "2018-11-29", "valid_to": null, "version": "v01", "lang": "en", "lang1": "fr", "lang2": "ht", "lang3": null }, "geometry": { "type": "Point", "coordinates": [ -71.795430228999976, 18.119211457000063 ] } },
{ "type": "Feature", "properties": { "admin_level": 3, "name": "1re Section Boucan Richard", "name1": "1re Section Boucan Richard", "name2": null, "name3": null, "x_coord": -72.6133643, "y_coord": 19.66388138, "adm4_name": null, "adm4_name1": null, "adm4_name2": null, "adm4_name3": null, "adm4_pcode": null, "adm3_name": "1re Section Boucan Richard", "adm3_name1": "1re Section Boucan Richard", "adm3_name2": null, "adm3_name3": null, "adm3_pcode": "HT0521-01", "adm2_name": "Gros Morne", "adm2_name1": "Gros Morne", "adm2_name2": null, "adm2_name3": null, "adm2_pcode": "HT0521", "adm1_name": "Artibonite", "adm1_name1": "Artibonite", "adm1_name2": "Latibonit", "adm1_name3": null, "adm1_pcode": "HT05", "adm0_name": "Haiti", "adm0_name1": null, "adm0_name2": null, "adm0_name3": null, "adm0_pcode": "HT", "valid_on": "2018-11-29", "valid_to": null, "version": "v01", "lang": "en", "lang1": "fr", "lang2": "ht", "lang3": null }, "geometry": { "type": "Point", "coordinates": [ -72.613364299999887, 19.663881383000046 ] } },
{ "type": "Feature", "properties": { "admin_level": 3, "name": "1re Section Boucassin", "name1": "1re Section Boucassin", "name2": null, "name3": null, "x_coord": -72.49271331, "y_coord": 18.78688688, "adm4_name": null, "adm4_name1": null, "adm4_name2": null, "adm4_name3": null, "adm4_pcode": null, "adm3_name": "1re Section Boucassin", "adm3_name1": "1re Section Boucassin", "adm3_name2": null, "adm3_name3": null, "adm3_pcode": "HT0141-01", "adm2_name": "Arcahaie", "adm2_name1": "Arcahaie", "adm2_name2": null, "adm2_name3": null, "adm2_pcode": "HT0141", "adm1_name": "West", "adm1_name1": "Ouest", "adm1_name2": "Lwès", "adm1_name3": null, "adm1_pcode": "HT01", "adm0_name": "Haiti", "adm0_name1": null, "adm0_name2": null, "adm0_name3": null, "adm0_pcode": "HT", "valid_on": "2018-11-29", "valid_to": null, "version": "v01", "lang": "en", "lang1": "fr", "lang2": "ht", "lang3": null }, "geometry": { "type": "Point", "coordinates": [ -72.492713308999953, 18.78688688200009 ] } },
{ "type": "Feature", "properties": { "admin_level": 3, "name": "1re Section Boucassin", "name1": "1re Section Boucassin", "name2": null, "name3": null, "x_coord": -72.41159779, "y_coord": 18.74185588, "adm4_name": null, "adm4_name1": null, "adm4_name2": null, "adm4_name3": null, "adm4_pcode": null, "adm3_name": "1re Section Boucassin", "adm3_name1": "1re Section Boucassin", "adm3_name2": null, "adm3_name3": null, "adm3_pcode": "HT0142-01", "adm2_name": "Cabaret", "adm2_name1": "Cabaret", "adm2_name2": null, "adm2_name3": null, "adm2_pcode": "HT0142", "adm1_name": "West", "adm1_name1": "Ouest", "adm1_name2": "Lwès", "adm1_name3": null, "adm1_pcode": "HT01", "adm0_name": "Haiti", "adm0_name1": null, "adm0_name2": null, "adm0_name3": null, "adm0_pcode": "HT", "valid_on": "2018-11-29", "valid_to": null, "version": "v01", "lang": "en", "lang1": "fr", "lang2": "ht", "lang3": null }, "geometry": { "type": "Point", "coordinates": [ -72.41159778899987, 18.741855884000074 ] } },
{ "type": "Feature", "properties": { "admin_level": 3, "name": "1re Section Bourdet", "name1": "1re Section Bourdet", "name2": null, "name3": null, "x_coord": -73.77735182000001, "y_coord": 18.21668187, "adm4_name": null, "adm4_name1": null, "adm4_name2": null, "adm4_name3": null, "adm4_pcode": null, "adm3_name": "1re Section Bourdet", "adm3_name1": "1re Section Bourdet", "adm3_name2": null, "adm3_name3": null, "adm3_pcode": "HT0711-01", "adm2_name": "Les Cayes", "adm2_name1": "Les Cayes", "adm2_name2": null, "adm2_name3": null, "adm2_pcode": "HT0711", "adm1_name": "South", "adm1_name1": "Sud", "adm1_name2": "Sid", "adm1_name3": null, "adm1_pcode": "HT07", "adm0_name": "Haiti", "adm0_name1": null, "adm0_name2": null, "adm0_name3": null, "adm0_pcode": "HT", "valid_on": "2018-11-29", "valid_to": null, "version": "v01", "lang": "en", "lang1": "fr", "lang2": "ht", "lang3": null }, "geometry": { "type": "Point", "coordinates": [ -73.777351824999926, 18.216681873000141 ] } },
{ "type": "Feature", "properties": { "admin_level": 3, "name": "1re Section Boury", "name1": "1re Section Boury", "name2": null, "name3": null, "x_coord": -73.83549611, "y_coord": 18.16255329, "adm4_name": null, "adm4_name1": null, "adm4_name2": null, "adm4_name3": null, "adm4_pcode": null, "adm3_name": "1re Section Boury", "adm3_name1": "1re Section Boury", "adm3_name2": null, "adm3_name3": null, "adm3_pcode": "HT0712-01", "adm2_name": "Torbeck", "adm2_name1": "Torbeck", "adm2_name2": null, "adm2_name3": null, "adm2_pcode": "HT0712", "adm1_name": "South", "adm1_name1": "Sud", "adm1_name2": "Sid", "adm1_name3": null, "adm1_pcode": "HT07", "adm0_name": "Haiti", "adm0_name1": null, "adm0_name2": null, "adm0_name3": null, "adm0_pcode": "HT", "valid_on": "2018-11-29", "valid_to": null, "version": "v01", "lang": "en", "lang1": "fr", "lang2": "ht", "lang3": null }, "geometry": { "type": "Point", "coordinates": [ -73.83549610599988, 18.162553287000094 ] } },
{ "type": "Feature", "properties": { "admin_level": 3, "name": "1re Section Bresilienne", "name1": "1re Section Bresilienne", "name2": null, "name3": null, "x_coord": -72.67034347000001, "y_coord": 18.21951056, "adm4_name": null, "adm4_name1": null, "adm4_name2": null, "adm4_name3": null, "adm4_pcode": null, "adm3_name": "1re Section Bresilienne", "adm3_name1": "1re Section Bresilienne", "adm3_name2": null, "adm3_name3": null, "adm3_pcode": "HT0221-01", "adm2_name": "Bainet", "adm2_name1": "Bainet", "adm2_name2": null, "adm2_name3": null, "adm2_pcode": "HT0221", "adm1_name": "South-East", "adm1_name1": "Sud-Est", "adm1_name2": "Sidès", "adm1_name3": null, "adm1_pcode": "HT02", "adm0_name": "Haiti", "adm0_name1": null, "adm0_name2": null, "adm0_name3": null, "adm0_pcode": "HT", "valid_on": "2018-11-29", "valid_to": null, "version": "v01", "lang": "en", "lang1": "fr", "lang2": "ht", "lang3": null }, "geometry": { "type": "Point", "coordinates": [ -72.670343469999921, 18.219510564000188 ] } },
{ "type": "Feature", "properties": { "admin_level": 3, "name": "1re Section Brostage", "name1": "1re Section Brostage", "name2": null, "name3": null, "x_coord": -72.23549303, "y_coord": 19.55480174, "adm4_name": null, "adm4_name1": null, "adm4_name2": null, "adm4_name3": null, "adm4_pcode": null, "adm3_name": "1re Section Brostage", "adm3_name1": "1re Section Brostage", "adm3_name2": null, "adm3_name3": null, "adm3_pcode": "HT0342-01", "adm2_name": "Dondon", "adm2_name1": "Dondon", "adm2_name2": null, "adm2_name3": null, "adm2_pcode": "HT0342", "adm1_name": "North", "adm1_name1": "Nord", "adm1_name2": "Nò", "adm1_name3": null, "adm1_pcode": "HT03", "adm0_name": "Haiti", "adm0_name1": null, "adm0_name2": null, "adm0_name3": null, "adm0_pcode": "HT", "valid_on": "2018-11-29", "valid_to": null, "version": "v01", "lang": "en", "lang1": "fr", "lang2": "ht", "lang3": null }, "geometry": { "type": "Point", "coordinates": [ -72.23549303499982, 19.554801735000069 ] } },
{ "type": "Feature", "properties": { "admin_level": 3, "name": "1re Section Cabral", "name1": "1re Section Cabral", "name2": null, "name3": null, "x_coord": -71.98444265000001, "y_coord": 18.9966955, "adm4_name": null, "adm4_name1": null, "adm4_name2": null, "adm4_name3": null, "adm4_pcode": null, "adm3_name": "1re Section Cabral", "adm3_name1": "1re Section Cabral", "adm3_name2": null, "adm3_name3": null, "adm3_pcode": "HT0613-01", "adm2_name": "Thomonde", "adm2_name1": "Thomonde", "adm2_name2": null, "adm2_name3": null, "adm2_pcode": "HT0613", "adm1_name": "Centre", "adm1_name1": "Centre", "adm1_name2": "Sant", "adm1_name3": null, "adm1_pcode": "HT06", "adm0_name": "Haiti", "adm0_name1": null, "adm0_name2": null, "adm0_name3": null, "adm0_pcode": "HT", "valid_on": "2018-11-29", "valid_to": null, "version": "v01", "lang": "en", "lang1": "fr", "lang2": "ht", "lang3": null }, "geometry": { "type": "Point", "coordinates": [ -71.984442645999934, 18.996695496000086 ] } },
{ "type": "Feature", "properties": { "admin_level": 3, "name": "1re Section Camp-Louise", "name1": "1re Section Camp-Louise", "name2": null, "name3": null, "x_coord": -72.35736598, "y_coord": 19.74334335, "adm4_name": null, "adm4_name1": null, "adm4_name2": null, "adm4_name3": null, "adm4_pcode": null, "adm3_name": "1re Section Camp-Louise", "adm3_name1": "1re Section Camp-Louise", "adm3_name2": null, "adm3_name3": null, "adm3_pcode": "HT0321-01", "adm2_name": "Acul du Nord", "adm2_name1": "Acul du Nord", "adm2_name2": null, "adm2_name3": null, "adm2_pcode": "HT0321", "adm1_name": "North", "adm1_name1": "Nord", "adm1_name2": "Nò", "adm1_name3": null, "adm1_pcode": "HT03", "adm0_name": "Haiti", "adm0_name1": null, "adm0_name2": null, "adm0_name3": null, "adm0_pcode": "HT", "valid_on": "2018-11-29", "valid_to": null, "version": "v01", "lang": "en", "lang1": "fr", "lang2": "ht", "lang3": null }, "geometry": { "type": "Point", "coordinates": [ -72.357365975999983, 19.743343352000068 ] } },
{ "type": "Feature", "properties": { "admin_level": 3, "name": "1re Section Canot ou Riviere Canot", "name1": "1re Section Canot ou Rivière Canot", "name2": null, "name3": null, "x_coord": -72.20508456, "y_coord": 18.79519956, "adm4_name": null, "adm4_name1": null, "adm4_name2": null, "adm4_name3": null, "adm4_pcode": null, "adm3_name": "1re Section Canot ou Riviere Canot", "adm3_name1": "1re Section Canot ou Rivière Canot", "adm3_name2": null, "adm3_name3": null, "adm3_pcode": "HT0622-01", "adm2_name": "Saut d'Eau", "adm2_name1": "Saut d'Eau", "adm2_name2": null, "adm2_name3": null, "adm2_pcode": "HT0622", "adm1_name": "Centre", "adm1_name1": "Centre", "adm1_name2": "Sant", "adm1_name3": null, "adm1_pcode": "HT06", "adm0_name": "Haiti", "adm0_name1": null, "adm0_name2": null, "adm0_name3": null, "adm0_pcode": "HT", "valid_on": "2018-11-29", "valid_to": null, "version": "v01", "lang": "en", "lang1": "fr", "lang2": "ht", "lang3": null }, "geometry": { "type": "Point", "coordinates": [ -72.205084559999932, 18.795199563000153 ] } },
{ "type": "Feature", "properties": { "admin_level": 3, "name": "1re Section Capotille", "name1": "1re Section Capotille", "name2": null, "name3": null, "x_coord": -71.69979873, "y_coord": 19.47181587, "adm4_name": null, "adm4_name1": null, "adm4_name2": null, "adm4_name3": null, "adm4_pcode": null, "adm3_name": "1re Section Capotille", "adm3_name1": "1re Section Capotille", "adm3_name2": null, "adm3_name3": null, "adm3_pcode": "HT0422-01", "adm2_name": "Capotille", "adm2_name1": "Capotille", "adm2_name2": null, "adm2_name3": null, "adm2_pcode": "HT0422", "adm1_name": "North-East", "adm1_name1": "Nord-Est", "adm1_name2": "Nòdès", "adm1_name3": null, "adm1_pcode": "HT04", "adm0_name": "Haiti", "adm0_name1": null, "adm0_name2": null, "adm0_name3": null, "adm0_pcode": "HT", "valid_on": "2018-11-29", "valid_to": null, "version": "v01", "lang": "en", "lang1": "fr", "lang2": "ht", "lang3": null }, "geometry": { "type": "Point", "coordinates": [ -71.699798725999926, 19.471815870000057 ] } },
{ "type": "Feature", "properties": { "admin_level": 3, "name": "1re Section Carrefour Charles ou Jacqui", "name1": "1re Section Carrefour Charles ou Jacqui", "name2": null, "name3": null, "x_coord": -73.97486421000001, "y_coord": 18.55424976, "adm4_name": null, "adm4_name1": null, "adm4_name2": null, "adm4_name3": null, "adm4_pcode": null, "adm3_name": "1re Section Carrefour Charles ou Jacqui", "adm3_name1": "1re Section Carrefour Charles ou Jacqui", "adm3_name2": null, "adm3_name3": null, "adm3_pcode": "HT0832-01", "adm2_name": "Roseaux", "adm2_name1": "Roseaux", "adm2_name2": null, "adm2_name3": null, "adm2_pcode": "HT0832", "adm1_name": "Grande'Anse", "adm1_name1": "Grande'Anse", "adm1_name2": "Grandans", "adm1_name3": null, "adm1_pcode": "HT08", "adm0_name": "Haiti", "adm0_name1": null, "adm0_name2": null, "adm0_name3": null, "adm0_pcode": "HT", "valid_on": "2018-11-29", "valid_to": null, "version": "v01", "lang": "en", "lang1": "fr", "lang2": "ht", "lang3": null }, "geometry": { "type": "Point", "coordinates": [ -73.97486420599995, 18.554249761999984 ] } },
{ "type": "Feature", "properties": { "admin_level": 3, "name": "1re Section Chalon", "name1": "1re Section Chalon", "name2": null, "name3": null, "x_coord": -73.08090627, "y_coord": 18.41929399, "adm4_name": null, "adm4_name1": null, "adm4_name2": null, "adm4_name3": null, "adm4_pcode": null, "adm3_name": "1re Section Chalon", "adm3_name1": "1re Section Chalon", "adm3_name2": null, "adm3_name3": null, "adm3_pcode": "HT1011-01", "adm2_name": "Miragoane", "adm2_name1": "Miragoâne", "adm2_name2": null, "adm2_name3": null, "adm2_pcode": "HT1011", "adm1_name": "Nippes", "adm1_name1": "Nippes", "adm1_name2": "Nip", "adm1_name3": null, "adm1_pcode": "HT10", "adm0_name": "Haiti", "adm0_name1": null, "adm0_name2": null, "adm0_name3": null, "adm0_pcode": "HT", "valid_on": "2018-11-29", "valid_to": null, "version": "v01", "lang": "en", "lang1": "fr", "lang2": "ht", "lang3": null }, "geometry": { "type": "Point", "coordinates": [ -73.08090627099989, 18.419293987000174 ] } },
{ "type": "Feature", "properties": { "admin_level": 3, "name": "1re Section Champin", "name1": "1re Section Champin", "name2": null, "name3": null, "x_coord": -72.03527809000001, "y_coord": 19.67001035, "adm4_name": null, "adm4_name1": null, "adm4_name2": null, "adm4_name3": null, "adm4_pcode": null, "adm3_name": "1re Section Champin", "adm3_name1": "1re Section Champin", "adm3_name2": null, "adm3_name3": null, "adm3_pcode": "HT0434-01", "adm2_name": "Caracol", "adm2_name1": "Caracol", "adm2_name2": null, "adm2_name3": null, "adm2_pcode": "HT0434", "adm1_name": "North-East", "adm1_name1": "Nord-Est", "adm1_name2": "Nòdès", "adm1_name3": null, "adm1_pcode": "HT04", "adm0_name": "Haiti", "adm0_name1": null, "adm0_name2": null, "adm0_name3": null, "adm0_pcode": "HT", "valid_on": "2018-11-29", "valid_to": null, "version": "v01", "lang": "en", "lang1": "fr", "lang2": "ht", "lang3": null }, "geometry": { "type": "Point", "coordinates": [ -72.035278084999902, 19.670010354000112 ] } },
{ "type": "Feature", "properties": { "admin_level": 3, "name": "1re Section Chansolme", "name1": "1re Section Chansolme", "name2": null, "name3": null, "x_coord": -72.80553711, "y_coord": 19.87173263, "adm4_name": null, "adm4_name1": null, "adm4_name2": null, "adm4_name3": null, "adm4_pcode": null, "adm3_name": "1re Section Chansolme", "adm3_name1": "1re Section Chansolme", "adm3_name2": null, "adm3_name3": null, "adm3_pcode": "HT0914-01", "adm2_name": "Chamsolme", "adm2_name1": "Chamsolme", "adm2_name2": null, "adm2_name3": null, "adm2_pcode": "HT0914", "adm1_name": "North-West", "adm1_name1": "Nord-Ouest", "adm1_name2": "Nòdwès", "adm1_name3": null, "adm1_pcode": "HT09", "adm0_name": "Haiti", "adm0_name1": null, "adm0_name2": null, "adm0_name3": null, "adm0_pcode": "HT", "valid_on": "2018-11-29", "valid_to": null, "version": "v01", "lang": "en", "lang1": "fr", "lang2": "ht", "lang3": null }, "geometry": { "type": "Point", "coordinates": [ -72.805537104999985, 19.871732628000075 ] } },
{ "type": "Feature", "properties": { "admin_level": 3, "name": "1re Section Citerne Remy", "name1": "1re Section Citerne Remy", "name2": null, "name3": null, "x_coord": -73.25630748, "y_coord": 19.67871563, "adm4_name": null, "adm4_name1": null, "adm4_name2": null, "adm4_name3": null, "adm4_pcode": null, "adm3_name": "1re Section Citerne Remy", "adm3_name1": "1re Section Citerne Remy", "adm3_name2": null, "adm3_name3": null, "adm3_pcode": "HT0932-01", "adm2_name": "Baie de Henne", "adm2_name1": "Baie de Henne", "adm2_name2": null, "adm2_name3": null, "adm2_pcode": "HT0932", "adm1_name": "North-West", "adm1_name1": "Nord-Ouest", "adm1_name2": "Nòdwès", "adm1_name3": null, "adm1_pcode": "HT09", "adm0_name": "Haiti", "adm0_name1": null, "adm0_name2": null, "adm0_name3": null, "adm0_pcode": "HT", "valid_on": "2018-11-29", "valid_to": null, "version": "v01", "lang": "en", "lang1": "fr", "lang2": "ht", "lang3": null }, "geometry": { "type": "Point", "coordinates": [ -73.256307477999883, 19.678715632000092 ] } },
{ "type": "Feature", "properties": { "admin_level": 3, "name": "1re Section Colline des Chenes ou Bodarie", "name1": "1re Section Colline des Chênes ou Bodarie", "name2": null, "name3": null, "x_coord": -71.90087429, "y_coord": 18.25473575, "adm4_name": null, "adm4_name1": null, "adm4_name2": null, "adm4_name3": null, "adm4_pcode": null, "adm3_name": "1re Section Colline des Chenes ou Bodarie", "adm3_name1": "1re Section Colline des Chênes ou Bodarie", "adm3_name2": null, "adm3_name3": null, "adm3_pcode": "HT0232-01", "adm2_name": "Grand Gosier", "adm2_name1": "Grand Gosier", "adm2_name2": null, "adm2_name3": null, "adm2_pcode": "HT0232", "adm1_name": "South-East", "adm1_name1": "Sud-Est", "adm1_name2": "Sidès", "adm1_name3": null, "adm1_pcode": "HT02", "adm0_name": "Haiti", "adm0_name1": null, "adm0_name2": null, "adm0_name3": null, "adm0_pcode": "HT", "valid_on": "2018-11-29", "valid_to": null, "version": "v01", "lang": "en", "lang1": "fr", "lang2": "ht", "lang3": null }, "geometry": { "type": "Point", "coordinates": [ -71.900874293999891, 18.254735746000051 ] } },
{ "type": "Feature", "properties": { "admin_level": 3, "name": "1re Section Conde", "name1": "1re Section Conde", "name2": null, "name3": null, "x_coord": -74.00402022, "y_coord": 18.23130041, "adm4_name": null, "adm4_name1": null, "adm4_name2": null, "adm4_name3": null, "adm4_pcode": null, "adm3_name": "1re Section Conde", "adm3_name1": "1re Section Conde", "adm3_name2": null, "adm3_name3": null, "adm3_pcode": "HT0741-01", "adm2_name": "Coteaux", "adm2_name1": "Côteaux", "adm2_name2": null, "adm2_name3": null, "adm2_pcode": "HT0741", "adm1_name": "South", "adm1_name1": "Sud", "adm1_name2": "Sid", "adm1_name3": null, "adm1_pcode": "HT07", "adm0_name": "Haiti", "adm0_name1": null, "adm0_name2": null, "adm0_name3": null, "adm0_pcode": "HT", "valid_on": "2018-11-29", "valid_to": null, "version": "v01", "lang": "en", "lang1": "fr", "lang2": "ht", "lang3": null }, "geometry": { "type": "Point", "coordinates": [ -74.004020222999941, 18.231300411000177 ] } },
{ "type": "Feature", "properties": { "admin_level": 3, "name": "1re Section Corail Soult", "name1": "1re Section Corail Soult", "name2": null, "name3": null, "x_coord": -72.35414404, "y_coord": 18.27158036, "adm4_name": null, "adm4_name1": null, "adm4_name2": null, "adm4_name3": null, "adm4_pcode": null, "adm3_name": "1re Section Corail Soult", "adm3_name1": "1re Section Corail Soult", "adm3_name2": null, "adm3_name3": null, "adm3_pcode": "HT0212-01", "adm2_name": "Marigot", "adm2_name1": "Marigot", "adm2_name2": null, "adm2_name3": null, "adm2_pcode": "HT0212", "adm1_name": "South-East", "adm1_name1": "Sud-Est", "adm1_name2": "Sidès", "adm1_name3": null, "adm1_pcode": "HT02", "adm0_name": "Haiti", "adm0_name1": null, "adm0_name2": null, "adm0_name3": null, "adm0_pcode": "HT", "valid_on": "2018-11-29", "valid_to": null, "version": "v01", "lang": "en", "lang1": "fr", "lang2": "ht", "lang3": null }, "geometry": { "type": "Point", "coordinates": [ -72.354144044999941, 18.271580359000154 ] } },
{ "type": "Feature", "properties": { "admin_level": 3, "name": "1re Section Crete a Pins", "name1": "1re Section Crête à Pins", "name2": null, "name3": null, "x_coord": -72.34299827, "y_coord": 19.51840593, "adm4_name": null, "adm4_name1": null, "adm4_name2": null, "adm4_name3": null, "adm4_pcode": null, "adm3_name": "1re Section Crete a Pins", "adm3_name1": "1re Section Crête à Pins", "adm3_name2": null, "adm3_name3": null, "adm3_pcode": "HT0552-01", "adm2_name": "Marmelade", "adm2_name1": "Marmelade", "adm2_name2": null, "adm2_name3": null, "adm2_pcode": "HT0552", "adm1_name": "Artibonite", "adm1_name1": "Artibonite", "adm1_name2": "Latibonit", "adm1_name3": null, "adm1_pcode": "HT05", "adm0_name": "Haiti", "adm0_name1": null, "adm0_name2": null, "adm0_name3": null, "adm0_pcode": "HT", "valid_on": "2018-11-29", "valid_to": null, "version": "v01", "lang": "en", "lang1": "fr", "lang2": "ht", "lang3": null }, "geometry": { "type": "Point", "coordinates": [ -72.342998270999828, 19.518405931000132 ] } },
{ "type": "Feature", "properties": { "admin_level": 3, "name": "1re Section de Cotes de Fer", "name1": "1re Section de Cotes de Fer", "name2": null, "name3": null, "x_coord": -73.37650696, "y_coord": 19.77055655, "adm4_name": null, "adm4_name1": null, "adm4_name2": null, "adm4_name3": null, "adm4_pcode": null, "adm3_name": "1re Section de Cotes de Fer", "adm3_name1": "1re Section de Cotes de Fer", "adm3_name2": null, "adm3_name3": null, "adm3_pcode": "HT0931-01", "adm2_name": "Mole Saint Nicolas", "adm2_name1": "Môle Saint Nicolas", "adm2_name2": null, "adm2_name3": null, "adm2_pcode": "HT0931", "adm1_name": "North-West", "adm1_name1": "Nord-Ouest", "adm1_name2": "Nòdwès", "adm1_name3": null, "adm1_pcode": "HT09", "adm0_name": "Haiti", "adm0_name1": null, "adm0_name2": null, "adm0_name3": null, "adm0_pcode": "HT", "valid_on": "2018-11-29", "valid_to": null, "version": "v01", "lang": "en", "lang1": "fr", "lang2": "ht", "lang3": null }, "geometry": { "type": "Point", "coordinates": [ -73.376506956999947, 19.770556546000137 ] } },
{ "type": "Feature", "properties": { "admin_level": 3, "name": "1re Section de Desdunes", "name1": "1re Section de Desdunes", "name2": null, "name3": null, "x_coord": -72.6904752, "y_coord": 19.31353914, "adm4_name": null, "adm4_name1": null, "adm4_name2": null, "adm4_name3": null, "adm4_pcode": null, "adm3_name": "1re Section de Desdunes", "adm3_name1": "1re Section de Desdunes", "adm3_name2": null, "adm3_name3": null, "adm3_pcode": "HT0544-01", "adm2_name": "Desdunes", "adm2_name1": "Desdunes", "adm2_name2": null, "adm2_name3": null, "adm2_pcode": "HT0544", "adm1_name": "Artibonite", "adm1_name1": "Artibonite", "adm1_name2": "Latibonit", "adm1_name3": null, "adm1_pcode": "HT05", "adm0_name": "Haiti", "adm0_name1": null, "adm0_name2": null, "adm0_name3": null, "adm0_pcode": "HT", "valid_on": "2018-11-29", "valid_to": null, "version": "v01", "lang": "en", "lang1": "fr", "lang2": "ht", "lang3": null }, "geometry": { "type": "Point", "coordinates": [ -72.690475197999945, 19.313539139000113 ] } },
{ "type": "Feature", "properties": { "admin_level": 3, "name": "1re Section de Grande Plaine", "name1": "1re Section de Grande Plaine", "name2": null, "name3": null, "x_coord": -72.49123572000001, "y_coord": 19.72009809, "adm4_name": null, "adm4_name1": null, "adm4_name2": null, "adm4_name3": null, "adm4_pcode": null, "adm3_name": "1re Section de Grande Plaine", "adm3_name1": "1re Section de Grande Plaine", "adm3_name2": null, "adm3_name3": null, "adm3_pcode": "HT0352-01", "adm2_name": "Port-Margot", "adm2_name1": "Port-Margot", "adm2_name2": null, "adm2_name3": null, "adm2_pcode": "HT0352", "adm1_name": "North", "adm1_name1": "Nord", "adm1_name2": "Nò", "adm1_name3": null, "adm1_pcode": "HT03", "adm0_name": "Haiti", "adm0_name1": null, "adm0_name2": null, "adm0_name3": null, "adm0_pcode": "HT", "valid_on": "2018-11-29", "valid_to": null, "version": "v01", "lang": "en", "lang1": "fr", "lang2": "ht", "lang3": null }, "geometry": { "type": "Point", "coordinates": [ -72.491235723999921, 19.720098086000178 ] } },
{ "type": "Feature", "properties": { "admin_level": 3, "name": "1re Section de la Victoire", "name1": "1re Section de la Victoire", "name2": null, "name3": null, "x_coord": -72.01889465, "y_coord": 19.35161003, "adm4_name": null, "adm4_name1": null, "adm4_name2": null, "adm4_name3": null, "adm4_pcode": null, "adm3_name": "1re Section de la Victoire", "adm3_name1": "1re Section de la Victoire", "adm3_name2": null, "adm3_name3": null, "adm3_pcode": "HT0345-01", "adm2_name": "La Victoire", "adm2_name1": "La Victoire", "adm2_name2": null, "adm2_name3": null, "adm2_pcode": "HT0345", "adm1_name": "North", "adm1_name1": "Nord", "adm1_name2": "Nò", "adm1_name3": null, "adm1_pcode": "HT03", "adm0_name": "Haiti", "adm0_name1": null, "adm0_name2": null, "adm0_name3": null, "adm0_pcode": "HT", "valid_on": "2018-11-29", "valid_to": null, "version": "v01", "lang": "en", "lang1": "fr", "lang2": "ht", "lang3": null }, "geometry": { "type": "Point", "coordinates": [ -72.018894647999957, 19.3516100330001 ] } },
{ "type": "Feature", "properties": { "admin_level": 3, "name": "1re Section de Savanette (Colombier)", "name1": "1re Section de Savanette (Colombier)", "name2": null, "name3": null, "x_coord": -71.92385393000001, "y_coord": 18.7506087, "adm4_name": null, "adm4_name1": null, "adm4_name2": null, "adm4_name3": null, "adm4_pcode": null, "adm3_name": "1re Section de Savanette (Colombier)", "adm3_name1": "1re Section de Savanette (Colombier)", "adm3_name2": null, "adm3_name3": null, "adm3_pcode": "HT0633-01", "adm2_name": "Savanette", "adm2_name1": "Savanette", "adm2_name2": null, "adm2_name3": null, "adm2_pcode": "HT0633", "adm1_name": "Centre", "adm1_name1": "Centre", "adm1_name2": "Sant", "adm1_name3": null, "adm1_pcode": "HT06", "adm0_name": "Haiti", "adm0_name1": null, "adm0_name2": null, "adm0_name3": null, "adm0_pcode": "HT", "valid_on": "2018-11-29", "valid_to": null, "version": "v01", "lang": "en", "lang1": "fr", "lang2": "ht", "lang3": null }, "geometry": { "type": "Point", "coordinates": [ -71.92385393099994, 18.750608698000065 ] } },
{ "type": "Feature", "properties": { "admin_level": 3, "name": "1re Section Dejean", "name1": "1re Section Dejean", "name2": null, "name3": null, "x_coord": -74.31008654, "y_coord": 18.53603862, "adm4_name": null, "adm4_name1": null, "adm4_name2": null, "adm4_name3": null, "adm4_pcode": null, "adm3_name": "1re Section Dejean", "adm3_name1": "1re Section Dejean", "adm3_name2": null, "adm3_name3": null, "adm3_pcode": "HT0815-01", "adm2_name": "Chambellan", "adm2_name1": "Chambellan", "adm2_name2": null, "adm2_name3": null, "adm2_pcode": "HT0815", "adm1_name": "Grande'Anse", "adm1_name1": "Grande'Anse", "adm1_name2": "Grandans", "adm1_name3": null, "adm1_pcode": "HT08", "adm0_name": "Haiti", "adm0_name1": null, "adm0_name2": null, "adm0_name3": null, "adm0_pcode": "HT", "valid_on": "2018-11-29", "valid_to": null, "version": "v01", "lang": "en", "lang1": "fr", "lang2": "ht", "lang3": null }, "geometry": { "type": "Point", "coordinates": [ -74.310086538999883, 18.536038624000071 ] } },
{ "type": "Feature", "properties": { "admin_level": 3, "name": "1re Section Deluge", "name1": "1re Section Deluge", "name2": null, "name3": null, "x_coord": -72.70480145000001, "y_coord": 18.97383421, "adm4_name": null, "adm4_name1": null, "adm4_name2": null, "adm4_name3": null, "adm4_pcode": null, "adm3_name": "1re Section Deluge", "adm3_name1": "1re Section Deluge", "adm3_name2": null, "adm3_name3": null, "adm3_pcode": "HT0531-01", "adm2_name": "Saint-Marc", "adm2_name1": "Saint-Marc", "adm2_name2": null, "adm2_name3": null, "adm2_pcode": "HT0531", "adm1_name": "Artibonite", "adm1_name1": "Artibonite", "adm1_name2": "Latibonit", "adm1_name3": null, "adm1_pcode": "HT05", "adm0_name": "Haiti", "adm0_name1": null, "adm0_name2": null, "adm0_name3": null, "adm0_pcode": "HT", "valid_on": "2018-11-29", "valid_to": null, "version": "v01", "lang": "en", "lang1": "fr", "lang2": "ht", "lang3": null }, "geometry": { "type": "Point", "coordinates": [ -72.704801453999949, 18.973834211999986 ] } },
{ "type": "Feature", "properties": { "admin_level": 3, "name": "1re Section des Varreux", "name1": "1re Section des Varreux", "name2": null, "name3": null, "x_coord": -72.30486757, "y_coord": 18.59439778, "adm4_name": null, "adm4_name1": null, "adm4_name2": null, "adm4_name3": null, "adm4_pcode": null, "adm3_name": "1re Section des Varreux", "adm3_name1": "1re Section des Varreux", "adm3_name2": null, "adm3_name3": null, "adm3_pcode": "HT0117-02", "adm2_name": "Cite Soleil", "adm2_name1": "Cité Soleil", "adm2_name2": null, "adm2_name3": null, "adm2_pcode": "HT0117", "adm1_name": "West", "adm1_name1": "Ouest", "adm1_name2": "Lwès", "adm1_name3": null, "adm1_pcode": "HT01", "adm0_name": "Haiti", "adm0_name1": null, "adm0_name2": null, "adm0_name3": null, "adm0_pcode": "HT", "valid_on": "2018-11-29", "valid_to": null, "version": "v01", "lang": "en", "lang1": "fr", "lang2": "ht", "lang3": null }, "geometry": { "type": "Point", "coordinates": [ -72.304867565999928, 18.59439777900019 ] } },
{ "type": "Feature", "properties": { "admin_level": 3, "name": "1re Section des Varreux", "name1": "1re Section des Varreux", "name2": null, "name3": null, "x_coord": -72.30481783, "y_coord": 18.64044084, "adm4_name": null, "adm4_name1": null, "adm4_name2": null, "adm4_name3": null, "adm4_pcode": null, "adm3_name": "1re Section des Varreux", "adm3_name1": "1re Section des Varreux", "adm3_name2": null, "adm3_name3": null, "adm3_pcode": "HT0131-01", "adm2_name": "Croix-Des-Bouquets", "adm2_name1": "Croix-Des-Bouquets", "adm2_name2": null, "adm2_name3": null, "adm2_pcode": "HT0131", "adm1_name": "West", "adm1_name1": "Ouest", "adm1_name2": "Lwès", "adm1_name3": null, "adm1_pcode": "HT01", "adm0_name": "Haiti", "adm0_name1": null, "adm0_name2": null, "adm0_name3": null, "adm0_pcode": "HT", "valid_on": "2018-11-29", "valid_to": null, "version": "v01", "lang": "en", "lang1": "fr", "lang2": "ht", "lang3": null }, "geometry": { "type": "Point", "coordinates": [ -72.304817828999944, 18.640440836000153 ] } },
{ "type": "Feature", "properties": { "admin_level": 3, "name": "1re Section Desormeau ou Bonbon", "name1": "1re Section Desormeau ou Bonbon", "name2": null, "name3": null, "x_coord": -74.2385819, "y_coord": 18.63163407, "adm4_name": null, "adm4_name1": null, "adm4_name2": null, "adm4_name3": null, "adm4_pcode": null, "adm3_name": "1re Section Desormeau ou Bonbon", "adm3_name1": "1re Section Desormeau ou Bonbon", "adm3_name2": null, "adm3_name3": null, "adm3_pcode": "HT0813-01", "adm2_name": "Bonbon", "adm2_name1": "Bonbon", "adm2_name2": null, "adm2_name3": null, "adm2_pcode": "HT0813", "adm1_name": "Grande'Anse", "adm1_name1": "Grande'Anse", "adm1_name2": "Grandans", "adm1_name3": null, "adm1_pcode": "HT08", "adm0_name": "Haiti", "adm0_name1": null, "adm0_name2": null, "adm0_name3": null, "adm0_pcode": "HT", "valid_on": "2018-11-29", "valid_to": null, "version": "v01", "lang": "en", "lang1": "fr", "lang2": "ht", "lang3": null }, "geometry": { "type": "Point", "coordinates": [ -74.238581902999897, 18.63163407400009 ] } },
{ "type": "Feature", "properties": { "admin_level": 3, "name": "1re Section Dessources", "name1": "1re Section Dessources", "name2": null, "name3": null, "x_coord": -72.63915933, "y_coord": 18.47675136, "adm4_name": null, "adm4_name1": null, "adm4_name2": null, "adm4_name3": null, "adm4_pcode": null, "adm3_name": "1re Section Dessources", "adm3_name1": "1re Section Dessources", "adm3_name2": null, "adm3_name3": null, "adm3_pcode": "HT0121-01", "adm2_name": "Leogane", "adm2_name1": "Léogâne", "adm2_name2": null, "adm2_name3": null, "adm2_pcode": "HT0121", "adm1_name": "West", "adm1_name1": "Ouest", "adm1_name2": "Lwès", "adm1_name3": null, "adm1_pcode": "HT01", "adm0_name": "Haiti", "adm0_name1": null, "adm0_name2": null, "adm0_name3": null, "adm0_pcode": "HT", "valid_on": "2018-11-29", "valid_to": null, "version": "v01", "lang": "en", "lang1": "fr", "lang2": "ht", "lang3": null }, "geometry": { "type": "Point", "coordinates": [ -72.639159327999892, 18.47675136100014 ] } },
{ "type": "Feature", "properties": { "admin_level": 3, "name": "1re Section Doland", "name1": "1re Section Doland", "name2": null, "name3": null, "x_coord": -72.78949126000001, "y_coord": 19.57168316, "adm4_name": null, "adm4_name1": null, "adm4_name2": null, "adm4_name3": null, "adm4_pcode": null, "adm3_name": "1re Section Doland", "adm3_name1": "1re Section Doland", "adm3_name2": null, "adm3_name3": null, "adm3_pcode": "HT0522-01", "adm2_name": "Terre Neuve", "adm2_name1": "Terre Neuve", "adm2_name2": null, "adm2_name3": null, "adm2_pcode": "HT0522", "adm1_name": "Artibonite", "adm1_name1": "Artibonite", "adm1_name2": "Latibonit", "adm1_name3": null, "adm1_pcode": "HT05", "adm0_name": "Haiti", "adm0_name1": null, "adm0_name2": null, "adm0_name3": null, "adm0_pcode": "HT", "valid_on": "2018-11-29", "valid_to": null, "version": "v01", "lang": "en", "lang1": "fr", "lang2": "ht", "lang3": null }, "geometry": { "type": "Point", "coordinates": [ -72.78949126099991, 19.571683160000021 ] } },
{ "type": "Feature", "properties": { "admin_level": 3, "name": "1re Section Dumas", "name1": "1re Section Dumas", "name2": null, "name3": null, "x_coord": -71.81301823, "y_coord": 19.62827654, "adm4_name": null, "adm4_name1": null, "adm4_name2": null, "adm4_name3": null, "adm4_pcode": null, "adm3_name": "1re Section Dumas", "adm3_name1": "1re Section Dumas", "adm3_name2": null, "adm3_name3": null, "adm3_pcode": "HT0411-01", "adm2_name": "Fort-Liberte", "adm2_name1": "Fort-Liberté", "adm2_name2": null, "adm2_name3": null, "adm2_pcode": "HT0411", "adm1_name": "North-East", "adm1_name1": "Nord-Est", "adm1_name2": "Nòdès", "adm1_name3": null, "adm1_pcode": "HT04", "adm0_name": "Haiti", "adm0_name1": null, "adm0_name2": null, "adm0_name3": null, "adm0_pcode": "HT", "valid_on": "2018-11-29", "valid_to": null, "version": "v01", "lang": "en", "lang1": "fr", "lang2": "ht", "lang3": null }, "geometry": { "type": "Point", "coordinates": [ -71.813018230999944, 19.628276542000094 ] } },
{ "type": "Feature", "properties": { "admin_level": 3, "name": "1re Section Duquillon", "name1": "1re Section Duquillon", "name2": null, "name3": null, "x_coord": -73.88591807, "y_coord": 18.53348377, "adm4_name": null, "adm4_name1": null, "adm4_name2": null, "adm4_name3": null, "adm4_pcode": null, "adm3_name": "1re Section Duquillon", "adm3_name1": "1re Section Duquillon", "adm3_name2": null, "adm3_name3": null, "adm3_pcode": "HT0831-01", "adm2_name": "Corail", "adm2_name1": "Corail", "adm2_name2": null, "adm2_name3": null, "adm2_pcode": "HT0831", "adm1_name": "Grande'Anse", "adm1_name1": "Grande'Anse", "adm1_name2": "Grandans", "adm1_name3": null, "adm1_pcode": "HT08", "adm0_name": "Haiti", "adm0_name1": null, "adm0_name2": null, "adm0_name3": null, "adm0_pcode": "HT", "valid_on": "2018-11-29", "valid_to": null, "version": "v01", "lang": "en", "lang1": "fr", "lang2": "ht", "lang3": null }, "geometry": { "type": "Point", "coordinates": [ -73.885918067999967, 18.533483774000103 ] } },
{ "type": "Feature", "properties": { "admin_level": 3, "name": "1re Section Fond Blanc", "name1": "1re Section Fond Blanc", "name2": null, "name3": null, "x_coord": -71.93602367, "y_coord": 19.66321756, "adm4_name": null, "adm4_name1": null, "adm4_name2": null, "adm4_name3": null, "adm4_pcode": null, "adm3_name": "1re Section Fond Blanc", "adm3_name1": "1re Section Fond Blanc", "adm3_name2": null, "adm3_name3": null, "adm3_pcode": "HT0433-01", "adm2_name": "Terrier Rouge", "adm2_name1": "Terrier Rouge", "adm2_name2": null, "adm2_name3": null, "adm2_pcode": "HT0433", "adm1_name": "North-East", "adm1_name1": "Nord-Est", "adm1_name2": "Nòdès", "adm1_name3": null, "adm1_pcode": "HT04", "adm0_name": "Haiti", "adm0_name1": null, "adm0_name2": null, "adm0_name3": null, "adm0_pcode": "HT", "valid_on": "2018-11-29", "valid_to": null, "version": "v01", "lang": "en", "lang1": "fr", "lang2": "ht", "lang3": null }, "geometry": { "type": "Point", "coordinates": [ -71.93602367099993, 19.663217558000099 ] } },
{ "type": "Feature", "properties": { "admin_level": 3, "name": "1re Section Fond des Lianes", "name1": "1re Section Fond des Lianes", "name2": null, "name3": null, "x_coord": -73.25393531, "y_coord": 18.44651889, "adm4_name": null, "adm4_name1": null, "adm4_name2": null, "adm4_name3": null, "adm4_pcode": null, "adm3_name": "1re Section Fond des Lianes", "adm3_name1": "1re Section Fond des Lianes", "adm3_name2": null, "adm3_name3": null, "adm3_pcode": "HT1012-01", "adm2_name": "Petite Riviere de Nippes", "adm2_name1": "Petite Rivière de Nippes", "adm2_name2": null, "adm2_name3": null, "adm2_pcode": "HT1012", "adm1_name": "Nippes", "adm1_name1": "Nippes", "adm1_name2": "Nip", "adm1_name3": null, "adm1_pcode": "HT10", "adm0_name": "Haiti", "adm0_name1": null, "adm0_name2": null, "adm0_name3": null, "adm0_pcode": "HT", "valid_on": "2018-11-29", "valid_to": null, "version": "v01", "lang": "en", "lang1": "fr", "lang2": "ht", "lang3": null }, "geometry": { "type": "Point", "coordinates": [ -73.253935309999918, 18.446518895000168 ] } },
{ "type": "Feature", "properties": { "admin_level": 3, "name": "1re Section Fonds-Verrettes", "name1": "1re Section Fonds-Verrettes", "name2": null, "name3": null, "x_coord": -71.83852298, "y_coord": 18.36121088, "adm4_name": null, "adm4_name1": null, "adm4_name2": null, "adm4_name3": null, "adm4_pcode": null, "adm3_name": "1re Section Fonds-Verrettes", "adm3_name1": "1re Section Fonds-Verrettes", "adm3_name2": null, "adm3_name3": null, "adm3_pcode": "HT0135-01", "adm2_name": "Fonds-Verrettes", "adm2_name1": "Fonds-Verrettes", "adm2_name2": null, "adm2_name3": null, "adm2_pcode": "HT0135", "adm1_name": "West", "adm1_name1": "Ouest", "adm1_name2": "Lwès", "adm1_name3": null, "adm1_pcode": "HT01", "adm0_name": "Haiti", "adm0_name1": null, "adm0_name2": null, "adm0_name3": null, "adm0_pcode": "HT", "valid_on": "2018-11-29", "valid_to": null, "version": "v01", "lang": "en", "lang1": "fr", "lang2": "ht", "lang3": null }, "geometry": { "type": "Point", "coordinates": [ -71.838522980999983, 18.36121087600003 ] } },
{ "type": "Feature", "properties": { "admin_level": 3, "name": "1re Section Fonds Palmiste", "name1": "1re Section Fonds Palmiste", "name2": null, "name3": null, "x_coord": -73.91045875, "y_coord": 18.22836321, "adm4_name": null, "adm4_name1": null, "adm4_name2": null, "adm4_name3": null, "adm4_pcode": null, "adm3_name": "1re Section Fonds Palmiste", "adm3_name1": "1re Section Fonds Palmiste", "adm3_name2": null, "adm3_name3": null, "adm3_pcode": "HT0713-01", "adm2_name": "Chantal", "adm2_name1": "Chantal", "adm2_name2": null, "adm2_name3": null, "adm2_pcode": "HT0713", "adm1_name": "South", "adm1_name1": "Sud", "adm1_name2": "Sid", "adm1_name3": null, "adm1_pcode": "HT07", "adm0_name": "Haiti", "adm0_name1": null, "adm0_name2": null, "adm0_name3": null, "adm0_pcode": "HT", "valid_on": "2018-11-29", "valid_to": null, "version": "v01", "lang": "en", "lang1": "fr", "lang2": "ht", "lang3": null }, "geometry": { "type": "Point", "coordinates": [ -73.910458745999904, 18.228363209000179 ] } },
{ "type": "Feature", "properties": { "admin_level": 3, "name": "1re Section Foulon", "name1": "1re Section Foulon", "name2": null, "name3": null, "x_coord": -72.09880853, "y_coord": 19.60748525, "adm4_name": null, "adm4_name1": null, "adm4_name2": null, "adm4_name3": null, "adm4_pcode": null, "adm3_name": "1re Section Foulon", "adm3_name1": "1re Section Foulon", "adm3_name2": null, "adm3_name3": null, "adm3_pcode": "HT0432-01", "adm2_name": "Sainte Suzanne", "adm2_name1": "Sainte Suzanne", "adm2_name2": null, "adm2_name3": null, "adm2_pcode": "HT0432", "adm1_name": "North-East", "adm1_name1": "Nord-Est", "adm1_name2": "Nòdès", "adm1_name3": null, "adm1_pcode": "HT04", "adm0_name": "Haiti", "adm0_name1": null, "adm0_name2": null, "adm0_name3": null, "adm0_pcode": "HT", "valid_on": "2018-11-29", "valid_to": null, "version": "v01", "lang": "en", "lang1": "fr", "lang2": "ht", "lang3": null }, "geometry": { "type": "Point", "coordinates": [ -72.098808529999928, 19.607485253000164 ] } },
{ "type": "Feature", "properties": { "admin_level": 3, "name": "1re Section Galette Chambon", "name1": "1re Section Galette Chambon", "name2": null, "name3": null, "x_coord": -72.1145962, "y_coord": 18.53039225, "adm4_name": null, "adm4_name1": null, "adm4_name2": null, "adm4_name3": null, "adm4_pcode": null, "adm3_name": "1re Section Galette Chambon", "adm3_name1": "1re Section Galette Chambon", "adm3_name2": null, "adm3_name3": null, "adm3_pcode": "HT0133-01", "adm2_name": "Ganthier", "adm2_name1": "Ganthier", "adm2_name2": null, "adm2_name3": null, "adm2_pcode": "HT0133", "adm1_name": "West", "adm1_name1": "Ouest", "adm1_name2": "Lwès", "adm1_name3": null, "adm1_pcode": "HT01", "adm0_name": "Haiti", "adm0_name1": null, "adm0_name2": null, "adm0_name3": null, "adm0_pcode": "HT", "valid_on": "2018-11-29", "valid_to": null, "version": "v01", "lang": "en", "lang1": "fr", "lang2": "ht", "lang3": null }, "geometry": { "type": "Point", "coordinates": [ -72.114596200999983, 18.530392248999988 ] } },
{ "type": "Feature", "properties": { "admin_level": 3, "name": "1re Section Garcin", "name1": "1re Section Garcin", "name2": null, "name3": null, "x_coord": -72.00388031, "y_coord": 19.62489852, "adm4_name": null, "adm4_name1": null, "adm4_name2": null, "adm4_name3": null, "adm4_pcode": null, "adm3_name": "1re Section Garcin", "adm3_name1": "1re Section Garcin", "adm3_name2": null, "adm3_name3": null, "adm3_pcode": "HT0431-01", "adm2_name": "Trou du Nord", "adm2_name1": "Trou du Nord", "adm2_name2": null, "adm2_name3": null, "adm2_pcode": "HT0431", "adm1_name": "North-East", "adm1_name1": "Nord-Est", "adm1_name2": "Nòdès", "adm1_name3": null, "adm1_pcode": "HT04", "adm0_name": "Haiti", "adm0_name1": null, "adm0_name2": null, "adm0_name3": null, "adm0_pcode": "HT", "valid_on": "2018-11-29", "valid_to": null, "version": "v01", "lang": "en", "lang1": "fr", "lang2": "ht", "lang3": null }, "geometry": { "type": "Point", "coordinates": [ -72.003880313999957, 19.624898517000133 ] } },
{ "type": "Feature", "properties": { "admin_level": 3, "name": "1re Section Garde Champetre (Bas Limbe)", "name1": "1re Section Garde Champètre (Bas Limbe)", "name2": null, "name3": null, "x_coord": -72.40788467, "y_coord": 19.72431229, "adm4_name": null, "adm4_name1": null, "adm4_name2": null, "adm4_name3": null, "adm4_pcode": null, "adm3_name": "1re Section Garde Champetre (Bas Limbe)", "adm3_name1": "1re Section Garde Champètre (Bas Limbe)", "adm3_name2": null, "adm3_name3": null, "adm3_pcode": "HT0362-01", "adm2_name": "Bas Limbe", "adm2_name1": "Bas Limbé", "adm2_name2": null, "adm2_name3": null, "adm2_pcode": "HT0362", "adm1_name": "North", "adm1_name1": "Nord", "adm1_name2": "Nò", "adm1_name3": null, "adm1_pcode": "HT03", "adm0_name": "Haiti", "adm0_name1": null, "adm0_name2": null, "adm0_name3": null, "adm0_pcode": "HT", "valid_on": "2018-11-29", "valid_to": null, "version": "v01", "lang": "en", "lang1": "fr", "lang2": "ht", "lang3": null }, "geometry": { "type": "Point", "coordinates": [ -72.407884666999962, 19.724312294000129 ] } },
{ "type": "Feature", "properties": { "admin_level": 3, "name": "1re Section Gascogne", "name1": "1re Section Gascogne", "name2": null, "name3": null, "x_coord": -72.03373526, "y_coord": 18.76787406, "adm4_name": null, "adm4_name1": null, "adm4_name2": null, "adm4_name3": null, "adm4_pcode": null, "adm3_name": "1re Section Gascogne", "adm3_name1": "1re Section Gascogne", "adm3_name2": null, "adm3_name3": null, "adm3_pcode": "HT0621-01", "adm2_name": "Mirebalais", "adm2_name1": "Mirebalais", "adm2_name2": null, "adm2_name3": null, "adm2_pcode": "HT0621", "adm1_name": "Centre", "adm1_name1": "Centre", "adm1_name2": "Sant", "adm1_name3": null, "adm1_pcode": "HT06", "adm0_name": "Haiti", "adm0_name1": null, "adm0_name2": null, "adm0_name3": null, "adm0_pcode": "HT", "valid_on": "2018-11-29", "valid_to": null, "version": "v01", "lang": "en", "lang1": "fr", "lang2": "ht", "lang3": null }, "geometry": { "type": "Point", "coordinates": [ -72.033735259999958, 18.767874062999965 ] } },
{ "type": "Feature", "properties": { "admin_level": 3, "name": "1re Section Gerin ou Mouton", "name1": "1re Section Gerin ou Mouton", "name2": null, "name3": null, "x_coord": -73.61852284, "y_coord": 18.47424388, "adm4_name": null, "adm4_name1": null, "adm4_name2": null, "adm4_name3": null, "adm4_pcode": null, "adm3_name": "1re Section Gerin ou Mouton", "adm3_name1": "1re Section Gerin ou Mouton", "adm3_name2": null, "adm3_name3": null, "adm3_pcode": "HT1031-01", "adm2_name": "Baraderes", "adm2_name1": "Baradères", "adm2_name2": null, "adm2_name3": null, "adm2_pcode": "HT1031", "adm1_name": "Nippes", "adm1_name1": "Nippes", "adm1_name2": "Nip", "adm1_name3": null, "adm1_pcode": "HT10", "adm0_name": "Haiti", "adm0_name1": null, "adm0_name2": null, "adm0_name3": null, "adm0_pcode": "HT", "valid_on": "2018-11-29", "valid_to": null, "version": "v01", "lang": "en", "lang1": "fr", "lang2": "ht", "lang3": null }, "geometry": { "type": "Point", "coordinates": [ -73.618522841999948, 18.474243880000074 ] } },
{ "type": "Feature", "properties": { "admin_level": 3, "name": "1re Section Gobert ou Colline Gobert", "name1": "1re Section Gobert ou Colline Gobert", "name2": null, "name3": null, "x_coord": -72.50792242, "y_coord": 19.63616875, "adm4_name": null, "adm4_name1": null, "adm4_name2": null, "adm4_name3": null, "adm4_pcode": null, "adm3_name": "1re Section Gobert ou Colline Gobert", "adm3_name1": "1re Section Gobert ou Colline Gobert", "adm3_name2": null, "adm3_name3": null, "adm3_pcode": "HT0371-01", "adm2_name": "Plaisance", "adm2_name1": "Plaisance", "adm2_name2": null, "adm2_name3": null, "adm2_pcode": "HT0371", "adm1_name": "North", "adm1_name1": "Nord", "adm1_name2": "Nò", "adm1_name3": null, "adm1_pcode": "HT03", "adm0_name": "Haiti", "adm0_name1": null, "adm0_name2": null, "adm0_name3": null, "adm0_pcode": "HT", "valid_on": "2018-11-29", "valid_to": null, "version": "v01", "lang": "en", "lang1": "fr", "lang2": "ht", "lang3": null }, "geometry": { "type": "Point", "coordinates": [ -72.507922422999911, 19.636168752000117 ] } },
{ "type": "Feature", "properties": { "admin_level": 3, "name": "1re Section Grand-Boucan", "name1": "1re Section Grand-Boucan", "name2": null, "name3": null, "x_coord": -73.62291415, "y_coord": 18.57125819, "adm4_name": null, "adm4_name1": null, "adm4_name2": null, "adm4_name3": null, "adm4_pcode": null, "adm3_name": "1re Section Grand-Boucan", "adm3_name1": "1re Section Grand-Boucan", "adm3_name2": null, "adm3_name3": null, "adm3_pcode": "HT1032-01", "adm2_name": "Grand-Boucan", "adm2_name1": "Grand-Boucan", "adm2_name2": null, "adm2_name3": null, "adm2_pcode": "HT1032", "adm1_name": "Nippes", "adm1_name1": "Nippes", "adm1_name2": "Nip", "adm1_name3": null, "adm1_pcode": "HT10", "adm0_name": "Haiti", "adm0_name1": null, "adm0_name2": null, "adm0_name3": null, "adm0_pcode": "HT", "valid_on": "2018-11-29", "valid_to": null, "version": "v01", "lang": "en", "lang1": "fr", "lang2": "ht", "lang3": null }, "geometry": { "type": "Point", "coordinates": [ -73.622914145999914, 18.57125819100014 ] } },
{ "type": "Feature", "properties": { "admin_level": 3, "name": "1re Section Grand Fonds", "name1": "1re Section Grand Fonds", "name2": null, "name3": null, "x_coord": -73.47481264, "y_coord": 18.30690674, "adm4_name": null, "adm4_name1": null, "adm4_name2": null, "adm4_name3": null, "adm4_pcode": null, "adm3_name": "1re Section Grand Fonds", "adm3_name1": "1re Section Grand Fonds", "adm3_name2": null, "adm3_name3": null, "adm3_pcode": "HT0732-01", "adm2_name": "Saint Louis du Sud", "adm2_name1": "Saint Louis du Sud", "adm2_name2": null, "adm2_name3": null, "adm2_pcode": "HT0732", "adm1_name": "South", "adm1_name1": "Sud", "adm1_name2": "Sid", "adm1_name3": null, "adm1_pcode": "HT07", "adm0_name": "Haiti", "adm0_name1": null, "adm0_name2": null, "adm0_name3": null, "adm0_pcode": "HT", "valid_on": "2018-11-29", "valid_to": null, "version": "v01", "lang": "en", "lang1": "fr", "lang2": "ht", "lang3": null }, "geometry": { "type": "Point", "coordinates": [ -73.474812636999957, 18.30690673800018 ] } },
{ "type": "Feature", "properties": { "admin_level": 3, "name": "1re Section Grand Gilles", "name1": "1re Section Grand Gilles", "name2": null, "name3": null, "x_coord": -72.1851143, "y_coord": 19.59497503, "adm4_name": null, "adm4_name1": null, "adm4_name2": null, "adm4_name3": null, "adm4_pcode": null, "adm3_name": "1re Section Grand Gilles", "adm3_name1": "1re Section Grand Gilles", "adm3_name2": null, "adm3_name3": null, "adm3_pcode": "HT0331-01", "adm2_name": "Grande Riviere Du Nord", "adm2_name1": "Grande Riviere Du Nord", "adm2_name2": null, "adm2_name3": null, "adm2_pcode": "HT0331", "adm1_name": "North", "adm1_name1": "Nord", "adm1_name2": "Nò", "adm1_name3": null, "adm1_pcode": "HT03", "adm0_name": "Haiti", "adm0_name1": null, "adm0_name2": null, "adm0_name3": null, "adm0_pcode": "HT", "valid_on": "2018-11-29", "valid_to": null, "version": "v01", "lang": "en", "lang1": "fr", "lang2": "ht", "lang3": null }, "geometry": { "type": "Point", "coordinates": [ -72.185114301999931, 19.594975026000043 ] } },
{ "type": "Feature", "properties": { "admin_level": 3, "name": "1re Section Grande Plaine", "name1": "1re Section Grande Plaine", "name2": null, "name3": null, "x_coord": -72.10850791, "y_coord": 18.64778875, "adm4_name": null, "adm4_name1": null, "adm4_name2": null, "adm4_name3": null, "adm4_pcode": null, "adm3_name": "1re Section Grande Plaine", "adm3_name1": "1re Section Grande Plaine", "adm3_name2": null, "adm3_name3": null, "adm3_pcode": "HT0132-01", "adm2_name": "Thomazeau", "adm2_name1": "Thomazeau", "adm2_name2": null, "adm2_name3": null, "adm2_pcode": "HT0132", "adm1_name": "West", "adm1_name1": "Ouest", "adm1_name2": "Lwès", "adm1_name3": null, "adm1_pcode": "HT01", "adm0_name": "Haiti", "adm0_name1": null, "adm0_name2": null, "adm0_name3": null, "adm0_pcode": "HT", "valid_on": "2018-11-29", "valid_to": null, "version": "v01", "lang": "en", "lang1": "fr", "lang2": "ht", "lang3": null }, "geometry": { "type": "Point", "coordinates": [ -72.108507907999979, 18.647788752000054 ] } },
{ "type": "Feature", "properties": { "admin_level": 3, "name": "1re Section Grandoit", "name1": "1re Section Grandoit", "name2": null, "name3": null, "x_coord": -74.4276262, "y_coord": 18.4888066, "adm4_name": null, "adm4_name1": null, "adm4_name2": null, "adm4_name3": null, "adm4_pcode": null, "adm3_name": "1re Section Grandoit", "adm3_name1": "1re Section Grandoit", "adm3_name2": null, "adm3_name3": null, "adm3_pcode": "HT0821-01", "adm2_name": "Anse d'Hainault", "adm2_name1": "Anse d'Hainault", "adm2_name2": null, "adm2_name3": null, "adm2_pcode": "HT0821", "adm1_name": "Grande'Anse", "adm1_name1": "Grande'Anse", "adm1_name2": "Grandans", "adm1_name3": null, "adm1_pcode": "HT08", "adm0_name": "Haiti", "adm0_name1": null, "adm0_name2": null, "adm0_name3": null, "adm0_pcode": "HT", "valid_on": "2018-11-29", "valid_to": null, "version": "v01", "lang": "en", "lang1": "fr", "lang2": "ht", "lang3": null }, "geometry": { "type": "Point", "coordinates": [ -74.427626202999988, 18.488806596000074 ] } },
{ "type": "Feature", "properties": { "admin_level": 3, "name": "1re Section Gris Gris", "name1": "1re Section Gris Gris", "name2": null, "name3": null, "x_coord": -72.94874418000001, "y_coord": 18.21076076, "adm4_name": null, "adm4_name1": null, "adm4_name2": null, "adm4_name3": null, "adm4_pcode": null, "adm3_name": "1re Section Gris Gris", "adm3_name1": "1re Section Gris Gris", "adm3_name2": null, "adm3_name3": null, "adm3_pcode": "HT0222-01", "adm2_name": "Cotes de Fer", "adm2_name1": "Côtes de Fer", "adm2_name2": null, "adm2_name3": null, "adm2_pcode": "HT0222", "adm1_name": "South-East", "adm1_name1": "Sud-Est", "adm1_name2": "Sidès", "adm1_name3": null, "adm1_pcode": "HT02", "adm0_name": "Haiti", "adm0_name1": null, "adm0_name2": null, "adm0_name3": null, "adm0_pcode": "HT", "valid_on": "2018-11-29", "valid_to": null, "version": "v01", "lang": "en", "lang1": "fr", "lang2": "ht", "lang3": null }, "geometry": { "type": "Point", "coordinates": [ -72.948744182999917, 18.21076075600007 ] } },
{ "type": "Feature", "properties": { "admin_level": 3, "name": "1re Section Haut des Perches", "name1": "1re Section Haut des Perches", "name2": null, "name3": null, "x_coord": -71.93107095000001, "y_coord": 19.50049346, "adm4_name": null, "adm4_name1": null, "adm4_name2": null, "adm4_name3": null, "adm4_pcode": null, "adm3_name": "1re Section Haut des Perches", "adm3_name1": "1re Section Haut des Perches", "adm3_name2": null, "adm3_name3": null, "adm3_pcode": "HT0413-01", "adm2_name": "Perches", "adm2_name1": "Perches", "adm2_name2": null, "adm2_name3": null, "adm2_pcode": "HT0413", "adm1_name": "North-East", "adm1_name1": "Nord-Est", "adm1_name2": "Nòdès", "adm1_name3": null, "adm1_pcode": "HT04", "adm0_name": "Haiti", "adm0_name1": null, "adm0_name2": null, "adm0_name3": null, "adm0_pcode": "HT", "valid_on": "2018-11-29", "valid_to": null, "version": "v01", "lang": "en", "lang1": "fr", "lang2": "ht", "lang3": null }, "geometry": { "type": "Point", "coordinates": [ -71.931070950999924, 19.500493457000061 ] } },
{ "type": "Feature", "properties": { "admin_level": 3, "name": "1re Section Haut Limbe ou Acul Jeannot", "name1": "1re Section Haut Limbe ou Acul Jeannot", "name2": null, "name3": null, "x_coord": -72.36942964000001, "y_coord": 19.69547791, "adm4_name": null, "adm4_name1": null, "adm4_name2": null, "adm4_name3": null, "adm4_pcode": null, "adm3_name": "1re Section Haut Limbe ou Acul Jeannot", "adm3_name1": "1re Section Haut Limbe ou Acul Jeannot", "adm3_name2": null, "adm3_name3": null, "adm3_pcode": "HT0361-01", "adm2_name": "Limbe", "adm2_name1": "Limbé", "adm2_name2": null, "adm2_name3": null, "adm2_pcode": "HT0361", "adm1_name": "North", "adm1_name1": "Nord", "adm1_name2": "Nò", "adm1_name3": null, "adm1_pcode": "HT03", "adm0_name": "Haiti", "adm0_name1": null, "adm0_name2": null, "adm0_name3": null, "adm0_pcode": "HT", "valid_on": "2018-11-29", "valid_to": null, "version": "v01", "lang": "en", "lang1": "fr", "lang2": "ht", "lang3": null }, "geometry": { "type": "Point", "coordinates": [ -72.369429642999876, 19.695477905000132 ] } },
{ "type": "Feature", "properties": { "admin_level": 3, "name": "1re Section Haut Maribahoux", "name1": "1re Section Haut Maribahoux", "name2": null, "name3": null, "x_coord": -71.7635564, "y_coord": 19.55723878, "adm4_name": null, "adm4_name1": null, "adm4_name2": null, "adm4_name3": null, "adm4_pcode": null, "adm3_name": "1re Section Haut Maribahoux", "adm3_name1": "1re Section Haut Maribahoux", "adm3_name2": null, "adm3_name3": null, "adm3_pcode": "HT0421-01", "adm2_name": "Ouanaminthe", "adm2_name1": "Ouanaminthe", "adm2_name2": null, "adm2_name3": null, "adm2_pcode": "HT0421", "adm1_name": "North-East", "adm1_name1": "Nord-Est", "adm1_name2": "Nòdès", "adm1_name3": null, "adm1_pcode": "HT04", "adm0_name": "Haiti", "adm0_name1": null, "adm0_name2": null, "adm0_name3": null, "adm0_pcode": "HT", "valid_on": "2018-11-29", "valid_to": null, "version": "v01", "lang": "en", "lang1": "fr", "lang2": "ht", "lang3": null }, "geometry": { "type": "Point", "coordinates": [ -71.763556400999903, 19.557238782000013 ] } },
{ "type": "Feature", "properties": { "admin_level": 3, "name": "1re Section Île a Vache", "name1": "1re Section Île à Vache", "name2": null, "name3": null, "x_coord": -73.60883264, "y_coord": 18.08305955, "adm4_name": null, "adm4_name1": null, "adm4_name2": null, "adm4_name3": null, "adm4_pcode": null, "adm3_name": "1re Section Île a Vache", "adm3_name1": "1re Section Île à Vache", "adm3_name2": null, "adm3_name3": null, "adm3_pcode": "HT0716-01", "adm2_name": "Ile a Vache", "adm2_name1": "Île à Vache", "adm2_name2": null, "adm2_name3": null, "adm2_pcode": "HT0716", "adm1_name": "South", "adm1_name1": "Sud", "adm1_name2": "Sid", "adm1_name3": null, "adm1_pcode": "HT07", "adm0_name": "Haiti", "adm0_name1": null, "adm0_name2": null, "adm0_name3": null, "adm0_pcode": "HT", "valid_on": "2018-11-29", "valid_to": null, "version": "v01", "lang": "en", "lang1": "fr", "lang2": "ht", "lang3": null }, "geometry": { "type": "Point", "coordinates": [ -73.608832641999925, 18.083059548000165 ] } },
{ "type": "Feature", "properties": { "admin_level": 3, "name": "1re Section Juanaria", "name1": "1re Section Juanaria", "name2": null, "name3": null, "x_coord": -72.09955612, "y_coord": 19.09368791, "adm4_name": null, "adm4_name1": null, "adm4_name2": null, "adm4_name3": null, "adm4_pcode": null, "adm3_name": "1re Section Juanaria", "adm3_name1": "1re Section Juanaria", "adm3_name2": null, "adm3_name3": null, "adm3_pcode": "HT0611-01", "adm2_name": "Hinche", "adm2_name1": "Hinche", "adm2_name2": null, "adm2_name3": null, "adm2_pcode": "HT0611", "adm1_name": "Centre", "adm1_name1": "Centre", "adm1_name2": "Sant", "adm1_name3": null, "adm1_pcode": "HT06", "adm0_name": "Haiti", "adm0_name1": null, "adm0_name2": null, "adm0_name3": null, "adm0_pcode": "HT", "valid_on": "2018-11-29", "valid_to": null, "version": "v01", "lang": "en", "lang1": "fr", "lang2": "ht", "lang3": null }, "geometry": { "type": "Point", "coordinates": [ -72.099556120999978, 19.093687905000138 ] } },
{ "type": "Feature", "properties": { "admin_level": 3, "name": "1re Section l'Arbre", "name1": "1re Section l'Arbre", "name2": null, "name3": null, "x_coord": -73.00612147, "y_coord": 19.66874552, "adm4_name": null, "adm4_name1": null, "adm4_name2": null, "adm4_name3": null, "adm4_pcode": null, "adm3_name": "1re Section l'Arbre", "adm3_name1": "1re Section l'Arbre", "adm3_name2": null, "adm3_name3": null, "adm3_pcode": "HT0523-01", "adm2_name": "Anse Rouge", "adm2_name1": "Anse Rouge", "adm2_name2": null, "adm2_name3": null, "adm2_pcode": "HT0523", "adm1_name": "Artibonite", "adm1_name1": "Artibonite", "adm1_name2": "Latibonit", "adm1_name3": null, "adm1_pcode": "HT05", "adm0_name": "Haiti", "adm0_name1": null, "adm0_name2": null, "adm0_name3": null, "adm0_pcode": "HT", "valid_on": "2018-11-29", "valid_to": null, "version": "v01", "lang": "en", "lang1": "fr", "lang2": "ht", "lang3": null }, "geometry": { "type": "Point", "coordinates": [ -73.006121467999947, 19.66874552500019 ] } },
{ "type": "Feature", "properties": { "admin_level": 3, "name": "1re Section l'Asile ou Nan Paul", "name1": "1re Section l'Asile ou Nan Paul", "name2": null, "name3": null, "x_coord": -73.42832917, "y_coord": 18.40773532, "adm4_name": null, "adm4_name1": null, "adm4_name2": null, "adm4_name3": null, "adm4_pcode": null, "adm3_name": "1re Section l'Asile ou Nan Paul", "adm3_name1": "1re Section l'Asile ou Nan Paul", "adm3_name2": null, "adm3_name3": null, "adm3_pcode": "HT1023-03", "adm2_name": "L'Asile", "adm2_name1": "L'Asile", "adm2_name2": null, "adm2_name3": null, "adm2_pcode": "HT1023", "adm1_name": "Nippes", "adm1_name1": "Nippes", "adm1_name2": "Nip", "adm1_name3": null, "adm1_pcode": "HT10", "adm0_name": "Haiti", "adm0_name1": null, "adm0_name2": null, "adm0_name3": null, "adm0_pcode": "HT", "valid_on": "2018-11-29", "valid_to": null, "version": "v01", "lang": "en", "lang1": "fr", "lang2": "ht", "lang3": null }, "geometry": { "type": "Point", "coordinates": [ -73.428329171999962, 18.407735321000189 ] } },
{ "type": "Feature", "properties": { "admin_level": 3, "name": "1re Section La Croix Perisse", "name1": "1re Section La Croix Perisse", "name2": null, "name3": null, "x_coord": -72.55583121, "y_coord": 19.349831, "adm4_name": null, "adm4_name1": null, "adm4_name2": null, "adm4_name3": null, "adm4_pcode": null, "adm3_name": "1re Section La Croix Perisse", "adm3_name1": "1re Section La Croix Perisse", "adm3_name2": null, "adm3_name3": null, "adm3_pcode": "HT0513-01", "adm2_name": "L'Estere", "adm2_name1": "L'Estère", "adm2_name2": null, "adm2_name3": null, "adm2_pcode": "HT0513", "adm1_name": "Artibonite", "adm1_name1": "Artibonite", "adm1_name2": "Latibonit", "adm1_name3": null, "adm1_pcode": "HT05", "adm0_name": "Haiti", "adm0_name1": null, "adm0_name2": null, "adm0_name3": null, "adm0_pcode": "HT", "valid_on": "2018-11-29", "valid_to": null, "version": "v01", "lang": "en", "lang1": "fr", "lang2": "ht", "lang3": null }, "geometry": { "type": "Point", "coordinates": [ -72.555831210999941, 19.349831 ] } },
{ "type": "Feature", "properties": { "admin_level": 3, "name": "1re Section La Plate", "name1": "1re Section La Plate", "name2": null, "name3": null, "x_coord": -72.76869542, "y_coord": 19.81709557, "adm4_name": null, "adm4_name1": null, "adm4_name2": null, "adm4_name3": null, "adm4_pcode": null, "adm3_name": "1re Section La Plate", "adm3_name1": "1re Section La Plate", "adm3_name2": null, "adm3_name3": null, "adm3_pcode": "HT0913-01", "adm2_name": "Bassin Bleu", "adm2_name1": "Bassin Bleu", "adm2_name2": null, "adm2_name3": null, "adm2_pcode": "HT0913", "adm1_name": "North-West", "adm1_name1": "Nord-Ouest", "adm1_name2": "Nòdwès", "adm1_name3": null, "adm1_pcode": "HT09", "adm0_name": "Haiti", "adm0_name1": null, "adm0_name2": null, "adm0_name3": null, "adm0_pcode": "HT", "valid_on": "2018-11-29", "valid_to": null, "version": "v01", "lang": "en", "lang1": "fr", "lang2": "ht", "lang3": null }, "geometry": { "type": "Point", "coordinates": [ -72.768695418999926, 19.817095573000074 ] } },
{ "type": "Feature", "properties": { "admin_level": 3, "name": "1re Section la Source", "name1": "1re Section la Source", "name2": null, "name3": null, "x_coord": -73.23326692000001, "y_coord": 18.88404719, "adm4_name": null, "adm4_name1": null, "adm4_name2": null, "adm4_name3": null, "adm4_pcode": null, "adm3_name": "1re Section la Source", "adm3_name1": "1re Section la Source", "adm3_name2": null, "adm3_name3": null, "adm3_pcode": "HT0152-02", "adm2_name": "Pointe a Raquette", "adm2_name1": "Pointe à Raquette", "adm2_name2": null, "adm2_name3": null, "adm2_pcode": "HT0152", "adm1_name": "West", "adm1_name1": "Ouest", "adm1_name2": "Lwès", "adm1_name3": null, "adm1_pcode": "HT01", "adm0_name": "Haiti", "adm0_name1": null, "adm0_name2": null, "adm0_name3": null, "adm0_pcode": "HT", "valid_on": "2018-11-29", "valid_to": null, "version": "v01", "lang": "en", "lang1": "fr", "lang2": "ht", "lang3": null }, "geometry": { "type": "Point", "coordinates": [ -73.233266922999974, 18.884047194000061 ] } },
{ "type": "Feature", "properties": { "admin_level": 3, "name": "1re Section La Vallee de Jacmel ou Muzac", "name1": "1re Section La Vallee de Jacmel ou Muzac", "name2": null, "name3": null, "x_coord": -72.66498758, "y_coord": 18.26743556, "adm4_name": null, "adm4_name1": null, "adm4_name2": null, "adm4_name3": null, "adm4_pcode": null, "adm3_name": "1re Section La Vallee de Jacmel ou Muzac", "adm3_name1": "1re Section La Vallee de Jacmel ou Muzac", "adm3_name2": null, "adm3_name3": null, "adm3_pcode": "HT0214-01", "adm2_name": "La Vallee", "adm2_name1": "La Vallée", "adm2_name2": null, "adm2_name3": null, "adm2_pcode": "HT0214", "adm1_name": "South-East", "adm1_name1": "Sud-Est", "adm1_name2": "Sidès", "adm1_name3": null, "adm1_pcode": "HT02", "adm0_name": "Haiti", "adm0_name1": null, "adm0_name2": null, "adm0_name3": null, "adm0_pcode": "HT", "valid_on": "2018-11-29", "valid_to": null, "version": "v01", "lang": "en", "lang1": "fr", "lang2": "ht", "lang3": null }, "geometry": { "type": "Point", "coordinates": [ -72.664987576999977, 18.267435559000035 ] } },
{ "type": "Feature", "properties": { "admin_level": 3, "name": "1re Section Lacoma", "name1": "1re Section Lacoma", "name2": null, "name3": null, "x_coord": -73.05697184, "y_coord": 19.82700529, "adm4_name": null, "adm4_name1": null, "adm4_name2": null, "adm4_name3": null, "adm4_pcode": null, "adm3_name": "1re Section Lacoma", "adm3_name1": "1re Section Lacoma", "adm3_name2": null, "adm3_name3": null, "adm3_pcode": "HT0934-01", "adm2_name": "Jean Rabel", "adm2_name1": "Jean Rabel", "adm2_name2": null, "adm2_name3": null, "adm2_pcode": "HT0934", "adm1_name": "North-West", "adm1_name1": "Nord-Ouest", "adm1_name2": "Nòdwès", "adm1_name3": null, "adm1_pcode": "HT09", "adm0_name": "Haiti", "adm0_name1": null, "adm0_name2": null, "adm0_name3": null, "adm0_pcode": "HT", "valid_on": "2018-11-29", "valid_to": null, "version": "v01", "lang": "en", "lang1": "fr", "lang2": "ht", "lang3": null }, "geometry": { "type": "Point", "coordinates": [ -73.056971837999981, 19.827005289000056 ] } },
{ "type": "Feature", "properties": { "admin_level": 3, "name": "1re Section Lazarre", "name1": "1re Section Lazarre", "name2": null, "name3": null, "x_coord": -73.91476322, "y_coord": 18.17886137, "adm4_name": null, "adm4_name1": null, "adm4_name2": null, "adm4_name3": null, "adm4_pcode": null, "adm3_name": "1re Section Lazarre", "adm3_name1": "1re Section Lazarre", "adm3_name2": null, "adm3_name3": null, "adm3_pcode": "HT0723-01", "adm2_name": "Arniquet", "adm2_name1": "Arniquet", "adm2_name2": null, "adm2_name3": null, "adm2_pcode": "HT0723", "adm1_name": "South", "adm1_name1": "Sud", "adm1_name2": "Sid", "adm1_name3": null, "adm1_pcode": "HT07", "adm0_name": "Haiti", "adm0_name1": null, "adm0_name2": null, "adm0_name3": null, "adm0_pcode": "HT", "valid_on": "2018-11-29", "valid_to": null, "version": "v01", "lang": "en", "lang1": "fr", "lang2": "ht", "lang3": null }, "geometry": { "type": "Point", "coordinates": [ -73.914763223999898, 18.178861374000178 ] } },
{ "type": "Feature", "properties": { "admin_level": 3, "name": "1re Section Levy Mersan", "name1": "1re Section Levy Mersan", "name2": null, "name3": null, "x_coord": -73.84726222, "y_coord": 18.29884886, "adm4_name": null, "adm4_name1": null, "adm4_name2": null, "adm4_name3": null, "adm4_pcode": null, "adm3_name": "1re Section Levy Mersan", "adm3_name1": "1re Section Levy Mersan", "adm3_name2": null, "adm3_name3": null, "adm3_pcode": "HT0714-01", "adm2_name": "Camp-Perrin", "adm2_name1": "Camp-Perrin", "adm2_name2": null, "adm2_name3": null, "adm2_pcode": "HT0714", "adm1_name": "South", "adm1_name1": "Sud", "adm1_name2": "Sid", "adm1_name3": null, "adm1_pcode": "HT07", "adm0_name": "Haiti", "adm0_name1": null, "adm0_name2": null, "adm0_name3": null, "adm0_pcode": "HT", "valid_on": "2018-11-29", "valid_to": null, "version": "v01", "lang": "en", "lang1": "fr", "lang2": "ht", "lang3": null }, "geometry": { "type": "Point", "coordinates": [ -73.84726222099988, 18.298848858000099 ] } },
{ "type": "Feature", "properties": { "admin_level": 3, "name": "1re Section Liancourt", "name1": "1re Section Liancourt", "name2": null, "name3": null, "x_coord": -72.55781545000001, "y_coord": 19.13019303, "adm4_name": null, "adm4_name1": null, "adm4_name2": null, "adm4_name3": null, "adm4_pcode": null, "adm3_name": "1re Section Liancourt", "adm3_name1": "1re Section Liancourt", "adm3_name2": null, "adm3_name3": null, "adm3_pcode": "HT0532-01", "adm2_name": "Verrettes", "adm2_name1": "Verrettes", "adm2_name2": null, "adm2_name3": null, "adm2_pcode": "HT0532", "adm1_name": "Artibonite", "adm1_name1": "Artibonite", "adm1_name2": "Latibonit", "adm1_name3": null, "adm1_pcode": "HT05", "adm0_name": "Haiti", "adm0_name1": null, "adm0_name2": null, "adm0_name3": null, "adm0_pcode": "HT", "valid_on": "2018-11-29", "valid_to": null, "version": "v01", "lang": "en", "lang1": "fr", "lang2": "ht", "lang3": null }, "geometry": { "type": "Point", "coordinates": [ -72.557815448999918, 19.130193030000157 ] } },
{ "type": "Feature", "properties": { "admin_level": 3, "name": "1re Section Macean", "name1": "1re Section Macéan", "name2": null, "name3": null, "x_coord": -73.32631644, "y_coord": 18.26790795, "adm4_name": null, "adm4_name1": null, "adm4_name2": null, "adm4_name3": null, "adm4_pcode": null, "adm3_name": "1re Section Macean", "adm3_name1": "1re Section Macéan", "adm3_name2": null, "adm3_name3": null, "adm3_pcode": "HT0731-01", "adm2_name": "Aquin", "adm2_name1": "Aquin", "adm2_name2": null, "adm2_name3": null, "adm2_pcode": "HT0731", "adm1_name": "South", "adm1_name1": "Sud", "adm1_name2": "Sid", "adm1_name3": null, "adm1_pcode": "HT07", "adm0_name": "Haiti", "adm0_name1": null, "adm0_name2": null, "adm0_name3": null, "adm0_pcode": "HT", "valid_on": "2018-11-29", "valid_to": null, "version": "v01", "lang": "en", "lang1": "fr", "lang2": "ht", "lang3": null }, "geometry": { "type": "Point", "coordinates": [ -73.326316439999971, 18.267907954000123 ] } },
{ "type": "Feature", "properties": { "admin_level": 3, "name": "1re Section Maniche", "name1": "1re Section Maniche", "name2": null, "name3": null, "x_coord": -73.74363601, "y_coord": 18.3332744, "adm4_name": null, "adm4_name1": null, "adm4_name2": null, "adm4_name3": null, "adm4_pcode": null, "adm3_name": "1re Section Maniche", "adm3_name1": "1re Section Maniche", "adm3_name2": null, "adm3_name3": null, "adm3_pcode": "HT0715-01", "adm2_name": "Maniche", "adm2_name1": "Maniche", "adm2_name2": null, "adm2_name3": null, "adm2_pcode": "HT0715", "adm1_name": "South", "adm1_name1": "Sud", "adm1_name2": "Sid", "adm1_name3": null, "adm1_pcode": "HT07", "adm0_name": "Haiti", "adm0_name1": null, "adm0_name2": null, "adm0_name3": null, "adm0_pcode": "HT", "valid_on": "2018-11-29", "valid_to": null, "version": "v01", "lang": "en", "lang1": "fr", "lang2": "ht", "lang3": null }, "geometry": { "type": "Point", "coordinates": [ -73.743636009999932, 18.333274404000122 ] } },
{ "type": "Feature", "properties": { "admin_level": 3, "name": "1re Section Margot", "name1": "1re Section Margot", "name2": null, "name3": null, "x_coord": -72.55266724000001, "y_coord": 19.81461027, "adm4_name": null, "adm4_name1": null, "adm4_name2": null, "adm4_name3": null, "adm4_pcode": null, "adm3_name": "1re Section Margot", "adm3_name1": "1re Section Margot", "adm3_name2": null, "adm3_name3": null, "adm3_pcode": "HT0351-01", "adm2_name": "Borgne", "adm2_name1": "Borgne", "adm2_name2": null, "adm2_name3": null, "adm2_pcode": "HT0351", "adm1_name": "North", "adm1_name1": "Nord", "adm1_name2": "Nò", "adm1_name3": null, "adm1_pcode": "HT03", "adm0_name": "Haiti", "adm0_name1": null, "adm0_name2": null, "adm0_name3": null, "adm0_pcode": "HT", "valid_on": "2018-11-29", "valid_to": null, "version": "v01", "lang": "en", "lang1": "fr", "lang2": "ht", "lang3": null }, "geometry": { "type": "Point", "coordinates": [ -72.552667238999902, 19.81461027000006 ] } },
{ "type": "Feature", "properties": { "admin_level": 3, "name": "1re Section Martineau", "name1": "1re Section Martineau", "name2": null, "name3": null, "x_coord": -72.30434337, "y_coord": 18.8971834, "adm4_name": null, "adm4_name1": null, "adm4_name2": null, "adm4_name3": null, "adm4_pcode": null, "adm3_name": "1re Section Martineau", "adm3_name1": "1re Section Martineau", "adm3_name2": null, "adm3_name3": null, "adm3_pcode": "HT0533-01", "adm2_name": "La Chapelle", "adm2_name1": "La Chapelle", "adm2_name2": null, "adm2_name3": null, "adm2_pcode": "HT0533", "adm1_name": "Artibonite", "adm1_name1": "Artibonite", "adm1_name2": "Latibonit", "adm1_name3": null, "adm1_pcode": "HT05", "adm0_name": "Haiti", "adm0_name1": null, "adm0_name2": null, "adm0_name3": null, "adm0_pcode": "HT", "valid_on": "2018-11-29", "valid_to": null, "version": "v01", "lang": "en", "lang1": "fr", "lang2": "ht", "lang3": null }, "geometry": { "type": "Point", "coordinates": [ -72.304343373999927, 18.897183400000188 ] } },
{ "type": "Feature", "properties": { "admin_level": 3, "name": "1re Section Matador (Jorgue)", "name1": "1re Section Matador (Jorgue)", "name2": null, "name3": null, "x_coord": -74.34327958, "y_coord": 18.40639639, "adm4_name": null, "adm4_name1": null, "adm4_name2": null, "adm4_name3": null, "adm4_pcode": null, "adm3_name": "1re Section Matador (Jorgue)", "adm3_name1": "1re Section Matador (Jorgue)", "adm3_name2": null, "adm3_name3": null, "adm3_pcode": "HT0823-01", "adm2_name": "Les Irois", "adm2_name1": "Les Irois", "adm2_name2": null, "adm2_name3": null, "adm2_pcode": "HT0823", "adm1_name": "Grande'Anse", "adm1_name1": "Grande'Anse", "adm1_name2": "Grandans", "adm1_name3": null, "adm1_pcode": "HT08", "adm0_name": "Haiti", "adm0_name1": null, "adm0_name2": null, "adm0_name3": null, "adm0_pcode": "HT", "valid_on": "2018-11-29", "valid_to": null, "version": "v01", "lang": "en", "lang1": "fr", "lang2": "ht", "lang3": null }, "geometry": { "type": "Point", "coordinates": [ -74.343279583999959, 18.40639639300008 ] } },
{ "type": "Feature", "properties": { "admin_level": 3, "name": "1re Section Matelgate", "name1": "1re Section Matelgate", "name2": null, "name3": null, "x_coord": -71.8767015, "y_coord": 19.08545836, "adm4_name": null, "adm4_name1": null, "adm4_name2": null, "adm4_name3": null, "adm4_pcode": null, "adm3_name": "1re Section Matelgate", "adm3_name1": "1re Section Matelgate", "adm3_name2": null, "adm3_name3": null, "adm3_pcode": "HT0642-01", "adm2_name": "Thomassique", "adm2_name1": "Thomassique", "adm2_name2": null, "adm2_name3": null, "adm2_pcode": "HT0642", "adm1_name": "Centre", "adm1_name1": "Centre", "adm1_name2": "Sant", "adm1_name3": null, "adm1_pcode": "HT06", "adm0_name": "Haiti", "adm0_name1": null, "adm0_name2": null, "adm0_name3": null, "adm0_pcode": "HT", "valid_on": "2018-11-29", "valid_to": null, "version": "v01", "lang": "en", "lang1": "fr", "lang2": "ht", "lang3": null }, "geometry": { "type": "Point", "coordinates": [ -71.876701500999843, 19.085458362 ] } },
{ "type": "Feature", "properties": { "admin_level": 3, "name": "1re Section Montagne Noire", "name1": "1re Section Montagne Noire", "name2": null, "name3": null, "x_coord": -72.31248482, "y_coord": 18.46795019, "adm4_name": null, "adm4_name1": null, "adm4_name2": null, "adm4_name3": null, "adm4_pcode": null, "adm3_name": "1re Section Montagne Noire", "adm3_name1": "1re Section Montagne Noire", "adm3_name2": null, "adm3_name3": null, "adm3_pcode": "HT0114-01", "adm2_name": "Petion-Ville", "adm2_name1": "Pétion-Ville", "adm2_name2": null, "adm2_name3": null, "adm2_pcode": "HT0114", "adm1_name": "West", "adm1_name1": "Ouest", "adm1_name2": "Lwès", "adm1_name3": null, "adm1_pcode": "HT01", "adm0_name": "Haiti", "adm0_name1": null, "adm0_name2": null, "adm0_name3": null, "adm0_pcode": "HT", "valid_on": "2018-11-29", "valid_to": null, "version": "v01", "lang": "en", "lang1": "fr", "lang2": "ht", "lang3": null }, "geometry": { "type": "Point", "coordinates": [ -72.312484819999952, 18.467950193000036 ] } },
{ "type": "Feature", "properties": { "admin_level": 3, "name": "1re Section Morne a Bateau", "name1": "1re Section Morne à Bateau", "name2": null, "name3": null, "x_coord": -72.47677699, "y_coord": 18.52759922, "adm4_name": null, "adm4_name1": null, "adm4_name2": null, "adm4_name3": null, "adm4_pcode": null, "adm3_name": "1re Section Morne a Bateau", "adm3_name1": "1re Section Morne à Bateau", "adm3_name2": null, "adm3_name3": null, "adm3_pcode": "HT0116-01", "adm2_name": "Gressier", "adm2_name1": "Gressier", "adm2_name2": null, "adm2_name3": null, "adm2_pcode": "HT0116", "adm1_name": "West", "adm1_name1": "Ouest", "adm1_name2": "Lwès", "adm1_name3": null, "adm1_pcode": "HT01", "adm0_name": "Haiti", "adm0_name1": null, "adm0_name2": null, "adm0_name3": null, "adm0_pcode": "HT", "valid_on": "2018-11-29", "valid_to": null, "version": "v01", "lang": "en", "lang1": "fr", "lang2": "ht", "lang3": null }, "geometry": { "type": "Point", "coordinates": [ -72.476776993999977, 18.527599222000106 ] } },
{ "type": "Feature", "properties": { "admin_level": 3, "name": "1re Section Morne Chandelle", "name1": "1re Section Morne Chandelle", "name2": null, "name3": null, "x_coord": -72.43550349, "y_coord": 18.49466606, "adm4_name": null, "adm4_name1": null, "adm4_name2": null, "adm4_name3": null, "adm4_pcode": null, "adm3_name": "1re Section Morne Chandelle", "adm3_name1": "1re Section Morne Chandelle", "adm3_name2": null, "adm3_name3": null, "adm3_pcode": "HT0113-01", "adm2_name": "Carrefour", "adm2_name1": "Carrefour", "adm2_name2": null, "adm2_name3": null, "adm2_pcode": "HT0113", "adm1_name": "West", "adm1_name1": "Ouest", "adm1_name2": "Lwès", "adm1_name3": null, "adm1_pcode": "HT01", "adm0_name": "Haiti", "adm0_name1": null, "adm0_name2": null, "adm0_name3": null, "adm0_pcode": "HT", "valid_on": "2018-11-29", "valid_to": null, "version": "v01", "lang": "en", "lang1": "fr", "lang2": "ht", "lang3": null }, "geometry": { "type": "Point", "coordinates": [ -72.435503488999927, 18.494666057000018 ] } },
{ "type": "Feature", "properties": { "admin_level": 3, "name": "1re Section Morne Rouge", "name1": "1re Section Morne Rouge", "name2": null, "name3": null, "x_coord": -72.28061915000001, "y_coord": 19.73363911, "adm4_name": null, "adm4_name1": null, "adm4_name2": null, "adm4_name3": null, "adm4_pcode": null, "adm3_name": "1re Section Morne Rouge", "adm3_name1": "1re Section Morne Rouge", "adm3_name2": null, "adm3_name3": null, "adm3_pcode": "HT0322-01", "adm2_name": "Plaine du Nord", "adm2_name1": "Plaine du Nord", "adm2_name2": null, "adm2_name3": null, "adm2_pcode": "HT0322", "adm1_name": "North", "adm1_name1": "Nord", "adm1_name2": "Nò", "adm1_name3": null, "adm1_pcode": "HT03", "adm0_name": "Haiti", "adm0_name1": null, "adm0_name2": null, "adm0_name3": null, "adm0_pcode": "HT", "valid_on": "2018-11-29", "valid_to": null, "version": "v01", "lang": "en", "lang1": "fr", "lang2": "ht", "lang3": null }, "geometry": { "type": "Point", "coordinates": [ -72.280619148999847, 19.733639108000034 ] } },
{ "type": "Feature", "properties": { "admin_level": 3, "name": "1re Section Nouvelle Touraine", "name1": "1re Section Nouvelle Touraine", "name2": null, "name3": null, "x_coord": -72.32800686, "y_coord": 18.36796875, "adm4_name": null, "adm4_name1": null, "adm4_name2": null, "adm4_name3": null, "adm4_pcode": null, "adm3_name": "1re Section Nouvelle Touraine", "adm3_name1": "1re Section Nouvelle Touraine", "adm3_name2": null, "adm3_name3": null, "adm3_pcode": "HT0115-01", "adm2_name": "Kenscoff", "adm2_name1": "Kenscoff", "adm2_name2": null, "adm2_name3": null, "adm2_pcode": "HT0115", "adm1_name": "West", "adm1_name1": "Ouest", "adm1_name2": "Lwès", "adm1_name3": null, "adm1_pcode": "HT01", "adm0_name": "Haiti", "adm0_name1": null, "adm0_name2": null, "adm0_name3": null, "adm0_pcode": "HT", "valid_on": "2018-11-29", "valid_to": null, "version": "v01", "lang": "en", "lang1": "fr", "lang2": "ht", "lang3": null }, "geometry": { "type": "Point", "coordinates": [ -72.328006864999963, 18.367968755000049 ] } },
{ "type": "Feature", "properties": { "admin_level": 3, "name": "1re Section Palma", "name1": "1re Section Palma", "name2": null, "name3": null, "x_coord": -72.86788493, "y_coord": 18.78576243, "adm4_name": null, "adm4_name1": null, "adm4_name2": null, "adm4_name3": null, "adm4_pcode": null, "adm3_name": "1re Section Palma", "adm3_name1": "1re Section Palma", "adm3_name2": null, "adm3_name3": null, "adm3_pcode": "HT0151-01", "adm2_name": "Anse a Galets", "adm2_name1": "Anse à Galets", "adm2_name2": null, "adm2_name3": null, "adm2_pcode": "HT0151", "adm1_name": "West", "adm1_name1": "Ouest", "adm1_name2": "Lwès", "adm1_name3": null, "adm1_pcode": "HT01", "adm0_name": "Haiti", "adm0_name1": null, "adm0_name2": null, "adm0_name3": null, "adm0_pcode": "HT", "valid_on": "2018-11-29", "valid_to": null, "version": "v01", "lang": "en", "lang1": "fr", "lang2": "ht", "lang3": null }, "geometry": { "type": "Point", "coordinates": [ -72.867884929999946, 18.785762427 ] } },
{ "type": "Feature", "properties": { "admin_level": 3, "name": "1re Section Paricot", "name1": "1re Section Paricot", "name2": null, "name3": null, "x_coord": -74.07182123, "y_coord": 18.2682882, "adm4_name": null, "adm4_name1": null, "adm4_name2": null, "adm4_name3": null, "adm4_pcode": null, "adm3_name": "1re Section Paricot", "adm3_name1": "1re Section Paricot", "adm3_name2": null, "adm3_name3": null, "adm3_pcode": "HT0742-01", "adm2_name": "Port-a-Piment", "adm2_name1": "Port-à-Piment", "adm2_name2": null, "adm2_name3": null, "adm2_pcode": "HT0742", "adm1_name": "South", "adm1_name1": "Sud", "adm1_name2": "Sid", "adm1_name3": null, "adm1_pcode": "HT07", "adm0_name": "Haiti", "adm0_name1": null, "adm0_name2": null, "adm0_name3": null, "adm0_pcode": "HT", "valid_on": "2018-11-29", "valid_to": null, "version": "v01", "lang": "en", "lang1": "fr", "lang2": "ht", "lang3": null }, "geometry": { "type": "Point", "coordinates": [ -74.071821224999837, 18.26828820500009 ] } },
{ "type": "Feature", "properties": { "admin_level": 3, "name": "1re Section Perches-de-Bonnet", "name1": "1re Section Perches-de-Bonnet", "name2": null, "name3": null, "x_coord": -72.22037315, "y_coord": 19.64233951, "adm4_name": null, "adm4_name1": null, "adm4_name2": null, "adm4_name3": null, "adm4_pcode": null, "adm3_name": "1re Section Perches-de-Bonnet", "adm3_name1": "1re Section Perches-de-Bonnet", "adm3_name2": null, "adm3_name3": null, "adm3_pcode": "HT0323-01", "adm2_name": "Milot", "adm2_name1": "Milot", "adm2_name2": null, "adm2_name3": null, "adm2_pcode": "HT0323", "adm1_name": "North", "adm1_name1": "Nord", "adm1_name2": "Nò", "adm1_name3": null, "adm1_pcode": "HT03", "adm0_name": "Haiti", "adm0_name1": null, "adm0_name2": null, "adm0_name3": null, "adm0_pcode": "HT", "valid_on": "2018-11-29", "valid_to": null, "version": "v01", "lang": "en", "lang1": "fr", "lang2": "ht", "lang3": null }, "geometry": { "type": "Point", "coordinates": [ -72.220373152999969, 19.642339511000102 ] } },
{ "type": "Feature", "properties": { "admin_level": 3, "name": "1re Section Petit Fond", "name1": "1re Section Petit Fond", "name2": null, "name3": null, "x_coord": -71.99031198, "y_coord": 18.85883611, "adm4_name": null, "adm4_name1": null, "adm4_name2": null, "adm4_name3": null, "adm4_pcode": null, "adm3_name": "1re Section Petit Fond", "adm3_name1": "1re Section Petit Fond", "adm3_name2": null, "adm3_name3": null, "adm3_pcode": "HT0631-01", "adm2_name": "Lascahobas", "adm2_name1": "Lascahobas", "adm2_name2": null, "adm2_name3": null, "adm2_pcode": "HT0631", "adm1_name": "Centre", "adm1_name1": "Centre", "adm1_name2": "Sant", "adm1_name3": null, "adm1_pcode": "HT06", "adm0_name": "Haiti", "adm0_name1": null, "adm0_name2": null, "adm0_name3": null, "adm0_pcode": "HT", "valid_on": "2018-11-29", "valid_to": null, "version": "v01", "lang": "en", "lang1": "fr", "lang2": "ht", "lang3": null }, "geometry": { "type": "Point", "coordinates": [ -71.990311984999892, 18.858836107000172 ] } },
{ "type": "Feature", "properties": { "admin_level": 3, "name": "1re Section Petite Montagne", "name1": "1re Section Petite Montagne", "name2": null, "name3": null, "x_coord": -72.19565736, "y_coord": 19.02388943, "adm4_name": null, "adm4_name1": null, "adm4_name2": null, "adm4_name3": null, "adm4_pcode": null, "adm3_name": "1re Section Petite Montagne", "adm3_name1": "1re Section Petite Montagne", "adm3_name2": null, "adm3_name3": null, "adm3_pcode": "HT0623-01", "adm2_name": "Boucan Carre", "adm2_name1": "Boucan Carré", "adm2_name2": null, "adm2_name3": null, "adm2_pcode": "HT0623", "adm1_name": "Centre", "adm1_name1": "Centre", "adm1_name2": "Sant", "adm1_name3": null, "adm1_pcode": "HT06", "adm0_name": "Haiti", "adm0_name1": null, "adm0_name2": null, "adm0_name3": null, "adm0_pcode": "HT", "valid_on": "2018-11-29", "valid_to": null, "version": "v01", "lang": "en", "lang1": "fr", "lang2": "ht", "lang3": null }, "geometry": { "type": "Point", "coordinates": [ -72.195657357999835, 19.023889425999982 ] } },
{ "type": "Feature", "properties": { "admin_level": 3, "name": "1re Section Plaine Celeste", "name1": "1re Section Plaine Céleste", "name2": null, "name3": null, "x_coord": -72.00819696000001, "y_coord": 18.67156287, "adm4_name": null, "adm4_name1": null, "adm4_name2": null, "adm4_name3": null, "adm4_pcode": null, "adm3_name": "1re Section Plaine Celeste", "adm3_name1": "1re Section Plaine Céleste", "adm3_name2": null, "adm3_name3": null, "adm3_pcode": "HT0134-01", "adm2_name": "Cornillon / Grand Bois", "adm2_name1": "Cornillon / Grand Bois", "adm2_name2": null, "adm2_name3": null, "adm2_pcode": "HT0134", "adm1_name": "West", "adm1_name1": "Ouest", "adm1_name2": "Lwès", "adm1_name3": null, "adm1_pcode": "HT01", "adm0_name": "Haiti", "adm0_name1": null, "adm0_name2": null, "adm0_name3": null, "adm0_pcode": "HT", "valid_on": "2018-11-29", "valid_to": null, "version": "v01", "lang": "en", "lang1": "fr", "lang2": "ht", "lang3": null }, "geometry": { "type": "Point", "coordinates": [ -72.008196956999882, 18.671562867999967 ] } },
{ "type": "Feature", "properties": { "admin_level": 3, "name": "1re Section Plaisance du Sud (ou ti François)", "name1": "1re Section Plaisance du Sud (ou ti François)", "name2": null, "name3": null, "x_coord": -73.61405947, "y_coord": 18.44031002, "adm4_name": null, "adm4_name1": null, "adm4_name2": null, "adm4_name3": null, "adm4_pcode": null, "adm3_name": "1re Section Plaisance du Sud (ou ti François)", "adm3_name1": "1re Section Plaisance du Sud (ou ti François)", "adm3_name2": null, "adm3_name3": null, "adm3_pcode": "HT1025-01", "adm2_name": "Plaisance du Sud", "adm2_name1": "Plaisance du Sud", "adm2_name2": null, "adm2_name3": null, "adm2_pcode": "HT1025", "adm1_name": "Nippes", "adm1_name1": "Nippes", "adm1_name2": "Nip", "adm1_name3": null, "adm1_pcode": "HT10", "adm0_name": "Haiti", "adm0_name1": null, "adm0_name2": null, "adm0_name3": null, "adm0_pcode": "HT", "valid_on": "2018-11-29", "valid_to": null, "version": "v01", "lang": "en", "lang1": "fr", "lang2": "ht", "lang3": null }, "geometry": { "type": "Point", "coordinates": [ -73.614059472999941, 18.440310024000098 ] } },
{ "type": "Feature", "properties": { "admin_level": 3, "name": "1re Section Platana", "name1": "1re Section Platana", "name2": null, "name3": null, "x_coord": -72.38043484000001, "y_coord": 19.35721928, "adm4_name": null, "adm4_name1": null, "adm4_name2": null, "adm4_name3": null, "adm4_pcode": null, "adm3_name": "1re Section Platana", "adm3_name1": "1re Section Platana", "adm3_name2": null, "adm3_name3": null, "adm3_pcode": "HT0551-01", "adm2_name": "Saint-Michel de l'Attalaye", "adm2_name1": "Saint-Michel de l'Attalaye", "adm2_name2": null, "adm2_name3": null, "adm2_pcode": "HT0551", "adm1_name": "Artibonite", "adm1_name1": "Artibonite", "adm1_name2": "Latibonit", "adm1_name3": null, "adm1_pcode": "HT05", "adm0_name": "Haiti", "adm0_name1": null, "adm0_name2": null, "adm0_name3": null, "adm0_pcode": "HT", "valid_on": "2018-11-29", "valid_to": null, "version": "v01", "lang": "en", "lang1": "fr", "lang2": "ht", "lang3": null }, "geometry": { "type": "Point", "coordinates": [ -72.380434835999893, 19.357219275000034 ] } },
{ "type": "Feature", "properties": { "admin_level": 3, "name": "1re Section Plate Forme", "name1": "1re Section Plate Forme", "name2": null, "name3": null, "x_coord": -73.31223092, "y_coord": 19.69251895, "adm4_name": null, "adm4_name1": null, "adm4_name2": null, "adm4_name3": null, "adm4_pcode": null, "adm3_name": "1re Section Plate Forme", "adm3_name1": "1re Section Plate Forme", "adm3_name2": null, "adm3_name3": null, "adm3_pcode": "HT0933-01", "adm2_name": "Bombardopolis", "adm2_name1": "Bombardopolis", "adm2_name2": null, "adm2_name3": null, "adm2_pcode": "HT0933", "adm1_name": "North-West", "adm1_name1": "Nord-Ouest", "adm1_name2": "Nòdwès", "adm1_name3": null, "adm1_pcode": "HT09", "adm0_name": "Haiti", "adm0_name1": null, "adm0_name2": null, "adm0_name3": null, "adm0_pcode": "HT", "valid_on": "2018-11-29", "valid_to": null, "version": "v01", "lang": "en", "lang1": "fr", "lang2": "ht", "lang3": null }, "geometry": { "type": "Point", "coordinates": [ -73.312230921999969, 19.692518946000177 ] } },
{ "type": "Feature", "properties": { "admin_level": 3, "name": "1re Section Pointe des Oiseaux", "name1": "1re Section Pointe des Oiseaux", "name2": null, "name3": null, "x_coord": -72.70040153, "y_coord": 20.03002572, "adm4_name": null, "adm4_name1": null, "adm4_name2": null, "adm4_name3": null, "adm4_pcode": null, "adm3_name": "1re Section Pointe des Oiseaux", "adm3_name1": "1re Section Pointe des Oiseaux", "adm3_name2": null, "adm3_name3": null, "adm3_pcode": "HT0912-01", "adm2_name": "La Tortue", "adm2_name1": "La Tortue", "adm2_name2": null, "adm2_name3": null, "adm2_pcode": "HT0912", "adm1_name": "North-West", "adm1_name1": "Nord-Ouest", "adm1_name2": "Nòdwès", "adm1_name3": null, "adm1_pcode": "HT09", "adm0_name": "Haiti", "adm0_name1": null, "adm0_name2": null, "adm0_name3": null, "adm0_pcode": "HT", "valid_on": "2018-11-29", "valid_to": null, "version": "v01", "lang": "en", "lang1": "fr", "lang2": "ht", "lang3": null }, "geometry": { "type": "Point", "coordinates": [ -72.700401530999955, 20.030025724000041 ] } },
{ "type": "Feature", "properties": { "admin_level": 3, "name": "1re Section Pont Tamarin", "name1": "1re Section Pont Tamarin", "name2": null, "name3": null, "x_coord": -72.64309846, "y_coord": 19.44385796, "adm4_name": null, "adm4_name1": null, "adm4_name2": null, "adm4_name3": null, "adm4_pcode": null, "adm3_name": "1re Section Pont Tamarin", "adm3_name1": "1re Section Pont Tamarin", "adm3_name2": null, "adm3_name3": null, "adm3_pcode": "HT0511-01", "adm2_name": "Gonaives", "adm2_name1": "Gonaïves", "adm2_name2": null, "adm2_name3": null, "adm2_pcode": "HT0511", "adm1_name": "Artibonite", "adm1_name1": "Artibonite", "adm1_name2": "Latibonit", "adm1_name3": null, "adm1_pcode": "HT05", "adm0_name": "Haiti", "adm0_name1": null, "adm0_name2": null, "adm0_name3": null, "adm0_pcode": "HT", "valid_on": "2018-11-29", "valid_to": null, "version": "v01", "lang": "en", "lang1": "fr", "lang2": "ht", "lang3": null }, "geometry": { "type": "Point", "coordinates": [ -72.643098461999955, 19.443857962000152 ] } },
{ "type": "Feature", "properties": { "admin_level": 3, "name": "1re Section Poteneau", "name1": "1re Section Poteneau", "name2": null, "name3": null, "x_coord": -72.66147187, "y_coord": 19.25721598, "adm4_name": null, "adm4_name1": null, "adm4_name2": null, "adm4_name3": null, "adm4_pcode": null, "adm3_name": "1re Section Poteneau", "adm3_name1": "1re Section Poteneau", "adm3_name2": null, "adm3_name3": null, "adm3_pcode": "HT0543-01", "adm2_name": "Grande Saline", "adm2_name1": "Grande Saline", "adm2_name2": null, "adm2_name3": null, "adm2_pcode": "HT0543", "adm1_name": "Artibonite", "adm1_name1": "Artibonite", "adm1_name2": "Latibonit", "adm1_name3": null, "adm1_pcode": "HT05", "adm0_name": "Haiti", "adm0_name1": null, "adm0_name2": null, "adm0_name3": null, "adm0_pcode": "HT", "valid_on": "2018-11-29", "valid_to": null, "version": "v01", "lang": "en", "lang1": "fr", "lang2": "ht", "lang3": null }, "geometry": { "type": "Point", "coordinates": [ -72.661471865999886, 19.257215981000172 ] } },
{ "type": "Feature", "properties": { "admin_level": 3, "name": "1re Section Randel", "name1": "1re Section Randel", "name2": null, "name3": null, "x_coord": -74.07461854, "y_coord": 18.35526056, "adm4_name": null, "adm4_name1": null, "adm4_name2": null, "adm4_name3": null, "adm4_pcode": null, "adm3_name": "1re Section Randel", "adm3_name1": "1re Section Randel", "adm3_name2": null, "adm3_name3": null, "adm3_pcode": "HT0751-01", "adm2_name": "Chardonnieres", "adm2_name1": "Chardonnières", "adm2_name2": null, "adm2_name3": null, "adm2_pcode": "HT0751", "adm1_name": "South", "adm1_name1": "Sud", "adm1_name2": "Sid", "adm1_name3": null, "adm1_pcode": "HT07", "adm0_name": "Haiti", "adm0_name1": null, "adm0_name2": null, "adm0_name3": null, "adm0_pcode": "HT", "valid_on": "2018-11-29", "valid_to": null, "version": "v01", "lang": "en", "lang1": "fr", "lang2": "ht", "lang3": null }, "geometry": { "type": "Point", "coordinates": [ -74.074618538999914, 18.355260564000105 ] } },
{ "type": "Feature", "properties": { "admin_level": 3, "name": "1re Section Rang", "name1": "1re Section Rang", "name2": null, "name3": null, "x_coord": -71.92246209, "y_coord": 19.26046065, "adm4_name": null, "adm4_name1": null, "adm4_name2": null, "adm4_name3": null, "adm4_pcode": null, "adm3_name": "1re Section Rang", "adm3_name1": "1re Section Rang", "adm3_name2": null, "adm3_name3": null, "adm3_pcode": "HT0614-01", "adm2_name": "Cerca Carvajal", "adm2_name1": "Cerca Carvajal", "adm2_name2": null, "adm2_name3": null, "adm2_pcode": "HT0614", "adm1_name": "Centre", "adm1_name1": "Centre", "adm1_name2": "Sant", "adm1_name3": null, "adm1_pcode": "HT06", "adm0_name": "Haiti", "adm0_name1": null, "adm0_name2": null, "adm0_name3": null, "adm0_pcode": "HT", "valid_on": "2018-11-29", "valid_to": null, "version": "v01", "lang": "en", "lang1": "fr", "lang2": "ht", "lang3": null }, "geometry": { "type": "Point", "coordinates": [ -71.922462085999939, 19.260460650000141 ] } },
{ "type": "Feature", "properties": { "admin_level": 3, "name": "1re Section Ravine Normande", "name1": "1re Section Ravine Normande", "name2": null, "name3": null, "x_coord": -72.41698721, "y_coord": 18.24365509, "adm4_name": null, "adm4_name1": null, "adm4_name2": null, "adm4_name3": null, "adm4_pcode": null, "adm3_name": "1re Section Ravine Normande", "adm3_name1": "1re Section Ravine Normande", "adm3_name2": null, "adm3_name3": null, "adm3_pcode": "HT0213-01", "adm2_name": "Cayes-Jacmel", "adm2_name1": "Cayes-Jacmel", "adm2_name2": null, "adm2_name3": null, "adm2_pcode": "HT0213", "adm1_name": "South-East", "adm1_name1": "Sud-Est", "adm1_name2": "Sidès", "adm1_name3": null, "adm1_pcode": "HT02", "adm0_name": "Haiti", "adm0_name1": null, "adm0_name2": null, "adm0_name3": null, "adm0_pcode": "HT", "valid_on": "2018-11-29", "valid_to": null, "version": "v01", "lang": "en", "lang1": "fr", "lang2": "ht", "lang3": null }, "geometry": { "type": "Point", "coordinates": [ -72.41698720799991, 18.243655091000107 ] } },
{ "type": "Feature", "properties": { "admin_level": 3, "name": "1re Section Raymond", "name1": "1re Section Raymond", "name2": null, "name3": null, "x_coord": -73.47277375, "y_coord": 18.48780841, "adm4_name": null, "adm4_name1": null, "adm4_name2": null, "adm4_name3": null, "adm4_pcode": null, "adm3_name": "1re Section Raymond", "adm3_name1": "1re Section Raymond", "adm3_name2": null, "adm3_name3": null, "adm3_pcode": "HT1022-01", "adm2_name": "Petit Trou de Nippes", "adm2_name1": "Petit Trou de Nippes", "adm2_name2": null, "adm2_name3": null, "adm2_pcode": "HT1022", "adm1_name": "Nippes", "adm1_name1": "Nippes", "adm1_name2": "Nip", "adm1_name3": null, "adm1_pcode": "HT10", "adm0_name": "Haiti", "adm0_name1": null, "adm0_name2": null, "adm0_name3": null, "adm0_pcode": "HT", "valid_on": "2018-11-29", "valid_to": null, "version": "v01", "lang": "en", "lang1": "fr", "lang2": "ht", "lang3": null }, "geometry": { "type": "Point", "coordinates": [ -73.472773747999952, 18.487808406000113 ] } },
{ "type": "Feature", "properties": { "admin_level": 3, "name": "1re Section Renthe Mathe", "name1": "1re Section Renthe Mathe", "name2": null, "name3": null, "x_coord": -71.77458797, "y_coord": 18.84627214, "adm4_name": null, "adm4_name1": null, "adm4_name2": null, "adm4_name3": null, "adm4_pcode": null, "adm3_name": "1re Section Renthe Mathe", "adm3_name1": "1re Section Renthe Mathe", "adm3_name2": null, "adm3_name3": null, "adm3_pcode": "HT0632-01", "adm2_name": "Belladere", "adm2_name1": "Belladère", "adm2_name2": null, "adm2_name3": null, "adm2_pcode": "HT0632", "adm1_name": "Centre", "adm1_name1": "Centre", "adm1_name2": "Sant", "adm1_name3": null, "adm1_pcode": "HT06", "adm0_name": "Haiti", "adm0_name1": null, "adm0_name2": null, "adm0_name3": null, "adm0_pcode": "HT", "valid_on": "2018-11-29", "valid_to": null, "version": "v01", "lang": "en", "lang1": "fr", "lang2": "ht", "lang3": null }, "geometry": { "type": "Point", "coordinates": [ -71.774587970999903, 18.846272136000039 ] } },
{ "type": "Feature", "properties": { "admin_level": 3, "name": "1re Section Riviere des Negres", "name1": "1re Section Rivière des Nègres", "name2": null, "name3": null, "x_coord": -72.7538018, "y_coord": 19.91574033, "adm4_name": null, "adm4_name1": null, "adm4_name2": null, "adm4_name3": null, "adm4_pcode": null, "adm3_name": "1re Section Riviere des Negres", "adm3_name1": "1re Section Rivière des Nègres", "adm3_name2": null, "adm3_name3": null, "adm3_pcode": "HT0921-01", "adm2_name": "Saint-Louis du Nord", "adm2_name1": "Saint-Louis du Nord", "adm2_name2": null, "adm2_name3": null, "adm2_pcode": "HT0921", "adm1_name": "North-West", "adm1_name1": "Nord-Ouest", "adm1_name2": "Nòdwès", "adm1_name3": null, "adm1_pcode": "HT09", "adm0_name": "Haiti", "adm0_name1": null, "adm0_name2": null, "adm0_name3": null, "adm0_pcode": "HT", "valid_on": "2018-11-29", "valid_to": null, "version": "v01", "lang": "en", "lang1": "fr", "lang2": "ht", "lang3": null }, "geometry": { "type": "Point", "coordinates": [ -72.753801802999988, 19.915740326000105 ] } },
{ "type": "Feature", "properties": { "admin_level": 3, "name": "1re Section Salagnac", "name1": "1re Section Salagnac", "name2": null, "name3": null, "x_coord": -73.20481457, "y_coord": 18.41546085, "adm4_name": null, "adm4_name1": null, "adm4_name2": null, "adm4_name3": null, "adm4_pcode": null, "adm3_name": "1re Section Salagnac", "adm3_name1": "1re Section Salagnac", "adm3_name2": null, "adm3_name3": null, "adm3_pcode": "HT1014-01", "adm2_name": "Paillant", "adm2_name1": "Paillant", "adm2_name2": null, "adm2_name3": null, "adm2_pcode": "HT1014", "adm1_name": "Nippes", "adm1_name1": "Nippes", "adm1_name2": "Nip", "adm1_name3": null, "adm1_pcode": "HT10", "adm0_name": "Haiti", "adm0_name1": null, "adm0_name2": null, "adm0_name3": null, "adm0_pcode": "HT", "valid_on": "2018-11-29", "valid_to": null, "version": "v01", "lang": "en", "lang1": "fr", "lang2": "ht", "lang3": null }, "geometry": { "type": "Point", "coordinates": [ -73.204814571999975, 18.41546085300007 ] } },
{ "type": "Feature", "properties": { "admin_level": 3, "name": "1re Section Sans Souci", "name1": "1re Section Sans Souci", "name2": null, "name3": null, "x_coord": -71.95502778, "y_coord": 19.36204031, "adm4_name": null, "adm4_name1": null, "adm4_name2": null, "adm4_name3": null, "adm4_pcode": null, "adm3_name": "1re Section Sans Souci", "adm3_name1": "1re Section Sans Souci", "adm3_name2": null, "adm3_name3": null, "adm3_pcode": "HT0443-01", "adm2_name": "Mombin Crochu", "adm2_name1": "Mombin Crochu", "adm2_name2": null, "adm2_name3": null, "adm2_pcode": "HT0443", "adm1_name": "North-East", "adm1_name1": "Nord-Est", "adm1_name2": "Nòdès", "adm1_name3": null, "adm1_pcode": "HT04", "adm0_name": "Haiti", "adm0_name1": null, "adm0_name2": null, "adm0_name3": null, "adm0_pcode": "HT", "valid_on": "2018-11-29", "valid_to": null, "version": "v01", "lang": "en", "lang1": "fr", "lang2": "ht", "lang3": null }, "geometry": { "type": "Point", "coordinates": [ -71.955027783999981, 19.362040309000122 ] } },
{ "type": "Feature", "properties": { "admin_level": 3, "name": "1re Section Savane Carree", "name1": "1re Section Savane Carree", "name2": null, "name3": null, "x_coord": -72.4399278, "y_coord": 19.43805821, "adm4_name": null, "adm4_name1": null, "adm4_name2": null, "adm4_name3": null, "adm4_pcode": null, "adm3_name": "1re Section Savane Carree", "adm3_name1": "1re Section Savane Carree", "adm3_name2": null, "adm3_name3": null, "adm3_pcode": "HT0512-01", "adm2_name": "Ennery", "adm2_name1": "Ennery", "adm2_name2": null, "adm2_name3": null, "adm2_pcode": "HT0512", "adm1_name": "Artibonite", "adm1_name1": "Artibonite", "adm1_name2": "Latibonit", "adm1_name3": null, "adm1_pcode": "HT05", "adm0_name": "Haiti", "adm0_name1": null, "adm0_name2": null, "adm0_name3": null, "adm0_pcode": "HT", "valid_on": "2018-11-29", "valid_to": null, "version": "v01", "lang": "en", "lang1": "fr", "lang2": "ht", "lang3": null }, "geometry": { "type": "Point", "coordinates": [ -72.439927800999897, 19.43805821400008 ] } },
{ "type": "Feature", "properties": { "admin_level": 3, "name": "1re Section Savane Grande", "name1": "1re Section Savane Grande", "name2": null, "name3": null, "x_coord": -72.20505752, "y_coord": 19.17532073, "adm4_name": null, "adm4_name1": null, "adm4_name2": null, "adm4_name3": null, "adm4_pcode": null, "adm3_name": "1re Section Savane Grande", "adm3_name1": "1re Section Savane Grande", "adm3_name2": null, "adm3_name3": null, "adm3_pcode": "HT0612-01", "adm2_name": "Maissade", "adm2_name1": "Maïssade", "adm2_name2": null, "adm2_name3": null, "adm2_pcode": "HT0612", "adm1_name": "Centre", "adm1_name1": "Centre", "adm1_name2": "Sant", "adm1_name3": null, "adm1_pcode": "HT06", "adm0_name": "Haiti", "adm0_name1": null, "adm0_name2": null, "adm0_name3": null, "adm0_pcode": "HT", "valid_on": "2018-11-29", "valid_to": null, "version": "v01", "lang": "en", "lang1": "fr", "lang2": "ht", "lang3": null }, "geometry": { "type": "Point", "coordinates": [ -72.205057523999983, 19.175320731000056 ] } },
{ "type": "Feature", "properties": { "admin_level": 3, "name": "1re Section Savanette", "name1": "1re Section Savanette", "name2": null, "name3": null, "x_coord": -71.75355625, "y_coord": 19.37529908, "adm4_name": null, "adm4_name1": null, "adm4_name2": null, "adm4_name3": null, "adm4_pcode": null, "adm3_name": "1re Section Savanette", "adm3_name1": "1re Section Savanette", "adm3_name2": null, "adm3_name3": null, "adm3_pcode": "HT0423-01", "adm2_name": "Mont-Organise", "adm2_name1": "Mont-Organisé", "adm2_name2": null, "adm2_name3": null, "adm2_pcode": "HT0423", "adm1_name": "North-East", "adm1_name1": "Nord-Est", "adm1_name2": "Nòdès", "adm1_name3": null, "adm1_pcode": "HT04", "adm0_name": "Haiti", "adm0_name1": null, "adm0_name2": null, "adm0_name3": null, "adm0_pcode": "HT", "valid_on": "2018-11-29", "valid_to": null, "version": "v01", "lang": "en", "lang1": "fr", "lang2": "ht", "lang3": null }, "geometry": { "type": "Point", "coordinates": [ -71.753556247999938, 19.37529908 ] } },
{ "type": "Feature", "properties": { "admin_level": 3, "name": "1re Section Savannette", "name1": "1re Section Savannette", "name2": null, "name3": null, "x_coord": -72.10904383, "y_coord": 19.3530286, "adm4_name": null, "adm4_name1": null, "adm4_name2": null, "adm4_name3": null, "adm4_pcode": null, "adm3_name": "1re Section Savannette", "adm3_name1": "1re Section Savannette", "adm3_name2": null, "adm3_name3": null, "adm3_pcode": "HT0344-01", "adm2_name": "Pignon", "adm2_name1": "Pignon", "adm2_name2": null, "adm2_name3": null, "adm2_pcode": "HT0344", "adm1_name": "North", "adm1_name1": "Nord", "adm1_name2": "Nò", "adm1_name3": null, "adm1_pcode": "HT03", "adm0_name": "Haiti", "adm0_name1": null, "adm0_name2": null, "adm0_name3": null, "adm0_pcode": "HT", "valid_on": "2018-11-29", "valid_to": null, "version": "v01", "lang": "en", "lang1": "fr", "lang2": "ht", "lang3": null }, "geometry": { "type": "Point", "coordinates": [ -72.109043829999905, 19.353028599000027 ] } },
{ "type": "Feature", "properties": { "admin_level": 3, "name": "1re Section St Martin", "name1": "1re Section St Martin", "name2": null, "name3": null, "x_coord": -72.2871848, "y_coord": 18.55139617, "adm4_name": null, "adm4_name1": null, "adm4_name2": null, "adm4_name3": null, "adm4_pcode": null, "adm3_name": "1re Section St Martin", "adm3_name1": "1re Section St Martin", "adm3_name2": null, "adm3_name3": null, "adm3_pcode": "HT0112-01", "adm2_name": "Delmas", "adm2_name1": "Delmas", "adm2_name2": null, "adm2_name3": null, "adm2_pcode": "HT0112", "adm1_name": "West", "adm1_name1": "Ouest", "adm1_name2": "Lwès", "adm1_name3": null, "adm1_pcode": "HT01", "adm0_name": "Haiti", "adm0_name1": null, "adm0_name2": null, "adm0_name3": null, "adm0_pcode": "HT", "valid_on": "2018-11-29", "valid_to": null, "version": "v01", "lang": "en", "lang1": "fr", "lang2": "ht", "lang3": null }, "geometry": { "type": "Point", "coordinates": [ -72.287184800999967, 18.551396172000182 ] } },
{ "type": "Feature", "properties": { "admin_level": 3, "name": "1re Section Tapion", "name1": "1re Section Tapion", "name2": null, "name3": null, "x_coord": -73.84541056, "y_coord": 18.08682402, "adm4_name": null, "adm4_name1": null, "adm4_name2": null, "adm4_name3": null, "adm4_pcode": null, "adm3_name": "1re Section Tapion", "adm3_name1": "1re Section Tapion", "adm3_name2": null, "adm3_name3": null, "adm3_pcode": "HT0722-01", "adm2_name": "Saint Jean du Sud", "adm2_name1": "Saint Jean du Sud", "adm2_name2": null, "adm2_name3": null, "adm2_pcode": "HT0722", "adm1_name": "South", "adm1_name1": "Sud", "adm1_name2": "Sid", "adm1_name3": null, "adm1_pcode": "HT07", "adm0_name": "Haiti", "adm0_name1": null, "adm0_name2": null, "adm0_name3": null, "adm0_pcode": "HT", "valid_on": "2018-11-29", "valid_to": null, "version": "v01", "lang": "en", "lang1": "fr", "lang2": "ht", "lang3": null }, "geometry": { "type": "Point", "coordinates": [ -73.845410557999969, 18.08682402200003 ] } },
{ "type": "Feature", "properties": { "admin_level": 3, "name": "1re Section Tete-a-Boeuf", "name1": "1re Section Tête-à-Boeuf", "name2": null, "name3": null, "x_coord": -72.78558489, "y_coord": 18.403183, "adm4_name": null, "adm4_name1": null, "adm4_name2": null, "adm4_name3": null, "adm4_pcode": null, "adm3_name": "1re Section Tete-a-Boeuf", "adm3_name1": "1re Section Tête-à-Boeuf", "adm3_name2": null, "adm3_name3": null, "adm3_pcode": "HT0123-01", "adm2_name": "Grand-Goave", "adm2_name1": "Grand-Goâve", "adm2_name2": null, "adm2_name3": null, "adm2_pcode": "HT0123", "adm1_name": "West", "adm1_name1": "Ouest", "adm1_name2": "Lwès", "adm1_name3": null, "adm1_pcode": "HT01", "adm0_name": "Haiti", "adm0_name1": null, "adm0_name2": null, "adm0_name3": null, "adm0_pcode": "HT", "valid_on": "2018-11-29", "valid_to": null, "version": "v01", "lang": "en", "lang1": "fr", "lang2": "ht", "lang3": null }, "geometry": { "type": "Point", "coordinates": [ -72.785584893999896, 18.403183002000048 ] } },
{ "type": "Feature", "properties": { "admin_level": 3, "name": "1re Section Thiotte", "name1": "1re Section Thiotte", "name2": null, "name3": null, "x_coord": -71.83277199, "y_coord": 18.25097992, "adm4_name": null, "adm4_name1": null, "adm4_name2": null, "adm4_name3": null, "adm4_pcode": null, "adm3_name": "1re Section Thiotte", "adm3_name1": "1re Section Thiotte", "adm3_name2": null, "adm3_name3": null, "adm3_pcode": "HT0233-01", "adm2_name": "Thiotte", "adm2_name1": "Thiotte", "adm2_name2": null, "adm2_name3": null, "adm2_pcode": "HT0233", "adm1_name": "South-East", "adm1_name1": "Sud-Est", "adm1_name2": "Sidès", "adm1_name3": null, "adm1_pcode": "HT02", "adm0_name": "Haiti", "adm0_name1": null, "adm0_name2": null, "adm0_name3": null, "adm0_pcode": "HT", "valid_on": "2018-11-29", "valid_to": null, "version": "v01", "lang": "en", "lang1": "fr", "lang2": "ht", "lang3": null }, "geometry": { "type": "Point", "coordinates": [ -71.832771992999881, 18.250979923000102 ] } },
{ "type": "Feature", "properties": { "admin_level": 3, "name": "1re Section Trois Palmistes", "name1": "1re Section Trois Palmistes", "name2": null, "name3": null, "x_coord": -71.91878059, "y_coord": 19.42761877, "adm4_name": null, "adm4_name1": null, "adm4_name2": null, "adm4_name3": null, "adm4_pcode": null, "adm3_name": "1re Section Trois Palmistes", "adm3_name1": "1re Section Trois Palmistes", "adm3_name2": null, "adm3_name3": null, "adm3_pcode": "HT0441-01", "adm2_name": "Vallieres", "adm2_name1": "Vallières", "adm2_name2": null, "adm2_name3": null, "adm2_pcode": "HT0441", "adm1_name": "North-East", "adm1_name1": "Nord-Est", "adm1_name2": "Nòdès", "adm1_name3": null, "adm1_pcode": "HT04", "adm0_name": "Haiti", "adm0_name1": null, "adm0_name2": null, "adm0_name3": null, "adm0_pcode": "HT", "valid_on": "2018-11-29", "valid_to": null, "version": "v01", "lang": "en", "lang1": "fr", "lang2": "ht", "lang3": null }, "geometry": { "type": "Point", "coordinates": [ -71.918780592999894, 19.427618768000173 ] } },
{ "type": "Feature", "properties": { "admin_level": 3, "name": "1re Section Turgeau", "name1": "1re Section Turgeau", "name2": null, "name3": null, "x_coord": -72.32263058, "y_coord": 18.53678984, "adm4_name": null, "adm4_name1": null, "adm4_name2": null, "adm4_name3": null, "adm4_pcode": null, "adm3_name": "1re Section Turgeau", "adm3_name1": "1re Section Turgeau", "adm3_name2": null, "adm3_name3": null, "adm3_pcode": "HT0111-01", "adm2_name": "Port-au-Prince", "adm2_name1": "Port-au-Prince", "adm2_name2": null, "adm2_name3": null, "adm2_pcode": "HT0111", "adm1_name": "West", "adm1_name1": "Ouest", "adm1_name2": "Lwès", "adm1_name3": null, "adm1_pcode": "HT01", "adm0_name": "Haiti", "adm0_name1": null, "adm0_name2": null, "adm0_name3": null, "adm0_pcode": "HT", "valid_on": "2018-11-29", "valid_to": null, "version": "v01", "lang": "en", "lang1": "fr", "lang2": "ht", "lang3": null }, "geometry": { "type": "Point", "coordinates": [ -72.322630580999828, 18.536789843000179 ] } },
{ "type": "Feature", "properties": { "admin_level": 3, "name": "1re Section Verone", "name1": "1re Section Verone", "name2": null, "name3": null, "x_coord": -74.1662856, "y_coord": 18.31393678, "adm4_name": null, "adm4_name1": null, "adm4_name2": null, "adm4_name3": null, "adm4_pcode": null, "adm3_name": "1re Section Verone", "adm3_name1": "1re Section Verone", "adm3_name2": null, "adm3_name3": null, "adm3_pcode": "HT0752-01", "adm2_name": "Les Anglais", "adm2_name1": "Les Anglais", "adm2_name2": null, "adm2_name3": null, "adm2_pcode": "HT0752", "adm1_name": "South", "adm1_name1": "Sud", "adm1_name2": "Sid", "adm1_name3": null, "adm1_pcode": "HT07", "adm0_name": "Haiti", "adm0_name1": null, "adm0_name2": null, "adm0_name3": null, "adm0_pcode": "HT", "valid_on": "2018-11-29", "valid_to": null, "version": "v01", "lang": "en", "lang1": "fr", "lang2": "ht", "lang3": null }, "geometry": { "type": "Point", "coordinates": [ -74.166285599999981, 18.313936780000063 ] } },
{ "type": "Feature", "properties": { "admin_level": 3, "name": "1re Section Villars", "name1": "1re Section Villars", "name2": null, "name3": null, "x_coord": -72.57829621, "y_coord": 19.1929066, "adm4_name": null, "adm4_name1": null, "adm4_name2": null, "adm4_name3": null, "adm4_pcode": null, "adm3_name": "1re Section Villars", "adm3_name1": "1re Section Villars", "adm3_name2": null, "adm3_name3": null, "adm3_pcode": "HT0541-01", "adm2_name": "Dessalines", "adm2_name1": "Dessalines", "adm2_name2": null, "adm2_name3": null, "adm2_pcode": "HT0541", "adm1_name": "Artibonite", "adm1_name1": "Artibonite", "adm1_name2": "Latibonit", "adm1_name3": null, "adm1_pcode": "HT05", "adm0_name": "Haiti", "adm0_name1": null, "adm0_name2": null, "adm0_name3": null, "adm0_pcode": "HT", "valid_on": "2018-11-29", "valid_to": null, "version": "v01", "lang": "en", "lang1": "fr", "lang2": "ht", "lang3": null }, "geometry": { "type": "Point", "coordinates": [ -72.578296206999937, 19.192906599000082 ] } },
{ "type": "Feature", "properties": { "admin_level": 3, "name": "2e Section Acaj ou Brûle No 1", "name1": "2e Section Acaj ou Brûle No 1", "name2": null, "name3": null, "x_coord": -71.81187197, "y_coord": 19.21124452, "adm4_name": null, "adm4_name1": null, "adm4_name2": null, "adm4_name3": null, "adm4_pcode": null, "adm3_name": "2e Section Acaj ou Brûle No 1", "adm3_name1": "2e Section Acaj ou Brûle No 1", "adm3_name2": null, "adm3_name3": null, "adm3_pcode": "HT0641-02", "adm2_name": "Cerca La Source", "adm2_name1": "Cerca La Source", "adm2_name2": null, "adm2_name3": null, "adm2_pcode": "HT0641", "adm1_name": "Centre", "adm1_name1": "Centre", "adm1_name2": "Sant", "adm1_name3": null, "adm1_pcode": "HT06", "adm0_name": "Haiti", "adm0_name1": null, "adm0_name2": null, "adm0_name3": null, "adm0_pcode": "HT", "valid_on": "2018-11-29", "valid_to": null, "version": "v01", "lang": "en", "lang1": "fr", "lang2": "ht", "lang3": null }, "geometry": { "type": "Point", "coordinates": [ -71.811871973999985, 19.211244519 ] } },
{ "type": "Feature", "properties": { "admin_level": 3, "name": "2e Section Acul des Pins", "name1": "2e Section Acul des Pins", "name2": null, "name3": null, "x_coord": -71.81875765, "y_coord": 19.48946348, "adm4_name": null, "adm4_name1": null, "adm4_name2": null, "adm4_name3": null, "adm4_pcode": null, "adm3_name": "2e Section Acul des Pins", "adm3_name1": "2e Section Acul des Pins", "adm3_name2": null, "adm3_name3": null, "adm3_pcode": "HT0421-02", "adm2_name": "Ouanaminthe", "adm2_name1": "Ouanaminthe", "adm2_name2": null, "adm2_name3": null, "adm2_pcode": "HT0421", "adm1_name": "North-East", "adm1_name1": "Nord-Est", "adm1_name2": "Nòdès", "adm1_name3": null, "adm1_pcode": "HT04", "adm0_name": "Haiti", "adm0_name1": null, "adm0_name2": null, "adm0_name3": null, "adm0_pcode": "HT", "valid_on": "2018-11-29", "valid_to": null, "version": "v01", "lang": "en", "lang1": "fr", "lang2": "ht", "lang3": null }, "geometry": { "type": "Point", "coordinates": [ -71.818757646999927, 19.489463481000143 ] } },
{ "type": "Feature", "properties": { "admin_level": 3, "name": "2e Section Anse a Drick", "name1": "2e Section Anse à Drick", "name2": null, "name3": null, "x_coord": -73.92743645, "y_coord": 18.14477457, "adm4_name": null, "adm4_name1": null, "adm4_name2": null, "adm4_name3": null, "adm4_pcode": null, "adm3_name": "2e Section Anse a Drick", "adm3_name1": "2e Section Anse à Drick", "adm3_name2": null, "adm3_name3": null, "adm3_pcode": "HT0723-02", "adm2_name": "Arniquet", "adm2_name1": "Arniquet", "adm2_name2": null, "adm2_name3": null, "adm2_pcode": "HT0723", "adm1_name": "South", "adm1_name1": "Sud", "adm1_name2": "Sid", "adm1_name3": null, "adm1_pcode": "HT07", "adm0_name": "Haiti", "adm0_name1": null, "adm0_name2": null, "adm0_name3": null, "adm0_pcode": "HT", "valid_on": "2018-11-29", "valid_to": null, "version": "v01", "lang": "en", "lang1": "fr", "lang2": "ht", "lang3": null }, "geometry": { "type": "Point", "coordinates": [ -73.927436448999913, 18.144774575000042 ] } },
{ "type": "Feature", "properties": { "admin_level": 3, "name": "2e Section Anse aux Pins", "name1": "2e Section Anse aux Pins", "name2": null, "name3": null, "x_coord": -73.55262749000001, "y_coord": 18.4434033, "adm4_name": null, "adm4_name1": null, "adm4_name2": null, "adm4_name3": null, "adm4_pcode": null, "adm3_name": "2e Section Anse aux Pins", "adm3_name1": "2e Section Anse aux Pins", "adm3_name2": null, "adm3_name3": null, "adm3_pcode": "HT1025-02", "adm2_name": "Plaisance du Sud", "adm2_name1": "Plaisance du Sud", "adm2_name2": null, "adm2_name3": null, "adm2_pcode": "HT1025", "adm1_name": "Nippes", "adm1_name1": "Nippes", "adm1_name2": "Nip", "adm1_name3": null, "adm1_pcode": "HT10", "adm0_name": "Haiti", "adm0_name1": null, "adm0_name2": null, "adm0_name3": null, "adm0_pcode": "HT", "valid_on": "2018-11-29", "valid_to": null, "version": "v01", "lang": "en", "lang1": "fr", "lang2": "ht", "lang3": null }, "geometry": { "type": "Point", "coordinates": [ -73.552627486999882, 18.443403298000021 ] } },
{ "type": "Feature", "properties": { "admin_level": 3, "name": "2e Section Aux Cadets", "name1": "2e Section Aux Cadets", "name2": null, "name3": null, "x_coord": -72.19551251, "y_coord": 18.45888335, "adm4_name": null, "adm4_name1": null, "adm4_name2": null, "adm4_name3": null, "adm4_pcode": null, "adm3_name": "2e Section Aux Cadets", "adm3_name1": "2e Section Aux Cadets", "adm3_name2": null, "adm3_name3": null, "adm3_pcode": "HT0114-02", "adm2_name": "Petion-Ville", "adm2_name1": "Pétion-Ville", "adm2_name2": null, "adm2_name3": null, "adm2_pcode": "HT0114", "adm1_name": "West", "adm1_name1": "Ouest", "adm1_name2": "Lwès", "adm1_name3": null, "adm1_pcode": "HT01", "adm0_name": "Haiti", "adm0_name1": null, "adm0_name2": null, "adm0_name3": null, "adm0_pcode": "HT", "valid_on": "2018-11-29", "valid_to": null, "version": "v01", "lang": "en", "lang1": "fr", "lang2": "ht", "lang3": null }, "geometry": { "type": "Point", "coordinates": [ -72.195512510999947, 18.458883354000136 ] } },
{ "type": "Feature", "properties": { "admin_level": 3, "name": "2e Section Baie Dumesle", "name1": "2e Section Baie Dumesle", "name2": null, "name3": null, "x_coord": -73.58716624, "y_coord": 18.2450962, "adm4_name": null, "adm4_name1": null, "adm4_name2": null, "adm4_name3": null, "adm4_pcode": null, "adm3_name": "2e Section Baie Dumesle", "adm3_name1": "2e Section Baie Dumesle", "adm3_name2": null, "adm3_name3": null, "adm3_pcode": "HT0732-02", "adm2_name": "Saint Louis du Sud", "adm2_name1": "Saint Louis du Sud", "adm2_name2": null, "adm2_name3": null, "adm2_pcode": "HT0732", "adm1_name": "South", "adm1_name1": "Sud", "adm1_name2": "Sid", "adm1_name3": null, "adm1_pcode": "HT07", "adm0_name": "Haiti", "adm0_name1": null, "adm0_name2": null, "adm0_name3": null, "adm0_pcode": "HT", "valid_on": "2018-11-29", "valid_to": null, "version": "v01", "lang": "en", "lang1": "fr", "lang2": "ht", "lang3": null }, "geometry": { "type": "Point", "coordinates": [ -73.587166237999952, 18.24509620200007 ] } },
{ "type": "Feature", "properties": { "admin_level": 3, "name": "2e Section Bailly ou Bailla", "name1": "2e Section Bailly ou Bailla", "name2": null, "name3": null, "x_coord": -72.12557803, "y_coord": 19.43779944, "adm4_name": null, "adm4_name1": null, "adm4_name2": null, "adm4_name3": null, "adm4_pcode": null, "adm3_name": "2e Section Bailly ou Bailla", "adm3_name1": "2e Section Bailly ou Bailla", "adm3_name2": null, "adm3_name3": null, "adm3_pcode": "HT0332-02", "adm2_name": "Bahon", "adm2_name1": "Bahon", "adm2_name2": null, "adm2_name3": null, "adm2_pcode": "HT0332", "adm1_name": "North", "adm1_name1": "Nord", "adm1_name2": "Nò", "adm1_name3": null, "adm1_pcode": "HT03", "adm0_name": "Haiti", "adm0_name1": null, "adm0_name2": null, "adm0_name3": null, "adm0_pcode": "HT", "valid_on": "2018-11-29", "valid_to": null, "version": "v01", "lang": "en", "lang1": "fr", "lang2": "ht", "lang3": null }, "geometry": { "type": "Point", "coordinates": [ -72.125578026999904, 19.437799443000074 ] } },
{ "type": "Feature", "properties": { "admin_level": 3, "name": "2e Section Balais", "name1": "2e Section Balais", "name2": null, "name3": null, "x_coord": -74.06935869, "y_coord": 18.29676742, "adm4_name": null, "adm4_name1": null, "adm4_name2": null, "adm4_name3": null, "adm4_pcode": null, "adm3_name": "2e Section Balais", "adm3_name1": "2e Section Balais", "adm3_name2": null, "adm3_name3": null, "adm3_pcode": "HT0742-02", "adm2_name": "Port-a-Piment", "adm2_name1": "Port-à-Piment", "adm2_name2": null, "adm2_name3": null, "adm2_pcode": "HT0742", "adm1_name": "South", "adm1_name1": "Sud", "adm1_name2": "Sid", "adm1_name3": null, "adm1_pcode": "HT07", "adm0_name": "Haiti", "adm0_name1": null, "adm0_name2": null, "adm0_name3": null, "adm0_pcode": "HT", "valid_on": "2018-11-29", "valid_to": null, "version": "v01", "lang": "en", "lang1": "fr", "lang2": "ht", "lang3": null }, "geometry": { "type": "Point", "coordinates": [ -74.069358686999919, 18.296767422000016 ] } },
{ "type": "Feature", "properties": { "admin_level": 3, "name": "2e Section Balan", "name1": "2e Section Balan", "name2": null, "name3": null, "x_coord": -72.02485242, "y_coord": 18.57464092, "adm4_name": null, "adm4_name1": null, "adm4_name2": null, "adm4_name3": null, "adm4_pcode": null, "adm3_name": "2e Section Balan", "adm3_name1": "2e Section Balan", "adm3_name2": null, "adm3_name3": null, "adm3_pcode": "HT0133-02", "adm2_name": "Ganthier", "adm2_name1": "Ganthier", "adm2_name2": null, "adm2_name3": null, "adm2_pcode": "HT0133", "adm1_name": "West", "adm1_name1": "Ouest", "adm1_name2": "Lwès", "adm1_name3": null, "adm1_pcode": "HT01", "adm0_name": "Haiti", "adm0_name1": null, "adm0_name2": null, "adm0_name3": null, "adm0_pcode": "HT", "valid_on": "2018-11-29", "valid_to": null, "version": "v01", "lang": "en", "lang1": "fr", "lang2": "ht", "lang3": null }, "geometry": { "type": "Point", "coordinates": [ -72.024852420999878, 18.574640921000082 ] } },
{ "type": "Feature", "properties": { "admin_level": 3, "name": "2e Section Balisiers", "name1": "2e Section Balisiers", "name2": null, "name3": null, "x_coord": -74.30071934, "y_coord": 18.61372347, "adm4_name": null, "adm4_name1": null, "adm4_name2": null, "adm4_name3": null, "adm4_pcode": null, "adm3_name": "2e Section Balisiers", "adm3_name1": "2e Section Balisiers", "adm3_name2": null, "adm3_name3": null, "adm3_pcode": "HT0812-02", "adm2_name": "Abricots", "adm2_name1": "Abricots", "adm2_name2": null, "adm2_name3": null, "adm2_pcode": "HT0812", "adm1_name": "Grande'Anse", "adm1_name1": "Grande'Anse", "adm1_name2": "Grandans", "adm1_name3": null, "adm1_pcode": "HT08", "adm0_name": "Haiti", "adm0_name1": null, "adm0_name2": null, "adm0_name3": null, "adm0_pcode": "HT", "valid_on": "2018-11-29", "valid_to": null, "version": "v01", "lang": "en", "lang1": "fr", "lang2": "ht", "lang3": null }, "geometry": { "type": "Point", "coordinates": [ -74.300719343999958, 18.613723474000039 ] } },
{ "type": "Feature", "properties": { "admin_level": 3, "name": "2e Section Baquet", "name1": "2e Section Baquet", "name2": null, "name3": null, "x_coord": -73.35589023, "y_coord": 18.44128729, "adm4_name": null, "adm4_name1": null, "adm4_name2": null, "adm4_name3": null, "adm4_pcode": null, "adm3_name": "2e Section Baquet", "adm3_name1": "2e Section Baquet", "adm3_name2": null, "adm3_name3": null, "adm3_pcode": "HT1024-02", "adm2_name": "Arnaud", "adm2_name1": "Arnaud", "adm2_name2": null, "adm2_name3": null, "adm2_pcode": "HT1024", "adm1_name": "Nippes", "adm1_name1": "Nippes", "adm1_name2": "Nip", "adm1_name3": null, "adm1_pcode": "HT10", "adm0_name": "Haiti", "adm0_name1": null, "adm0_name2": null, "adm0_name3": null, "adm0_pcode": "HT", "valid_on": "2018-11-29", "valid_to": null, "version": "v01", "lang": "en", "lang1": "fr", "lang2": "ht", "lang3": null }, "geometry": { "type": "Point", "coordinates": [ -73.355890234999947, 18.44128728600009 ] } },
{ "type": "Feature", "properties": { "admin_level": 3, "name": "2e Section Bas Coursin II", "name1": "2e Section Bas Coursin II", "name2": null, "name3": null, "x_coord": -72.48049339000001, "y_coord": 19.14857847, "adm4_name": null, "adm4_name1": null, "adm4_name2": null, "adm4_name3": null, "adm4_pcode": null, "adm3_name": "2e Section Bas Coursin II", "adm3_name1": "2e Section Bas Coursin II", "adm3_name2": null, "adm3_name3": null, "adm3_pcode": "HT0542-02", "adm2_name": "Petite Riviere de l'Artibonite", "adm2_name1": "Petite Rivière de l'Artibonite", "adm2_name2": null, "adm2_name3": null, "adm2_pcode": "HT0542", "adm1_name": "Artibonite", "adm1_name1": "Artibonite", "adm1_name2": "Latibonit", "adm1_name3": null, "adm1_pcode": "HT05", "adm0_name": "Haiti", "adm0_name1": null, "adm0_name2": null, "adm0_name3": null, "adm0_pcode": "HT", "valid_on": "2018-11-29", "valid_to": null, "version": "v01", "lang": "en", "lang1": "fr", "lang2": "ht", "lang3": null }, "geometry": { "type": "Point", "coordinates": [ -72.480493388999889, 19.148578466000117 ] } },
{ "type": "Feature", "properties": { "admin_level": 3, "name": "2e Section Bas de l'Acul (Basse Plaine)", "name1": "2e Section Bas de l'Acul (Basse Plaine)", "name2": null, "name3": null, "x_coord": -72.31194682, "y_coord": 19.6809127, "adm4_name": null, "adm4_name1": null, "adm4_name2": null, "adm4_name3": null, "adm4_pcode": null, "adm3_name": "2e Section Bas de l'Acul (Basse Plaine)", "adm3_name1": "2e Section Bas de l'Acul (Basse Plaine)", "adm3_name2": null, "adm3_name3": null, "adm3_pcode": "HT0321-02", "adm2_name": "Acul du Nord", "adm2_name1": "Acul du Nord", "adm2_name2": null, "adm2_name3": null, "adm2_pcode": "HT0321", "adm1_name": "North", "adm1_name1": "Nord", "adm1_name2": "Nò", "adm1_name3": null, "adm1_pcode": "HT03", "adm0_name": "Haiti", "adm0_name1": null, "adm0_name2": null, "adm0_name3": null, "adm0_pcode": "HT", "valid_on": "2018-11-29", "valid_to": null, "version": "v01", "lang": "en", "lang1": "fr", "lang2": "ht", "lang3": null }, "geometry": { "type": "Point", "coordinates": [ -72.311946820999935, 19.680912697000053 ] } },
{ "type": "Feature", "properties": { "admin_level": 3, "name": "2e Section Bas des Perches", "name1": "2e Section Bas des Perches", "name2": null, "name3": null, "x_coord": -71.93169881, "y_coord": 19.52791244, "adm4_name": null, "adm4_name1": null, "adm4_name2": null, "adm4_name3": null, "adm4_pcode": null, "adm3_name": "2e Section Bas des Perches", "adm3_name1": "2e Section Bas des Perches", "adm3_name2": null, "adm3_name3": null, "adm3_pcode": "HT0413-02", "adm2_name": "Perches", "adm2_name1": "Perches", "adm2_name2": null, "adm2_name3": null, "adm2_pcode": "HT0413", "adm1_name": "North-East", "adm1_name1": "Nord-Est", "adm1_name2": "Nòdès", "adm1_name3": null, "adm1_pcode": "HT04", "adm0_name": "Haiti", "adm0_name1": null, "adm0_name2": null, "adm0_name3": null, "adm0_pcode": "HT", "valid_on": "2018-11-29", "valid_to": null, "version": "v01", "lang": "en", "lang1": "fr", "lang2": "ht", "lang3": null }, "geometry": { "type": "Point", "coordinates": [ -71.931698811999922, 19.527912441000126 ] } },
{ "type": "Feature", "properties": { "admin_level": 3, "name": "2e Section Bas Petit Borgne", "name1": "2e Section Bas Petit Borgne", "name2": null, "name3": null, "x_coord": -72.43553241, "y_coord": 19.75614445, "adm4_name": null, "adm4_name1": null, "adm4_name2": null, "adm4_name3": null, "adm4_pcode": null, "adm3_name": "2e Section Bas Petit Borgne", "adm3_name1": "2e Section Bas Petit Borgne", "adm3_name2": null, "adm3_name3": null, "adm3_pcode": "HT0352-02", "adm2_name": "Port-Margot", "adm2_name1": "Port-Margot", "adm2_name2": null, "adm2_name3": null, "adm2_pcode": "HT0352", "adm1_name": "North", "adm1_name1": "Nord", "adm1_name2": "Nò", "adm1_name3": null, "adm1_pcode": "HT03", "adm0_name": "Haiti", "adm0_name1": null, "adm0_name2": null, "adm0_name3": null, "adm0_pcode": "HT", "valid_on": "2018-11-29", "valid_to": null, "version": "v01", "lang": "en", "lang1": "fr", "lang2": "ht", "lang3": null }, "geometry": { "type": "Point", "coordinates": [ -72.435532414999955, 19.756144449000033 ] } },
{ "type": "Feature", "properties": { "admin_level": 3, "name": "2e Section Basse Plaine", "name1": "2e Section Basse Plaine", "name2": null, "name3": null, "x_coord": -72.26077183, "y_coord": 19.67016722, "adm4_name": null, "adm4_name1": null, "adm4_name2": null, "adm4_name3": null, "adm4_pcode": null, "adm3_name": "2e Section Basse Plaine", "adm3_name1": "2e Section Basse Plaine", "adm3_name2": null, "adm3_name3": null, "adm3_pcode": "HT0322-02", "adm2_name": "Plaine du Nord", "adm2_name1": "Plaine du Nord", "adm2_name2": null, "adm2_name3": null, "adm2_pcode": "HT0322", "adm1_name": "North", "adm1_name1": "Nord", "adm1_name2": "Nò", "adm1_name3": null, "adm1_pcode": "HT03", "adm0_name": "Haiti", "adm0_name1": null, "adm0_name2": null, "adm0_name3": null, "adm0_pcode": "HT", "valid_on": "2018-11-29", "valid_to": null, "version": "v01", "lang": "en", "lang1": "fr", "lang2": "ht", "lang3": null }, "geometry": { "type": "Point", "coordinates": [ -72.260771827999918, 19.670167218000131 ] } },
{ "type": "Feature", "properties": { "admin_level": 3, "name": "2e Section Bassin", "name1": "2e Section Bassin", "name2": null, "name3": null, "x_coord": -72.68673754, "y_coord": 19.52792559, "adm4_name": null, "adm4_name1": null, "adm4_name2": null, "adm4_name3": null, "adm4_pcode": null, "adm3_name": "2e Section Bassin", "adm3_name1": "2e Section Bassin", "adm3_name2": null, "adm3_name3": null, "adm3_pcode": "HT0511-02", "adm2_name": "Gonaives", "adm2_name1": "Gonaïves", "adm2_name2": null, "adm2_name3": null, "adm2_pcode": "HT0511", "adm1_name": "Artibonite", "adm1_name1": "Artibonite", "adm1_name2": "Latibonit", "adm1_name3": null, "adm1_pcode": "HT05", "adm0_name": "Haiti", "adm0_name1": null, "adm0_name2": null, "adm0_name3": null, "adm0_pcode": "HT", "valid_on": "2018-11-29", "valid_to": null, "version": "v01", "lang": "en", "lang1": "fr", "lang2": "ht", "lang3": null }, "geometry": { "type": "Point", "coordinates": [ -72.686737544999971, 19.527925586000094 ] } },
{ "type": "Feature", "properties": { "admin_level": 3, "name": "2e Section Bassin Caiman", "name1": "2e Section Bassin Caïman", "name2": null, "name3": null, "x_coord": -72.23477912, "y_coord": 19.50465703, "adm4_name": null, "adm4_name1": null, "adm4_name2": null, "adm4_name3": null, "adm4_pcode": null, "adm3_name": "2e Section Bassin Caiman", "adm3_name1": "2e Section Bassin Caïman", "adm3_name2": null, "adm3_name3": null, "adm3_pcode": "HT0342-02", "adm2_name": "Dondon", "adm2_name1": "Dondon", "adm2_name2": null, "adm2_name3": null, "adm2_pcode": "HT0342", "adm1_name": "North", "adm1_name1": "Nord", "adm1_name2": "Nò", "adm1_name3": null, "adm1_pcode": "HT03", "adm0_name": "Haiti", "adm0_name1": null, "adm0_name2": null, "adm0_name3": null, "adm0_pcode": "HT", "valid_on": "2018-11-29", "valid_to": null, "version": "v01", "lang": "en", "lang1": "fr", "lang2": "ht", "lang3": null }, "geometry": { "type": "Point", "coordinates": [ -72.234779117999892, 19.504657026000075 ] } },
{ "type": "Feature", "properties": { "admin_level": 3, "name": "2e Section Bassin ou Billier", "name1": "2e Section Bassin ou Billier", "name2": null, "name3": null, "x_coord": -72.39402293000001, "y_coord": 19.55265814, "adm4_name": null, "adm4_name1": null, "adm4_name2": null, "adm4_name3": null, "adm4_pcode": null, "adm3_name": "2e Section Bassin ou Billier", "adm3_name1": "2e Section Bassin ou Billier", "adm3_name2": null, "adm3_name3": null, "adm3_pcode": "HT0552-02", "adm2_name": "Marmelade", "adm2_name1": "Marmelade", "adm2_name2": null, "adm2_name3": null, "adm2_pcode": "HT0552", "adm1_name": "Artibonite", "adm1_name1": "Artibonite", "adm1_name2": "Latibonit", "adm1_name3": null, "adm1_pcode": "HT05", "adm0_name": "Haiti", "adm0_name1": null, "adm0_name2": null, "adm0_name3": null, "adm0_pcode": "HT", "valid_on": "2018-11-29", "valid_to": null, "version": "v01", "lang": "en", "lang1": "fr", "lang2": "ht", "lang3": null }, "geometry": { "type": "Point", "coordinates": [ -72.394022932999917, 19.552658140000119 ] } },
{ "type": "Feature", "properties": { "admin_level": 3, "name": "2e Section Baudin", "name1": "2e Section Baudin", "name2": null, "name3": null, "x_coord": -72.54154856, "y_coord": 19.63432223, "adm4_name": null, "adm4_name1": null, "adm4_name2": null, "adm4_name3": null, "adm4_pcode": null, "adm3_name": "2e Section Baudin", "adm3_name1": "2e Section Baudin", "adm3_name2": null, "adm3_name3": null, "adm3_pcode": "HT0372-02", "adm2_name": "Pilate", "adm2_name1": "Pilate", "adm2_name2": null, "adm2_name3": null, "adm2_pcode": "HT0372", "adm1_name": "North", "adm1_name1": "Nord", "adm1_name2": "Nò", "adm1_name3": null, "adm1_pcode": "HT03", "adm0_name": "Haiti", "adm0_name1": null, "adm0_name2": null, "adm0_name3": null, "adm0_pcode": "HT", "valid_on": "2018-11-29", "valid_to": null, "version": "v01", "lang": "en", "lang1": "fr", "lang2": "ht", "lang3": null }, "geometry": { "type": "Point", "coordinates": [ -72.54154855999991, 19.634322230000123 ] } },
{ "type": "Feature", "properties": { "admin_level": 3, "name": "2e Section Bayaha", "name1": "2e Section Bayaha", "name2": null, "name3": null, "x_coord": -71.86683792, "y_coord": 19.61266668, "adm4_name": null, "adm4_name1": null, "adm4_name2": null, "adm4_name3": null, "adm4_pcode": null, "adm3_name": "2e Section Bayaha", "adm3_name1": "2e Section Bayaha", "adm3_name2": null, "adm3_name3": null, "adm3_pcode": "HT0411-02", "adm2_name": "Fort-Liberte", "adm2_name1": "Fort-Liberté", "adm2_name2": null, "adm2_name3": null, "adm2_pcode": "HT0411", "adm1_name": "North-East", "adm1_name1": "Nord-Est", "adm1_name2": "Nòdès", "adm1_name3": null, "adm1_pcode": "HT04", "adm0_name": "Haiti", "adm0_name1": null, "adm0_name2": null, "adm0_name3": null, "adm0_pcode": "HT", "valid_on": "2018-11-29", "valid_to": null, "version": "v01", "lang": "en", "lang1": "fr", "lang2": "ht", "lang3": null }, "geometry": { "type": "Point", "coordinates": [ -71.866837921999945, 19.612666683000043 ] } },
{ "type": "Feature", "properties": { "admin_level": 3, "name": "2e Section Belair", "name1": "2e Section Belair", "name2": null, "name3": null, "x_coord": -74.38619844, "y_coord": 18.39136537, "adm4_name": null, "adm4_name1": null, "adm4_name2": null, "adm4_name3": null, "adm4_pcode": null, "adm3_name": "2e Section Belair", "adm3_name1": "2e Section Belair", "adm3_name2": null, "adm3_name3": null, "adm3_pcode": "HT0823-02", "adm2_name": "Les Irois", "adm2_name1": "Les Irois", "adm2_name2": null, "adm2_name3": null, "adm2_pcode": "HT0823", "adm1_name": "Grande'Anse", "adm1_name1": "Grande'Anse", "adm1_name2": "Grandans", "adm1_name3": null, "adm1_pcode": "HT08", "adm0_name": "Haiti", "adm0_name1": null, "adm0_name2": null, "adm0_name3": null, "adm0_pcode": "HT", "valid_on": "2018-11-29", "valid_to": null, "version": "v01", "lang": "en", "lang1": "fr", "lang2": "ht", "lang3": null }, "geometry": { "type": "Point", "coordinates": [ -74.386198441999966, 18.391365374000088 ] } },
{ "type": "Feature", "properties": { "admin_level": 3, "name": "2e Section Belanger", "name1": "2e Section Belanger", "name2": null, "name3": null, "x_coord": -72.52304906000001, "y_coord": 19.09166569, "adm4_name": null, "adm4_name1": null, "adm4_name2": null, "adm4_name3": null, "adm4_pcode": null, "adm3_name": "2e Section Belanger", "adm3_name1": "2e Section Belanger", "adm3_name2": null, "adm3_name3": null, "adm3_pcode": "HT0532-02", "adm2_name": "Verrettes", "adm2_name1": "Verrettes", "adm2_name2": null, "adm2_name3": null, "adm2_pcode": "HT0532", "adm1_name": "Artibonite", "adm1_name1": "Artibonite", "adm1_name2": "Latibonit", "adm1_name3": null, "adm1_pcode": "HT05", "adm0_name": "Haiti", "adm0_name1": null, "adm0_name2": null, "adm0_name3": null, "adm0_pcode": "HT", "valid_on": "2018-11-29", "valid_to": null, "version": "v01", "lang": "en", "lang1": "fr", "lang2": "ht", "lang3": null }, "geometry": { "type": "Point", "coordinates": [ -72.52304905799997, 19.091665687000159 ] } },
{ "type": "Feature", "properties": { "admin_level": 3, "name": "2e Section Belle Riviere", "name1": "2e Section Belle Rivière", "name2": null, "name3": null, "x_coord": -73.06530648, "y_coord": 18.34877675, "adm4_name": null, "adm4_name1": null, "adm4_name2": null, "adm4_name3": null, "adm4_pcode": null, "adm3_name": "2e Section Belle Riviere", "adm3_name1": "2e Section Belle Rivière", "adm3_name2": null, "adm3_name3": null, "adm3_pcode": "HT1011-02", "adm2_name": "Miragoane", "adm2_name1": "Miragoâne", "adm2_name2": null, "adm2_name3": null, "adm2_pcode": "HT1011", "adm1_name": "Nippes", "adm1_name1": "Nippes", "adm1_name2": "Nip", "adm1_name3": null, "adm1_pcode": "HT10", "adm0_name": "Haiti", "adm0_name1": null, "adm0_name2": null, "adm0_name3": null, "adm0_pcode": "HT", "valid_on": "2018-11-29", "valid_to": null, "version": "v01", "lang": "en", "lang1": "fr", "lang2": "ht", "lang3": null }, "geometry": { "type": "Point", "coordinates": [ -73.065306483999962, 18.348776747000159 ] } },
{ "type": "Feature", "properties": { "admin_level": 3, "name": "2e Section Bellevue", "name1": "2e Section Bellevue", "name2": null, "name3": null, "x_coord": -73.32248974, "y_coord": 18.32168172, "adm4_name": null, "adm4_name1": null, "adm4_name2": null, "adm4_name3": null, "adm4_pcode": null, "adm3_name": "2e Section Bellevue", "adm3_name1": "2e Section Bellevue", "adm3_name2": null, "adm3_name3": null, "adm3_pcode": "HT0731-02", "adm2_name": "Aquin", "adm2_name1": "Aquin", "adm2_name2": null, "adm2_name3": null, "adm2_pcode": "HT0731", "adm1_name": "South", "adm1_name1": "Sud", "adm1_name2": "Sid", "adm1_name3": null, "adm1_pcode": "HT07", "adm0_name": "Haiti", "adm0_name1": null, "adm0_name2": null, "adm0_name3": null, "adm0_pcode": "HT", "valid_on": "2018-11-29", "valid_to": null, "version": "v01", "lang": "en", "lang1": "fr", "lang2": "ht", "lang3": null }, "geometry": { "type": "Point", "coordinates": [ -73.322489735999966, 18.321681720000186 ] } },
{ "type": "Feature", "properties": { "admin_level": 3, "name": "2e Section Berault", "name1": "2e Section Berault", "name2": null, "name3": null, "x_coord": -73.84748436, "y_coord": 18.20630709, "adm4_name": null, "adm4_name1": null, "adm4_name2": null, "adm4_name3": null, "adm4_pcode": null, "adm3_name": "2e Section Berault", "adm3_name1": "2e Section Berault", "adm3_name2": null, "adm3_name3": null, "adm3_pcode": "HT0712-02", "adm2_name": "Torbeck", "adm2_name1": "Torbeck", "adm2_name2": null, "adm2_name3": null, "adm2_pcode": "HT0712", "adm1_name": "South", "adm1_name1": "Sud", "adm1_name2": "Sid", "adm1_name3": null, "adm1_pcode": "HT07", "adm0_name": "Haiti", "adm0_name1": null, "adm0_name2": null, "adm0_name3": null, "adm0_pcode": "HT", "valid_on": "2018-11-29", "valid_to": null, "version": "v01", "lang": "en", "lang1": "fr", "lang2": "ht", "lang3": null }, "geometry": { "type": "Point", "coordinates": [ -73.847484362999978, 18.206307090000166 ] } },
{ "type": "Feature", "properties": { "admin_level": 3, "name": "2e Section Bezin II", "name1": "2e Section Bezin II", "name2": null, "name3": null, "x_coord": -73.13370218, "y_coord": 18.41629251, "adm4_name": null, "adm4_name1": null, "adm4_name2": null, "adm4_name3": null, "adm4_pcode": null, "adm3_name": "2e Section Bezin II", "adm3_name1": "2e Section Bezin II", "adm3_name2": null, "adm3_name3": null, "adm3_pcode": "HT1014-02", "adm2_name": "Paillant", "adm2_name1": "Paillant", "adm2_name2": null, "adm2_name3": null, "adm2_pcode": "HT1014", "adm1_name": "Nippes", "adm1_name1": "Nippes", "adm1_name2": "Nip", "adm1_name3": null, "adm1_pcode": "HT10", "adm0_name": "Haiti", "adm0_name1": null, "adm0_name2": null, "adm0_name3": null, "adm0_pcode": "HT", "valid_on": "2018-11-29", "valid_to": null, "version": "v01", "lang": "en", "lang1": "fr", "lang2": "ht", "lang3": null }, "geometry": { "type": "Point", "coordinates": [ -73.133702182999912, 18.416292510000062 ] } },
{ "type": "Feature", "properties": { "admin_level": 3, "name": "2e Section Bois Blanc", "name1": "2e Section Bois Blanc", "name2": null, "name3": null, "x_coord": -72.09745682, "y_coord": 19.56215098, "adm4_name": null, "adm4_name1": null, "adm4_name2": null, "adm4_name3": null, "adm4_pcode": null, "adm3_name": "2e Section Bois Blanc", "adm3_name1": "2e Section Bois Blanc", "adm3_name2": null, "adm3_name3": null, "adm3_pcode": "HT0432-02", "adm2_name": "Sainte Suzanne", "adm2_name1": "Sainte Suzanne", "adm2_name2": null, "adm2_name3": null, "adm2_pcode": "HT0432", "adm1_name": "North-East", "adm1_name1": "Nord-Est", "adm1_name2": "Nòdès", "adm1_name3": null, "adm1_pcode": "HT04", "adm0_name": "Haiti", "adm0_name1": null, "adm0_name2": null, "adm0_name3": null, "adm0_pcode": "HT", "valid_on": "2018-11-29", "valid_to": null, "version": "v01", "lang": "en", "lang1": "fr", "lang2": "ht", "lang3": null }, "geometry": { "type": "Point", "coordinates": [ -72.097456816999909, 19.562150984000027 ] } },
{ "type": "Feature", "properties": { "admin_level": 3, "name": "2e Section Bois d'Orme", "name1": "2e Section Bois d'Orme", "name2": null, "name3": null, "x_coord": -71.78066309, "y_coord": 18.23507313, "adm4_name": null, "adm4_name1": null, "adm4_name2": null, "adm4_name3": null, "adm4_pcode": null, "adm3_name": "2e Section Bois d'Orme", "adm3_name1": "2e Section Bois d'Orme", "adm3_name2": null, "adm3_name3": null, "adm3_pcode": "HT0234-02", "adm2_name": "Anse-a-Pitre", "adm2_name1": "Anse-à-Pître", "adm2_name2": null, "adm2_name3": null, "adm2_pcode": "HT0234", "adm1_name": "South-East", "adm1_name1": "Sud-Est", "adm1_name2": "Sidès", "adm1_name3": null, "adm1_pcode": "HT02", "adm0_name": "Haiti", "adm0_name1": null, "adm0_name2": null, "adm0_name3": null, "adm0_pcode": "HT", "valid_on": "2018-11-29", "valid_to": null, "version": "v01", "lang": "en", "lang1": "fr", "lang2": "ht", "lang3": null }, "geometry": { "type": "Point", "coordinates": [ -71.78066309399992, 18.235073125000042 ] } },
{ "type": "Feature", "properties": { "admin_level": 3, "name": "2e Section Bois de Lance", "name1": "2e Section Bois de Lance", "name2": null, "name3": null, "x_coord": -72.13881721, "y_coord": 19.62861137, "adm4_name": null, "adm4_name1": null, "adm4_name2": null, "adm4_name3": null, "adm4_pcode": null, "adm3_name": "2e Section Bois de Lance", "adm3_name1": "2e Section Bois de Lance", "adm3_name2": null, "adm3_name3": null, "adm3_pcode": "HT0313-02", "adm2_name": "Limonade", "adm2_name1": "Limonade", "adm2_name2": null, "adm2_name3": null, "adm2_pcode": "HT0313", "adm1_name": "North", "adm1_name1": "Nord", "adm1_name2": "Nò", "adm1_name3": null, "adm1_pcode": "HT03", "adm0_name": "Haiti", "adm0_name1": null, "adm0_name2": null, "adm0_name3": null, "adm0_pcode": "HT", "valid_on": "2018-11-29", "valid_to": null, "version": "v01", "lang": "en", "lang1": "fr", "lang2": "ht", "lang3": null }, "geometry": { "type": "Point", "coordinates": [ -72.138817210999946, 19.628611370000101 ] } },
{ "type": "Feature", "properties": { "admin_level": 3, "name": "2e Section Bois de Lance", "name1": "2e Section Bois de Lance", "name2": null, "name3": null, "x_coord": -72.05464987000001, "y_coord": 19.41744033, "adm4_name": null, "adm4_name1": null, "adm4_name2": null, "adm4_name3": null, "adm4_pcode": null, "adm3_name": "2e Section Bois de Lance", "adm3_name1": "2e Section Bois de Lance", "adm3_name2": null, "adm3_name3": null, "adm3_pcode": "HT0343-02", "adm2_name": "Ranquitte", "adm2_name1": "Ranquitte", "adm2_name2": null, "adm2_name3": null, "adm2_pcode": "HT0343", "adm1_name": "North", "adm1_name1": "Nord", "adm1_name2": "Nò", "adm1_name3": null, "adm1_pcode": "HT03", "adm0_name": "Haiti", "adm0_name1": null, "adm0_name2": null, "adm0_name3": null, "adm0_pcode": "HT", "valid_on": "2018-11-29", "valid_to": null, "version": "v01", "lang": "en", "lang1": "fr", "lang2": "ht", "lang3": null }, "geometry": { "type": "Point", "coordinates": [ -72.05464986599992, 19.417440327000065 ] } },
{ "type": "Feature", "properties": { "admin_level": 3, "name": "2e Section Bois Laurence", "name1": "2e Section Bois Laurence", "name2": null, "name3": null, "x_coord": -71.86232099, "y_coord": 19.32714374, "adm4_name": null, "adm4_name1": null, "adm4_name2": null, "adm4_name3": null, "adm4_pcode": null, "adm3_name": "2e Section Bois Laurence", "adm3_name1": "2e Section Bois Laurence", "adm3_name2": null, "adm3_name3": null, "adm3_pcode": "HT0443-02", "adm2_name": "Mombin Crochu", "adm2_name1": "Mombin Crochu", "adm2_name2": null, "adm2_name3": null, "adm2_pcode": "HT0443", "adm1_name": "North-East", "adm1_name1": "Nord-Est", "adm1_name2": "Nòdès", "adm1_name3": null, "adm1_pcode": "HT04", "adm0_name": "Haiti", "adm0_name1": null, "adm0_name2": null, "adm0_name3": null, "adm0_pcode": "HT", "valid_on": "2018-11-29", "valid_to": null, "version": "v01", "lang": "en", "lang1": "fr", "lang2": "ht", "lang3": null }, "geometry": { "type": "Point", "coordinates": [ -71.862320991999979, 19.327143745000058 ] } },
{ "type": "Feature", "properties": { "admin_level": 3, "name": "2e Section Bois Neuf", "name1": "2e Section Bois Neuf", "name2": null, "name3": null, "x_coord": -72.81801983, "y_coord": 19.62679725, "adm4_name": null, "adm4_name1": null, "adm4_name2": null, "adm4_name3": null, "adm4_pcode": null, "adm3_name": "2e Section Bois Neuf", "adm3_name1": "2e Section Bois Neuf", "adm3_name2": null, "adm3_name3": null, "adm3_pcode": "HT0522-02", "adm2_name": "Terre Neuve", "adm2_name1": "Terre Neuve", "adm2_name2": null, "adm2_name3": null, "adm2_pcode": "HT0522", "adm1_name": "Artibonite", "adm1_name1": "Artibonite", "adm1_name2": "Latibonit", "adm1_name3": null, "adm1_pcode": "HT05", "adm0_name": "Haiti", "adm0_name1": null, "adm0_name2": null, "adm0_name3": null, "adm0_pcode": "HT", "valid_on": "2018-11-29", "valid_to": null, "version": "v01", "lang": "en", "lang1": "fr", "lang2": "ht", "lang3": null }, "geometry": { "type": "Point", "coordinates": [ -72.818019825999954, 19.626797251000028 ] } },
{ "type": "Feature", "properties": { "admin_level": 3, "name": "2e Section Bois Neuf", "name1": "2e Section Bois Neuf", "name2": null, "name3": null, "x_coord": -72.7481284, "y_coord": 19.04843881, "adm4_name": null, "adm4_name1": null, "adm4_name2": null, "adm4_name3": null, "adm4_pcode": null, "adm3_name": "2e Section Bois Neuf", "adm3_name1": "2e Section Bois Neuf", "adm3_name2": null, "adm3_name3": null, "adm3_pcode": "HT0531-02", "adm2_name": "Saint-Marc", "adm2_name1": "Saint-Marc", "adm2_name2": null, "adm2_name3": null, "adm2_pcode": "HT0531", "adm1_name": "Artibonite", "adm1_name1": "Artibonite", "adm1_name2": "Latibonit", "adm1_name3": null, "adm1_pcode": "HT05", "adm0_name": "Haiti", "adm0_name1": null, "adm0_name2": null, "adm0_name3": null, "adm0_pcode": "HT", "valid_on": "2018-11-29", "valid_to": null, "version": "v01", "lang": "en", "lang1": "fr", "lang2": "ht", "lang3": null }, "geometry": { "type": "Point", "coordinates": [ -72.748128399999985, 19.048438807000082 ] } },
{ "type": "Feature", "properties": { "admin_level": 3, "name": "2e Section Bois Poux", "name1": "2e Section Bois Poux", "name2": null, "name3": null, "x_coord": -71.81654631000001, "y_coord": 19.40547771, "adm4_name": null, "adm4_name1": null, "adm4_name2": null, "adm4_name3": null, "adm4_pcode": null, "adm3_name": "2e Section Bois Poux", "adm3_name1": "2e Section Bois Poux", "adm3_name2": null, "adm3_name3": null, "adm3_pcode": "HT0423-02", "adm2_name": "Mont-Organise", "adm2_name1": "Mont-Organisé", "adm2_name2": null, "adm2_name3": null, "adm2_pcode": "HT0423", "adm1_name": "North-East", "adm1_name1": "Nord-Est", "adm1_name2": "Nòdès", "adm1_name3": null, "adm1_pcode": "HT04", "adm0_name": "Haiti", "adm0_name1": null, "adm0_name2": null, "adm0_name3": null, "adm0_pcode": "HT", "valid_on": "2018-11-29", "valid_to": null, "version": "v01", "lang": "en", "lang1": "fr", "lang2": "ht", "lang3": null }, "geometry": { "type": "Point", "coordinates": [ -71.816546310999911, 19.405477709000081 ] } },
{ "type": "Feature", "properties": { "admin_level": 3, "name": "2e Section Bongars", "name1": "2e Section Bongars", "name2": null, "name3": null, "x_coord": -72.35186354, "y_coord": 18.42629667, "adm4_name": null, "adm4_name1": null, "adm4_name2": null, "adm4_name3": null, "adm4_pcode": null, "adm3_name": "2e Section Bongars", "adm3_name1": "2e Section Bongars", "adm3_name2": null, "adm3_name3": null, "adm3_pcode": "HT0115-02", "adm2_name": "Kenscoff", "adm2_name1": "Kenscoff", "adm2_name2": null, "adm2_name3": null, "adm2_pcode": "HT0115", "adm1_name": "West", "adm1_name1": "Ouest", "adm1_name2": "Lwès", "adm1_name3": null, "adm1_pcode": "HT01", "adm0_name": "Haiti", "adm0_name1": null, "adm0_name2": null, "adm0_name3": null, "adm0_pcode": "HT", "valid_on": "2018-11-29", "valid_to": null, "version": "v01", "lang": "en", "lang1": "fr", "lang2": "ht", "lang3": null }, "geometry": { "type": "Point", "coordinates": [ -72.351863543999968, 18.426296674000014 ] } },
{ "type": "Feature", "properties": { "admin_level": 3, "name": "2e Section Bonnet a l'Eveque", "name1": "2e Section Bonnet à l'Evêque", "name2": null, "name3": null, "x_coord": -72.21890945, "y_coord": 19.59837018, "adm4_name": null, "adm4_name1": null, "adm4_name2": null, "adm4_name3": null, "adm4_pcode": null, "adm3_name": "2e Section Bonnet a l'Eveque", "adm3_name1": "2e Section Bonnet à l'Evêque", "adm3_name2": null, "adm3_name3": null, "adm3_pcode": "HT0323-02", "adm2_name": "Milot", "adm2_name1": "Milot", "adm2_name2": null, "adm2_name3": null, "adm2_pcode": "HT0323", "adm1_name": "North", "adm1_name1": "Nord", "adm1_name2": "Nò", "adm1_name3": null, "adm1_pcode": "HT03", "adm0_name": "Haiti", "adm0_name1": null, "adm0_name2": null, "adm0_name3": null, "adm0_pcode": "HT", "valid_on": "2018-11-29", "valid_to": null, "version": "v01", "lang": "en", "lang1": "fr", "lang2": "ht", "lang3": null }, "geometry": { "type": "Point", "coordinates": [ -72.218909448999909, 19.598370184000089 ] } },
{ "type": "Feature", "properties": { "admin_level": 3, "name": "2e Section Bossous", "name1": "2e Section Bossous", "name2": null, "name3": null, "x_coord": -72.36919691, "y_coord": 18.93241445, "adm4_name": null, "adm4_name1": null, "adm4_name2": null, "adm4_name3": null, "adm4_pcode": null, "adm3_name": "2e Section Bossous", "adm3_name1": "2e Section Bossous", "adm3_name2": null, "adm3_name3": null, "adm3_pcode": "HT0533-02", "adm2_name": "La Chapelle", "adm2_name1": "La Chapelle", "adm2_name2": null, "adm2_name3": null, "adm2_pcode": "HT0533", "adm1_name": "Artibonite", "adm1_name1": "Artibonite", "adm1_name2": "Latibonit", "adm1_name3": null, "adm1_pcode": "HT05", "adm0_name": "Haiti", "adm0_name1": null, "adm0_name2": null, "adm0_name3": null, "adm0_pcode": "HT", "valid_on": "2018-11-29", "valid_to": null, "version": "v01", "lang": "en", "lang1": "fr", "lang2": "ht", "lang3": null }, "geometry": { "type": "Point", "coordinates": [ -72.369196914999975, 18.932414446000053 ] } },
{ "type": "Feature", "properties": { "admin_level": 3, "name": "2e Section Boucan", "name1": "2e Section Boucan", "name2": null, "name3": null, "x_coord": -74.35257586, "y_coord": 18.51440157, "adm4_name": null, "adm4_name1": null, "adm4_name2": null, "adm4_name3": null, "adm4_pcode": null, "adm3_name": "2e Section Boucan", "adm3_name1": "2e Section Boucan", "adm3_name2": null, "adm3_name3": null, "adm3_pcode": "HT0815-02", "adm2_name": "Chambellan", "adm2_name1": "Chambellan", "adm2_name2": null, "adm2_name3": null, "adm2_pcode": "HT0815", "adm1_name": "Grande'Anse", "adm1_name1": "Grande'Anse", "adm1_name2": "Grandans", "adm1_name3": null, "adm1_pcode": "HT08", "adm0_name": "Haiti", "adm0_name1": null, "adm0_name2": null, "adm0_name3": null, "adm0_pcode": "HT", "valid_on": "2018-11-29", "valid_to": null, "version": "v01", "lang": "en", "lang1": "fr", "lang2": "ht", "lang3": null }, "geometry": { "type": "Point", "coordinates": [ -74.352575856999977, 18.514401568000039 ] } },
{ "type": "Feature", "properties": { "admin_level": 3, "name": "2e Section Boucan Carre", "name1": "2e Section Boucan Carre", "name2": null, "name3": null, "x_coord": -72.19088726, "y_coord": 18.9179048, "adm4_name": null, "adm4_name1": null, "adm4_name2": null, "adm4_name3": null, "adm4_pcode": null, "adm3_name": "2e Section Boucan Carre", "adm3_name1": "2e Section Boucan Carre", "adm3_name2": null, "adm3_name3": null, "adm3_pcode": "HT0623-02", "adm2_name": "Boucan Carre", "adm2_name1": "Boucan Carré", "adm2_name2": null, "adm2_name3": null, "adm2_pcode": "HT0623", "adm1_name": "Centre", "adm1_name1": "Centre", "adm1_name2": "Sant", "adm1_name3": null, "adm1_pcode": "HT06", "adm0_name": "Haiti", "adm0_name1": null, "adm0_name2": null, "adm0_name3": null, "adm0_pcode": "HT", "valid_on": "2018-11-29", "valid_to": null, "version": "v01", "lang": "en", "lang1": "fr", "lang2": "ht", "lang3": null }, "geometry": { "type": "Point", "coordinates": [ -72.190887255999939, 18.917904800000144 ] } },
{ "type": "Feature", "properties": { "admin_level": 3, "name": "2e Section Boucan Michel", "name1": "2e Section Boucan Michel", "name2": null, "name3": null, "x_coord": -72.54603412, "y_coord": 19.7584352, "adm4_name": null, "adm4_name1": null, "adm4_name2": null, "adm4_name3": null, "adm4_pcode": null, "adm3_name": "2e Section Boucan Michel", "adm3_name1": "2e Section Boucan Michel", "adm3_name2": null, "adm3_name3": null, "adm3_pcode": "HT0351-02", "adm2_name": "Borgne", "adm2_name1": "Borgne", "adm2_name2": null, "adm2_name3": null, "adm2_pcode": "HT0351", "adm1_name": "North", "adm1_name1": "Nord", "adm1_name2": "Nò", "adm1_name3": null, "adm1_pcode": "HT03", "adm0_name": "Haiti", "adm0_name1": null, "adm0_name2": null, "adm0_name3": null, "adm0_pcode": "HT", "valid_on": "2018-11-29", "valid_to": null, "version": "v01", "lang": "en", "lang1": "fr", "lang2": "ht", "lang3": null }, "geometry": { "type": "Point", "coordinates": [ -72.54603412199998, 19.75843519700004 ] } },
{ "type": "Feature", "properties": { "admin_level": 3, "name": "2e Section Boucassin", "name1": "2e Section Boucassin", "name2": null, "name3": null, "x_coord": -72.45189721, "y_coord": 18.75745779, "adm4_name": null, "adm4_name1": null, "adm4_name2": null, "adm4_name3": null, "adm4_pcode": null, "adm3_name": "2e Section Boucassin", "adm3_name1": "2e Section Boucassin", "adm3_name2": null, "adm3_name3": null, "adm3_pcode": "HT0142-02", "adm2_name": "Cabaret", "adm2_name1": "Cabaret", "adm2_name2": null, "adm2_name3": null, "adm2_pcode": "HT0142", "adm1_name": "West", "adm1_name1": "Ouest", "adm1_name2": "Lwès", "adm1_name3": null, "adm1_pcode": "HT01", "adm0_name": "Haiti", "adm0_name1": null, "adm0_name2": null, "adm0_name3": null, "adm0_pcode": "HT", "valid_on": "2018-11-29", "valid_to": null, "version": "v01", "lang": "en", "lang1": "fr", "lang2": "ht", "lang3": null }, "geometry": { "type": "Point", "coordinates": [ -72.451897213999928, 18.757457789000057 ] } },
{ "type": "Feature", "properties": { "admin_level": 3, "name": "2e Section Boudon", "name1": "2e Section Boudon", "name2": null, "name3": null, "x_coord": -74.37038052, "y_coord": 18.46497043, "adm4_name": null, "adm4_name1": null, "adm4_name2": null, "adm4_name3": null, "adm4_pcode": null, "adm3_name": "2e Section Boudon", "adm3_name1": "2e Section Boudon", "adm3_name2": null, "adm3_name3": null, "adm3_pcode": "HT0821-02", "adm2_name": "Anse d'Hainault", "adm2_name1": "Anse d'Hainault", "adm2_name2": null, "adm2_name3": null, "adm2_pcode": "HT0821", "adm1_name": "Grande'Anse", "adm1_name1": "Grande'Anse", "adm1_name2": "Grandans", "adm1_name3": null, "adm1_pcode": "HT08", "adm0_name": "Haiti", "adm0_name1": null, "adm0_name2": null, "adm0_name3": null, "adm0_pcode": "HT", "valid_on": "2018-11-29", "valid_to": null, "version": "v01", "lang": "en", "lang1": "fr", "lang2": "ht", "lang3": null }, "geometry": { "type": "Point", "coordinates": [ -74.370380520999902, 18.464970430000164 ] } },
{ "type": "Feature", "properties": { "admin_level": 3, "name": "2e Section Camathe", "name1": "2e Section Camathe", "name2": null, "name3": null, "x_coord": -72.37619265, "y_coord": 19.43438723, "adm4_name": null, "adm4_name1": null, "adm4_name2": null, "adm4_name3": null, "adm4_pcode": null, "adm3_name": "2e Section Camathe", "adm3_name1": "2e Section Camathe", "adm3_name2": null, "adm3_name3": null, "adm3_pcode": "HT0551-02", "adm2_name": "Saint-Michel de l'Attalaye", "adm2_name1": "Saint-Michel de l'Attalaye", "adm2_name2": null, "adm2_name3": null, "adm2_pcode": "HT0551", "adm1_name": "Artibonite", "adm1_name1": "Artibonite", "adm1_name2": "Latibonit", "adm1_name3": null, "adm1_pcode": "HT05", "adm0_name": "Haiti", "adm0_name1": null, "adm0_name2": null, "adm0_name3": null, "adm0_pcode": "HT", "valid_on": "2018-11-29", "valid_to": null, "version": "v01", "lang": "en", "lang1": "fr", "lang2": "ht", "lang3": null }, "geometry": { "type": "Point", "coordinates": [ -72.376192645999936, 19.434387225000023 ] } },
{ "type": "Feature", "properties": { "admin_level": 3, "name": "2e Section Carreau Datty", "name1": "2e Section Carreau Datty", "name2": null, "name3": null, "x_coord": -72.84959404, "y_coord": 19.78930523, "adm4_name": null, "adm4_name1": null, "adm4_name2": null, "adm4_name3": null, "adm4_pcode": null, "adm3_name": "2e Section Carreau Datty", "adm3_name1": "2e Section Carreau Datty", "adm3_name2": null, "adm3_name3": null, "adm3_pcode": "HT0913-02", "adm2_name": "Bassin Bleu", "adm2_name1": "Bassin Bleu", "adm2_name2": null, "adm2_name3": null, "adm2_pcode": "HT0913", "adm1_name": "North-West", "adm1_name1": "Nord-Ouest", "adm1_name2": "Nòdwès", "adm1_name3": null, "adm1_pcode": "HT09", "adm0_name": "Haiti", "adm0_name1": null, "adm0_name2": null, "adm0_name3": null, "adm0_pcode": "HT", "valid_on": "2018-11-29", "valid_to": null, "version": "v01", "lang": "en", "lang1": "fr", "lang2": "ht", "lang3": null }, "geometry": { "type": "Point", "coordinates": [ -72.849594036999918, 19.789305230000139 ] } },
{ "type": "Feature", "properties": { "admin_level": 3, "name": "2e Section Chabotte", "name1": "2e Section Chabotte", "name2": null, "name3": null, "x_coord": -72.42730976, "y_coord": 19.67831701, "adm4_name": null, "adm4_name1": null, "adm4_name2": null, "adm4_name3": null, "adm4_pcode": null, "adm3_name": "2e Section Chabotte", "adm3_name1": "2e Section Chabotte", "adm3_name2": null, "adm3_name3": null, "adm3_pcode": "HT0361-02", "adm2_name": "Limbe", "adm2_name1": "Limbé", "adm2_name2": null, "adm2_name3": null, "adm2_pcode": "HT0361", "adm1_name": "North", "adm1_name1": "Nord", "adm1_name2": "Nò", "adm1_name3": null, "adm1_pcode": "HT03", "adm0_name": "Haiti", "adm0_name1": null, "adm0_name2": null, "adm0_name3": null, "adm0_pcode": "HT", "valid_on": "2018-11-29", "valid_to": null, "version": "v01", "lang": "en", "lang1": "fr", "lang2": "ht", "lang3": null }, "geometry": { "type": "Point", "coordinates": [ -72.427309760999947, 19.678317015000061 ] } },
{ "type": "Feature", "properties": { "admin_level": 3, "name": "2e Section Champagne", "name1": "2e Section Champagne", "name2": null, "name3": null, "x_coord": -72.45966437, "y_coord": 19.64019795, "adm4_name": null, "adm4_name1": null, "adm4_name2": null, "adm4_name3": null, "adm4_pcode": null, "adm3_name": "2e Section Champagne", "adm3_name1": "2e Section Champagne", "adm3_name2": null, "adm3_name3": null, "adm3_pcode": "HT0371-02", "adm2_name": "Plaisance", "adm2_name1": "Plaisance", "adm2_name2": null, "adm2_name3": null, "adm2_pcode": "HT0371", "adm1_name": "North", "adm1_name1": "Nord", "adm1_name2": "Nò", "adm1_name3": null, "adm1_pcode": "HT03", "adm0_name": "Haiti", "adm0_name1": null, "adm0_name2": null, "adm0_name3": null, "adm0_pcode": "HT", "valid_on": "2018-11-29", "valid_to": null, "version": "v01", "lang": "en", "lang1": "fr", "lang2": "ht", "lang3": null }, "geometry": { "type": "Point", "coordinates": [ -72.459664368999938, 19.640197954000087 ] } },
{ "type": "Feature", "properties": { "admin_level": 3, "name": "2e Section Champlois", "name1": "2e Section Champlois", "name2": null, "name3": null, "x_coord": -73.85240607, "y_coord": 18.36972926, "adm4_name": null, "adm4_name1": null, "adm4_name2": null, "adm4_name3": null, "adm4_pcode": null, "adm3_name": "2e Section Champlois", "adm3_name1": "2e Section Champlois", "adm3_name2": null, "adm3_name3": null, "adm3_pcode": "HT0714-02", "adm2_name": "Camp-Perrin", "adm2_name1": "Camp-Perrin", "adm2_name2": null, "adm2_name3": null, "adm2_pcode": "HT0714", "adm1_name": "South", "adm1_name1": "Sud", "adm1_name2": "Sid", "adm1_name3": null, "adm1_pcode": "HT07", "adm0_name": "Haiti", "adm0_name1": null, "adm0_name2": null, "adm0_name3": null, "adm0_pcode": "HT", "valid_on": "2018-11-29", "valid_to": null, "version": "v01", "lang": "en", "lang1": "fr", "lang2": "ht", "lang3": null }, "geometry": { "type": "Point", "coordinates": [ -73.852406070999962, 18.369729260000156 ] } },
{ "type": "Feature", "properties": { "admin_level": 3, "name": "2e Section Changeux (Quartier de Changeux)", "name1": "2e Section Changeux (Quartier de Changeux)", "name2": null, "name3": null, "x_coord": -73.49173785000001, "y_coord": 18.35674756, "adm4_name": null, "adm4_name1": null, "adm4_name2": null, "adm4_name3": null, "adm4_pcode": null, "adm3_name": "2e Section Changeux (Quartier de Changeux)", "adm3_name1": "2e Section Changeux (Quartier de Changeux)", "adm3_name2": null, "adm3_name3": null, "adm3_pcode": "HT1023-02", "adm2_name": "L'Asile", "adm2_name1": "L'Asile", "adm2_name2": null, "adm2_name3": null, "adm2_pcode": "HT1023", "adm1_name": "Nippes", "adm1_name1": "Nippes", "adm1_name2": "Nip", "adm1_name3": null, "adm1_pcode": "HT10", "adm0_name": "Haiti", "adm0_name1": null, "adm0_name2": null, "adm0_name3": null, "adm0_pcode": "HT", "valid_on": "2018-11-29", "valid_to": null, "version": "v01", "lang": "en", "lang1": "fr", "lang2": "ht", "lang3": null }, "geometry": { "type": "Point", "coordinates": [ -73.49173785399995, 18.356747560000031 ] } },
{ "type": "Feature", "properties": { "admin_level": 3, "name": "2e Section Chardonnette", "name1": "2e Section Chardonnette", "name2": null, "name3": null, "x_coord": -74.0094765, "y_coord": 18.5073297, "adm4_name": null, "adm4_name1": null, "adm4_name2": null, "adm4_name3": null, "adm4_pcode": null, "adm3_name": "2e Section Chardonnette", "adm3_name1": "2e Section Chardonnette", "adm3_name2": null, "adm3_name3": null, "adm3_pcode": "HT0833-02", "adm2_name": "Beaumont", "adm2_name1": "Beaumont", "adm2_name2": null, "adm2_name3": null, "adm2_pcode": "HT0833", "adm1_name": "Grande'Anse", "adm1_name1": "Grande'Anse", "adm1_name2": "Grandans", "adm1_name3": null, "adm1_pcode": "HT08", "adm0_name": "Haiti", "adm0_name1": null, "adm0_name2": null, "adm0_name3": null, "adm0_pcode": "HT", "valid_on": "2018-11-29", "valid_to": null, "version": "v01", "lang": "en", "lang1": "fr", "lang2": "ht", "lang3": null }, "geometry": { "type": "Point", "coordinates": [ -74.009476503999963, 18.507329701000117 ] } },
{ "type": "Feature", "properties": { "admin_level": 3, "name": "2e Section Cholette", "name1": "2e Section Cholette", "name2": null, "name3": null, "x_coord": -73.23314701, "y_coord": 18.44818106, "adm4_name": null, "adm4_name1": null, "adm4_name2": null, "adm4_name3": null, "adm4_pcode": null, "adm3_name": "2e Section Cholette", "adm3_name1": "2e Section Cholette", "adm3_name2": null, "adm3_name3": null, "adm3_pcode": "HT1012-02", "adm2_name": "Petite Riviere de Nippes", "adm2_name1": "Petite Rivière de Nippes", "adm2_name2": null, "adm2_name3": null, "adm2_pcode": "HT1012", "adm1_name": "Nippes", "adm1_name1": "Nippes", "adm1_name2": "Nip", "adm1_name3": null, "adm1_pcode": "HT10", "adm0_name": "Haiti", "adm0_name1": null, "adm0_name2": null, "adm0_name3": null, "adm0_pcode": "HT", "valid_on": "2018-11-29", "valid_to": null, "version": "v01", "lang": "en", "lang1": "fr", "lang2": "ht", "lang3": null }, "geometry": { "type": "Point", "coordinates": [ -73.23314701299995, 18.448181060000138 ] } },
{ "type": "Feature", "properties": { "admin_level": 3, "name": "2e Section Dallier", "name1": "2e Section Dallier", "name2": null, "name3": null, "x_coord": -74.38522558, "y_coord": 18.51488247, "adm4_name": null, "adm4_name1": null, "adm4_name2": null, "adm4_name3": null, "adm4_pcode": null, "adm3_name": "2e Section Dallier", "adm3_name1": "2e Section Dallier", "adm3_name2": null, "adm3_name3": null, "adm3_pcode": "HT0822-02", "adm2_name": "Dame Marie", "adm2_name1": "Dame Marie", "adm2_name2": null, "adm2_name3": null, "adm2_pcode": "HT0822", "adm1_name": "Grande'Anse", "adm1_name1": "Grande'Anse", "adm1_name2": "Grandans", "adm1_name3": null, "adm1_pcode": "HT08", "adm0_name": "Haiti", "adm0_name1": null, "adm0_name2": null, "adm0_name3": null, "adm0_pcode": "HT", "valid_on": "2018-11-29", "valid_to": null, "version": "v01", "lang": "en", "lang1": "fr", "lang2": "ht", "lang3": null }, "geometry": { "type": "Point", "coordinates": [ -74.385225582999965, 18.514882468000053 ] } },
{ "type": "Feature", "properties": { "admin_level": 3, "name": "2e Section Debouchette", "name1": "2e Section Debouchette", "name2": null, "name3": null, "x_coord": -73.85574536, "y_coord": 18.04496759, "adm4_name": null, "adm4_name1": null, "adm4_name2": null, "adm4_name3": null, "adm4_pcode": null, "adm3_name": "2e Section Debouchette", "adm3_name1": "2e Section Debouchette", "adm3_name2": null, "adm3_name3": null, "adm3_pcode": "HT0722-02", "adm2_name": "Saint Jean du Sud", "adm2_name1": "Saint Jean du Sud", "adm2_name2": null, "adm2_name3": null, "adm2_pcode": "HT0722", "adm1_name": "South", "adm1_name1": "Sud", "adm1_name2": "Sid", "adm1_name3": null, "adm1_pcode": "HT07", "adm0_name": "Haiti", "adm0_name1": null, "adm0_name2": null, "adm0_name3": null, "adm0_pcode": "HT", "valid_on": "2018-11-29", "valid_to": null, "version": "v01", "lang": "en", "lang1": "fr", "lang2": "ht", "lang3": null }, "geometry": { "type": "Point", "coordinates": [ -73.855745361999936, 18.044967593000081 ] } },
{ "type": "Feature", "properties": { "admin_level": 3, "name": "2e Section Dejoie", "name1": "2e Section Dejoie", "name2": null, "name3": null, "x_coord": -74.13191465, "y_coord": 18.33001554, "adm4_name": null, "adm4_name1": null, "adm4_name2": null, "adm4_name3": null, "adm4_pcode": null, "adm3_name": "2e Section Dejoie", "adm3_name1": "2e Section Dejoie", "adm3_name2": null, "adm3_name3": null, "adm3_pcode": "HT0751-02", "adm2_name": "Chardonnieres", "adm2_name1": "Chardonnières", "adm2_name2": null, "adm2_name3": null, "adm2_pcode": "HT0751", "adm1_name": "South", "adm1_name1": "Sud", "adm1_name2": "Sid", "adm1_name3": null, "adm1_pcode": "HT07", "adm0_name": "Haiti", "adm0_name1": null, "adm0_name2": null, "adm0_name3": null, "adm0_pcode": "HT", "valid_on": "2018-11-29", "valid_to": null, "version": "v01", "lang": "en", "lang1": "fr", "lang2": "ht", "lang3": null }, "geometry": { "type": "Point", "coordinates": [ -74.131914649999942, 18.330015544000105 ] } },
{ "type": "Feature", "properties": { "admin_level": 3, "name": "2e Section Delatre", "name1": "2e Section Delatre", "name2": null, "name3": null, "x_coord": -73.01051938000001, "y_coord": 18.41742689, "adm4_name": null, "adm4_name1": null, "adm4_name2": null, "adm4_name3": null, "adm4_pcode": null, "adm3_name": "2e Section Delatre", "adm3_name1": "2e Section Delatre", "adm3_name2": null, "adm3_name3": null, "adm3_pcode": "HT0122-02", "adm2_name": "Petit-Goave", "adm2_name1": "Petit-Goâve", "adm2_name2": null, "adm2_name3": null, "adm2_pcode": "HT0122", "adm1_name": "West", "adm1_name1": "Ouest", "adm1_name2": "Lwès", "adm1_name3": null, "adm1_pcode": "HT01", "adm0_name": "Haiti", "adm0_name1": null, "adm0_name2": null, "adm0_name3": null, "adm0_pcode": "HT", "valid_on": "2018-11-29", "valid_to": null, "version": "v01", "lang": "en", "lang1": "fr", "lang2": "ht", "lang3": null }, "geometry": { "type": "Point", "coordinates": [ -73.010519380999938, 18.417426888000136 ] } },
{ "type": "Feature", "properties": { "admin_level": 3, "name": "2e Section Derourvay", "name1": "2e Section Derourvay", "name2": null, "name3": null, "x_coord": -72.72907236, "y_coord": 19.90910051, "adm4_name": null, "adm4_name1": null, "adm4_name2": null, "adm4_name3": null, "adm4_pcode": null, "adm3_name": "2e Section Derourvay", "adm3_name1": "2e Section Derourvay", "adm3_name2": null, "adm3_name3": null, "adm3_pcode": "HT0921-02", "adm2_name": "Saint-Louis du Nord", "adm2_name1": "Saint-Louis du Nord", "adm2_name2": null, "adm2_name3": null, "adm2_pcode": "HT0921", "adm1_name": "North-West", "adm1_name1": "Nord-Ouest", "adm1_name2": "Nòdwès", "adm1_name3": null, "adm1_pcode": "HT09", "adm0_name": "Haiti", "adm0_name1": null, "adm0_name2": null, "adm0_name3": null, "adm0_pcode": "HT", "valid_on": "2018-11-29", "valid_to": null, "version": "v01", "lang": "en", "lang1": "fr", "lang2": "ht", "lang3": null }, "geometry": { "type": "Point", "coordinates": [ -72.729072354999971, 19.909100512000123 ] } },
{ "type": "Feature", "properties": { "admin_level": 3, "name": "2e Section des Forges", "name1": "2e Section des Forges", "name2": null, "name3": null, "x_coord": -73.36402079, "y_coord": 19.70125317, "adm4_name": null, "adm4_name1": null, "adm4_name2": null, "adm4_name3": null, "adm4_pcode": null, "adm3_name": "2e Section des Forges", "adm3_name1": "2e Section des Forges", "adm3_name2": null, "adm3_name3": null, "adm3_pcode": "HT0933-02", "adm2_name": "Bombardopolis", "adm2_name1": "Bombardopolis", "adm2_name2": null, "adm2_name3": null, "adm2_pcode": "HT0933", "adm1_name": "North-West", "adm1_name1": "Nord-Ouest", "adm1_name2": "Nòdwès", "adm1_name3": null, "adm1_pcode": "HT09", "adm0_name": "Haiti", "adm0_name1": null, "adm0_name2": null, "adm0_name3": null, "adm0_pcode": "HT", "valid_on": "2018-11-29", "valid_to": null, "version": "v01", "lang": "en", "lang1": "fr", "lang2": "ht", "lang3": null }, "geometry": { "type": "Point", "coordinates": [ -73.364020785999969, 19.701253171000133 ] } },
{ "type": "Feature", "properties": { "admin_level": 3, "name": "2e Section des Varreux", "name1": "2e Section des Varreux", "name2": null, "name3": null, "x_coord": -72.33010428, "y_coord": 18.59543532, "adm4_name": null, "adm4_name1": null, "adm4_name2": null, "adm4_name3": null, "adm4_pcode": null, "adm3_name": "2e Section des Varreux", "adm3_name1": "2e Section des Varreux", "adm3_name2": null, "adm3_name3": null, "adm3_pcode": "HT0117-01", "adm2_name": "Cite Soleil", "adm2_name1": "Cité Soleil", "adm2_name2": null, "adm2_name3": null, "adm2_pcode": "HT0117", "adm1_name": "West", "adm1_name1": "Ouest", "adm1_name2": "Lwès", "adm1_name3": null, "adm1_pcode": "HT01", "adm0_name": "Haiti", "adm0_name1": null, "adm0_name2": null, "adm0_name3": null, "adm0_pcode": "HT", "valid_on": "2018-11-29", "valid_to": null, "version": "v01", "lang": "en", "lang1": "fr", "lang2": "ht", "lang3": null }, "geometry": { "type": "Point", "coordinates": [ -72.330104283999958, 18.595435322000128 ] } },
{ "type": "Feature", "properties": { "admin_level": 3, "name": "2e Section des Varreux", "name1": "2e Section des Varreux", "name2": null, "name3": null, "x_coord": -72.24373715, "y_coord": 18.61706771, "adm4_name": null, "adm4_name1": null, "adm4_name2": null, "adm4_name3": null, "adm4_pcode": null, "adm3_name": "2e Section des Varreux", "adm3_name1": "2e Section des Varreux", "adm3_name2": null, "adm3_name3": null, "adm3_pcode": "HT0131-02", "adm2_name": "Croix-Des-Bouquets", "adm2_name1": "Croix-Des-Bouquets", "adm2_name2": null, "adm2_name3": null, "adm2_pcode": "HT0131", "adm1_name": "West", "adm1_name1": "Ouest", "adm1_name2": "Lwès", "adm1_name3": null, "adm1_pcode": "HT01", "adm0_name": "Haiti", "adm0_name1": null, "adm0_name2": null, "adm0_name3": null, "adm0_pcode": "HT", "valid_on": "2018-11-29", "valid_to": null, "version": "v01", "lang": "en", "lang1": "fr", "lang2": "ht", "lang3": null }, "geometry": { "type": "Point", "coordinates": [ -72.243737152999984, 18.61706771300004 ] } },
{ "type": "Feature", "properties": { "admin_level": 3, "name": "2e Section Despas", "name1": "2e Section Despas", "name2": null, "name3": null, "x_coord": -74.03752914, "y_coord": 18.23479675, "adm4_name": null, "adm4_name1": null, "adm4_name2": null, "adm4_name3": null, "adm4_pcode": null, "adm3_name": "2e Section Despas", "adm3_name1": "2e Section Despas", "adm3_name2": null, "adm3_name3": null, "adm3_pcode": "HT0741-02", "adm2_name": "Coteaux", "adm2_name1": "Côteaux", "adm2_name2": null, "adm2_name3": null, "adm2_pcode": "HT0741", "adm1_name": "South", "adm1_name1": "Sud", "adm1_name2": "Sid", "adm1_name3": null, "adm1_pcode": "HT07", "adm0_name": "Haiti", "adm0_name1": null, "adm0_name2": null, "adm0_name3": null, "adm0_pcode": "HT", "valid_on": "2018-11-29", "valid_to": null, "version": "v01", "lang": "en", "lang1": "fr", "lang2": "ht", "lang3": null }, "geometry": { "type": "Point", "coordinates": [ -74.037529136999979, 18.234796753000069 ] } },
{ "type": "Feature", "properties": { "admin_level": 3, "name": "2e Section Dory", "name1": "2e Section Dory", "name2": null, "name3": null, "x_coord": -73.72175565000001, "y_coord": 18.38287175, "adm4_name": null, "adm4_name1": null, "adm4_name2": null, "adm4_name3": null, "adm4_pcode": null, "adm3_name": "2e Section Dory", "adm3_name1": "2e Section Dory", "adm3_name2": null, "adm3_name3": null, "adm3_pcode": "HT0715-02", "adm2_name": "Maniche", "adm2_name1": "Maniche", "adm2_name2": null, "adm2_name3": null, "adm2_pcode": "HT0715", "adm1_name": "South", "adm1_name1": "Sud", "adm1_name2": "Sid", "adm1_name3": null, "adm1_pcode": "HT07", "adm0_name": "Haiti", "adm0_name1": null, "adm0_name2": null, "adm0_name3": null, "adm0_pcode": "HT", "valid_on": "2018-11-29", "valid_to": null, "version": "v01", "lang": "en", "lang1": "fr", "lang2": "ht", "lang3": null }, "geometry": { "type": "Point", "coordinates": [ -73.721755653999935, 18.382871750000049 ] } },
{ "type": "Feature", "properties": { "admin_level": 3, "name": "2e Section Dos d'Ane", "name1": "2e Section Dos d'Ane", "name2": null, "name3": null, "x_coord": -73.21581731000001, "y_coord": 19.71113347, "adm4_name": null, "adm4_name1": null, "adm4_name2": null, "adm4_name3": null, "adm4_pcode": null, "adm3_name": "2e Section Dos d'Ane", "adm3_name1": "2e Section Dos d'Ane", "adm3_name2": null, "adm3_name3": null, "adm3_pcode": "HT0932-02", "adm2_name": "Baie de Henne", "adm2_name1": "Baie de Henne", "adm2_name2": null, "adm2_name3": null, "adm2_pcode": "HT0932", "adm1_name": "North-West", "adm1_name1": "Nord-Ouest", "adm1_name2": "Nòdwès", "adm1_name3": null, "adm1_pcode": "HT09", "adm0_name": "Haiti", "adm0_name1": null, "adm0_name2": null, "adm0_name3": null, "adm0_pcode": "HT", "valid_on": "2018-11-29", "valid_to": null, "version": "v01", "lang": "en", "lang1": "fr", "lang2": "ht", "lang3": null }, "geometry": { "type": "Point", "coordinates": [ -73.215817311999956, 19.711133471000153 ] } },
{ "type": "Feature", "properties": { "admin_level": 3, "name": "2e Section Dumont", "name1": "2e Section Dumont", "name2": null, "name3": null, "x_coord": -73.89438422000001, "y_coord": 18.05236492, "adm4_name": null, "adm4_name1": null, "adm4_name2": null, "adm4_name3": null, "adm4_pcode": null, "adm3_name": "2e Section Dumont", "adm3_name1": "2e Section Dumont", "adm3_name2": null, "adm3_name3": null, "adm3_pcode": "HT0721-02", "adm2_name": "Port-Salut", "adm2_name1": "Port-Salut", "adm2_name2": null, "adm2_name3": null, "adm2_pcode": "HT0721", "adm1_name": "South", "adm1_name1": "Sud", "adm1_name2": "Sid", "adm1_name3": null, "adm1_pcode": "HT07", "adm0_name": "Haiti", "adm0_name1": null, "adm0_name2": null, "adm0_name3": null, "adm0_pcode": "HT", "valid_on": "2018-11-29", "valid_to": null, "version": "v01", "lang": "en", "lang1": "fr", "lang2": "ht", "lang3": null }, "geometry": { "type": "Point", "coordinates": [ -73.89438421899996, 18.052364921000049 ] } },
{ "type": "Feature", "properties": { "admin_level": 3, "name": "2e Section Eaux Basses", "name1": "2e Section Eaux Basses", "name2": null, "name3": null, "x_coord": -73.70675864, "y_coord": 18.56101133, "adm4_name": null, "adm4_name1": null, "adm4_name2": null, "adm4_name3": null, "adm4_pcode": null, "adm3_name": "2e Section Eaux Basses", "adm3_name1": "2e Section Eaux Basses", "adm3_name2": null, "adm3_name3": null, "adm3_pcode": "HT1032-02", "adm2_name": "Grand-Boucan", "adm2_name1": "Grand-Boucan", "adm2_name2": null, "adm2_name3": null, "adm2_pcode": "HT1032", "adm1_name": "Nippes", "adm1_name1": "Nippes", "adm1_name2": "Nip", "adm1_name3": null, "adm1_pcode": "HT10", "adm0_name": "Haiti", "adm0_name1": null, "adm0_name2": null, "adm0_name3": null, "adm0_pcode": "HT", "valid_on": "2018-11-29", "valid_to": null, "version": "v01", "lang": "en", "lang1": "fr", "lang2": "ht", "lang3": null }, "geometry": { "type": "Point", "coordinates": [ -73.706758642999944, 18.561011334999989 ] } },
{ "type": "Feature", "properties": { "admin_level": 3, "name": "2e Section Ecrevisse ou Grosse Roche", "name1": "2e Section Ecrevisse ou Grosse Roche", "name2": null, "name3": null, "x_coord": -71.98889691, "y_coord": 19.48336051, "adm4_name": null, "adm4_name1": null, "adm4_name2": null, "adm4_name3": null, "adm4_pcode": null, "adm3_name": "2e Section Ecrevisse ou Grosse Roche", "adm3_name1": "2e Section Ecrevisse ou Grosse Roche", "adm3_name2": null, "adm3_name3": null, "adm3_pcode": "HT0441-02", "adm2_name": "Vallieres", "adm2_name1": "Vallières", "adm2_name2": null, "adm2_name3": null, "adm2_pcode": "HT0441", "adm1_name": "North-East", "adm1_name1": "Nord-Est", "adm1_name2": "Nòdès", "adm1_name3": null, "adm1_pcode": "HT04", "adm0_name": "Haiti", "adm0_name1": null, "adm0_name2": null, "adm0_name3": null, "adm0_pcode": "HT", "valid_on": "2018-11-29", "valid_to": null, "version": "v01", "lang": "en", "lang1": "fr", "lang2": "ht", "lang3": null }, "geometry": { "type": "Point", "coordinates": [ -71.988896909999937, 19.483360515000015 ] } },
{ "type": "Feature", "properties": { "admin_level": 3, "name": "2e Section Edelin", "name1": "2e Section Edelin", "name2": null, "name3": null, "x_coord": -74.1452722, "y_coord": 18.36565653, "adm4_name": null, "adm4_name1": null, "adm4_name2": null, "adm4_name3": null, "adm4_pcode": null, "adm3_name": "2e Section Edelin", "adm3_name1": "2e Section Edelin", "adm3_name2": null, "adm3_name3": null, "adm3_pcode": "HT0752-02", "adm2_name": "Les Anglais", "adm2_name1": "Les Anglais", "adm2_name2": null, "adm2_name3": null, "adm2_pcode": "HT0752", "adm1_name": "South", "adm1_name1": "Sud", "adm1_name2": "Sid", "adm1_name3": null, "adm1_pcode": "HT07", "adm0_name": "Haiti", "adm0_name1": null, "adm0_name2": null, "adm0_name3": null, "adm0_pcode": "HT", "valid_on": "2018-11-29", "valid_to": null, "version": "v01", "lang": "en", "lang1": "fr", "lang2": "ht", "lang3": null }, "geometry": { "type": "Point", "coordinates": [ -74.145272201999944, 18.365656530000138 ] } },
{ "type": "Feature", "properties": { "admin_level": 3, "name": "2e Section Espere", "name1": "2e Section Espère", "name2": null, "name3": null, "x_coord": -73.78629158, "y_coord": 18.51788342, "adm4_name": null, "adm4_name1": null, "adm4_name2": null, "adm4_name3": null, "adm4_pcode": null, "adm3_name": "2e Section Espere", "adm3_name1": "2e Section Espère", "adm3_name2": null, "adm3_name3": null, "adm3_pcode": "HT0834-02", "adm2_name": "Pestel", "adm2_name1": "Pestel", "adm2_name2": null, "adm2_name3": null, "adm2_pcode": "HT0834", "adm1_name": "Grande'Anse", "adm1_name1": "Grande'Anse", "adm1_name2": "Grandans", "adm1_name3": null, "adm1_pcode": "HT08", "adm0_name": "Haiti", "adm0_name1": null, "adm0_name2": null, "adm0_name3": null, "adm0_pcode": "HT", "valid_on": "2018-11-29", "valid_to": null, "version": "v01", "lang": "en", "lang1": "fr", "lang2": "ht", "lang3": null }, "geometry": { "type": "Point", "coordinates": [ -73.786291576999929, 18.517883418 ] } },
{ "type": "Feature", "properties": { "admin_level": 3, "name": "2e Section Fond-des-Negres ou Morne Brice", "name1": "2e Section Fond-des-Nègres ou Morne Brice", "name2": null, "name3": null, "x_coord": -73.24279704, "y_coord": 18.37951136, "adm4_name": null, "adm4_name1": null, "adm4_name2": null, "adm4_name3": null, "adm4_pcode": null, "adm3_name": "2e Section Fond-des-Negres ou Morne Brice", "adm3_name1": "2e Section Fond-des-Nègres ou Morne Brice", "adm3_name2": null, "adm3_name3": null, "adm3_pcode": "HT1013-02", "adm2_name": "Fonds des Negres", "adm2_name1": "Fonds des Nègres", "adm2_name2": null, "adm2_name3": null, "adm2_pcode": "HT1013", "adm1_name": "Nippes", "adm1_name1": "Nippes", "adm1_name2": "Nip", "adm1_name3": null, "adm1_pcode": "HT10", "adm0_name": "Haiti", "adm0_name1": null, "adm0_name2": null, "adm0_name3": null, "adm0_pcode": "HT", "valid_on": "2018-11-29", "valid_to": null, "version": "v01", "lang": "en", "lang1": "fr", "lang2": "ht", "lang3": null }, "geometry": { "type": "Point", "coordinates": [ -73.24279703499991, 18.379511356000023 ] } },
{ "type": "Feature", "properties": { "admin_level": 3, "name": "2e Section Fond Cochon ou Lopineau", "name1": "2e Section Fond Cochon ou Lopineau", "name2": null, "name3": null, "x_coord": -74.06870695000001, "y_coord": 18.4609173, "adm4_name": null, "adm4_name1": null, "adm4_name2": null, "adm4_name3": null, "adm4_pcode": null, "adm3_name": "2e Section Fond Cochon ou Lopineau", "adm3_name1": "2e Section Fond Cochon ou Lopineau", "adm3_name2": null, "adm3_name3": null, "adm3_pcode": "HT0832-02", "adm2_name": "Roseaux", "adm2_name1": "Roseaux", "adm2_name2": null, "adm2_name3": null, "adm2_pcode": "HT0832", "adm1_name": "Grande'Anse", "adm1_name1": "Grande'Anse", "adm1_name2": "Grandans", "adm1_name3": null, "adm1_pcode": "HT08", "adm0_name": "Haiti", "adm0_name1": null, "adm0_name2": null, "adm0_name3": null, "adm0_pcode": "HT", "valid_on": "2018-11-29", "valid_to": null, "version": "v01", "lang": "en", "lang1": "fr", "lang2": "ht", "lang3": null }, "geometry": { "type": "Point", "coordinates": [ -74.068706948999989, 18.460917301999984 ] } },
{ "type": "Feature", "properties": { "admin_level": 3, "name": "2e Section Fond d'Icaque", "name1": "2e Section Fond d'Icaque", "name2": null, "name3": null, "x_coord": -73.94284917, "y_coord": 18.51864878, "adm4_name": null, "adm4_name1": null, "adm4_name2": null, "adm4_name3": null, "adm4_pcode": null, "adm3_name": "2e Section Fond d'Icaque", "adm3_name1": "2e Section Fond d'Icaque", "adm3_name2": null, "adm3_name3": null, "adm3_pcode": "HT0831-02", "adm2_name": "Corail", "adm2_name1": "Corail", "adm2_name2": null, "adm2_name3": null, "adm2_pcode": "HT0831", "adm1_name": "Grande'Anse", "adm1_name1": "Grande'Anse", "adm1_name2": "Grandans", "adm1_name3": null, "adm1_pcode": "HT08", "adm0_name": "Haiti", "adm0_name1": null, "adm0_name2": null, "adm0_name3": null, "adm0_pcode": "HT", "valid_on": "2018-11-29", "valid_to": null, "version": "v01", "lang": "en", "lang1": "fr", "lang2": "ht", "lang3": null }, "geometry": { "type": "Point", "coordinates": [ -73.94284917199991, 18.518648784000106 ] } },
{ "type": "Feature", "properties": { "admin_level": 3, "name": "2e Section Fond Melon (Selles)", "name1": "2e Section Fond Melon (Selles)", "name2": null, "name3": null, "x_coord": -72.41627761, "y_coord": 18.32273743, "adm4_name": null, "adm4_name1": null, "adm4_name2": null, "adm4_name3": null, "adm4_pcode": null, "adm3_name": "2e Section Fond Melon (Selles)", "adm3_name1": "2e Section Fond Melon (Selles)", "adm3_name2": null, "adm3_name3": null, "adm3_pcode": "HT0211-02", "adm2_name": "Jacmel", "adm2_name1": "Jacmel", "adm2_name2": null, "adm2_name3": null, "adm2_pcode": "HT0211", "adm1_name": "South-East", "adm1_name1": "Sud-Est", "adm1_name2": "Sidès", "adm1_name3": null, "adm1_pcode": "HT02", "adm0_name": "Haiti", "adm0_name1": null, "adm0_name2": null, "adm0_name3": null, "adm0_pcode": "HT", "valid_on": "2018-11-29", "valid_to": null, "version": "v01", "lang": "en", "lang1": "fr", "lang2": "ht", "lang3": null }, "geometry": { "type": "Point", "coordinates": [ -72.416277609999838, 18.32273742700005 ] } },
{ "type": "Feature", "properties": { "admin_level": 3, "name": "2e Section Fond Melon Michineau", "name1": "2e Section Fond Melon Michineau", "name2": null, "name3": null, "x_coord": -72.40402544, "y_coord": 18.30910841, "adm4_name": null, "adm4_name1": null, "adm4_name2": null, "adm4_name3": null, "adm4_pcode": null, "adm3_name": "2e Section Fond Melon Michineau", "adm3_name1": "2e Section Fond Melon Michineau", "adm3_name2": null, "adm3_name3": null, "adm3_pcode": "HT0213-04", "adm2_name": "Cayes-Jacmel", "adm2_name1": "Cayes-Jacmel", "adm2_name2": null, "adm2_name3": null, "adm2_pcode": "HT0213", "adm1_name": "South-East", "adm1_name1": "Sud-Est", "adm1_name2": "Sidès", "adm1_name3": null, "adm1_pcode": "HT02", "adm0_name": "Haiti", "adm0_name1": null, "adm0_name2": null, "adm0_name3": null, "adm0_pcode": "HT", "valid_on": "2018-11-29", "valid_to": null, "version": "v01", "lang": "en", "lang1": "fr", "lang2": "ht", "lang3": null }, "geometry": { "type": "Point", "coordinates": [ -72.404025437999962, 18.309108412000057 ] } },
{ "type": "Feature", "properties": { "admin_level": 3, "name": "2e Section Fonds Baptiste", "name1": "2e Section Fonds Baptiste", "name2": null, "name3": null, "x_coord": -72.56028168, "y_coord": 18.90386053, "adm4_name": null, "adm4_name1": null, "adm4_name2": null, "adm4_name3": null, "adm4_pcode": null, "adm3_name": "2e Section Fonds Baptiste", "adm3_name1": "2e Section Fonds Baptiste", "adm3_name2": null, "adm3_name3": null, "adm3_pcode": "HT0141-02", "adm2_name": "Arcahaie", "adm2_name1": "Arcahaie", "adm2_name2": null, "adm2_name3": null, "adm2_pcode": "HT0141", "adm1_name": "West", "adm1_name1": "Ouest", "adm1_name2": "Lwès", "adm1_name3": null, "adm1_pcode": "HT01", "adm0_name": "Haiti", "adm0_name1": null, "adm0_name2": null, "adm0_name3": null, "adm0_pcode": "HT", "valid_on": "2018-11-29", "valid_to": null, "version": "v01", "lang": "en", "lang1": "fr", "lang2": "ht", "lang3": null }, "geometry": { "type": "Point", "coordinates": [ -72.560281677999967, 18.903860529000099 ] } },
{ "type": "Feature", "properties": { "admin_level": 3, "name": "2e Section Fonfrede", "name1": "2e Section Fonfrède", "name2": null, "name3": null, "x_coord": -73.81301311, "y_coord": 18.25692141, "adm4_name": null, "adm4_name1": null, "adm4_name2": null, "adm4_name3": null, "adm4_pcode": null, "adm3_name": "2e Section Fonfrede", "adm3_name1": "2e Section Fonfrède", "adm3_name2": null, "adm3_name3": null, "adm3_pcode": "HT0711-02", "adm2_name": "Les Cayes", "adm2_name1": "Les Cayes", "adm2_name2": null, "adm2_name3": null, "adm2_pcode": "HT0711", "adm1_name": "South", "adm1_name1": "Sud", "adm1_name2": "Sid", "adm1_name3": null, "adm1_pcode": "HT07", "adm0_name": "Haiti", "adm0_name1": null, "adm0_name2": null, "adm0_name3": null, "adm0_pcode": "HT", "valid_on": "2018-11-29", "valid_to": null, "version": "v01", "lang": "en", "lang1": "fr", "lang2": "ht", "lang3": null }, "geometry": { "type": "Point", "coordinates": [ -73.813013112999954, 18.256921408000096 ] } },
{ "type": "Feature", "properties": { "admin_level": 3, "name": "2e Section Fosse Naboth ou Duvallon", "name1": "2e Section Fosse Naboth ou Duvallon", "name2": null, "name3": null, "x_coord": -72.58625746, "y_coord": 19.25713983, "adm4_name": null, "adm4_name1": null, "adm4_name2": null, "adm4_name3": null, "adm4_pcode": null, "adm3_name": "2e Section Fosse Naboth ou Duvallon", "adm3_name1": "2e Section Fosse Naboth ou Duvallon", "adm3_name2": null, "adm3_name3": null, "adm3_pcode": "HT0541-02", "adm2_name": "Dessalines", "adm2_name1": "Dessalines", "adm2_name2": null, "adm2_name3": null, "adm2_pcode": "HT0541", "adm1_name": "Artibonite", "adm1_name1": "Artibonite", "adm1_name2": "Latibonit", "adm1_name3": null, "adm1_pcode": "HT05", "adm0_name": "Haiti", "adm0_name1": null, "adm0_name2": null, "adm0_name3": null, "adm0_pcode": "HT", "valid_on": "2018-11-29", "valid_to": null, "version": "v01", "lang": "en", "lang1": "fr", "lang2": "ht", "lang3": null }, "geometry": { "type": "Point", "coordinates": [ -72.586257462999981, 19.257139831000075 ] } },
{ "type": "Feature", "properties": { "admin_level": 3, "name": "2e Section Gaillard", "name1": "2e Section Gaillard", "name2": null, "name3": null, "x_coord": -72.38709184, "y_coord": 18.26832405, "adm4_name": null, "adm4_name1": null, "adm4_name2": null, "adm4_name3": null, "adm4_pcode": null, "adm3_name": "2e Section Gaillard", "adm3_name1": "2e Section Gaillard", "adm3_name2": null, "adm3_name3": null, "adm3_pcode": "HT0213-02", "adm2_name": "Cayes-Jacmel", "adm2_name1": "Cayes-Jacmel", "adm2_name2": null, "adm2_name3": null, "adm2_pcode": "HT0213", "adm1_name": "South-East", "adm1_name1": "Sud-Est", "adm1_name2": "Sidès", "adm1_name3": null, "adm1_pcode": "HT02", "adm0_name": "Haiti", "adm0_name1": null, "adm0_name2": null, "adm0_name3": null, "adm0_pcode": "HT", "valid_on": "2018-11-29", "valid_to": null, "version": "v01", "lang": "en", "lang1": "fr", "lang2": "ht", "lang3": null }, "geometry": { "type": "Point", "coordinates": [ -72.38709184399994, 18.268324051000036 ] } },
{ "type": "Feature", "properties": { "admin_level": 3, "name": "2e Section Glaudine ou \"Jacquesil\"", "name1": "2e Section Glaudine ou \"Jacquesil\"", "name2": null, "name3": null, "x_coord": -71.98291015, "y_coord": 19.68577207, "adm4_name": null, "adm4_name1": null, "adm4_name2": null, "adm4_name3": null, "adm4_pcode": null, "adm3_name": "2e Section Glaudine ou \"Jacquesil\"", "adm3_name1": "2e Section Glaudine ou \"Jacquesil\"", "adm3_name2": null, "adm3_name3": null, "adm3_pcode": "HT0434-02", "adm2_name": "Caracol", "adm2_name1": "Caracol", "adm2_name2": null, "adm2_name3": null, "adm2_pcode": "HT0434", "adm1_name": "North-East", "adm1_name1": "Nord-Est", "adm1_name2": "Nòdès", "adm1_name3": null, "adm1_pcode": "HT04", "adm0_name": "Haiti", "adm0_name1": null, "adm0_name2": null, "adm0_name3": null, "adm0_pcode": "HT", "valid_on": "2018-11-29", "valid_to": null, "version": "v01", "lang": "en", "lang1": "fr", "lang2": "ht", "lang3": null }, "geometry": { "type": "Point", "coordinates": [ -71.982910149999952, 19.685772069000166 ] } },
{ "type": "Feature", "properties": { "admin_level": 3, "name": "2e Section Grand Bassin", "name1": "2e Section Grand Bassin", "name2": null, "name3": null, "x_coord": -71.92294225000001, "y_coord": 19.56914061, "adm4_name": null, "adm4_name1": null, "adm4_name2": null, "adm4_name3": null, "adm4_pcode": null, "adm3_name": "2e Section Grand Bassin", "adm3_name1": "2e Section Grand Bassin", "adm3_name2": null, "adm3_name3": null, "adm3_pcode": "HT0433-02", "adm2_name": "Terrier Rouge", "adm2_name1": "Terrier Rouge", "adm2_name2": null, "adm2_name3": null, "adm2_pcode": "HT0433", "adm1_name": "North-East", "adm1_name1": "Nord-Est", "adm1_name2": "Nòdès", "adm1_name3": null, "adm1_pcode": "HT04", "adm0_name": "Haiti", "adm0_name1": null, "adm0_name2": null, "adm0_name3": null, "adm0_pcode": "HT", "valid_on": "2018-11-29", "valid_to": null, "version": "v01", "lang": "en", "lang1": "fr", "lang2": "ht", "lang3": null }, "geometry": { "type": "Point", "coordinates": [ -71.922942251999984, 19.569140606000133 ] } },
{ "type": "Feature", "properties": { "admin_level": 3, "name": "2e Section Grand Vide", "name1": "2e Section Grand Vide", "name2": null, "name3": null, "x_coord": -73.16363529, "y_coord": 18.85764207, "adm4_name": null, "adm4_name1": null, "adm4_name2": null, "adm4_name3": null, "adm4_pcode": null, "adm3_name": "2e Section Grand Vide", "adm3_name1": "2e Section Grand Vide", "adm3_name2": null, "adm3_name3": null, "adm3_pcode": "HT0152-03", "adm2_name": "Pointe a Raquette", "adm2_name1": "Pointe à Raquette", "adm2_name2": null, "adm2_name3": null, "adm2_pcode": "HT0152", "adm1_name": "West", "adm1_name1": "Ouest", "adm1_name2": "Lwès", "adm1_name3": null, "adm1_pcode": "HT01", "adm0_name": "Haiti", "adm0_name1": null, "adm0_name2": null, "adm0_name3": null, "adm0_pcode": "HT", "valid_on": "2018-11-29", "valid_to": null, "version": "v01", "lang": "en", "lang1": "fr", "lang2": "ht", "lang3": null }, "geometry": { "type": "Point", "coordinates": [ -73.163635287999909, 18.857642074000012 ] } },
{ "type": "Feature", "properties": { "admin_level": 3, "name": "2e Section Grande-Riviere-Joly", "name1": "2e Section Grande-Rivière-Joly", "name2": null, "name3": null, "x_coord": -73.33278225, "y_coord": 18.46308179, "adm4_name": null, "adm4_name1": null, "adm4_name2": null, "adm4_name3": null, "adm4_pcode": null, "adm3_name": "2e Section Grande-Riviere-Joly", "adm3_name1": "2e Section Grande-Rivière-Joly", "adm3_name2": null, "adm3_name3": null, "adm3_pcode": "HT1021-02", "adm2_name": "Anse-a-Veau", "adm2_name1": "Anse-à-Veau", "adm2_name2": null, "adm2_name3": null, "adm2_pcode": "HT1021", "adm1_name": "Nippes", "adm1_name1": "Nippes", "adm1_name2": "Nip", "adm1_name3": null, "adm1_pcode": "HT10", "adm0_name": "Haiti", "adm0_name1": null, "adm0_name2": null, "adm0_name3": null, "adm0_pcode": "HT", "valid_on": "2018-11-29", "valid_to": null, "version": "v01", "lang": "en", "lang1": "fr", "lang2": "ht", "lang3": null }, "geometry": { "type": "Point", "coordinates": [ -73.332782253999881, 18.463081794000061 ] } },
{ "type": "Feature", "properties": { "admin_level": 3, "name": "2e Section Grande Plaine", "name1": "2e Section Grande Plaine", "name2": null, "name3": null, "x_coord": -72.12018512, "y_coord": 18.59899486, "adm4_name": null, "adm4_name1": null, "adm4_name2": null, "adm4_name3": null, "adm4_pcode": null, "adm3_name": "2e Section Grande Plaine", "adm3_name1": "2e Section Grande Plaine", "adm3_name2": null, "adm3_name3": null, "adm3_pcode": "HT0132-02", "adm2_name": "Thomazeau", "adm2_name1": "Thomazeau", "adm2_name2": null, "adm2_name3": null, "adm2_pcode": "HT0132", "adm1_name": "West", "adm1_name1": "Ouest", "adm1_name2": "Lwès", "adm1_name3": null, "adm1_pcode": "HT01", "adm0_name": "Haiti", "adm0_name1": null, "adm0_name2": null, "adm0_name3": null, "adm0_pcode": "HT", "valid_on": "2018-11-29", "valid_to": null, "version": "v01", "lang": "en", "lang1": "fr", "lang2": "ht", "lang3": null }, "geometry": { "type": "Point", "coordinates": [ -72.120185117999938, 18.598994855000058 ] } },
{ "type": "Feature", "properties": { "admin_level": 3, "name": "2e Section Grande Riviere Fesles", "name1": "2e Section Grande Rivière Fesles", "name2": null, "name3": null, "x_coord": -72.34848863000001, "y_coord": 18.30859764, "adm4_name": null, "adm4_name1": null, "adm4_name2": null, "adm4_name3": null, "adm4_pcode": null, "adm3_name": "2e Section Grande Riviere Fesles", "adm3_name1": "2e Section Grande Rivière Fesles", "adm3_name2": null, "adm3_name3": null, "adm3_pcode": "HT0212-02", "adm2_name": "Marigot", "adm2_name1": "Marigot", "adm2_name2": null, "adm2_name3": null, "adm2_pcode": "HT0212", "adm1_name": "South-East", "adm1_name1": "Sud-Est", "adm1_name2": "Sidès", "adm1_name3": null, "adm1_pcode": "HT02", "adm0_name": "Haiti", "adm0_name1": null, "adm0_name2": null, "adm0_name3": null, "adm0_pcode": "HT", "valid_on": "2018-11-29", "valid_to": null, "version": "v01", "lang": "en", "lang1": "fr", "lang2": "ht", "lang3": null }, "geometry": { "type": "Point", "coordinates": [ -72.348488629999963, 18.308597638000094 ] } },
{ "type": "Feature", "properties": { "admin_level": 3, "name": "2e Section Guinaudee", "name1": "2e Section Guinaudee", "name2": null, "name3": null, "x_coord": -73.11062585000001, "y_coord": 19.82993369, "adm4_name": null, "adm4_name1": null, "adm4_name2": null, "adm4_name3": null, "adm4_pcode": null, "adm3_name": "2e Section Guinaudee", "adm3_name1": "2e Section Guinaudee", "adm3_name2": null, "adm3_name3": null, "adm3_pcode": "HT0934-02", "adm2_name": "Jean Rabel", "adm2_name1": "Jean Rabel", "adm2_name2": null, "adm2_name3": null, "adm2_pcode": "HT0934", "adm1_name": "North-West", "adm1_name1": "Nord-Ouest", "adm1_name2": "Nòdwès", "adm1_name3": null, "adm1_pcode": "HT09", "adm0_name": "Haiti", "adm0_name1": null, "adm0_name2": null, "adm0_name3": null, "adm0_pcode": "HT", "valid_on": "2018-11-29", "valid_to": null, "version": "v01", "lang": "en", "lang1": "fr", "lang2": "ht", "lang3": null }, "geometry": { "type": "Point", "coordinates": [ -73.110625852999988, 19.829933691000065 ] } },
{ "type": "Feature", "properties": { "admin_level": 3, "name": "2e Section Haut du Cap", "name1": "2e Section Haut du Cap", "name2": null, "name3": null, "x_coord": -72.23055665, "y_coord": 19.73809515, "adm4_name": null, "adm4_name1": null, "adm4_name2": null, "adm4_name3": null, "adm4_pcode": null, "adm3_name": "2e Section Haut du Cap", "adm3_name1": "2e Section Haut du Cap", "adm3_name2": null, "adm3_name3": null, "adm3_pcode": "HT0311-02", "adm2_name": "Cap-Haitien", "adm2_name1": "Cap-Haïtien", "adm2_name2": null, "adm2_name3": null, "adm2_pcode": "HT0311", "adm1_name": "North", "adm1_name1": "Nord", "adm1_name2": "Nò", "adm1_name3": null, "adm1_pcode": "HT03", "adm0_name": "Haiti", "adm0_name1": null, "adm0_name2": null, "adm0_name3": null, "adm0_pcode": "HT", "valid_on": "2018-11-29", "valid_to": null, "version": "v01", "lang": "en", "lang1": "fr", "lang2": "ht", "lang3": null }, "geometry": { "type": "Point", "coordinates": [ -72.230556647999947, 19.738095151000039 ] } },
{ "type": "Feature", "properties": { "admin_level": 3, "name": "2e Section Haute Voldrogue", "name1": "2e Section Haute Voldrogue", "name2": null, "name3": null, "x_coord": -74.1140867, "y_coord": 18.49625278, "adm4_name": null, "adm4_name1": null, "adm4_name2": null, "adm4_name3": null, "adm4_pcode": null, "adm3_name": "2e Section Haute Voldrogue", "adm3_name1": "2e Section Haute Voldrogue", "adm3_name2": null, "adm3_name3": null, "adm3_pcode": "HT0811-02", "adm2_name": "Jeremie", "adm2_name1": "Jérémie", "adm2_name2": null, "adm2_name3": null, "adm2_pcode": "HT0811", "adm1_name": "Grande'Anse", "adm1_name1": "Grande'Anse", "adm1_name2": "Grandans", "adm1_name3": null, "adm1_pcode": "HT08", "adm0_name": "Haiti", "adm0_name1": null, "adm0_name2": null, "adm0_name3": null, "adm0_pcode": "HT", "valid_on": "2018-11-29", "valid_to": null, "version": "v01", "lang": "en", "lang1": "fr", "lang2": "ht", "lang3": null }, "geometry": { "type": "Point", "coordinates": [ -74.114086700999962, 18.496252780000134 ] } },
{ "type": "Feature", "properties": { "admin_level": 3, "name": "2e Section Juampas", "name1": "2e Section Juampas", "name2": null, "name3": null, "x_coord": -71.92161387, "y_coord": 18.81366545, "adm4_name": null, "adm4_name1": null, "adm4_name2": null, "adm4_name3": null, "adm4_pcode": null, "adm3_name": "2e Section Juampas", "adm3_name1": "2e Section Juampas", "adm3_name2": null, "adm3_name3": null, "adm3_pcode": "HT0631-02", "adm2_name": "Lascahobas", "adm2_name1": "Lascahobas", "adm2_name2": null, "adm2_name3": null, "adm2_pcode": "HT0631", "adm1_name": "Centre", "adm1_name1": "Centre", "adm1_name2": "Sant", "adm1_name3": null, "adm1_pcode": "HT06", "adm0_name": "Haiti", "adm0_name1": null, "adm0_name2": null, "adm0_name3": null, "adm0_pcode": "HT", "valid_on": "2018-11-29", "valid_to": null, "version": "v01", "lang": "en", "lang1": "fr", "lang2": "ht", "lang3": null }, "geometry": { "type": "Point", "coordinates": [ -71.921613869999931, 18.813665448000108 ] } },
{ "type": "Feature", "properties": { "admin_level": 3, "name": "2e Section la Belle Mere", "name1": "2e Section la Belle Mère", "name2": null, "name3": null, "x_coord": -72.10974536000001, "y_coord": 19.31389906, "adm4_name": null, "adm4_name1": null, "adm4_name2": null, "adm4_name3": null, "adm4_pcode": null, "adm3_name": "2e Section la Belle Mere", "adm3_name1": "2e Section la Belle Mère", "adm3_name2": null, "adm3_name3": null, "adm3_pcode": "HT0344-02", "adm2_name": "Pignon", "adm2_name1": "Pignon", "adm2_name2": null, "adm2_name3": null, "adm2_pcode": "HT0344", "adm1_name": "North", "adm1_name1": "Nord", "adm1_name2": "Nò", "adm1_name3": null, "adm1_pcode": "HT03", "adm0_name": "Haiti", "adm0_name1": null, "adm0_name2": null, "adm0_name3": null, "adm0_pcode": "HT", "valid_on": "2018-11-29", "valid_to": null, "version": "v01", "lang": "en", "lang1": "fr", "lang2": "ht", "lang3": null }, "geometry": { "type": "Point", "coordinates": [ -72.109745363999878, 19.31389905900005 ] } },
{ "type": "Feature", "properties": { "admin_level": 3, "name": "2e Section la Haye", "name1": "2e Section la Haye", "name2": null, "name3": null, "x_coord": -71.80342323000001, "y_coord": 18.73989546, "adm4_name": null, "adm4_name1": null, "adm4_name2": null, "adm4_name3": null, "adm4_pcode": null, "adm3_name": "2e Section la Haye", "adm3_name1": "2e Section la Haye", "adm3_name2": null, "adm3_name3": null, "adm3_pcode": "HT0633-02", "adm2_name": "Savanette", "adm2_name1": "Savanette", "adm2_name2": null, "adm2_name3": null, "adm2_pcode": "HT0633", "adm1_name": "Centre", "adm1_name1": "Centre", "adm1_name2": "Sant", "adm1_name3": null, "adm1_pcode": "HT06", "adm0_name": "Haiti", "adm0_name1": null, "adm0_name2": null, "adm0_name3": null, "adm0_pcode": "HT", "valid_on": "2018-11-29", "valid_to": null, "version": "v01", "lang": "en", "lang1": "fr", "lang2": "ht", "lang3": null }, "geometry": { "type": "Point", "coordinates": [ -71.803423227999986, 18.739895458999968 ] } },
{ "type": "Feature", "properties": { "admin_level": 3, "name": "2e Section la Pointe", "name1": "2e Section la Pointe", "name2": null, "name3": null, "x_coord": -72.77915323000001, "y_coord": 19.90575518, "adm4_name": null, "adm4_name1": null, "adm4_name2": null, "adm4_name3": null, "adm4_pcode": null, "adm3_name": "2e Section la Pointe", "adm3_name1": "2e Section la Pointe", "adm3_name2": null, "adm3_name3": null, "adm3_pcode": "HT0911-02", "adm2_name": "Port-de-Paix", "adm2_name1": "Port-de-Paix", "adm2_name2": null, "adm2_name3": null, "adm2_pcode": "HT0911", "adm1_name": "North-West", "adm1_name1": "Nord-Ouest", "adm1_name2": "Nòdwès", "adm1_name3": null, "adm1_pcode": "HT09", "adm0_name": "Haiti", "adm0_name1": null, "adm0_name2": null, "adm0_name3": null, "adm0_pcode": "HT", "valid_on": "2018-11-29", "valid_to": null, "version": "v01", "lang": "en", "lang1": "fr", "lang2": "ht", "lang3": null }, "geometry": { "type": "Point", "coordinates": [ -72.779153229999963, 19.905755178000106 ] } },
{ "type": "Feature", "properties": { "admin_level": 3, "name": "2e Section la Selle", "name1": "2e Section la Selle", "name2": null, "name3": null, "x_coord": -72.20711804, "y_coord": 18.86225824, "adm4_name": null, "adm4_name1": null, "adm4_name2": null, "adm4_name3": null, "adm4_pcode": null, "adm3_name": "2e Section la Selle", "adm3_name1": "2e Section la Selle", "adm3_name2": null, "adm3_name3": null, "adm3_pcode": "HT0622-02", "adm2_name": "Saut d'Eau", "adm2_name1": "Saut d'Eau", "adm2_name2": null, "adm2_name3": null, "adm2_pcode": "HT0622", "adm1_name": "Centre", "adm1_name1": "Centre", "adm1_name2": "Sant", "adm1_name3": null, "adm1_pcode": "HT06", "adm0_name": "Haiti", "adm0_name1": null, "adm0_name2": null, "adm0_name3": null, "adm0_pcode": "HT", "valid_on": "2018-11-29", "valid_to": null, "version": "v01", "lang": "en", "lang1": "fr", "lang2": "ht", "lang3": null }, "geometry": { "type": "Point", "coordinates": [ -72.207118038999965, 18.862258242000053 ] } },
{ "type": "Feature", "properties": { "admin_level": 3, "name": "2e Section La Vallee de Bainet ou Ternier", "name1": "2e Section La Vallee de Bainet ou Ternier", "name2": null, "name3": null, "x_coord": -72.72431284, "y_coord": 18.29107736, "adm4_name": null, "adm4_name1": null, "adm4_name2": null, "adm4_name3": null, "adm4_pcode": null, "adm3_name": "2e Section La Vallee de Bainet ou Ternier", "adm3_name1": "2e Section La Vallee de Bainet ou Ternier", "adm3_name2": null, "adm3_name3": null, "adm3_pcode": "HT0214-02", "adm2_name": "La Vallee", "adm2_name1": "La Vallée", "adm2_name2": null, "adm2_name3": null, "adm2_pcode": "HT0214", "adm1_name": "South-East", "adm1_name1": "Sud-Est", "adm1_name2": "Sidès", "adm1_name3": null, "adm1_pcode": "HT02", "adm0_name": "Haiti", "adm0_name1": null, "adm0_name2": null, "adm0_name3": null, "adm0_pcode": "HT", "valid_on": "2018-11-29", "valid_to": null, "version": "v01", "lang": "en", "lang1": "fr", "lang2": "ht", "lang3": null }, "geometry": { "type": "Point", "coordinates": [ -72.724312834999978, 18.291077361000077 ] } },
{ "type": "Feature", "properties": { "admin_level": 3, "name": "2e Section Labiche", "name1": "2e Section Labiche", "name2": null, "name3": null, "x_coord": -72.90106338, "y_coord": 18.19590372, "adm4_name": null, "adm4_name1": null, "adm4_name2": null, "adm4_name3": null, "adm4_pcode": null, "adm3_name": "2e Section Labiche", "adm3_name1": "2e Section Labiche", "adm3_name2": null, "adm3_name3": null, "adm3_pcode": "HT0222-02", "adm2_name": "Cotes de Fer", "adm2_name1": "Côtes de Fer", "adm2_name2": null, "adm2_name3": null, "adm2_pcode": "HT0222", "adm1_name": "South-East", "adm1_name1": "Sud-Est", "adm1_name2": "Sidès", "adm1_name3": null, "adm1_pcode": "HT02", "adm0_name": "Haiti", "adm0_name1": null, "adm0_name2": null, "adm0_name3": null, "adm0_pcode": "HT", "valid_on": "2018-11-29", "valid_to": null, "version": "v01", "lang": "en", "lang1": "fr", "lang2": "ht", "lang3": null }, "geometry": { "type": "Point", "coordinates": [ -72.901063384999986, 18.195903717000135 ] } },
{ "type": "Feature", "properties": { "admin_level": 3, "name": "2e Section Lamine", "name1": "2e Section Lamine", "name2": null, "name3": null, "x_coord": -71.73385702, "y_coord": 19.42444389, "adm4_name": null, "adm4_name1": null, "adm4_name2": null, "adm4_name3": null, "adm4_pcode": null, "adm3_name": "2e Section Lamine", "adm3_name1": "2e Section Lamine", "adm3_name2": null, "adm3_name3": null, "adm3_pcode": "HT0422-02", "adm2_name": "Capotille", "adm2_name1": "Capotille", "adm2_name2": null, "adm2_name3": null, "adm2_pcode": "HT0422", "adm1_name": "North-East", "adm1_name1": "Nord-Est", "adm1_name2": "Nòdès", "adm1_name3": null, "adm1_pcode": "HT04", "adm0_name": "Haiti", "adm0_name1": null, "adm0_name2": null, "adm0_name3": null, "adm0_pcode": "HT", "valid_on": "2018-11-29", "valid_to": null, "version": "v01", "lang": "en", "lang1": "fr", "lang2": "ht", "lang3": null }, "geometry": { "type": "Point", "coordinates": [ -71.733857019999903, 19.424443885000073 ] } },
{ "type": "Feature", "properties": { "admin_level": 3, "name": "2e Section Lociane", "name1": "2e Section Lociane", "name2": null, "name3": null, "x_coord": -71.77807419, "y_coord": 19.05278447, "adm4_name": null, "adm4_name1": null, "adm4_name2": null, "adm4_name3": null, "adm4_pcode": null, "adm3_name": "2e Section Lociane", "adm3_name1": "2e Section Lociane", "adm3_name2": null, "adm3_name3": null, "adm3_pcode": "HT0642-02", "adm2_name": "Thomassique", "adm2_name1": "Thomassique", "adm2_name2": null, "adm2_name3": null, "adm2_pcode": "HT0642", "adm1_name": "Centre", "adm1_name1": "Centre", "adm1_name2": "Sant", "adm1_name3": null, "adm1_pcode": "HT06", "adm0_name": "Haiti", "adm0_name1": null, "adm0_name2": null, "adm0_name3": null, "adm0_pcode": "HT", "valid_on": "2018-11-29", "valid_to": null, "version": "v01", "lang": "en", "lang1": "fr", "lang2": "ht", "lang3": null }, "geometry": { "type": "Point", "coordinates": [ -71.778074188999938, 19.05278446799997 ] } },
{ "type": "Feature", "properties": { "admin_level": 3, "name": "2e Section Mabriole", "name1": "2e Section Mabriole", "name2": null, "name3": null, "x_coord": -72.16501305, "y_coord": 18.29357429, "adm4_name": null, "adm4_name1": null, "adm4_name2": null, "adm4_name3": null, "adm4_pcode": null, "adm3_name": "2e Section Mabriole", "adm3_name1": "2e Section Mabriole", "adm3_name2": null, "adm3_name3": null, "adm3_pcode": "HT0231-02", "adm2_name": "Belle Anse", "adm2_name1": "Belle Anse", "adm2_name2": null, "adm2_name3": null, "adm2_pcode": "HT0231", "adm1_name": "South-East", "adm1_name1": "Sud-Est", "adm1_name2": "Sidès", "adm1_name3": null, "adm1_pcode": "HT02", "adm0_name": "Haiti", "adm0_name1": null, "adm0_name2": null, "adm0_name3": null, "adm0_pcode": "HT", "valid_on": "2018-11-29", "valid_to": null, "version": "v01", "lang": "en", "lang1": "fr", "lang2": "ht", "lang3": null }, "geometry": { "type": "Point", "coordinates": [ -72.165013048999981, 18.293574290000151 ] } },
{ "type": "Feature", "properties": { "admin_level": 3, "name": "2e Section Mare-Rouge", "name1": "2e Section Mare-Rouge", "name2": null, "name3": null, "x_coord": -73.284088, "y_coord": 19.79947237, "adm4_name": null, "adm4_name1": null, "adm4_name2": null, "adm4_name3": null, "adm4_pcode": null, "adm3_name": "2e Section Mare-Rouge", "adm3_name1": "2e Section Mare-Rouge", "adm3_name2": null, "adm3_name3": null, "adm3_pcode": "HT0931-02", "adm2_name": "Mole Saint Nicolas", "adm2_name1": "Môle Saint Nicolas", "adm2_name2": null, "adm2_name3": null, "adm2_pcode": "HT0931", "adm1_name": "North-West", "adm1_name1": "Nord-Ouest", "adm1_name2": "Nòdwès", "adm1_name3": null, "adm1_pcode": "HT09", "adm0_name": "Haiti", "adm0_name1": null, "adm0_name2": null, "adm0_name3": null, "adm0_pcode": "HT", "valid_on": "2018-11-29", "valid_to": null, "version": "v01", "lang": "en", "lang1": "fr", "lang2": "ht", "lang3": null }, "geometry": { "type": "Point", "coordinates": [ -73.284088, 19.799472373000185 ] } },
{ "type": "Feature", "properties": { "admin_level": 3, "name": "2e Section Mare Rouge", "name1": "2e Section Mare Rouge", "name2": null, "name3": null, "x_coord": -72.84717553, "y_coord": 20.05238801, "adm4_name": null, "adm4_name1": null, "adm4_name2": null, "adm4_name3": null, "adm4_pcode": null, "adm3_name": "2e Section Mare Rouge", "adm3_name1": "2e Section Mare Rouge", "adm3_name2": null, "adm3_name3": null, "adm3_pcode": "HT0912-02", "adm2_name": "La Tortue", "adm2_name1": "La Tortue", "adm2_name2": null, "adm2_name3": null, "adm2_pcode": "HT0912", "adm1_name": "North-West", "adm1_name1": "Nord-Ouest", "adm1_name2": "Nòdwès", "adm1_name3": null, "adm1_pcode": "HT09", "adm0_name": "Haiti", "adm0_name1": null, "adm0_name2": null, "adm0_name3": null, "adm0_pcode": "HT", "valid_on": "2018-11-29", "valid_to": null, "version": "v01", "lang": "en", "lang1": "fr", "lang2": "ht", "lang3": null }, "geometry": { "type": "Point", "coordinates": [ -72.847175525999944, 20.052388015000133 ] } },
{ "type": "Feature", "properties": { "admin_level": 3, "name": "2e Section Marmont", "name1": "2e Section Marmont", "name2": null, "name3": null, "x_coord": -71.97687726, "y_coord": 19.07364833, "adm4_name": null, "adm4_name1": null, "adm4_name2": null, "adm4_name3": null, "adm4_pcode": null, "adm3_name": "2e Section Marmont", "adm3_name1": "2e Section Marmont", "adm3_name2": null, "adm3_name3": null, "adm3_pcode": "HT0611-02", "adm2_name": "Hinche", "adm2_name1": "Hinche", "adm2_name2": null, "adm2_name3": null, "adm2_pcode": "HT0611", "adm1_name": "Centre", "adm1_name1": "Centre", "adm1_name2": "Sant", "adm1_name3": null, "adm1_pcode": "HT06", "adm0_name": "Haiti", "adm0_name1": null, "adm0_name2": null, "adm0_name3": null, "adm0_pcode": "HT", "valid_on": "2018-11-29", "valid_to": null, "version": "v01", "lang": "en", "lang1": "fr", "lang2": "ht", "lang3": null }, "geometry": { "type": "Point", "coordinates": [ -71.976877260999913, 19.073648326000182 ] } },
{ "type": "Feature", "properties": { "admin_level": 3, "name": "2e Section Martineau", "name1": "2e Section Martineau", "name2": null, "name3": null, "x_coord": -73.6601406, "y_coord": 18.30706646, "adm4_name": null, "adm4_name1": null, "adm4_name2": null, "adm4_name3": null, "adm4_pcode": null, "adm3_name": "2e Section Martineau", "adm3_name1": "2e Section Martineau", "adm3_name2": null, "adm3_name3": null, "adm3_pcode": "HT0733-02", "adm2_name": "Cavaillon", "adm2_name1": "Cavaillon", "adm2_name2": null, "adm2_name3": null, "adm2_pcode": "HT0733", "adm1_name": "South", "adm1_name1": "Sud", "adm1_name2": "Sid", "adm1_name3": null, "adm1_pcode": "HT07", "adm0_name": "Haiti", "adm0_name1": null, "adm0_name2": null, "adm0_name3": null, "adm0_pcode": "HT", "valid_on": "2018-11-29", "valid_to": null, "version": "v01", "lang": "en", "lang1": "fr", "lang2": "ht", "lang3": null }, "geometry": { "type": "Point", "coordinates": [ -73.660140595999849, 18.307066464000059 ] } },
{ "type": "Feature", "properties": { "admin_level": 3, "name": "2e Section Mathurin", "name1": "2e Section Mathurin", "name2": null, "name3": null, "x_coord": -72.17438272, "y_coord": 19.44967626, "adm4_name": null, "adm4_name1": null, "adm4_name2": null, "adm4_name3": null, "adm4_pcode": null, "adm3_name": "2e Section Mathurin", "adm3_name1": "2e Section Mathurin", "adm3_name2": null, "adm3_name3": null, "adm3_pcode": "HT0341-02", "adm2_name": "Saint-Raphael", "adm2_name1": "Saint-Raphaël", "adm2_name2": null, "adm2_name3": null, "adm2_pcode": "HT0341", "adm1_name": "North", "adm1_name1": "Nord", "adm1_name2": "Nò", "adm1_name3": null, "adm1_pcode": "HT03", "adm0_name": "Haiti", "adm0_name1": null, "adm0_name2": null, "adm0_name3": null, "adm0_pcode": "HT", "valid_on": "2018-11-29", "valid_to": null, "version": "v01", "lang": "en", "lang1": "fr", "lang2": "ht", "lang3": null }, "geometry": { "type": "Point", "coordinates": [ -72.174382717999947, 19.449676259000057 ] } },
{ "type": "Feature", "properties": { "admin_level": 3, "name": "2e Section Mayance", "name1": "2e Section Mayance", "name2": null, "name3": null, "x_coord": -72.6390884, "y_coord": 19.879438, "adm4_name": null, "adm4_name1": null, "adm4_name2": null, "adm4_name3": null, "adm4_pcode": null, "adm3_name": "2e Section Mayance", "adm3_name1": "2e Section Mayance", "adm3_name2": null, "adm3_name3": null, "adm3_pcode": "HT0922-02", "adm2_name": "Anse-a-Foleur", "adm2_name1": "Anse-à-Foleur", "adm2_name2": null, "adm2_name3": null, "adm2_pcode": "HT0922", "adm1_name": "North-West", "adm1_name1": "Nord-Ouest", "adm1_name2": "Nòdwès", "adm1_name3": null, "adm1_pcode": "HT09", "adm0_name": "Haiti", "adm0_name1": null, "adm0_name2": null, "adm0_name3": null, "adm0_pcode": "HT", "valid_on": "2018-11-29", "valid_to": null, "version": "v01", "lang": "en", "lang1": "fr", "lang2": "ht", "lang3": null }, "geometry": { "type": "Point", "coordinates": [ -72.639088400999981, 19.879438002000086 ] } },
{ "type": "Feature", "properties": { "admin_level": 3, "name": "2e Section Meloniere", "name1": "2e Section Melonière", "name2": null, "name3": null, "x_coord": -73.93943554000001, "y_coord": 18.21261815, "adm4_name": null, "adm4_name1": null, "adm4_name2": null, "adm4_name3": null, "adm4_pcode": null, "adm3_name": "2e Section Meloniere", "adm3_name1": "2e Section Melonière", "adm3_name2": null, "adm3_name3": null, "adm3_pcode": "HT0713-02", "adm2_name": "Chantal", "adm2_name1": "Chantal", "adm2_name2": null, "adm2_name3": null, "adm2_pcode": "HT0713", "adm1_name": "South", "adm1_name1": "Sud", "adm1_name2": "Sid", "adm1_name3": null, "adm1_pcode": "HT07", "adm0_name": "Haiti", "adm0_name1": null, "adm0_name2": null, "adm0_name3": null, "adm0_pcode": "HT", "valid_on": "2018-11-29", "valid_to": null, "version": "v01", "lang": "en", "lang1": "fr", "lang2": "ht", "lang3": null }, "geometry": { "type": "Point", "coordinates": [ -73.939435537999941, 18.212618151000186 ] } },
{ "type": "Feature", "properties": { "admin_level": 3, "name": "2e Section Morne Chandelle", "name1": "2e Section Morne Chandelle", "name2": null, "name3": null, "x_coord": -72.49047035, "y_coord": 18.510529, "adm4_name": null, "adm4_name1": null, "adm4_name2": null, "adm4_name3": null, "adm4_pcode": null, "adm3_name": "2e Section Morne Chandelle", "adm3_name1": "2e Section Morne Chandelle", "adm3_name2": null, "adm3_name3": null, "adm3_pcode": "HT0116-02", "adm2_name": "Gressier", "adm2_name1": "Gressier", "adm2_name2": null, "adm2_name3": null, "adm2_pcode": "HT0116", "adm1_name": "West", "adm1_name1": "Ouest", "adm1_name2": "Lwès", "adm1_name3": null, "adm1_pcode": "HT01", "adm0_name": "Haiti", "adm0_name1": null, "adm0_name2": null, "adm0_name3": null, "adm0_pcode": "HT", "valid_on": "2018-11-29", "valid_to": null, "version": "v01", "lang": "en", "lang1": "fr", "lang2": "ht", "lang3": null }, "geometry": { "type": "Point", "coordinates": [ -72.490470347999917, 18.510528998999973 ] } },
{ "type": "Feature", "properties": { "admin_level": 3, "name": "2e Section Morne l'Hopital", "name1": "2e Section Morne l'Hopital", "name2": null, "name3": null, "x_coord": -72.33720388, "y_coord": 18.51409705, "adm4_name": null, "adm4_name1": null, "adm4_name2": null, "adm4_name3": null, "adm4_pcode": null, "adm3_name": "2e Section Morne l'Hopital", "adm3_name1": "2e Section Morne l'Hopital", "adm3_name2": null, "adm3_name3": null, "adm3_pcode": "HT0111-02", "adm2_name": "Port-au-Prince", "adm2_name1": "Port-au-Prince", "adm2_name2": null, "adm2_name3": null, "adm2_pcode": "HT0111", "adm1_name": "West", "adm1_name1": "Ouest", "adm1_name2": "Lwès", "adm1_name3": null, "adm1_pcode": "HT01", "adm0_name": "Haiti", "adm0_name1": null, "adm0_name2": null, "adm0_name3": null, "adm0_pcode": "HT", "valid_on": "2018-11-29", "valid_to": null, "version": "v01", "lang": "en", "lang1": "fr", "lang2": "ht", "lang3": null }, "geometry": { "type": "Point", "coordinates": [ -72.337203883999905, 18.514097050000089 ] } },
{ "type": "Feature", "properties": { "admin_level": 3, "name": "2e Section Morne Pele", "name1": "2e Section Morne Pele", "name2": null, "name3": null, "x_coord": -72.17908442, "y_coord": 19.64697209, "adm4_name": null, "adm4_name1": null, "adm4_name2": null, "adm4_name3": null, "adm4_pcode": null, "adm3_name": "2e Section Morne Pele", "adm3_name1": "2e Section Morne Pele", "adm3_name2": null, "adm3_name3": null, "adm3_pcode": "HT0312-02", "adm2_name": "Quartier Morin", "adm2_name1": "Quartier Morin", "adm2_name2": null, "adm2_name3": null, "adm2_pcode": "HT0312", "adm1_name": "North", "adm1_name1": "Nord", "adm1_name2": "Nò", "adm1_name3": null, "adm1_pcode": "HT03", "adm0_name": "Haiti", "adm0_name1": null, "adm0_name2": null, "adm0_name3": null, "adm0_pcode": "HT", "valid_on": "2018-11-29", "valid_to": null, "version": "v01", "lang": "en", "lang1": "fr", "lang2": "ht", "lang3": null }, "geometry": { "type": "Point", "coordinates": [ -72.17908441599991, 19.646972086000119 ] } },
{ "type": "Feature", "properties": { "admin_level": 3, "name": "2e Section Nan Sevre", "name1": "2e Section Nan Sevre", "name2": null, "name3": null, "x_coord": -74.27106852, "y_coord": 18.35952951, "adm4_name": null, "adm4_name1": null, "adm4_name2": null, "adm4_name3": null, "adm4_pcode": null, "adm3_name": "2e Section Nan Sevre", "adm3_name1": "2e Section Nan Sevre", "adm3_name2": null, "adm3_name3": null, "adm3_pcode": "HT0753-02", "adm2_name": "Tiburon", "adm2_name1": "Tiburon", "adm2_name2": null, "adm2_name3": null, "adm2_pcode": "HT0753", "adm1_name": "South", "adm1_name1": "Sud", "adm1_name2": "Sid", "adm1_name3": null, "adm1_pcode": "HT07", "adm0_name": "Haiti", "adm0_name1": null, "adm0_name2": null, "adm0_name3": null, "adm0_pcode": "HT", "valid_on": "2018-11-29", "valid_to": null, "version": "v01", "lang": "en", "lang1": "fr", "lang2": "ht", "lang3": null }, "geometry": { "type": "Point", "coordinates": [ -74.27106852199995, 18.359529509000083 ] } },
{ "type": "Feature", "properties": { "admin_level": 3, "name": "2e Section Narang", "name1": "2e Section Narang", "name2": null, "name3": null, "x_coord": -72.14027291, "y_coord": 19.13162213, "adm4_name": null, "adm4_name1": null, "adm4_name2": null, "adm4_name3": null, "adm4_pcode": null, "adm3_name": "2e Section Narang", "adm3_name1": "2e Section Narang", "adm3_name2": null, "adm3_name3": null, "adm3_pcode": "HT0612-02", "adm2_name": "Maissade", "adm2_name1": "Maïssade", "adm2_name2": null, "adm2_name3": null, "adm2_pcode": "HT0612", "adm1_name": "Centre", "adm1_name1": "Centre", "adm1_name2": "Sant", "adm1_name3": null, "adm1_pcode": "HT06", "adm0_name": "Haiti", "adm0_name1": null, "adm0_name2": null, "adm0_name3": null, "adm0_pcode": "HT", "valid_on": "2018-11-29", "valid_to": null, "version": "v01", "lang": "en", "lang1": "fr", "lang2": "ht", "lang3": null }, "geometry": { "type": "Point", "coordinates": [ -72.140272904999961, 19.131622134000111 ] } },
{ "type": "Feature", "properties": { "admin_level": 3, "name": "2e Section Passe-Reine ou Bas d'Ennery", "name1": "2e Section Passe-Reine ou Bas d'Ennery", "name2": null, "name3": null, "x_coord": -72.50733276, "y_coord": 19.48424744, "adm4_name": null, "adm4_name1": null, "adm4_name2": null, "adm4_name3": null, "adm4_pcode": null, "adm3_name": "2e Section Passe-Reine ou Bas d'Ennery", "adm3_name1": "2e Section Passe-Reine ou Bas d'Ennery", "adm3_name2": null, "adm3_name3": null, "adm3_pcode": "HT0512-02", "adm2_name": "Ennery", "adm2_name1": "Ennery", "adm2_name2": null, "adm2_name3": null, "adm2_pcode": "HT0512", "adm1_name": "Artibonite", "adm1_name1": "Artibonite", "adm1_name2": "Latibonit", "adm1_name3": null, "adm1_pcode": "HT05", "adm0_name": "Haiti", "adm0_name1": null, "adm0_name2": null, "adm0_name3": null, "adm0_pcode": "HT", "valid_on": "2018-11-29", "valid_to": null, "version": "v01", "lang": "en", "lang1": "fr", "lang2": "ht", "lang3": null }, "geometry": { "type": "Point", "coordinates": [ -72.507332763999955, 19.484247436000146 ] } },
{ "type": "Feature", "properties": { "admin_level": 3, "name": "2e Section Petit Howars (la Fange)", "name1": "2e Section Petit Howars (la Fange)", "name2": null, "name3": null, "x_coord": -72.38563816, "y_coord": 19.77502785, "adm4_name": null, "adm4_name1": null, "adm4_name2": null, "adm4_name3": null, "adm4_pcode": null, "adm3_name": "2e Section Petit Howars (la Fange)", "adm3_name1": "2e Section Petit Howars (la Fange)", "adm3_name2": null, "adm3_name3": null, "adm3_pcode": "HT0362-02", "adm2_name": "Bas Limbe", "adm2_name1": "Bas Limbé", "adm2_name2": null, "adm2_name3": null, "adm2_pcode": "HT0362", "adm1_name": "North", "adm1_name1": "Nord", "adm1_name2": "Nò", "adm1_name3": null, "adm1_pcode": "HT03", "adm0_name": "Haiti", "adm0_name1": null, "adm0_name2": null, "adm0_name3": null, "adm0_pcode": "HT", "valid_on": "2018-11-29", "valid_to": null, "version": "v01", "lang": "en", "lang1": "fr", "lang2": "ht", "lang3": null }, "geometry": { "type": "Point", "coordinates": [ -72.385638156999846, 19.775027846000057 ] } },
{ "type": "Feature", "properties": { "admin_level": 3, "name": "2e Section Petite Desdunes", "name1": "2e Section Petite Desdunes", "name2": null, "name3": null, "x_coord": -72.65347679, "y_coord": 19.36526347, "adm4_name": null, "adm4_name1": null, "adm4_name2": null, "adm4_name3": null, "adm4_pcode": null, "adm3_name": "2e Section Petite Desdunes", "adm3_name1": "2e Section Petite Desdunes", "adm3_name2": null, "adm3_name3": null, "adm3_pcode": "HT0513-02", "adm2_name": "L'Estere", "adm2_name1": "L'Estère", "adm2_name2": null, "adm2_name3": null, "adm2_pcode": "HT0513", "adm1_name": "Artibonite", "adm1_name1": "Artibonite", "adm1_name2": "Latibonit", "adm1_name3": null, "adm1_pcode": "HT05", "adm0_name": "Haiti", "adm0_name1": null, "adm0_name2": null, "adm0_name3": null, "adm0_pcode": "HT", "valid_on": "2018-11-29", "valid_to": null, "version": "v01", "lang": "en", "lang1": "fr", "lang2": "ht", "lang3": null }, "geometry": { "type": "Point", "coordinates": [ -72.653476786999988, 19.365263471 ] } },
{ "type": "Feature", "properties": { "admin_level": 3, "name": "2e Section Petite Riviere", "name1": "2e Section Petite Rivière", "name2": null, "name3": null, "x_coord": -72.59683134, "y_coord": 18.5352589, "adm4_name": null, "adm4_name1": null, "adm4_name2": null, "adm4_name3": null, "adm4_pcode": null, "adm3_name": "2e Section Petite Riviere", "adm3_name1": "2e Section Petite Rivière", "adm3_name2": null, "adm3_name3": null, "adm3_pcode": "HT0121-02", "adm2_name": "Leogane", "adm2_name1": "Léogâne", "adm2_name2": null, "adm2_name3": null, "adm2_pcode": "HT0121", "adm1_name": "West", "adm1_name1": "Ouest", "adm1_name2": "Lwès", "adm1_name3": null, "adm1_pcode": "HT01", "adm0_name": "Haiti", "adm0_name1": null, "adm0_name2": null, "adm0_name3": null, "adm0_pcode": "HT", "valid_on": "2018-11-29", "valid_to": null, "version": "v01", "lang": "en", "lang1": "fr", "lang2": "ht", "lang3": null }, "geometry": { "type": "Point", "coordinates": [ -72.596831339999937, 18.535258904000045 ] } },
{ "type": "Feature", "properties": { "admin_level": 3, "name": "2e Section Petite Source", "name1": "2e Section Petite Source", "name2": null, "name3": null, "x_coord": -72.91700253, "y_coord": 18.80250964, "adm4_name": null, "adm4_name1": null, "adm4_name2": null, "adm4_name3": null, "adm4_pcode": null, "adm3_name": "2e Section Petite Source", "adm3_name1": "2e Section Petite Source", "adm3_name2": null, "adm3_name3": null, "adm3_pcode": "HT0151-02", "adm2_name": "Anse a Galets", "adm2_name1": "Anse à Galets", "adm2_name2": null, "adm2_name3": null, "adm2_pcode": "HT0151", "adm1_name": "West", "adm1_name1": "Ouest", "adm1_name2": "Lwès", "adm1_name3": null, "adm1_pcode": "HT01", "adm0_name": "Haiti", "adm0_name1": null, "adm0_name2": null, "adm0_name3": null, "adm0_pcode": "HT", "valid_on": "2018-11-29", "valid_to": null, "version": "v01", "lang": "en", "lang1": "fr", "lang2": "ht", "lang3": null }, "geometry": { "type": "Point", "coordinates": [ -72.917002527999955, 18.802509645000157 ] } },
{ "type": "Feature", "properties": { "admin_level": 3, "name": "2e Section Plaine Celeste", "name1": "2e Section Plaine Céleste", "name2": null, "name3": null, "x_coord": -71.93267025, "y_coord": 18.67857386, "adm4_name": null, "adm4_name1": null, "adm4_name2": null, "adm4_name3": null, "adm4_pcode": null, "adm3_name": "2e Section Plaine Celeste", "adm3_name1": "2e Section Plaine Céleste", "adm3_name2": null, "adm3_name3": null, "adm3_pcode": "HT0134-02", "adm2_name": "Cornillon / Grand Bois", "adm2_name1": "Cornillon / Grand Bois", "adm2_name2": null, "adm2_name3": null, "adm2_pcode": "HT0134", "adm1_name": "West", "adm1_name1": "Ouest", "adm1_name2": "Lwès", "adm1_name3": null, "adm1_pcode": "HT01", "adm0_name": "Haiti", "adm0_name1": null, "adm0_name2": null, "adm0_name3": null, "adm0_pcode": "HT", "valid_on": "2018-11-29", "valid_to": null, "version": "v01", "lang": "en", "lang1": "fr", "lang2": "ht", "lang3": null }, "geometry": { "type": "Point", "coordinates": [ -71.932670247999908, 18.678573857 ] } },
{ "type": "Feature", "properties": { "admin_level": 3, "name": "2e Section Platon Dufrene", "name1": "2e Section Platon Dufrene", "name2": null, "name3": null, "x_coord": -72.39692722, "y_coord": 18.49880507, "adm4_name": null, "adm4_name1": null, "adm4_name2": null, "adm4_name3": null, "adm4_pcode": null, "adm3_name": "2e Section Platon Dufrene", "adm3_name1": "2e Section Platon Dufrene", "adm3_name2": null, "adm3_name3": null, "adm3_pcode": "HT0113-02", "adm2_name": "Carrefour", "adm2_name1": "Carrefour", "adm2_name2": null, "adm2_name3": null, "adm2_pcode": "HT0113", "adm1_name": "West", "adm1_name1": "Ouest", "adm1_name2": "Lwès", "adm1_name3": null, "adm1_pcode": "HT01", "adm0_name": "Haiti", "adm0_name1": null, "adm0_name2": null, "adm0_name3": null, "adm0_pcode": "HT", "valid_on": "2018-11-29", "valid_to": null, "version": "v01", "lang": "en", "lang1": "fr", "lang2": "ht", "lang3": null }, "geometry": { "type": "Point", "coordinates": [ -72.396927223999967, 18.498805067000035 ] } },
{ "type": "Feature", "properties": { "admin_level": 3, "name": "2e Section Pot de Chambre", "name1": "2e Section Pot de Chambre", "name2": null, "name3": null, "x_coord": -71.87135291, "y_coord": 18.18019375, "adm4_name": null, "adm4_name1": null, "adm4_name2": null, "adm4_name3": null, "adm4_pcode": null, "adm3_name": "2e Section Pot de Chambre", "adm3_name1": "2e Section Pot de Chambre", "adm3_name2": null, "adm3_name3": null, "adm3_pcode": "HT0233-02", "adm2_name": "Thiotte", "adm2_name1": "Thiotte", "adm2_name2": null, "adm2_name3": null, "adm2_pcode": "HT0233", "adm1_name": "South-East", "adm1_name1": "Sud-Est", "adm1_name2": "Sidès", "adm1_name3": null, "adm1_pcode": "HT02", "adm0_name": "Haiti", "adm0_name1": null, "adm0_name2": null, "adm0_name3": null, "adm0_pcode": "HT", "valid_on": "2018-11-29", "valid_to": null, "version": "v01", "lang": "en", "lang1": "fr", "lang2": "ht", "lang3": null }, "geometry": { "type": "Point", "coordinates": [ -71.87135290599997, 18.1801937460001 ] } },
{ "type": "Feature", "properties": { "admin_level": 3, "name": "2e Section Renaudin", "name1": "2e Section Renaudin", "name2": null, "name3": null, "x_coord": -73.97881139, "y_coord": 18.19656428, "adm4_name": null, "adm4_name1": null, "adm4_name2": null, "adm4_name3": null, "adm4_pcode": null, "adm3_name": "2e Section Renaudin", "adm3_name1": "2e Section Renaudin", "adm3_name2": null, "adm3_name3": null, "adm3_pcode": "HT0743-02", "adm2_name": "Roche a Bateau", "adm2_name1": "Roche à Bâteau", "adm2_name2": null, "adm2_name3": null, "adm2_pcode": "HT0743", "adm1_name": "South", "adm1_name1": "Sud", "adm1_name2": "Sid", "adm1_name3": null, "adm1_pcode": "HT07", "adm0_name": "Haiti", "adm0_name1": null, "adm0_name2": null, "adm0_name3": null, "adm0_pcode": "HT", "valid_on": "2018-11-29", "valid_to": null, "version": "v01", "lang": "en", "lang1": "fr", "lang2": "ht", "lang3": null }, "geometry": { "type": "Point", "coordinates": [ -73.978811386999951, 18.196564278000153 ] } },
{ "type": "Feature", "properties": { "admin_level": 3, "name": "2e Section Riviere Mancelle", "name1": "2e Section Rivière Mancelle", "name2": null, "name3": null, "x_coord": -72.62514867, "y_coord": 19.71062361, "adm4_name": null, "adm4_name1": null, "adm4_name2": null, "adm4_name3": null, "adm4_pcode": null, "adm3_name": "2e Section Riviere Mancelle", "adm3_name1": "2e Section Rivière Mancelle", "adm3_name2": null, "adm3_name3": null, "adm3_pcode": "HT0521-02", "adm2_name": "Gros Morne", "adm2_name1": "Gros Morne", "adm2_name2": null, "adm2_name3": null, "adm2_pcode": "HT0521", "adm1_name": "Artibonite", "adm1_name1": "Artibonite", "adm1_name2": "Latibonit", "adm1_name3": null, "adm1_pcode": "HT05", "adm0_name": "Haiti", "adm0_name1": null, "adm0_name2": null, "adm0_name3": null, "adm0_pcode": "HT", "valid_on": "2018-11-29", "valid_to": null, "version": "v01", "lang": "en", "lang1": "fr", "lang2": "ht", "lang3": null }, "geometry": { "type": "Point", "coordinates": [ -72.625148673999888, 19.710623611000074 ] } },
{ "type": "Feature", "properties": { "admin_level": 3, "name": "2e Section Rose Bonite", "name1": "2e Section Rose Bonite", "name2": null, "name3": null, "x_coord": -71.7960103, "y_coord": 19.32771776, "adm4_name": null, "adm4_name1": null, "adm4_name2": null, "adm4_name3": null, "adm4_pcode": null, "adm3_name": "2e Section Rose Bonite", "adm3_name1": "2e Section Rose Bonite", "adm3_name2": null, "adm3_name3": null, "adm3_pcode": "HT0442-02", "adm2_name": "Carice", "adm2_name1": "Carice", "adm2_name2": null, "adm2_name3": null, "adm2_pcode": "HT0442", "adm1_name": "North-East", "adm1_name1": "Nord-Est", "adm1_name2": "Nòdès", "adm1_name3": null, "adm1_pcode": "HT04", "adm0_name": "Haiti", "adm0_name1": null, "adm0_name2": null, "adm0_name3": null, "adm0_pcode": "HT", "valid_on": "2018-11-29", "valid_to": null, "version": "v01", "lang": "en", "lang1": "fr", "lang2": "ht", "lang3": null }, "geometry": { "type": "Point", "coordinates": [ -71.796010295999963, 19.327717761000144 ] } },
{ "type": "Feature", "properties": { "admin_level": 3, "name": "2e Section Roucou", "name1": "2e Section Roucou", "name2": null, "name3": null, "x_coord": -71.97759414, "y_coord": 19.56103873, "adm4_name": null, "adm4_name1": null, "adm4_name2": null, "adm4_name3": null, "adm4_pcode": null, "adm3_name": "2e Section Roucou", "adm3_name1": "2e Section Roucou", "adm3_name2": null, "adm3_name3": null, "adm3_pcode": "HT0431-02", "adm2_name": "Trou du Nord", "adm2_name1": "Trou du Nord", "adm2_name2": null, "adm2_name3": null, "adm2_pcode": "HT0431", "adm1_name": "North-East", "adm1_name1": "Nord-Est", "adm1_name2": "Nòdès", "adm1_name3": null, "adm1_pcode": "HT04", "adm0_name": "Haiti", "adm0_name1": null, "adm0_name2": null, "adm0_name3": null, "adm0_pcode": "HT", "valid_on": "2018-11-29", "valid_to": null, "version": "v01", "lang": "en", "lang1": "fr", "lang2": "ht", "lang3": null }, "geometry": { "type": "Point", "coordinates": [ -71.977594138999905, 19.561038734000192 ] } },
{ "type": "Feature", "properties": { "admin_level": 3, "name": "2e Section Roye-Sec", "name1": "2e Section Roye-Sec", "name2": null, "name3": null, "x_coord": -71.84683595, "y_coord": 18.90735113, "adm4_name": null, "adm4_name1": null, "adm4_name2": null, "adm4_name3": null, "adm4_pcode": null, "adm3_name": "2e Section Roye-Sec", "adm3_name1": "2e Section Roye-Sec", "adm3_name2": null, "adm3_name3": null, "adm3_pcode": "HT0632-02", "adm2_name": "Belladere", "adm2_name1": "Belladère", "adm2_name2": null, "adm2_name3": null, "adm2_pcode": "HT0632", "adm1_name": "Centre", "adm1_name1": "Centre", "adm1_name2": "Sant", "adm1_name3": null, "adm1_pcode": "HT06", "adm0_name": "Haiti", "adm0_name1": null, "adm0_name2": null, "adm0_name3": null, "adm0_pcode": "HT", "valid_on": "2018-11-29", "valid_to": null, "version": "v01", "lang": "en", "lang1": "fr", "lang2": "ht", "lang3": null }, "geometry": { "type": "Point", "coordinates": [ -71.846835946999931, 18.907351131000098 ] } },
{ "type": "Feature", "properties": { "admin_level": 3, "name": "2e Section Sarazin", "name1": "2e Section Sarazin", "name2": null, "name3": null, "x_coord": -72.04878558, "y_coord": 18.83090586, "adm4_name": null, "adm4_name1": null, "adm4_name2": null, "adm4_name3": null, "adm4_pcode": null, "adm3_name": "2e Section Sarazin", "adm3_name1": "2e Section Sarazin", "adm3_name2": null, "adm3_name3": null, "adm3_pcode": "HT0621-02", "adm2_name": "Mirebalais", "adm2_name1": "Mirebalais", "adm2_name2": null, "adm2_name3": null, "adm2_pcode": "HT0621", "adm1_name": "Centre", "adm1_name1": "Centre", "adm1_name2": "Sant", "adm1_name3": null, "adm1_pcode": "HT06", "adm0_name": "Haiti", "adm0_name1": null, "adm0_name2": null, "adm0_name3": null, "adm0_pcode": "HT", "valid_on": "2018-11-29", "valid_to": null, "version": "v01", "lang": "en", "lang1": "fr", "lang2": "ht", "lang3": null }, "geometry": { "type": "Point", "coordinates": [ -72.048785577999922, 18.830905863000055 ] } },
{ "type": "Feature", "properties": { "admin_level": 3, "name": "2e Section Solon", "name1": "2e Section Solon", "name2": null, "name3": null, "x_coord": -72.13899992, "y_coord": 19.57378127, "adm4_name": null, "adm4_name1": null, "adm4_name2": null, "adm4_name3": null, "adm4_pcode": null, "adm3_name": "2e Section Solon", "adm3_name1": "2e Section Solon", "adm3_name2": null, "adm3_name3": null, "adm3_pcode": "HT0331-02", "adm2_name": "Grande Riviere Du Nord", "adm2_name1": "Grande Riviere Du Nord", "adm2_name2": null, "adm2_name3": null, "adm2_pcode": "HT0331", "adm1_name": "North", "adm1_name1": "Nord", "adm1_name2": "Nò", "adm1_name3": null, "adm1_pcode": "HT03", "adm0_name": "Haiti", "adm0_name1": null, "adm0_name2": null, "adm0_name3": null, "adm0_pcode": "HT", "valid_on": "2018-11-29", "valid_to": null, "version": "v01", "lang": "en", "lang1": "fr", "lang2": "ht", "lang3": null }, "geometry": { "type": "Point", "coordinates": [ -72.138999920999936, 19.573781272000076 ] } },
{ "type": "Feature", "properties": { "admin_level": 3, "name": "2e Section Sources Chaudes", "name1": "2e Section Sources Chaudes", "name2": null, "name3": null, "x_coord": -72.90181038, "y_coord": 19.5883332, "adm4_name": null, "adm4_name1": null, "adm4_name2": null, "adm4_name3": null, "adm4_pcode": null, "adm3_name": "2e Section Sources Chaudes", "adm3_name1": "2e Section Sources Chaudes", "adm3_name2": null, "adm3_name3": null, "adm3_pcode": "HT0523-02", "adm2_name": "Anse Rouge", "adm2_name1": "Anse Rouge", "adm2_name2": null, "adm2_name3": null, "adm2_pcode": "HT0523", "adm1_name": "Artibonite", "adm1_name1": "Artibonite", "adm1_name2": "Latibonit", "adm1_name3": null, "adm1_pcode": "HT05", "adm0_name": "Haiti", "adm0_name1": null, "adm0_name2": null, "adm0_name3": null, "adm0_pcode": "HT", "valid_on": "2018-11-29", "valid_to": null, "version": "v01", "lang": "en", "lang1": "fr", "lang2": "ht", "lang3": null }, "geometry": { "type": "Point", "coordinates": [ -72.90181037799988, 19.588333204000094 ] } },
{ "type": "Feature", "properties": { "admin_level": 3, "name": "2e Section Sources Chaudes", "name1": "2e Section Sources Chaudes", "name2": null, "name3": null, "x_coord": -74.26642392, "y_coord": 18.47344049, "adm4_name": null, "adm4_name1": null, "adm4_name2": null, "adm4_name3": null, "adm4_pcode": null, "adm3_name": "2e Section Sources Chaudes", "adm3_name1": "2e Section Sources Chaudes", "adm3_name2": null, "adm3_name3": null, "adm3_pcode": "HT0814-02", "adm2_name": "Moron", "adm2_name1": "Moron", "adm2_name2": null, "adm2_name3": null, "adm2_pcode": "HT0814", "adm1_name": "Grande'Anse", "adm1_name1": "Grande'Anse", "adm1_name2": "Grandans", "adm1_name3": null, "adm1_pcode": "HT08", "adm0_name": "Haiti", "adm0_name1": null, "adm0_name2": null, "adm0_name3": null, "adm0_pcode": "HT", "valid_on": "2018-11-29", "valid_to": null, "version": "v01", "lang": "en", "lang1": "fr", "lang2": "ht", "lang3": null }, "geometry": { "type": "Point", "coordinates": [ -74.266423918999976, 18.47344048500014 ] } },
{ "type": "Feature", "properties": { "admin_level": 3, "name": "2e Section Tete-a-Boeuf", "name1": "2e Section Tête-à-Boeuf", "name2": null, "name3": null, "x_coord": -72.80597056000001, "y_coord": 18.33533578, "adm4_name": null, "adm4_name1": null, "adm4_name2": null, "adm4_name3": null, "adm4_pcode": null, "adm3_name": "2e Section Tete-a-Boeuf", "adm3_name1": "2e Section Tête-à-Boeuf", "adm3_name2": null, "adm3_name3": null, "adm3_pcode": "HT0123-02", "adm2_name": "Grand-Goave", "adm2_name1": "Grand-Goâve", "adm2_name2": null, "adm2_name3": null, "adm2_pcode": "HT0123", "adm1_name": "West", "adm1_name1": "Ouest", "adm1_name2": "Lwès", "adm1_name3": null, "adm1_pcode": "HT01", "adm0_name": "Haiti", "adm0_name1": null, "adm0_name2": null, "adm0_name3": null, "adm0_pcode": "HT", "valid_on": "2018-11-29", "valid_to": null, "version": "v01", "lang": "en", "lang1": "fr", "lang2": "ht", "lang3": null }, "geometry": { "type": "Point", "coordinates": [ -72.80597056199997, 18.335335778000115 ] } },
{ "type": "Feature", "properties": { "admin_level": 3, "name": "2e Section Tete d'Eau", "name1": "2e Section Tête d'Eau", "name2": null, "name3": null, "x_coord": -73.72562437000001, "y_coord": 18.42782625, "adm4_name": null, "adm4_name1": null, "adm4_name2": null, "adm4_name3": null, "adm4_pcode": null, "adm3_name": "2e Section Tete d'Eau", "adm3_name1": "2e Section Tête d'Eau", "adm3_name2": null, "adm3_name3": null, "adm3_pcode": "HT1031-02", "adm2_name": "Baraderes", "adm2_name1": "Baradères", "adm2_name2": null, "adm2_name3": null, "adm2_pcode": "HT1031", "adm1_name": "Nippes", "adm1_name1": "Nippes", "adm1_name2": "Nip", "adm1_name3": null, "adm1_pcode": "HT10", "adm0_name": "Haiti", "adm0_name1": null, "adm0_name2": null, "adm0_name3": null, "adm0_pcode": "HT", "valid_on": "2018-11-29", "valid_to": null, "version": "v01", "lang": "en", "lang1": "fr", "lang2": "ht", "lang3": null }, "geometry": { "type": "Point", "coordinates": [ -73.725624374999938, 18.427826246000109 ] } },
{ "type": "Feature", "properties": { "admin_level": 3, "name": "2e Section Tiby", "name1": "2e Section Tiby", "name2": null, "name3": null, "x_coord": -73.54742473, "y_coord": 18.48078722, "adm4_name": null, "adm4_name1": null, "adm4_name2": null, "adm4_name3": null, "adm4_pcode": null, "adm3_name": "2e Section Tiby", "adm3_name1": "2e Section Tiby", "adm3_name2": null, "adm3_name3": null, "adm3_pcode": "HT1022-02", "adm2_name": "Petit Trou de Nippes", "adm2_name1": "Petit Trou de Nippes", "adm2_name2": null, "adm2_name3": null, "adm2_pcode": "HT1022", "adm1_name": "Nippes", "adm1_name1": "Nippes", "adm1_name2": "Nip", "adm1_name3": null, "adm1_pcode": "HT10", "adm0_name": "Haiti", "adm0_name1": null, "adm0_name2": null, "adm0_name3": null, "adm0_pcode": "HT", "valid_on": "2018-11-29", "valid_to": null, "version": "v01", "lang": "en", "lang1": "fr", "lang2": "ht", "lang3": null }, "geometry": { "type": "Point", "coordinates": [ -73.547424729999989, 18.480787218000046 ] } },
{ "type": "Feature", "properties": { "admin_level": 3, "name": "2e Section Tierra Muscady", "name1": "2e Section Tierra Muscady", "name2": null, "name3": null, "x_coord": -71.91106739, "y_coord": 18.99051991, "adm4_name": null, "adm4_name1": null, "adm4_name2": null, "adm4_name3": null, "adm4_pcode": null, "adm3_name": "2e Section Tierra Muscady", "adm3_name1": "2e Section Tierra Muscady", "adm3_name2": null, "adm3_name3": null, "adm3_pcode": "HT0613-02", "adm2_name": "Thomonde", "adm2_name1": "Thomonde", "adm2_name2": null, "adm2_name3": null, "adm2_pcode": "HT0613", "adm1_name": "Centre", "adm1_name1": "Centre", "adm1_name2": "Sant", "adm1_name3": null, "adm1_pcode": "HT06", "adm0_name": "Haiti", "adm0_name1": null, "adm0_name2": null, "adm0_name3": null, "adm0_pcode": "HT", "valid_on": "2018-11-29", "valid_to": null, "version": "v01", "lang": "en", "lang1": "fr", "lang2": "ht", "lang3": null }, "geometry": { "type": "Point", "coordinates": [ -71.911067392999939, 18.990519911000092 ] } },
{ "type": "Feature", "properties": { "admin_level": 3, "name": "2e Section Trou Mahot", "name1": "2e Section Trou Mahot", "name2": null, "name3": null, "x_coord": -72.71616853, "y_coord": 18.22127141, "adm4_name": null, "adm4_name1": null, "adm4_name2": null, "adm4_name3": null, "adm4_pcode": null, "adm3_name": "2e Section Trou Mahot", "adm3_name1": "2e Section Trou Mahot", "adm3_name2": null, "adm3_name3": null, "adm3_pcode": "HT0221-02", "adm2_name": "Bainet", "adm2_name1": "Bainet", "adm2_name2": null, "adm2_name3": null, "adm2_pcode": "HT0221", "adm1_name": "South-East", "adm1_name1": "Sud-Est", "adm1_name2": "Sidès", "adm1_name3": null, "adm1_pcode": "HT02", "adm0_name": "Haiti", "adm0_name1": null, "adm0_name2": null, "adm0_name3": null, "adm0_pcode": "HT", "valid_on": "2018-11-29", "valid_to": null, "version": "v01", "lang": "en", "lang1": "fr", "lang2": "ht", "lang3": null }, "geometry": { "type": "Point", "coordinates": [ -72.716168525999876, 18.221271405000095 ] } },
{ "type": "Feature", "properties": { "admin_level": 3, "name": "2e Source Beauvoir", "name1": "2e Source Beauvoir", "name2": null, "name3": null, "x_coord": -72.80640908, "y_coord": 19.84096601, "adm4_name": null, "adm4_name1": null, "adm4_name2": null, "adm4_name3": null, "adm4_pcode": null, "adm3_name": "2e Source Beauvoir", "adm3_name1": "2e Source Beauvoir", "adm3_name2": null, "adm3_name3": null, "adm3_pcode": "HT0914-02", "adm2_name": "Chamsolme", "adm2_name1": "Chamsolme", "adm2_name2": null, "adm2_name3": null, "adm2_pcode": "HT0914", "adm1_name": "North-West", "adm1_name1": "Nord-Ouest", "adm1_name2": "Nòdwès", "adm1_name3": null, "adm1_pcode": "HT09", "adm0_name": "Haiti", "adm0_name1": null, "adm0_name2": null, "adm0_name3": null, "adm0_pcode": "HT", "valid_on": "2018-11-29", "valid_to": null, "version": "v01", "lang": "en", "lang1": "fr", "lang2": "ht", "lang3": null }, "geometry": { "type": "Point", "coordinates": [ -72.806409081999959, 19.840966006000087 ] } },
{ "type": "Feature", "properties": { "admin_level": 3, "name": "3e Section Aguahedionde (Rive Droite)", "name1": "3e Section Aguahedionde (Rive Droite)", "name2": null, "name3": null, "x_coord": -71.92250237, "y_coord": 19.16005126, "adm4_name": null, "adm4_name1": null, "adm4_name2": null, "adm4_name3": null, "adm4_pcode": null, "adm3_name": "3e Section Aguahedionde (Rive Droite)", "adm3_name1": "3e Section Aguahedionde (Rive Droite)", "adm3_name2": null, "adm3_name3": null, "adm3_pcode": "HT0611-03", "adm2_name": "Hinche", "adm2_name1": "Hinche", "adm2_name2": null, "adm2_name3": null, "adm2_pcode": "HT0611", "adm1_name": "Centre", "adm1_name1": "Centre", "adm1_name2": "Sant", "adm1_name3": null, "adm1_pcode": "HT06", "adm0_name": "Haiti", "adm0_name1": null, "adm0_name2": null, "adm0_name3": null, "adm0_pcode": "HT", "valid_on": "2018-11-29", "valid_to": null, "version": "v01", "lang": "en", "lang1": "fr", "lang2": "ht", "lang3": null }, "geometry": { "type": "Point", "coordinates": [ -71.922502374999908, 19.160051263000184 ] } },
{ "type": "Feature", "properties": { "admin_level": 3, "name": "3e Section Arnaud (Morcou)", "name1": "3e Section Arnaud (Morcou)", "name2": null, "name3": null, "x_coord": -73.39113801000001, "y_coord": 18.42394095, "adm4_name": null, "adm4_name1": null, "adm4_name2": null, "adm4_name3": null, "adm4_pcode": null, "adm3_name": "3e Section Arnaud (Morcou)", "adm3_name1": "3e Section Arnaud (Morcou)", "adm3_name2": null, "adm3_name3": null, "adm3_pcode": "HT1024-03", "adm2_name": "Arnaud", "adm2_name1": "Arnaud", "adm2_name2": null, "adm2_name3": null, "adm2_pcode": "HT1024", "adm1_name": "Nippes", "adm1_name1": "Nippes", "adm1_name2": "Nip", "adm1_name3": null, "adm1_pcode": "HT10", "adm0_name": "Haiti", "adm0_name1": null, "adm0_name2": null, "adm0_name3": null, "adm0_pcode": "HT", "valid_on": "2018-11-29", "valid_to": null, "version": "v01", "lang": "en", "lang1": "fr", "lang2": "ht", "lang3": null }, "geometry": { "type": "Point", "coordinates": [ -73.391138008999974, 18.423940945000084 ] } },
{ "type": "Feature", "properties": { "admin_level": 3, "name": "3e Section Aubert", "name1": "3e Section Aubert", "name2": null, "name3": null, "x_coord": -72.828309, "y_coord": 19.92327672, "adm4_name": null, "adm4_name1": null, "adm4_name2": null, "adm4_name3": null, "adm4_pcode": null, "adm3_name": "3e Section Aubert", "adm3_name1": "3e Section Aubert", "adm3_name2": null, "adm3_name3": null, "adm3_pcode": "HT0911-03", "adm2_name": "Port-de-Paix", "adm2_name1": "Port-de-Paix", "adm2_name2": null, "adm2_name3": null, "adm2_pcode": "HT0911", "adm1_name": "North-West", "adm1_name1": "Nord-Ouest", "adm1_name2": "Nòdwès", "adm1_name3": null, "adm1_pcode": "HT09", "adm0_name": "Haiti", "adm0_name1": null, "adm0_name2": null, "adm0_name3": null, "adm0_pcode": "HT", "valid_on": "2018-11-29", "valid_to": null, "version": "v01", "lang": "en", "lang1": "fr", "lang2": "ht", "lang3": null }, "geometry": { "type": "Point", "coordinates": [ -72.828308997999954, 19.923276721000036 ] } },
{ "type": "Feature", "properties": { "admin_level": 3, "name": "3e Section Baille Tourrible", "name1": "3e Section Baille Tourrible", "name2": null, "name3": null, "x_coord": -72.0770653, "y_coord": 19.0213435, "adm4_name": null, "adm4_name1": null, "adm4_name2": null, "adm4_name3": null, "adm4_pcode": null, "adm3_name": "3e Section Baille Tourrible", "adm3_name1": "3e Section Baille Tourrible", "adm3_name2": null, "adm3_name3": null, "adm3_pcode": "HT0613-03", "adm2_name": "Thomonde", "adm2_name1": "Thomonde", "adm2_name2": null, "adm2_name3": null, "adm2_pcode": "HT0613", "adm1_name": "Centre", "adm1_name1": "Centre", "adm1_name2": "Sant", "adm1_name3": null, "adm1_pcode": "HT06", "adm0_name": "Haiti", "adm0_name1": null, "adm0_name2": null, "adm0_name3": null, "adm0_pcode": "HT", "valid_on": "2018-11-29", "valid_to": null, "version": "v01", "lang": "en", "lang1": "fr", "lang2": "ht", "lang3": null }, "geometry": { "type": "Point", "coordinates": [ -72.077065302999983, 19.021343504000015 ] } },
{ "type": "Feature", "properties": { "admin_level": 3, "name": "3e Section Bas de Sault", "name1": "3e Section Bas de Sault", "name2": null, "name3": null, "x_coord": -72.33640889, "y_coord": 19.41839835, "adm4_name": null, "adm4_name1": null, "adm4_name2": null, "adm4_name3": null, "adm4_pcode": null, "adm3_name": "3e Section Bas de Sault", "adm3_name1": "3e Section Bas de Sault", "adm3_name2": null, "adm3_name3": null, "adm3_pcode": "HT0551-03", "adm2_name": "Saint-Michel de l'Attalaye", "adm2_name1": "Saint-Michel de l'Attalaye", "adm2_name2": null, "adm2_name3": null, "adm2_pcode": "HT0551", "adm1_name": "Artibonite", "adm1_name1": "Artibonite", "adm1_name2": "Latibonit", "adm1_name3": null, "adm1_pcode": "HT05", "adm0_name": "Haiti", "adm0_name1": null, "adm0_name2": null, "adm0_name3": null, "adm0_pcode": "HT", "valid_on": "2018-11-29", "valid_to": null, "version": "v01", "lang": "en", "lang1": "fr", "lang2": "ht", "lang3": null }, "geometry": { "type": "Point", "coordinates": [ -72.336408886999948, 19.418398349000086 ] } },
{ "type": "Feature", "properties": { "admin_level": 3, "name": "3e Section Beauclos", "name1": "3e Section Beauclos", "name2": null, "name3": null, "x_coord": -73.98045345, "y_coord": 18.23157338, "adm4_name": null, "adm4_name1": null, "adm4_name2": null, "adm4_name3": null, "adm4_pcode": null, "adm3_name": "3e Section Beauclos", "adm3_name1": "3e Section Beauclos", "adm3_name2": null, "adm3_name3": null, "adm3_pcode": "HT0743-03", "adm2_name": "Roche a Bateau", "adm2_name1": "Roche à Bâteau", "adm2_name2": null, "adm2_name3": null, "adm2_pcode": "HT0743", "adm1_name": "South", "adm1_name1": "Sud", "adm1_name2": "Sid", "adm1_name3": null, "adm1_pcode": "HT07", "adm0_name": "Haiti", "adm0_name1": null, "adm0_name2": null, "adm0_name3": null, "adm0_pcode": "HT", "valid_on": "2018-11-29", "valid_to": null, "version": "v01", "lang": "en", "lang1": "fr", "lang2": "ht", "lang3": null }, "geometry": { "type": "Point", "coordinates": [ -73.980453452999939, 18.231573384000114 ] } },
{ "type": "Feature", "properties": { "admin_level": 3, "name": "3e Section Bellevue", "name1": "3e Section Bellevue", "name2": null, "name3": null, "x_coord": -72.27492697, "y_coord": 18.58459153, "adm4_name": null, "adm4_name1": null, "adm4_name2": null, "adm4_name3": null, "adm4_pcode": null, "adm3_name": "3e Section Bellevue", "adm3_name1": "3e Section Bellevue", "adm3_name2": null, "adm3_name3": null, "adm3_pcode": "HT0118-03", "adm2_name": "Tabarre", "adm2_name1": "Tabarre", "adm2_name2": null, "adm2_name3": null, "adm2_pcode": "HT0118", "adm1_name": "West", "adm1_name1": "Ouest", "adm1_name2": "Lwès", "adm1_name3": null, "adm1_pcode": "HT01", "adm0_name": "Haiti", "adm0_name1": null, "adm0_name2": null, "adm0_name3": null, "adm0_pcode": "HT", "valid_on": "2018-11-29", "valid_to": null, "version": "v01", "lang": "en", "lang1": "fr", "lang2": "ht", "lang3": null }, "geometry": { "type": "Point", "coordinates": [ -72.274926969999967, 18.58459153400014 ] } },
{ "type": "Feature", "properties": { "admin_level": 3, "name": "3e Section Bony", "name1": "3e Section Bony", "name2": null, "name3": null, "x_coord": -74.15080466000001, "y_coord": 18.28658758, "adm4_name": null, "adm4_name1": null, "adm4_name2": null, "adm4_name3": null, "adm4_pcode": null, "adm3_name": "3e Section Bony", "adm3_name1": "3e Section Bony", "adm3_name2": null, "adm3_name3": null, "adm3_pcode": "HT0751-03", "adm2_name": "Chardonnieres", "adm2_name1": "Chardonnières", "adm2_name2": null, "adm2_name3": null, "adm2_pcode": "HT0751", "adm1_name": "South", "adm1_name1": "Sud", "adm1_name2": "Sid", "adm1_name3": null, "adm1_pcode": "HT07", "adm0_name": "Haiti", "adm0_name1": null, "adm0_name2": null, "adm0_name3": null, "adm0_pcode": "HT", "valid_on": "2018-11-29", "valid_to": null, "version": "v01", "lang": "en", "lang1": "fr", "lang2": "ht", "lang3": null }, "geometry": { "type": "Point", "coordinates": [ -74.150804658999903, 18.286587584000074 ] } },
{ "type": "Feature", "properties": { "admin_level": 3, "name": "3e Section Boucan Bois Pin", "name1": "3e Section Boucan Bois Pin", "name2": null, "name3": null, "x_coord": -71.84415082, "y_coord": 18.68133587, "adm4_name": null, "adm4_name1": null, "adm4_name2": null, "adm4_name3": null, "adm4_pcode": null, "adm3_name": "3e Section Boucan Bois Pin", "adm3_name1": "3e Section Boucan Bois Pin", "adm3_name2": null, "adm3_name3": null, "adm3_pcode": "HT0134-03", "adm2_name": "Cornillon / Grand Bois", "adm2_name1": "Cornillon / Grand Bois", "adm2_name2": null, "adm2_name3": null, "adm2_pcode": "HT0134", "adm1_name": "West", "adm1_name1": "Ouest", "adm1_name2": "Lwès", "adm1_name3": null, "adm1_pcode": "HT01", "adm0_name": "Haiti", "adm0_name1": null, "adm0_name2": null, "adm0_name3": null, "adm0_pcode": "HT", "valid_on": "2018-11-29", "valid_to": null, "version": "v01", "lang": "en", "lang1": "fr", "lang2": "ht", "lang3": null }, "geometry": { "type": "Point", "coordinates": [ -71.844150819999982, 18.681335872000034 ] } },
{ "type": "Feature", "properties": { "admin_level": 3, "name": "3e Section Bouyaha", "name1": "3e Section Bouyaha", "name2": null, "name3": null, "x_coord": -72.16375007000001, "y_coord": 19.40394308, "adm4_name": null, "adm4_name1": null, "adm4_name2": null, "adm4_name3": null, "adm4_pcode": null, "adm3_name": "3e Section Bouyaha", "adm3_name1": "3e Section Bouyaha", "adm3_name2": null, "adm3_name3": null, "adm3_pcode": "HT0341-03", "adm2_name": "Saint-Raphael", "adm2_name1": "Saint-Raphaël", "adm2_name2": null, "adm2_name3": null, "adm2_pcode": "HT0341", "adm1_name": "North", "adm1_name1": "Nord", "adm1_name2": "Nò", "adm1_name3": null, "adm1_pcode": "HT03", "adm0_name": "Haiti", "adm0_name1": null, "adm0_name2": null, "adm0_name3": null, "adm0_pcode": "HT", "valid_on": "2018-11-29", "valid_to": null, "version": "v01", "lang": "en", "lang1": "fr", "lang2": "ht", "lang3": null }, "geometry": { "type": "Point", "coordinates": [ -72.16375006699991, 19.403943080000033 ] } },
{ "type": "Feature", "properties": { "admin_level": 3, "name": "3e Section Bras Gauche", "name1": "3e Section Bras Gauche", "name2": null, "name3": null, "x_coord": -72.90440578, "y_coord": 18.26509234, "adm4_name": null, "adm4_name1": null, "adm4_name2": null, "adm4_name3": null, "adm4_pcode": null, "adm3_name": "3e Section Bras Gauche", "adm3_name1": "3e Section Bras Gauche", "adm3_name2": null, "adm3_name3": null, "adm3_pcode": "HT0222-03", "adm2_name": "Cotes de Fer", "adm2_name1": "Côtes de Fer", "adm2_name2": null, "adm2_name3": null, "adm2_pcode": "HT0222", "adm1_name": "South-East", "adm1_name1": "Sud-Est", "adm1_name2": "Sidès", "adm1_name3": null, "adm1_pcode": "HT02", "adm0_name": "Haiti", "adm0_name1": null, "adm0_name2": null, "adm0_name3": null, "adm0_pcode": "HT", "valid_on": "2018-11-29", "valid_to": null, "version": "v01", "lang": "en", "lang1": "fr", "lang2": "ht", "lang3": null }, "geometry": { "type": "Point", "coordinates": [ -72.904405774999873, 18.265092337000169 ] } },
{ "type": "Feature", "properties": { "admin_level": 3, "name": "3e Section Brodequin", "name1": "3e Section Brodequin", "name2": null, "name3": null, "x_coord": -73.42885913000001, "y_coord": 18.29648049, "adm4_name": null, "adm4_name1": null, "adm4_name2": null, "adm4_name3": null, "adm4_pcode": null, "adm3_name": "3e Section Brodequin", "adm3_name1": "3e Section Brodequin", "adm3_name2": null, "adm3_name3": null, "adm3_pcode": "HT0731-03", "adm2_name": "Aquin", "adm2_name1": "Aquin", "adm2_name2": null, "adm2_name3": null, "adm2_pcode": "HT0731", "adm1_name": "South", "adm1_name1": "Sud", "adm1_name2": "Sid", "adm1_name3": null, "adm1_pcode": "HT07", "adm0_name": "Haiti", "adm0_name1": null, "adm0_name2": null, "adm0_name3": null, "adm0_pcode": "HT", "valid_on": "2018-11-29", "valid_to": null, "version": "v01", "lang": "en", "lang1": "fr", "lang2": "ht", "lang3": null }, "geometry": { "type": "Point", "coordinates": [ -73.428859131999957, 18.296480490000079 ] } },
{ "type": "Feature", "properties": { "admin_level": 3, "name": "3e Section Callumette", "name1": "3e Section Callumette", "name2": null, "name3": null, "x_coord": -72.12901007000001, "y_coord": 18.28752731, "adm4_name": null, "adm4_name1": null, "adm4_name2": null, "adm4_name3": null, "adm4_pcode": null, "adm3_name": "3e Section Callumette", "adm3_name1": "3e Section Callumette", "adm3_name2": null, "adm3_name3": null, "adm3_pcode": "HT0231-03", "adm2_name": "Belle Anse", "adm2_name1": "Belle Anse", "adm2_name2": null, "adm2_name3": null, "adm2_pcode": "HT0231", "adm1_name": "South-East", "adm1_name1": "Sud-Est", "adm1_name2": "Sidès", "adm1_name3": null, "adm1_pcode": "HT02", "adm0_name": "Haiti", "adm0_name1": null, "adm0_name2": null, "adm0_name3": null, "adm0_pcode": "HT", "valid_on": "2018-11-29", "valid_to": null, "version": "v01", "lang": "en", "lang1": "fr", "lang2": "ht", "lang3": null }, "geometry": { "type": "Point", "coordinates": [ -72.129010066999911, 18.28752730500014 ] } },
{ "type": "Feature", "properties": { "admin_level": 3, "name": "3e Section Camp Coq", "name1": "3e Section Camp Coq", "name2": null, "name3": null, "x_coord": -72.42665775, "y_coord": 19.64061346, "adm4_name": null, "adm4_name1": null, "adm4_name2": null, "adm4_name3": null, "adm4_pcode": null, "adm3_name": "3e Section Camp Coq", "adm3_name1": "3e Section Camp Coq", "adm3_name2": null, "adm3_name3": null, "adm3_pcode": "HT0361-03", "adm2_name": "Limbe", "adm2_name1": "Limbé", "adm2_name2": null, "adm2_name3": null, "adm2_pcode": "HT0361", "adm1_name": "North", "adm1_name1": "Nord", "adm1_name2": "Nò", "adm1_name3": null, "adm1_pcode": "HT03", "adm0_name": "Haiti", "adm0_name1": null, "adm0_name2": null, "adm0_name3": null, "adm0_pcode": "HT", "valid_on": "2018-11-29", "valid_to": null, "version": "v01", "lang": "en", "lang1": "fr", "lang2": "ht", "lang3": null }, "geometry": { "type": "Point", "coordinates": [ -72.426657752999915, 19.640613457000086 ] } },
{ "type": "Feature", "properties": { "admin_level": 3, "name": "3e Section Caracol", "name1": "3e Section Caracol", "name2": null, "name3": null, "x_coord": -72.11702316, "y_coord": 19.53056434, "adm4_name": null, "adm4_name1": null, "adm4_name2": null, "adm4_name3": null, "adm4_pcode": null, "adm3_name": "3e Section Caracol", "adm3_name1": "3e Section Caracol", "adm3_name2": null, "adm3_name3": null, "adm3_pcode": "HT0331-03", "adm2_name": "Grande Riviere Du Nord", "adm2_name1": "Grande Riviere Du Nord", "adm2_name2": null, "adm2_name3": null, "adm2_pcode": "HT0331", "adm1_name": "North", "adm1_name1": "Nord", "adm1_name2": "Nò", "adm1_name3": null, "adm1_pcode": "HT03", "adm0_name": "Haiti", "adm0_name1": null, "adm0_name2": null, "adm0_name3": null, "adm0_pcode": "HT", "valid_on": "2018-11-29", "valid_to": null, "version": "v01", "lang": "en", "lang1": "fr", "lang2": "ht", "lang3": null }, "geometry": { "type": "Point", "coordinates": [ -72.11702315499997, 19.530564342000105 ] } },
{ "type": "Feature", "properties": { "admin_level": 3, "name": "3e Section Carrefour Canon", "name1": "3e Section Carrefour Canon", "name2": null, "name3": null, "x_coord": -73.98302055000001, "y_coord": 18.31291579, "adm4_name": null, "adm4_name1": null, "adm4_name2": null, "adm4_name3": null, "adm4_pcode": null, "adm3_name": "3e Section Carrefour Canon", "adm3_name1": "3e Section Carrefour Canon", "adm3_name2": null, "adm3_name3": null, "adm3_pcode": "HT0713-03", "adm2_name": "Chantal", "adm2_name1": "Chantal", "adm2_name2": null, "adm2_name3": null, "adm2_pcode": "HT0713", "adm1_name": "South", "adm1_name1": "Sud", "adm1_name2": "Sid", "adm1_name3": null, "adm1_pcode": "HT07", "adm0_name": "Haiti", "adm0_name1": null, "adm0_name2": null, "adm0_name3": null, "adm0_pcode": "HT", "valid_on": "2018-11-29", "valid_to": null, "version": "v01", "lang": "en", "lang1": "fr", "lang2": "ht", "lang3": null }, "geometry": { "type": "Point", "coordinates": [ -73.983020545999977, 18.312915785000087 ] } },
{ "type": "Feature", "properties": { "admin_level": 3, "name": "3e Section Champy (Nan Campeche)", "name1": "3e Section Champy (Nan Campêche)", "name2": null, "name3": null, "x_coord": -73.94043208, "y_coord": 18.57021826, "adm4_name": null, "adm4_name1": null, "adm4_name2": null, "adm4_name3": null, "adm4_pcode": null, "adm3_name": "3e Section Champy (Nan Campeche)", "adm3_name1": "3e Section Champy (Nan Campêche)", "adm3_name2": null, "adm3_name3": null, "adm3_pcode": "HT0831-03", "adm2_name": "Corail", "adm2_name1": "Corail", "adm2_name2": null, "adm2_name3": null, "adm2_pcode": "HT0831", "adm1_name": "Grande'Anse", "adm1_name1": "Grande'Anse", "adm1_name2": "Grandans", "adm1_name3": null, "adm1_pcode": "HT08", "adm0_name": "Haiti", "adm0_name1": null, "adm0_name2": null, "adm0_name3": null, "adm0_pcode": "HT", "valid_on": "2018-11-29", "valid_to": null, "version": "v01", "lang": "en", "lang1": "fr", "lang2": "ht", "lang3": null }, "geometry": { "type": "Point", "coordinates": [ -73.940432079999937, 18.570218264000175 ] } },
{ "type": "Feature", "properties": { "admin_level": 3, "name": "3e Section Chemin Neuf", "name1": "3e Section Chemin Neuf", "name2": null, "name3": null, "x_coord": -72.53203362000001, "y_coord": 19.54130286, "adm4_name": null, "adm4_name1": null, "adm4_name2": null, "adm4_name3": null, "adm4_pcode": null, "adm3_name": "3e Section Chemin Neuf", "adm3_name1": "3e Section Chemin Neuf", "adm3_name2": null, "adm3_name3": null, "adm3_pcode": "HT0512-03", "adm2_name": "Ennery", "adm2_name1": "Ennery", "adm2_name2": null, "adm2_name3": null, "adm2_pcode": "HT0512", "adm1_name": "Artibonite", "adm1_name1": "Artibonite", "adm1_name2": "Latibonit", "adm1_name3": null, "adm1_pcode": "HT05", "adm0_name": "Haiti", "adm0_name1": null, "adm0_name2": null, "adm0_name3": null, "adm0_pcode": "HT", "valid_on": "2018-11-29", "valid_to": null, "version": "v01", "lang": "en", "lang1": "fr", "lang2": "ht", "lang3": null }, "geometry": { "type": "Point", "coordinates": [ -72.532033615999921, 19.541302864000102 ] } },
{ "type": "Feature", "properties": { "admin_level": 3, "name": "3e Section Cochon Gras", "name1": "3e Section Cochon Gras", "name2": null, "name3": null, "x_coord": -72.48211727, "y_coord": 18.32937912, "adm4_name": null, "adm4_name1": null, "adm4_name2": null, "adm4_name3": null, "adm4_pcode": null, "adm3_name": "3e Section Cochon Gras", "adm3_name1": "3e Section Cochon Gras", "adm3_name2": null, "adm3_name3": null, "adm3_pcode": "HT0211-03", "adm2_name": "Jacmel", "adm2_name1": "Jacmel", "adm2_name2": null, "adm2_name3": null, "adm2_pcode": "HT0211", "adm1_name": "South-East", "adm1_name1": "Sud-Est", "adm1_name2": "Sidès", "adm1_name3": null, "adm1_pcode": "HT02", "adm0_name": "Haiti", "adm0_name1": null, "adm0_name2": null, "adm0_name3": null, "adm0_pcode": "HT", "valid_on": "2018-11-29", "valid_to": null, "version": "v01", "lang": "en", "lang1": "fr", "lang2": "ht", "lang3": null }, "geometry": { "type": "Point", "coordinates": [ -72.482117270999879, 18.329379125000116 ] } },
{ "type": "Feature", "properties": { "admin_level": 3, "name": "3e Section Corosse", "name1": "3e Section Corosse", "name2": null, "name3": null, "x_coord": -71.99681359, "y_coord": 19.42686557, "adm4_name": null, "adm4_name1": null, "adm4_name2": null, "adm4_name3": null, "adm4_pcode": null, "adm3_name": "3e Section Corosse", "adm3_name1": "3e Section Corosse", "adm3_name2": null, "adm3_name3": null, "adm3_pcode": "HT0441-03", "adm2_name": "Vallieres", "adm2_name1": "Vallières", "adm2_name2": null, "adm2_name3": null, "adm2_pcode": "HT0441", "adm1_name": "North-East", "adm1_name1": "Nord-Est", "adm1_name2": "Nòdès", "adm1_name3": null, "adm1_pcode": "HT04", "adm0_name": "Haiti", "adm0_name1": null, "adm0_name2": null, "adm0_name3": null, "adm0_pcode": "HT", "valid_on": "2018-11-29", "valid_to": null, "version": "v01", "lang": "en", "lang1": "fr", "lang2": "ht", "lang3": null }, "geometry": { "type": "Point", "coordinates": [ -71.996813587999952, 19.426865566000174 ] } },
{ "type": "Feature", "properties": { "admin_level": 3, "name": "3e Section Cosse", "name1": "3e Section Cosse", "name2": null, "name3": null, "x_coord": -74.20434865, "y_coord": 18.35101927, "adm4_name": null, "adm4_name1": null, "adm4_name2": null, "adm4_name3": null, "adm4_pcode": null, "adm3_name": "3e Section Cosse", "adm3_name1": "3e Section Cosse", "adm3_name2": null, "adm3_name3": null, "adm3_pcode": "HT0752-03", "adm2_name": "Les Anglais", "adm2_name1": "Les Anglais", "adm2_name2": null, "adm2_name3": null, "adm2_pcode": "HT0752", "adm1_name": "South", "adm1_name1": "Sud", "adm1_name2": "Sid", "adm1_name3": null, "adm1_pcode": "HT07", "adm0_name": "Haiti", "adm0_name1": null, "adm0_name2": null, "adm0_name3": null, "adm0_pcode": "HT", "valid_on": "2018-11-29", "valid_to": null, "version": "v01", "lang": "en", "lang1": "fr", "lang2": "ht", "lang3": null }, "geometry": { "type": "Point", "coordinates": [ -74.204348653999944, 18.351019271000098 ] } },
{ "type": "Feature", "properties": { "admin_level": 3, "name": "3e Section Cotelette", "name1": "3e Section Cotelette", "name2": null, "name3": null, "x_coord": -72.06402808, "y_coord": 19.53986947, "adm4_name": null, "adm4_name1": null, "adm4_name2": null, "adm4_name3": null, "adm4_pcode": null, "adm3_name": "3e Section Cotelette", "adm3_name1": "3e Section Cotelette", "adm3_name2": null, "adm3_name3": null, "adm3_pcode": "HT0432-03", "adm2_name": "Sainte Suzanne", "adm2_name1": "Sainte Suzanne", "adm2_name2": null, "adm2_name3": null, "adm2_pcode": "HT0432", "adm1_name": "North-East", "adm1_name1": "Nord-Est", "adm1_name2": "Nòdès", "adm1_name3": null, "adm1_pcode": "HT04", "adm0_name": "Haiti", "adm0_name1": null, "adm0_name2": null, "adm0_name3": null, "adm0_pcode": "HT", "valid_on": "2018-11-29", "valid_to": null, "version": "v01", "lang": "en", "lang1": "fr", "lang2": "ht", "lang3": null }, "geometry": { "type": "Point", "coordinates": [ -72.064028076999989, 19.539869466000141 ] } },
{ "type": "Feature", "properties": { "admin_level": 3, "name": "3e Section Cotes de Fer", "name1": "3e Section Cotes de Fer", "name2": null, "name3": null, "x_coord": -72.59376161, "y_coord": 19.86941595, "adm4_name": null, "adm4_name1": null, "adm4_name2": null, "adm4_name3": null, "adm4_pcode": null, "adm3_name": "3e Section Cotes de Fer", "adm3_name1": "3e Section Cotes de Fer", "adm3_name2": null, "adm3_name3": null, "adm3_pcode": "HT0922-03", "adm2_name": "Anse-a-Foleur", "adm2_name1": "Anse-à-Foleur", "adm2_name2": null, "adm2_name3": null, "adm2_pcode": "HT0922", "adm1_name": "North-West", "adm1_name1": "Nord-Ouest", "adm1_name2": "Nòdwès", "adm1_name3": null, "adm1_pcode": "HT09", "adm0_name": "Haiti", "adm0_name1": null, "adm0_name2": null, "adm0_name3": null, "adm0_pcode": "HT", "valid_on": "2018-11-29", "valid_to": null, "version": "v01", "lang": "en", "lang1": "fr", "lang2": "ht", "lang3": null }, "geometry": { "type": "Point", "coordinates": [ -72.593761609999945, 19.869415951000121 ] } },
{ "type": "Feature", "properties": { "admin_level": 3, "name": "3e Section Coupe Mardi Gras", "name1": "3e Section Coupe Mardi Gras", "name2": null, "name3": null, "x_coord": -72.2606524, "y_coord": 18.81718192, "adm4_name": null, "adm4_name1": null, "adm4_name2": null, "adm4_name3": null, "adm4_pcode": null, "adm3_name": "3e Section Coupe Mardi Gras", "adm3_name1": "3e Section Coupe Mardi Gras", "adm3_name2": null, "adm3_name3": null, "adm3_pcode": "HT0622-03", "adm2_name": "Saut d'Eau", "adm2_name1": "Saut d'Eau", "adm2_name2": null, "adm2_name3": null, "adm2_pcode": "HT0622", "adm1_name": "Centre", "adm1_name1": "Centre", "adm1_name2": "Sant", "adm1_name3": null, "adm1_pcode": "HT06", "adm0_name": "Haiti", "adm0_name1": null, "adm0_name2": null, "adm0_name3": null, "adm0_pcode": "HT", "valid_on": "2018-11-29", "valid_to": null, "version": "v01", "lang": "en", "lang1": "fr", "lang2": "ht", "lang3": null }, "geometry": { "type": "Point", "coordinates": [ -72.260652394999966, 18.817181918000074 ] } },
{ "type": "Feature", "properties": { "admin_level": 3, "name": "3e Section Cracaraille", "name1": "3e Section Cracaraille", "name2": null, "name3": null, "x_coord": -72.02670955000001, "y_coord": 19.38053333, "adm4_name": null, "adm4_name1": null, "adm4_name2": null, "adm4_name3": null, "adm4_pcode": null, "adm3_name": "3e Section Cracaraille", "adm3_name1": "3e Section Cracaraille", "adm3_name2": null, "adm3_name3": null, "adm3_pcode": "HT0343-03", "adm2_name": "Ranquitte", "adm2_name1": "Ranquitte", "adm2_name2": null, "adm2_name3": null, "adm2_pcode": "HT0343", "adm1_name": "North", "adm1_name1": "Nord", "adm1_name2": "Nò", "adm1_name3": null, "adm1_pcode": "HT03", "adm0_name": "Haiti", "adm0_name1": null, "adm0_name2": null, "adm0_name3": null, "adm0_pcode": "HT", "valid_on": "2018-11-29", "valid_to": null, "version": "v01", "lang": "en", "lang1": "fr", "lang2": "ht", "lang3": null }, "geometry": { "type": "Point", "coordinates": [ -72.026709545999893, 19.380533329000116 ] } },
{ "type": "Feature", "properties": { "admin_level": 3, "name": "3e Section d'Arniquet", "name1": "3e Section d'Arniquet", "name2": null, "name3": null, "x_coord": -73.89351012, "y_coord": 18.14237563, "adm4_name": null, "adm4_name1": null, "adm4_name2": null, "adm4_name3": null, "adm4_pcode": null, "adm3_name": "3e Section d'Arniquet", "adm3_name1": "3e Section d'Arniquet", "adm3_name2": null, "adm3_name3": null, "adm3_pcode": "HT0723-03", "adm2_name": "Arniquet", "adm2_name1": "Arniquet", "adm2_name2": null, "adm2_name3": null, "adm2_pcode": "HT0723", "adm1_name": "South", "adm1_name1": "Sud", "adm1_name2": "Sid", "adm1_name3": null, "adm1_pcode": "HT07", "adm0_name": "Haiti", "adm0_name1": null, "adm0_name2": null, "adm0_name3": null, "adm0_pcode": "HT", "valid_on": "2018-11-29", "valid_to": null, "version": "v01", "lang": "en", "lang1": "fr", "lang2": "ht", "lang3": null }, "geometry": { "type": "Point", "coordinates": [ -73.893510115999902, 18.14237563000006 ] } },
{ "type": "Feature", "properties": { "admin_level": 3, "name": "3e Section Dame", "name1": "3e Section Dame", "name2": null, "name3": null, "x_coord": -73.25273895, "y_coord": 19.74779208, "adm4_name": null, "adm4_name1": null, "adm4_name2": null, "adm4_name3": null, "adm4_pcode": null, "adm3_name": "3e Section Dame", "adm3_name1": "3e Section Dame", "adm3_name2": null, "adm3_name3": null, "adm3_pcode": "HT0931-03", "adm2_name": "Mole Saint Nicolas", "adm2_name1": "Môle Saint Nicolas", "adm2_name2": null, "adm2_name3": null, "adm2_pcode": "HT0931", "adm1_name": "North-West", "adm1_name1": "Nord-Ouest", "adm1_name2": "Nòdwès", "adm1_name3": null, "adm1_pcode": "HT09", "adm0_name": "Haiti", "adm0_name1": null, "adm0_name2": null, "adm0_name3": null, "adm0_pcode": "HT", "valid_on": "2018-11-29", "valid_to": null, "version": "v01", "lang": "en", "lang1": "fr", "lang2": "ht", "lang3": null }, "geometry": { "type": "Point", "coordinates": [ -73.252738951999959, 19.747792080000067 ] } },
{ "type": "Feature", "properties": { "admin_level": 3, "name": "3e Section Danglise", "name1": "3e Section Danglise", "name2": null, "name3": null, "x_coord": -74.33215853, "y_coord": 18.60149916, "adm4_name": null, "adm4_name1": null, "adm4_name2": null, "adm4_name3": null, "adm4_pcode": null, "adm3_name": "3e Section Danglise", "adm3_name1": "3e Section Danglise", "adm3_name2": null, "adm3_name3": null, "adm3_pcode": "HT0812-03", "adm2_name": "Abricots", "adm2_name1": "Abricots", "adm2_name2": null, "adm2_name3": null, "adm2_pcode": "HT0812", "adm1_name": "Grande'Anse", "adm1_name1": "Grande'Anse", "adm1_name2": "Grandans", "adm1_name3": null, "adm1_pcode": "HT08", "adm0_name": "Haiti", "adm0_name1": null, "adm0_name2": null, "adm0_name3": null, "adm0_pcode": "HT", "valid_on": "2018-11-29", "valid_to": null, "version": "v01", "lang": "en", "lang1": "fr", "lang2": "ht", "lang3": null }, "geometry": { "type": "Point", "coordinates": [ -74.332158525999944, 18.601499159000127 ] } },
{ "type": "Feature", "properties": { "admin_level": 3, "name": "3e Section de Corail", "name1": "3e Section de Corail", "name2": null, "name3": null, "x_coord": -72.47061852, "y_coord": 19.74471055, "adm4_name": null, "adm4_name1": null, "adm4_name2": null, "adm4_name3": null, "adm4_pcode": null, "adm3_name": "3e Section de Corail", "adm3_name1": "3e Section de Corail", "adm3_name2": null, "adm3_name3": null, "adm3_pcode": "HT0352-03", "adm2_name": "Port-Margot", "adm2_name1": "Port-Margot", "adm2_name2": null, "adm2_name3": null, "adm2_pcode": "HT0352", "adm1_name": "North", "adm1_name1": "Nord", "adm1_name2": "Nò", "adm1_name3": null, "adm1_pcode": "HT03", "adm0_name": "Haiti", "adm0_name1": null, "adm0_name2": null, "adm0_name3": null, "adm0_pcode": "HT", "valid_on": "2018-11-29", "valid_to": null, "version": "v01", "lang": "en", "lang1": "fr", "lang2": "ht", "lang3": null }, "geometry": { "type": "Point", "coordinates": [ -72.470618520999949, 19.744710550000036 ] } },
{ "type": "Feature", "properties": { "admin_level": 3, "name": "3e Section des Bayes", "name1": "3e Section des Bayes", "name2": null, "name3": null, "x_coord": -72.09032309, "y_coord": 18.93266282, "adm4_name": null, "adm4_name1": null, "adm4_name2": null, "adm4_name3": null, "adm4_pcode": null, "adm3_name": "3e Section des Bayes", "adm3_name1": "3e Section des Bayes", "adm3_name2": null, "adm3_name3": null, "adm3_pcode": "HT0623-03", "adm2_name": "Boucan Carre", "adm2_name1": "Boucan Carré", "adm2_name2": null, "adm2_name3": null, "adm2_pcode": "HT0623", "adm1_name": "Centre", "adm1_name1": "Centre", "adm1_name2": "Sant", "adm1_name3": null, "adm1_pcode": "HT06", "adm0_name": "Haiti", "adm0_name1": null, "adm0_name2": null, "adm0_name3": null, "adm0_pcode": "HT", "valid_on": "2018-11-29", "valid_to": null, "version": "v01", "lang": "en", "lang1": "fr", "lang2": "ht", "lang3": null }, "geometry": { "type": "Point", "coordinates": [ -72.090323085999955, 18.932662824000147 ] } },
{ "type": "Feature", "properties": { "admin_level": 3, "name": "3e Section des Granges", "name1": "3e Section des Granges", "name2": null, "name3": null, "x_coord": -72.72026199, "y_coord": 19.88946543, "adm4_name": null, "adm4_name1": null, "adm4_name2": null, "adm4_name3": null, "adm4_pcode": null, "adm3_name": "3e Section des Granges", "adm3_name1": "3e Section des Granges", "adm3_name2": null, "adm3_name3": null, "adm3_pcode": "HT0921-03", "adm2_name": "Saint-Louis du Nord", "adm2_name1": "Saint-Louis du Nord", "adm2_name2": null, "adm2_name3": null, "adm2_pcode": "HT0921", "adm1_name": "North-West", "adm1_name1": "Nord-Ouest", "adm1_name2": "Nòdwès", "adm1_name3": null, "adm1_pcode": "HT09", "adm0_name": "Haiti", "adm0_name1": null, "adm0_name2": null, "adm0_name3": null, "adm0_pcode": "HT", "valid_on": "2018-11-29", "valid_to": null, "version": "v01", "lang": "en", "lang1": "fr", "lang2": "ht", "lang3": null }, "geometry": { "type": "Point", "coordinates": [ -72.720261986999901, 19.889465429000097 ] } },
{ "type": "Feature", "properties": { "admin_level": 3, "name": "3e Section des Vases", "name1": "3e Section des Vases", "name2": null, "name3": null, "x_coord": -72.53236494, "y_coord": 18.80965407, "adm4_name": null, "adm4_name1": null, "adm4_name2": null, "adm4_name3": null, "adm4_pcode": null, "adm3_name": "3e Section des Vases", "adm3_name1": "3e Section des Vases", "adm3_name2": null, "adm3_name3": null, "adm3_pcode": "HT0141-03", "adm2_name": "Arcahaie", "adm2_name1": "Arcahaie", "adm2_name2": null, "adm2_name3": null, "adm2_pcode": "HT0141", "adm1_name": "West", "adm1_name1": "Ouest", "adm1_name2": "Lwès", "adm1_name3": null, "adm1_pcode": "HT01", "adm0_name": "Haiti", "adm0_name1": null, "adm0_name2": null, "adm0_name3": null, "adm0_pcode": "HT", "valid_on": "2018-11-29", "valid_to": null, "version": "v01", "lang": "en", "lang1": "fr", "lang2": "ht", "lang3": null }, "geometry": { "type": "Point", "coordinates": [ -72.532364942999891, 18.809654065000075 ] } },
{ "type": "Feature", "properties": { "admin_level": 3, "name": "3e Section Desormeau", "name1": "3e Section Desormeau", "name2": null, "name3": null, "x_coord": -74.39046273, "y_coord": 18.54354285, "adm4_name": null, "adm4_name1": null, "adm4_name2": null, "adm4_name3": null, "adm4_pcode": null, "adm3_name": "3e Section Desormeau", "adm3_name1": "3e Section Desormeau", "adm3_name2": null, "adm3_name3": null, "adm3_pcode": "HT0822-03", "adm2_name": "Dame Marie", "adm2_name1": "Dame Marie", "adm2_name2": null, "adm2_name3": null, "adm2_pcode": "HT0822", "adm1_name": "Grande'Anse", "adm1_name1": "Grande'Anse", "adm1_name2": "Grandans", "adm1_name3": null, "adm1_pcode": "HT08", "adm0_name": "Haiti", "adm0_name1": null, "adm0_name2": null, "adm0_name3": null, "adm0_pcode": "HT", "valid_on": "2018-11-29", "valid_to": null, "version": "v01", "lang": "en", "lang1": "fr", "lang2": "ht", "lang3": null }, "geometry": { "type": "Point", "coordinates": [ -74.390462729999911, 18.543542845000047 ] } },
{ "type": "Feature", "properties": { "admin_level": 3, "name": "3e Section Dessources", "name1": "3e Section Dessources", "name2": null, "name3": null, "x_coord": -73.0231161, "y_coord": 18.29708074, "adm4_name": null, "adm4_name1": null, "adm4_name2": null, "adm4_name3": null, "adm4_pcode": null, "adm3_name": "3e Section Dessources", "adm3_name1": "3e Section Dessources", "adm3_name2": null, "adm3_name3": null, "adm3_pcode": "HT1011-03", "adm2_name": "Miragoane", "adm2_name1": "Miragoâne", "adm2_name2": null, "adm2_name3": null, "adm2_pcode": "HT1011", "adm1_name": "Nippes", "adm1_name1": "Nippes", "adm1_name2": "Nip", "adm1_name3": null, "adm1_pcode": "HT10", "adm0_name": "Haiti", "adm0_name1": null, "adm0_name2": null, "adm0_name3": null, "adm0_pcode": "HT", "valid_on": "2018-11-29", "valid_to": null, "version": "v01", "lang": "en", "lang1": "fr", "lang2": "ht", "lang3": null }, "geometry": { "type": "Point", "coordinates": [ -73.02311609599991, 18.297080738000034 ] } },
{ "type": "Feature", "properties": { "admin_level": 3, "name": "3e Section Etang du Jonc", "name1": "3e Section Etang du Jonc", "name2": null, "name3": null, "x_coord": -72.31751157, "y_coord": 18.49167247, "adm4_name": null, "adm4_name1": null, "adm4_name2": null, "adm4_name3": null, "adm4_pcode": null, "adm3_name": "3e Section Etang du Jonc", "adm3_name1": "3e Section Etang du Jonc", "adm3_name2": null, "adm3_name3": null, "adm3_pcode": "HT0114-03", "adm2_name": "Petion-Ville", "adm2_name1": "Pétion-Ville", "adm2_name2": null, "adm2_name3": null, "adm2_pcode": "HT0114", "adm1_name": "West", "adm1_name1": "Ouest", "adm1_name2": "Lwès", "adm1_name3": null, "adm1_pcode": "HT01", "adm0_name": "Haiti", "adm0_name1": null, "adm0_name2": null, "adm0_name3": null, "adm0_pcode": "HT", "valid_on": "2018-11-29", "valid_to": null, "version": "v01", "lang": "en", "lang1": "fr", "lang2": "ht", "lang3": null }, "geometry": { "type": "Point", "coordinates": [ -72.31751156699994, 18.491672464999965 ] } },
{ "type": "Feature", "properties": { "admin_level": 3, "name": "3e Section Fond Parisien", "name1": "3e Section Fond Parisien", "name2": null, "name3": null, "x_coord": -71.93814443, "y_coord": 18.46282497, "adm4_name": null, "adm4_name1": null, "adm4_name2": null, "adm4_name3": null, "adm4_pcode": null, "adm3_name": "3e Section Fond Parisien", "adm3_name1": "3e Section Fond Parisien", "adm3_name2": null, "adm3_name3": null, "adm3_pcode": "HT0133-03", "adm2_name": "Ganthier", "adm2_name1": "Ganthier", "adm2_name2": null, "adm2_name3": null, "adm2_pcode": "HT0133", "adm1_name": "West", "adm1_name1": "Ouest", "adm1_name2": "Lwès", "adm1_name3": null, "adm1_pcode": "HT01", "adm0_name": "Haiti", "adm0_name1": null, "adm0_name2": null, "adm0_name3": null, "adm0_pcode": "HT", "valid_on": "2018-11-29", "valid_to": null, "version": "v01", "lang": "en", "lang1": "fr", "lang2": "ht", "lang3": null }, "geometry": { "type": "Point", "coordinates": [ -71.938144430999898, 18.462824966000085 ] } },
{ "type": "Feature", "properties": { "admin_level": 3, "name": "3e Section Fond Tortue", "name1": "3e Section Fond Tortue", "name2": null, "name3": null, "x_coord": -73.72327046, "y_coord": 18.4578114, "adm4_name": null, "adm4_name1": null, "adm4_name2": null, "adm4_name3": null, "adm4_pcode": null, "adm3_name": "3e Section Fond Tortue", "adm3_name1": "3e Section Fond Tortue", "adm3_name2": null, "adm3_name3": null, "adm3_pcode": "HT1031-03", "adm2_name": "Baraderes", "adm2_name1": "Baradères", "adm2_name2": null, "adm2_name3": null, "adm2_pcode": "HT1031", "adm1_name": "Nippes", "adm1_name1": "Nippes", "adm1_name2": "Nip", "adm1_name3": null, "adm1_pcode": "HT10", "adm0_name": "Haiti", "adm0_name1": null, "adm0_name2": null, "adm0_name3": null, "adm0_pcode": "HT", "valid_on": "2018-11-29", "valid_to": null, "version": "v01", "lang": "en", "lang1": "fr", "lang2": "ht", "lang3": null }, "geometry": { "type": "Point", "coordinates": [ -73.723270455999966, 18.457811402000061 ] } },
{ "type": "Feature", "properties": { "admin_level": 3, "name": "3e Section Garcasse", "name1": "3e Section Garcasse", "name2": null, "name3": null, "x_coord": -74.43256415, "y_coord": 18.38047481, "adm4_name": null, "adm4_name1": null, "adm4_name2": null, "adm4_name3": null, "adm4_pcode": null, "adm3_name": "3e Section Garcasse", "adm3_name1": "3e Section Garcasse", "adm3_name2": null, "adm3_name3": null, "adm3_pcode": "HT0823-03", "adm2_name": "Les Irois", "adm2_name1": "Les Irois", "adm2_name2": null, "adm2_name3": null, "adm2_pcode": "HT0823", "adm1_name": "Grande'Anse", "adm1_name1": "Grande'Anse", "adm1_name2": "Grandans", "adm1_name3": null, "adm1_pcode": "HT08", "adm0_name": "Haiti", "adm0_name1": null, "adm0_name2": null, "adm0_name3": null, "adm0_pcode": "HT", "valid_on": "2018-11-29", "valid_to": null, "version": "v01", "lang": "en", "lang1": "fr", "lang2": "ht", "lang3": null }, "geometry": { "type": "Point", "coordinates": [ -74.432564145999891, 18.380474806000166 ] } },
{ "type": "Feature", "properties": { "admin_level": 3, "name": "3e Section Genipailler", "name1": "3e Section Genipailler", "name2": null, "name3": null, "x_coord": -72.21326051, "y_coord": 19.6916128, "adm4_name": null, "adm4_name1": null, "adm4_name2": null, "adm4_name3": null, "adm4_pcode": null, "adm3_name": "3e Section Genipailler", "adm3_name1": "3e Section Genipailler", "adm3_name2": null, "adm3_name3": null, "adm3_pcode": "HT0323-03", "adm2_name": "Milot", "adm2_name1": "Milot", "adm2_name2": null, "adm2_name3": null, "adm2_pcode": "HT0323", "adm1_name": "North", "adm1_name1": "Nord", "adm1_name2": "Nò", "adm1_name3": null, "adm1_pcode": "HT03", "adm0_name": "Haiti", "adm0_name1": null, "adm0_name2": null, "adm0_name3": null, "adm0_pcode": "HT", "valid_on": "2018-11-29", "valid_to": null, "version": "v01", "lang": "en", "lang1": "fr", "lang2": "ht", "lang3": null }, "geometry": { "type": "Point", "coordinates": [ -72.213260512999966, 19.691612804000158 ] } },
{ "type": "Feature", "properties": { "admin_level": 3, "name": "3e Section Goyavier", "name1": "3e Section Goyavier", "name2": null, "name3": null, "x_coord": -72.61572027, "y_coord": 19.03080968, "adm4_name": null, "adm4_name1": null, "adm4_name2": null, "adm4_name3": null, "adm4_pcode": null, "adm3_name": "3e Section Goyavier", "adm3_name1": "3e Section Goyavier", "adm3_name2": null, "adm3_name3": null, "adm3_pcode": "HT0531-03", "adm2_name": "Saint-Marc", "adm2_name1": "Saint-Marc", "adm2_name2": null, "adm2_name3": null, "adm2_pcode": "HT0531", "adm1_name": "Artibonite", "adm1_name1": "Artibonite", "adm1_name2": "Latibonit", "adm1_name3": null, "adm1_pcode": "HT05", "adm0_name": "Haiti", "adm0_name1": null, "adm0_name2": null, "adm0_name3": null, "adm0_pcode": "HT", "valid_on": "2018-11-29", "valid_to": null, "version": "v01", "lang": "en", "lang1": "fr", "lang2": "ht", "lang3": null }, "geometry": { "type": "Point", "coordinates": [ -72.615720273999955, 19.03080967700015 ] } },
{ "type": "Feature", "properties": { "admin_level": 3, "name": "3e Section Grand Boucan", "name1": "3e Section Grand Boucan", "name2": null, "name3": null, "x_coord": -72.25335646000001, "y_coord": 19.60091194, "adm4_name": null, "adm4_name1": null, "adm4_name2": null, "adm4_name3": null, "adm4_pcode": null, "adm3_name": "3e Section Grand Boucan", "adm3_name1": "3e Section Grand Boucan", "adm3_name2": null, "adm3_name3": null, "adm3_pcode": "HT0322-03", "adm2_name": "Plaine du Nord", "adm2_name1": "Plaine du Nord", "adm2_name2": null, "adm2_name3": null, "adm2_pcode": "HT0322", "adm1_name": "North", "adm1_name1": "Nord", "adm1_name2": "Nò", "adm1_name3": null, "adm1_pcode": "HT03", "adm0_name": "Haiti", "adm0_name1": null, "adm0_name2": null, "adm0_name3": null, "adm0_pcode": "HT", "valid_on": "2018-11-29", "valid_to": null, "version": "v01", "lang": "en", "lang1": "fr", "lang2": "ht", "lang3": null }, "geometry": { "type": "Point", "coordinates": [ -72.253356464999911, 19.600911940000117 ] } },
{ "type": "Feature", "properties": { "admin_level": 3, "name": "3e Section Grand Boucan", "name1": "3e Section Grand Boucan", "name2": null, "name3": null, "x_coord": -72.15103785, "y_coord": 18.77901006, "adm4_name": null, "adm4_name1": null, "adm4_name2": null, "adm4_name3": null, "adm4_pcode": null, "adm3_name": "3e Section Grand Boucan", "adm3_name1": "3e Section Grand Boucan", "adm3_name2": null, "adm3_name3": null, "adm3_pcode": "HT0621-03", "adm2_name": "Mirebalais", "adm2_name1": "Mirebalais", "adm2_name2": null, "adm2_name3": null, "adm2_pcode": "HT0621", "adm1_name": "Centre", "adm1_name1": "Centre", "adm1_name2": "Sant", "adm1_name3": null, "adm1_pcode": "HT06", "adm0_name": "Haiti", "adm0_name1": null, "adm0_name2": null, "adm0_name3": null, "adm0_pcode": "HT", "valid_on": "2018-11-29", "valid_to": null, "version": "v01", "lang": "en", "lang1": "fr", "lang2": "ht", "lang3": null }, "geometry": { "type": "Point", "coordinates": [ -72.151037849999966, 18.77901006400009 ] } },
{ "type": "Feature", "properties": { "admin_level": 3, "name": "3e Section Grand Vincent", "name1": "3e Section Grand Vincent", "name2": null, "name3": null, "x_coord": -74.06977836, "y_coord": 18.55672024, "adm4_name": null, "adm4_name1": null, "adm4_name2": null, "adm4_name3": null, "adm4_pcode": null, "adm3_name": "3e Section Grand Vincent", "adm3_name1": "3e Section Grand Vincent", "adm3_name2": null, "adm3_name3": null, "adm3_pcode": "HT0832-03", "adm2_name": "Roseaux", "adm2_name1": "Roseaux", "adm2_name2": null, "adm2_name3": null, "adm2_pcode": "HT0832", "adm1_name": "Grande'Anse", "adm1_name1": "Grande'Anse", "adm1_name2": "Grandans", "adm1_name3": null, "adm1_pcode": "HT08", "adm0_name": "Haiti", "adm0_name1": null, "adm0_name2": null, "adm0_name3": null, "adm0_pcode": "HT", "valid_on": "2018-11-29", "valid_to": null, "version": "v01", "lang": "en", "lang1": "fr", "lang2": "ht", "lang3": null }, "geometry": { "type": "Point", "coordinates": [ -74.069778358999827, 18.55672023600016 ] } },
{ "type": "Feature", "properties": { "admin_level": 3, "name": "3e Section Grande Rivere", "name1": "3e Section Grande Rivère", "name2": null, "name3": null, "x_coord": -72.59015044, "y_coord": 18.49250433, "adm4_name": null, "adm4_name1": null, "adm4_name2": null, "adm4_name3": null, "adm4_pcode": null, "adm3_name": "3e Section Grande Rivere", "adm3_name1": "3e Section Grande Rivère", "adm3_name2": null, "adm3_name3": null, "adm3_pcode": "HT0121-03", "adm2_name": "Leogane", "adm2_name1": "Léogâne", "adm2_name2": null, "adm2_name3": null, "adm2_pcode": "HT0121", "adm1_name": "West", "adm1_name1": "Ouest", "adm1_name2": "Lwès", "adm1_name3": null, "adm1_pcode": "HT01", "adm0_name": "Haiti", "adm0_name1": null, "adm0_name2": null, "adm0_name3": null, "adm0_pcode": "HT", "valid_on": "2018-11-29", "valid_to": null, "version": "v01", "lang": "en", "lang1": "fr", "lang2": "ht", "lang3": null }, "geometry": { "type": "Point", "coordinates": [ -72.590150435999931, 18.49250432600013 ] } },
{ "type": "Feature", "properties": { "admin_level": 3, "name": "3e Section Grande Source", "name1": "3e Section Grande Source", "name2": null, "name3": null, "x_coord": -72.97283486000001, "y_coord": 18.80585793, "adm4_name": null, "adm4_name1": null, "adm4_name2": null, "adm4_name3": null, "adm4_pcode": null, "adm3_name": "3e Section Grande Source", "adm3_name1": "3e Section Grande Source", "adm3_name2": null, "adm3_name3": null, "adm3_pcode": "HT0151-03", "adm2_name": "Anse a Galets", "adm2_name1": "Anse à Galets", "adm2_name2": null, "adm2_name3": null, "adm2_pcode": "HT0151", "adm1_name": "West", "adm1_name1": "Ouest", "adm1_name2": "Lwès", "adm1_name3": null, "adm1_pcode": "HT01", "adm0_name": "Haiti", "adm0_name1": null, "adm0_name2": null, "adm0_name3": null, "adm0_pcode": "HT", "valid_on": "2018-11-29", "valid_to": null, "version": "v01", "lang": "en", "lang1": "fr", "lang2": "ht", "lang3": null }, "geometry": { "type": "Point", "coordinates": [ -72.972834854999917, 18.805857933000084 ] } },
{ "type": "Feature", "properties": { "admin_level": 3, "name": "3e Section Grenodiere", "name1": "3e Section Grenodière", "name2": null, "name3": null, "x_coord": -73.51813262, "y_coord": 18.25923656, "adm4_name": null, "adm4_name1": null, "adm4_name2": null, "adm4_name3": null, "adm4_pcode": null, "adm3_name": "3e Section Grenodiere", "adm3_name1": "3e Section Grenodière", "adm3_name2": null, "adm3_name3": null, "adm3_pcode": "HT0732-03", "adm2_name": "Saint Louis du Sud", "adm2_name1": "Saint Louis du Sud", "adm2_name2": null, "adm2_name3": null, "adm2_pcode": "HT0732", "adm1_name": "South", "adm1_name1": "Sud", "adm1_name2": "Sid", "adm1_name3": null, "adm1_pcode": "HT07", "adm0_name": "Haiti", "adm0_name1": null, "adm0_name2": null, "adm0_name3": null, "adm0_pcode": "HT", "valid_on": "2018-11-29", "valid_to": null, "version": "v01", "lang": "en", "lang1": "fr", "lang2": "ht", "lang3": null }, "geometry": { "type": "Point", "coordinates": [ -73.518132617999925, 18.259236560000147 ] } },
{ "type": "Feature", "properties": { "admin_level": 3, "name": "3e Section Gros Marin", "name1": "3e Section Gros Marin", "name2": null, "name3": null, "x_coord": -73.60654799, "y_coord": 18.35964038, "adm4_name": null, "adm4_name1": null, "adm4_name2": null, "adm4_name3": null, "adm4_pcode": null, "adm3_name": "3e Section Gros Marin", "adm3_name1": "3e Section Gros Marin", "adm3_name2": null, "adm3_name3": null, "adm3_pcode": "HT0733-03", "adm2_name": "Cavaillon", "adm2_name1": "Cavaillon", "adm2_name2": null, "adm2_name3": null, "adm2_pcode": "HT0733", "adm1_name": "South", "adm1_name1": "Sud", "adm1_name2": "Sid", "adm1_name3": null, "adm1_pcode": "HT07", "adm0_name": "Haiti", "adm0_name1": null, "adm0_name2": null, "adm0_name3": null, "adm0_pcode": "HT", "valid_on": "2018-11-29", "valid_to": null, "version": "v01", "lang": "en", "lang1": "fr", "lang2": "ht", "lang3": null }, "geometry": { "type": "Point", "coordinates": [ -73.606547994999971, 18.359640376000073 ] } },
{ "type": "Feature", "properties": { "admin_level": 3, "name": "3e Section Guillaume Moge (Quartier de Desarmes)", "name1": "3e Section Guillaume Moge (Quartier de Desarmes)", "name2": null, "name3": null, "x_coord": -72.40795043, "y_coord": 19.02022394, "adm4_name": null, "adm4_name1": null, "adm4_name2": null, "adm4_name3": null, "adm4_pcode": null, "adm3_name": "3e Section Guillaume Moge (Quartier de Desarmes)", "adm3_name1": "3e Section Guillaume Moge (Quartier de Desarmes)", "adm3_name2": null, "adm3_name3": null, "adm3_pcode": "HT0532-03", "adm2_name": "Verrettes", "adm2_name1": "Verrettes", "adm2_name2": null, "adm2_name3": null, "adm2_pcode": "HT0532", "adm1_name": "Artibonite", "adm1_name1": "Artibonite", "adm1_name2": "Latibonit", "adm1_name3": null, "adm1_pcode": "HT05", "adm0_name": "Haiti", "adm0_name1": null, "adm0_name2": null, "adm0_name3": null, "adm0_pcode": "HT", "valid_on": "2018-11-29", "valid_to": null, "version": "v01", "lang": "en", "lang1": "fr", "lang2": "ht", "lang3": null }, "geometry": { "type": "Point", "coordinates": [ -72.407950434999975, 19.020223942000143 ] } },
{ "type": "Feature", "properties": { "admin_level": 3, "name": "3e Section Hatty", "name1": "3e Section Hatty", "name2": null, "name3": null, "x_coord": -72.18017103, "y_coord": 19.23808106, "adm4_name": null, "adm4_name1": null, "adm4_name2": null, "adm4_name3": null, "adm4_pcode": null, "adm3_name": "3e Section Hatty", "adm3_name1": "3e Section Hatty", "adm3_name2": null, "adm3_name3": null, "adm3_pcode": "HT0612-03", "adm2_name": "Maissade", "adm2_name1": "Maïssade", "adm2_name2": null, "adm2_name3": null, "adm2_pcode": "HT0612", "adm1_name": "Centre", "adm1_name1": "Centre", "adm1_name2": "Sant", "adm1_name3": null, "adm1_pcode": "HT06", "adm0_name": "Haiti", "adm0_name1": null, "adm0_name2": null, "adm0_name3": null, "adm0_pcode": "HT", "valid_on": "2018-11-29", "valid_to": null, "version": "v01", "lang": "en", "lang1": "fr", "lang2": "ht", "lang3": null }, "geometry": { "type": "Point", "coordinates": [ -72.180171032999965, 19.238081063000038 ] } },
{ "type": "Feature", "properties": { "admin_level": 3, "name": "3e Section Haut Cap Rouge", "name1": "3e Section Haut Cap Rouge", "name2": null, "name3": null, "x_coord": -72.42835494000001, "y_coord": 18.27786766, "adm4_name": null, "adm4_name1": null, "adm4_name2": null, "adm4_name3": null, "adm4_pcode": null, "adm3_name": "3e Section Haut Cap Rouge", "adm3_name1": "3e Section Haut Cap Rouge", "adm3_name2": null, "adm3_name3": null, "adm3_pcode": "HT0213-03", "adm2_name": "Cayes-Jacmel", "adm2_name1": "Cayes-Jacmel", "adm2_name2": null, "adm2_name3": null, "adm2_pcode": "HT0213", "adm1_name": "South-East", "adm1_name1": "Sud-Est", "adm1_name2": "Sidès", "adm1_name3": null, "adm1_pcode": "HT02", "adm0_name": "Haiti", "adm0_name1": null, "adm0_name2": null, "adm0_name3": null, "adm0_pcode": "HT", "valid_on": "2018-11-29", "valid_to": null, "version": "v01", "lang": "en", "lang1": "fr", "lang2": "ht", "lang3": null }, "geometry": { "type": "Point", "coordinates": [ -72.428354934999902, 18.27786765500008 ] } },
{ "type": "Feature", "properties": { "admin_level": 3, "name": "3e Section Haut des Moustiques", "name1": "3e Section Haut des Moustiques", "name2": null, "name3": null, "x_coord": -72.89018259, "y_coord": 19.75601275, "adm4_name": null, "adm4_name1": null, "adm4_name2": null, "adm4_name3": null, "adm4_pcode": null, "adm3_name": "3e Section Haut des Moustiques", "adm3_name1": "3e Section Haut des Moustiques", "adm3_name2": null, "adm3_name3": null, "adm3_pcode": "HT0913-03", "adm2_name": "Bassin Bleu", "adm2_name1": "Bassin Bleu", "adm2_name2": null, "adm2_name3": null, "adm2_pcode": "HT0913", "adm1_name": "North-West", "adm1_name1": "Nord-Ouest", "adm1_name2": "Nòdwès", "adm1_name3": null, "adm1_pcode": "HT09", "adm0_name": "Haiti", "adm0_name1": null, "adm0_name2": null, "adm0_name3": null, "adm0_pcode": "HT", "valid_on": "2018-11-29", "valid_to": null, "version": "v01", "lang": "en", "lang1": "fr", "lang2": "ht", "lang3": null }, "geometry": { "type": "Point", "coordinates": [ -72.890182592999963, 19.75601274700017 ] } },
{ "type": "Feature", "properties": { "admin_level": 3, "name": "3e Section Haut Martineau", "name1": "3e Section Haut Martineau", "name2": null, "name3": null, "x_coord": -72.48067735, "y_coord": 19.63885998, "adm4_name": null, "adm4_name1": null, "adm4_name2": null, "adm4_name3": null, "adm4_pcode": null, "adm3_name": "3e Section Haut Martineau", "adm3_name1": "3e Section Haut Martineau", "adm3_name2": null, "adm3_name3": null, "adm3_pcode": "HT0371-03", "adm2_name": "Plaisance", "adm2_name1": "Plaisance", "adm2_name2": null, "adm2_name3": null, "adm2_pcode": "HT0371", "adm1_name": "North", "adm1_name1": "Nord", "adm1_name2": "Nò", "adm1_name3": null, "adm1_pcode": "HT03", "adm0_name": "Haiti", "adm0_name1": null, "adm0_name2": null, "adm0_name3": null, "adm0_pcode": "HT", "valid_on": "2018-11-29", "valid_to": null, "version": "v01", "lang": "en", "lang1": "fr", "lang2": "ht", "lang3": null }, "geometry": { "type": "Point", "coordinates": [ -72.480677345999936, 19.638859979000131 ] } },
{ "type": "Feature", "properties": { "admin_level": 3, "name": "3e Section Haute Guinaudee", "name1": "3e Section Haute Guinaudee", "name2": null, "name3": null, "x_coord": -74.14245173, "y_coord": 18.48088201, "adm4_name": null, "adm4_name1": null, "adm4_name2": null, "adm4_name3": null, "adm4_pcode": null, "adm3_name": "3e Section Haute Guinaudee", "adm3_name1": "3e Section Haute Guinaudee", "adm3_name2": null, "adm3_name3": null, "adm3_pcode": "HT0811-03", "adm2_name": "Jeremie", "adm2_name1": "Jérémie", "adm2_name2": null, "adm2_name3": null, "adm2_pcode": "HT0811", "adm1_name": "Grande'Anse", "adm1_name1": "Grande'Anse", "adm1_name2": "Grandans", "adm1_name3": null, "adm1_pcode": "HT08", "adm0_name": "Haiti", "adm0_name1": null, "adm0_name2": null, "adm0_name3": null, "adm0_pcode": "HT", "valid_on": "2018-11-29", "valid_to": null, "version": "v01", "lang": "en", "lang1": "fr", "lang2": "ht", "lang3": null }, "geometry": { "type": "Point", "coordinates": [ -74.142451733999962, 18.48088200900014 ] } },
{ "type": "Feature", "properties": { "admin_level": 3, "name": "3e Section Îlet a Pierre Joseph", "name1": "3e Section Îlet à Pierre Joseph", "name2": null, "name3": null, "x_coord": -74.42165564, "y_coord": 18.46541516, "adm4_name": null, "adm4_name1": null, "adm4_name2": null, "adm4_name3": null, "adm4_pcode": null, "adm3_name": "3e Section Îlet a Pierre Joseph", "adm3_name1": "3e Section Îlet à Pierre Joseph", "adm3_name2": null, "adm3_name3": null, "adm3_pcode": "HT0821-03", "adm2_name": "Anse d'Hainault", "adm2_name1": "Anse d'Hainault", "adm2_name2": null, "adm2_name3": null, "adm2_pcode": "HT0821", "adm1_name": "Grande'Anse", "adm1_name1": "Grande'Anse", "adm1_name2": "Grandans", "adm1_name3": null, "adm1_pcode": "HT08", "adm0_name": "Haiti", "adm0_name1": null, "adm0_name2": null, "adm0_name3": null, "adm0_pcode": "HT", "valid_on": "2018-11-29", "valid_to": null, "version": "v01", "lang": "en", "lang1": "fr", "lang2": "ht", "lang3": null }, "geometry": { "type": "Point", "coordinates": [ -74.421655642999951, 18.465415160000191 ] } },
{ "type": "Feature", "properties": { "admin_level": 3, "name": "3e Section Jean Bellune", "name1": "3e Section Jean Bellune", "name2": null, "name3": null, "x_coord": -73.77326318, "y_coord": 18.46586821, "adm4_name": null, "adm4_name1": null, "adm4_name2": null, "adm4_name3": null, "adm4_pcode": null, "adm3_name": "3e Section Jean Bellune", "adm3_name1": "3e Section Jean Bellune", "adm3_name2": null, "adm3_name3": null, "adm3_pcode": "HT0834-03", "adm2_name": "Pestel", "adm2_name1": "Pestel", "adm2_name2": null, "adm2_name3": null, "adm2_pcode": "HT0834", "adm1_name": "Grande'Anse", "adm1_name1": "Grande'Anse", "adm1_name2": "Grandans", "adm1_name3": null, "adm1_pcode": "HT08", "adm0_name": "Haiti", "adm0_name1": null, "adm0_name2": null, "adm0_name3": null, "adm0_pcode": "HT", "valid_on": "2018-11-29", "valid_to": null, "version": "v01", "lang": "en", "lang1": "fr", "lang2": "ht", "lang3": null }, "geometry": { "type": "Point", "coordinates": [ -73.773263177999922, 18.4658682110001 ] } },
{ "type": "Feature", "properties": { "admin_level": 3, "name": "3e Section l'Assise ou Chameau", "name1": "3e Section l'Assise ou Chameau", "name2": null, "name3": null, "x_coord": -74.29729977, "y_coord": 18.46900265, "adm4_name": null, "adm4_name1": null, "adm4_name2": null, "adm4_name3": null, "adm4_pcode": null, "adm3_name": "3e Section l'Assise ou Chameau", "adm3_name1": "3e Section l'Assise ou Chameau", "adm3_name2": null, "adm3_name3": null, "adm3_pcode": "HT0814-03", "adm2_name": "Moron", "adm2_name1": "Moron", "adm2_name2": null, "adm2_name3": null, "adm2_pcode": "HT0814", "adm1_name": "Grande'Anse", "adm1_name1": "Grande'Anse", "adm1_name2": "Grandans", "adm1_name3": null, "adm1_pcode": "HT08", "adm0_name": "Haiti", "adm0_name1": null, "adm0_name2": null, "adm0_name3": null, "adm0_pcode": "HT", "valid_on": "2018-11-29", "valid_to": null, "version": "v01", "lang": "en", "lang1": "fr", "lang2": "ht", "lang3": null }, "geometry": { "type": "Point", "coordinates": [ -74.297299771999917, 18.469002647000082 ] } },
{ "type": "Feature", "properties": { "admin_level": 3, "name": "3e Section La Vallee de Bainet", "name1": "3e Section La Vallee de Bainet", "name2": null, "name3": null, "x_coord": -72.74782064, "y_coord": 18.23404559, "adm4_name": null, "adm4_name1": null, "adm4_name2": null, "adm4_name3": null, "adm4_pcode": null, "adm3_name": "3e Section La Vallee de Bainet", "adm3_name1": "3e Section La Vallee de Bainet", "adm3_name2": null, "adm3_name3": null, "adm3_pcode": "HT0221-03", "adm2_name": "Bainet", "adm2_name1": "Bainet", "adm2_name2": null, "adm2_name3": null, "adm2_pcode": "HT0221", "adm1_name": "South-East", "adm1_name1": "Sud-Est", "adm1_name2": "Sidès", "adm1_name3": null, "adm1_pcode": "HT02", "adm0_name": "Haiti", "adm0_name1": null, "adm0_name2": null, "adm0_name3": null, "adm0_pcode": "HT", "valid_on": "2018-11-29", "valid_to": null, "version": "v01", "lang": "en", "lang1": "fr", "lang2": "ht", "lang3": null }, "geometry": { "type": "Point", "coordinates": [ -72.747820639999986, 18.234045588000015 ] } },
{ "type": "Feature", "properties": { "admin_level": 3, "name": "3e Section Labady", "name1": "3e Section Labady", "name2": null, "name3": null, "x_coord": -72.44028738, "y_coord": 19.08551491, "adm4_name": null, "adm4_name1": null, "adm4_name2": null, "adm4_name3": null, "adm4_pcode": null, "adm3_name": "3e Section Labady", "adm3_name1": "3e Section Labady", "adm3_name2": null, "adm3_name3": null, "adm3_pcode": "HT0542-03", "adm2_name": "Petite Riviere de l'Artibonite", "adm2_name1": "Petite Rivière de l'Artibonite", "adm2_name2": null, "adm2_name3": null, "adm2_pcode": "HT0542", "adm1_name": "Artibonite", "adm1_name1": "Artibonite", "adm1_name2": "Latibonit", "adm1_name3": null, "adm1_pcode": "HT05", "adm0_name": "Haiti", "adm0_name1": null, "adm0_name2": null, "adm0_name3": null, "adm0_pcode": "HT", "valid_on": "2018-11-29", "valid_to": null, "version": "v01", "lang": "en", "lang1": "fr", "lang2": "ht", "lang3": null }, "geometry": { "type": "Point", "coordinates": [ -72.440287380999905, 19.085514914000044 ] } },
{ "type": "Feature", "properties": { "admin_level": 3, "name": "3e Section Laborde", "name1": "3e Section Laborde", "name2": null, "name3": null, "x_coord": -73.80020334, "y_coord": 18.30871033, "adm4_name": null, "adm4_name1": null, "adm4_name2": null, "adm4_name3": null, "adm4_pcode": null, "adm3_name": "3e Section Laborde", "adm3_name1": "3e Section Laborde", "adm3_name2": null, "adm3_name3": null, "adm3_pcode": "HT0711-03", "adm2_name": "Les Cayes", "adm2_name1": "Les Cayes", "adm2_name2": null, "adm2_name3": null, "adm2_pcode": "HT0711", "adm1_name": "South", "adm1_name1": "Sud", "adm1_name2": "Sid", "adm1_name3": null, "adm1_pcode": "HT07", "adm0_name": "Haiti", "adm0_name1": null, "adm0_name2": null, "adm0_name3": null, "adm0_pcode": "HT", "valid_on": "2018-11-29", "valid_to": null, "version": "v01", "lang": "en", "lang1": "fr", "lang2": "ht", "lang3": null }, "geometry": { "type": "Point", "coordinates": [ -73.800203335999981, 18.308710330000167 ] } },
{ "type": "Feature", "properties": { "admin_level": 3, "name": "3e Section Lagon", "name1": "3e Section Lagon", "name2": null, "name3": null, "x_coord": -72.8386669, "y_coord": 19.68471444, "adm4_name": null, "adm4_name1": null, "adm4_name2": null, "adm4_name3": null, "adm4_pcode": null, "adm3_name": "3e Section Lagon", "adm3_name1": "3e Section Lagon", "adm3_name2": null, "adm3_name3": null, "adm3_pcode": "HT0522-03", "adm2_name": "Terre Neuve", "adm2_name1": "Terre Neuve", "adm2_name2": null, "adm2_name3": null, "adm2_pcode": "HT0522", "adm1_name": "Artibonite", "adm1_name1": "Artibonite", "adm1_name2": "Latibonit", "adm1_name3": null, "adm1_pcode": "HT05", "adm0_name": "Haiti", "adm0_name1": null, "adm0_name2": null, "adm0_name3": null, "adm0_pcode": "HT", "valid_on": "2018-11-29", "valid_to": null, "version": "v01", "lang": "en", "lang1": "fr", "lang2": "ht", "lang3": null }, "geometry": { "type": "Point", "coordinates": [ -72.838666899999907, 19.684714439 ] } },
{ "type": "Feature", "properties": { "admin_level": 3, "name": "3e Section Lamielle", "name1": "3e Section Lamielle", "name2": null, "name3": null, "x_coord": -71.69616078, "y_coord": 19.22310193, "adm4_name": null, "adm4_name1": null, "adm4_name2": null, "adm4_name3": null, "adm4_pcode": null, "adm3_name": "3e Section Lamielle", "adm3_name1": "3e Section Lamielle", "adm3_name2": null, "adm3_name3": null, "adm3_pcode": "HT0641-03", "adm2_name": "Cerca La Source", "adm2_name1": "Cerca La Source", "adm2_name2": null, "adm2_name3": null, "adm2_pcode": "HT0641", "adm1_name": "Centre", "adm1_name1": "Centre", "adm1_name2": "Sant", "adm1_name3": null, "adm1_pcode": "HT06", "adm0_name": "Haiti", "adm0_name1": null, "adm0_name2": null, "adm0_name3": null, "adm0_pcode": "HT", "valid_on": "2018-11-29", "valid_to": null, "version": "v01", "lang": "en", "lang1": "fr", "lang2": "ht", "lang3": null }, "geometry": { "type": "Point", "coordinates": [ -71.696160779999843, 19.223101927000187 ] } },
{ "type": "Feature", "properties": { "admin_level": 3, "name": "3e Section Lieve ou Vigny", "name1": "3e Section Liève ou Vigny", "name2": null, "name3": null, "x_coord": -73.47784408, "y_coord": 18.41415905, "adm4_name": null, "adm4_name1": null, "adm4_name2": null, "adm4_name3": null, "adm4_pcode": null, "adm3_name": "3e Section Lieve ou Vigny", "adm3_name1": "3e Section Liève ou Vigny", "adm3_name2": null, "adm3_name3": null, "adm3_pcode": "HT1022-03", "adm2_name": "Petit Trou de Nippes", "adm2_name1": "Petit Trou de Nippes", "adm2_name2": null, "adm2_name3": null, "adm2_pcode": "HT1022", "adm1_name": "Nippes", "adm1_name1": "Nippes", "adm1_name2": "Nip", "adm1_name3": null, "adm1_pcode": "HT10", "adm0_name": "Haiti", "adm0_name1": null, "adm0_name2": null, "adm0_name3": null, "adm0_pcode": "HT", "valid_on": "2018-11-29", "valid_to": null, "version": "v01", "lang": "en", "lang1": "fr", "lang2": "ht", "lang3": null }, "geometry": { "type": "Point", "coordinates": [ -73.477844077999976, 18.414159054000095 ] } },
{ "type": "Feature", "properties": { "admin_level": 3, "name": "3e Section Loby", "name1": "3e Section Loby", "name2": null, "name3": null, "x_coord": -74.37320014, "y_coord": 18.34215243, "adm4_name": null, "adm4_name1": null, "adm4_name2": null, "adm4_name3": null, "adm4_pcode": null, "adm3_name": "3e Section Loby", "adm3_name1": "3e Section Loby", "adm3_name2": null, "adm3_name3": null, "adm3_pcode": "HT0753-03", "adm2_name": "Tiburon", "adm2_name1": "Tiburon", "adm2_name2": null, "adm2_name3": null, "adm2_pcode": "HT0753", "adm1_name": "South", "adm1_name1": "Sud", "adm1_name2": "Sid", "adm1_name3": null, "adm1_pcode": "HT07", "adm0_name": "Haiti", "adm0_name1": null, "adm0_name2": null, "adm0_name3": null, "adm0_pcode": "HT", "valid_on": "2018-11-29", "valid_to": null, "version": "v01", "lang": "en", "lang1": "fr", "lang2": "ht", "lang3": null }, "geometry": { "type": "Point", "coordinates": [ -74.373200144999885, 18.342152430000169 ] } },
{ "type": "Feature", "properties": { "admin_level": 3, "name": "3e Section Loiseau", "name1": "3e Section Loiseau", "name2": null, "name3": null, "x_coord": -71.85883165, "y_coord": 19.49041145, "adm4_name": null, "adm4_name1": null, "adm4_name2": null, "adm4_name3": null, "adm4_pcode": null, "adm3_name": "3e Section Loiseau", "adm3_name1": "3e Section Loiseau", "adm3_name2": null, "adm3_name3": null, "adm3_pcode": "HT0411-03", "adm2_name": "Fort-Liberte", "adm2_name1": "Fort-Liberté", "adm2_name2": null, "adm2_name3": null, "adm2_pcode": "HT0411", "adm1_name": "North-East", "adm1_name1": "Nord-Est", "adm1_name2": "Nòdès", "adm1_name3": null, "adm1_pcode": "HT04", "adm0_name": "Haiti", "adm0_name1": null, "adm0_name2": null, "adm0_name3": null, "adm0_pcode": "HT", "valid_on": "2018-11-29", "valid_to": null, "version": "v01", "lang": "en", "lang1": "fr", "lang2": "ht", "lang3": null }, "geometry": { "type": "Point", "coordinates": [ -71.858831647999921, 19.490411448000145 ] } },
{ "type": "Feature", "properties": { "admin_level": 3, "name": "3e Section Macary", "name1": "3e Section Macary", "name2": null, "name3": null, "x_coord": -72.29756285000001, "y_coord": 18.30817403, "adm4_name": null, "adm4_name1": null, "adm4_name2": null, "adm4_name3": null, "adm4_pcode": null, "adm3_name": "3e Section Macary", "adm3_name1": "3e Section Macary", "adm3_name2": null, "adm3_name3": null, "adm3_pcode": "HT0212-03", "adm2_name": "Marigot", "adm2_name1": "Marigot", "adm2_name2": null, "adm2_name3": null, "adm2_pcode": "HT0212", "adm1_name": "South-East", "adm1_name1": "Sud-Est", "adm1_name2": "Sidès", "adm1_name3": null, "adm1_pcode": "HT02", "adm0_name": "Haiti", "adm0_name1": null, "adm0_name2": null, "adm0_name3": null, "adm0_pcode": "HT", "valid_on": "2018-11-29", "valid_to": null, "version": "v01", "lang": "en", "lang1": "fr", "lang2": "ht", "lang3": null }, "geometry": { "type": "Point", "coordinates": [ -72.297562846999938, 18.308174030000032 ] } },
{ "type": "Feature", "properties": { "admin_level": 3, "name": "3e Section Martissant", "name1": "3e Section Martissant", "name2": null, "name3": null, "x_coord": -72.35960699, "y_coord": 18.51801614, "adm4_name": null, "adm4_name1": null, "adm4_name2": null, "adm4_name3": null, "adm4_pcode": null, "adm3_name": "3e Section Martissant", "adm3_name1": "3e Section Martissant", "adm3_name2": null, "adm3_name3": null, "adm3_pcode": "HT0111-03", "adm2_name": "Port-au-Prince", "adm2_name1": "Port-au-Prince", "adm2_name2": null, "adm2_name3": null, "adm2_pcode": "HT0111", "adm1_name": "West", "adm1_name1": "Ouest", "adm1_name2": "Lwès", "adm1_name3": null, "adm1_pcode": "HT01", "adm0_name": "Haiti", "adm0_name1": null, "adm0_name2": null, "adm0_name3": null, "adm0_pcode": "HT", "valid_on": "2018-11-29", "valid_to": null, "version": "v01", "lang": "en", "lang1": "fr", "lang2": "ht", "lang3": null }, "geometry": { "type": "Point", "coordinates": [ -72.359606987999939, 18.518016137000075 ] } },
{ "type": "Feature", "properties": { "admin_level": 3, "name": "3e Section Matador", "name1": "3e Section Matador", "name2": null, "name3": null, "x_coord": -72.2883518, "y_coord": 19.4854934, "adm4_name": null, "adm4_name1": null, "adm4_name2": null, "adm4_name3": null, "adm4_pcode": null, "adm3_name": "3e Section Matador", "adm3_name1": "3e Section Matador", "adm3_name2": null, "adm3_name3": null, "adm3_pcode": "HT0342-03", "adm2_name": "Dondon", "adm2_name1": "Dondon", "adm2_name2": null, "adm2_name3": null, "adm2_pcode": "HT0342", "adm1_name": "North", "adm1_name1": "Nord", "adm1_name2": "Nò", "adm1_name3": null, "adm1_pcode": "HT03", "adm0_name": "Haiti", "adm0_name1": null, "adm0_name2": null, "adm0_name3": null, "adm0_pcode": "HT", "valid_on": "2018-11-29", "valid_to": null, "version": "v01", "lang": "en", "lang1": "fr", "lang2": "ht", "lang3": null }, "geometry": { "type": "Point", "coordinates": [ -72.288351800999976, 19.485493395000105 ] } },
{ "type": "Feature", "properties": { "admin_level": 3, "name": "3e Section Melon", "name1": "3e Section Melon", "name2": null, "name3": null, "x_coord": -73.78355655, "y_coord": 18.38547692, "adm4_name": null, "adm4_name1": null, "adm4_name2": null, "adm4_name3": null, "adm4_pcode": null, "adm3_name": "3e Section Melon", "adm3_name1": "3e Section Melon", "adm3_name2": null, "adm3_name3": null, "adm3_pcode": "HT0715-03", "adm2_name": "Maniche", "adm2_name1": "Maniche", "adm2_name2": null, "adm2_name3": null, "adm2_pcode": "HT0715", "adm1_name": "South", "adm1_name1": "Sud", "adm1_name2": "Sid", "adm1_name3": null, "adm1_pcode": "HT07", "adm0_name": "Haiti", "adm0_name1": null, "adm0_name2": null, "adm0_name3": null, "adm0_pcode": "HT", "valid_on": "2018-11-29", "valid_to": null, "version": "v01", "lang": "en", "lang1": "fr", "lang2": "ht", "lang3": null }, "geometry": { "type": "Point", "coordinates": [ -73.783556545999943, 18.385476919000041 ] } },
{ "type": "Feature", "properties": { "admin_level": 3, "name": "3e Section Montagne Noire", "name1": "3e Section Montagne Noire", "name2": null, "name3": null, "x_coord": -72.15537081, "y_coord": 19.48583103, "adm4_name": null, "adm4_name1": null, "adm4_name2": null, "adm4_name3": null, "adm4_pcode": null, "adm3_name": "3e Section Montagne Noire", "adm3_name1": "3e Section Montagne Noire", "adm3_name2": null, "adm3_name3": null, "adm3_pcode": "HT0332-03", "adm2_name": "Bahon", "adm2_name1": "Bahon", "adm2_name2": null, "adm2_name3": null, "adm2_pcode": "HT0332", "adm1_name": "North", "adm1_name1": "Nord", "adm1_name2": "Nò", "adm1_name3": null, "adm1_pcode": "HT03", "adm0_name": "Haiti", "adm0_name1": null, "adm0_name2": null, "adm0_name3": null, "adm0_pcode": "HT", "valid_on": "2018-11-29", "valid_to": null, "version": "v01", "lang": "en", "lang1": "fr", "lang2": "ht", "lang3": null }, "geometry": { "type": "Point", "coordinates": [ -72.15537080699994, 19.485831027000131 ] } },
{ "type": "Feature", "properties": { "admin_level": 3, "name": "3e Section Morne a Brûler", "name1": "3e Section Morne à Brûler", "name2": null, "name3": null, "x_coord": -72.66662889, "y_coord": 18.30991409, "adm4_name": null, "adm4_name1": null, "adm4_name2": null, "adm4_name3": null, "adm4_pcode": null, "adm3_name": "3e Section Morne a Brûler", "adm3_name1": "3e Section Morne à Brûler", "adm3_name2": null, "adm3_name3": null, "adm3_pcode": "HT0214-03", "adm2_name": "La Vallee", "adm2_name1": "La Vallée", "adm2_name2": null, "adm2_name3": null, "adm2_pcode": "HT0214", "adm1_name": "South-East", "adm1_name1": "Sud-Est", "adm1_name2": "Sidès", "adm1_name3": null, "adm1_pcode": "HT02", "adm0_name": "Haiti", "adm0_name1": null, "adm0_name2": null, "adm0_name3": null, "adm0_pcode": "HT", "valid_on": "2018-11-29", "valid_to": null, "version": "v01", "lang": "en", "lang1": "fr", "lang2": "ht", "lang3": null }, "geometry": { "type": "Point", "coordinates": [ -72.66662888999997, 18.309914088000141 ] } },
{ "type": "Feature", "properties": { "admin_level": 3, "name": "3e Section Mornet", "name1": "3e Section Mornet", "name2": null, "name3": null, "x_coord": -72.29263778000001, "y_coord": 19.604464, "adm4_name": null, "adm4_name1": null, "adm4_name2": null, "adm4_name3": null, "adm4_pcode": null, "adm3_name": "3e Section Mornet", "adm3_name1": "3e Section Mornet", "adm3_name2": null, "adm3_name3": null, "adm3_pcode": "HT0321-03", "adm2_name": "Acul du Nord", "adm2_name1": "Acul du Nord", "adm2_name2": null, "adm2_name3": null, "adm2_pcode": "HT0321", "adm1_name": "North", "adm1_name1": "Nord", "adm1_name2": "Nò", "adm1_name3": null, "adm1_pcode": "HT03", "adm0_name": "Haiti", "adm0_name1": null, "adm0_name2": null, "adm0_name3": null, "adm0_pcode": "HT", "valid_on": "2018-11-29", "valid_to": null, "version": "v01", "lang": "en", "lang1": "fr", "lang2": "ht", "lang3": null }, "geometry": { "type": "Point", "coordinates": [ -72.29263777999995, 19.604463998000028 ] } },
{ "type": "Feature", "properties": { "admin_level": 3, "name": "3e Section Mouline", "name1": "3e Section Mouline", "name2": null, "name3": null, "x_coord": -74.01358369, "y_coord": 18.44040919, "adm4_name": null, "adm4_name1": null, "adm4_name2": null, "adm4_name3": null, "adm4_pcode": null, "adm3_name": "3e Section Mouline", "adm3_name1": "3e Section Mouline", "adm3_name2": null, "adm3_name3": null, "adm3_pcode": "HT0833-03", "adm2_name": "Beaumont", "adm2_name1": "Beaumont", "adm2_name2": null, "adm2_name3": null, "adm2_pcode": "HT0833", "adm1_name": "Grande'Anse", "adm1_name1": "Grande'Anse", "adm1_name2": "Grandans", "adm1_name3": null, "adm1_pcode": "HT08", "adm0_name": "Haiti", "adm0_name1": null, "adm0_name2": null, "adm0_name3": null, "adm0_pcode": "HT", "valid_on": "2018-11-29", "valid_to": null, "version": "v01", "lang": "en", "lang1": "fr", "lang2": "ht", "lang3": null }, "geometry": { "type": "Point", "coordinates": [ -74.013583686999937, 18.440409192000118 ] } },
{ "type": "Feature", "properties": { "admin_level": 3, "name": "3e Section Moussambe", "name1": "3e Section Moussambe", "name2": null, "name3": null, "x_coord": -72.78139888, "y_coord": 18.28951733, "adm4_name": null, "adm4_name1": null, "adm4_name2": null, "adm4_name3": null, "adm4_pcode": null, "adm3_name": "3e Section Moussambe", "adm3_name1": "3e Section Moussambe", "adm3_name2": null, "adm3_name3": null, "adm3_pcode": "HT0123-03", "adm2_name": "Grand-Goave", "adm2_name1": "Grand-Goâve", "adm2_name2": null, "adm2_name3": null, "adm2_pcode": "HT0123", "adm1_name": "West", "adm1_name1": "Ouest", "adm1_name2": "Lwès", "adm1_name3": null, "adm1_pcode": "HT01", "adm0_name": "Haiti", "adm0_name1": null, "adm0_name2": null, "adm0_name3": null, "adm0_pcode": "HT", "valid_on": "2018-11-29", "valid_to": null, "version": "v01", "lang": "en", "lang1": "fr", "lang2": "ht", "lang3": null }, "geometry": { "type": "Point", "coordinates": [ -72.781398875999969, 18.289517330000024 ] } },
{ "type": "Feature", "properties": { "admin_level": 3, "name": "3e Section Oge", "name1": "3e Section Oge", "name2": null, "name3": null, "x_coord": -72.53257068000001, "y_coord": 19.25686928, "adm4_name": null, "adm4_name1": null, "adm4_name2": null, "adm4_name3": null, "adm4_pcode": null, "adm3_name": "3e Section Oge", "adm3_name1": "3e Section Oge", "adm3_name2": null, "adm3_name3": null, "adm3_pcode": "HT0541-03", "adm2_name": "Dessalines", "adm2_name1": "Dessalines", "adm2_name2": null, "adm2_name3": null, "adm2_pcode": "HT0541", "adm1_name": "Artibonite", "adm1_name1": "Artibonite", "adm1_name2": "Latibonit", "adm1_name3": null, "adm1_pcode": "HT05", "adm0_name": "Haiti", "adm0_name1": null, "adm0_name2": null, "adm0_name3": null, "adm0_pcode": "HT", "valid_on": "2018-11-29", "valid_to": null, "version": "v01", "lang": "en", "lang1": "fr", "lang2": "ht", "lang3": null }, "geometry": { "type": "Point", "coordinates": [ -72.532570675999978, 19.256869277000078 ] } },
{ "type": "Feature", "properties": { "admin_level": 3, "name": "3e Section Pemerle", "name1": "3e Section Pemerle", "name2": null, "name3": null, "x_coord": -73.18765491000001, "y_coord": 18.375645, "adm4_name": null, "adm4_name1": null, "adm4_name2": null, "adm4_name3": null, "adm4_pcode": null, "adm3_name": "3e Section Pemerle", "adm3_name1": "3e Section Pemerle", "adm3_name2": null, "adm3_name3": null, "adm3_pcode": "HT1013-03", "adm2_name": "Fonds des Negres", "adm2_name1": "Fonds des Nègres", "adm2_name2": null, "adm2_name3": null, "adm2_pcode": "HT1013", "adm1_name": "Nippes", "adm1_name1": "Nippes", "adm1_name2": "Nip", "adm1_name3": null, "adm1_pcode": "HT10", "adm0_name": "Haiti", "adm0_name1": null, "adm0_name2": null, "adm0_name3": null, "adm0_pcode": "HT", "valid_on": "2018-11-29", "valid_to": null, "version": "v01", "lang": "en", "lang1": "fr", "lang2": "ht", "lang3": null }, "geometry": { "type": "Point", "coordinates": [ -73.187654911999914, 18.375644998000041 ] } },
{ "type": "Feature", "properties": { "admin_level": 3, "name": "3e Section Petit Anse", "name1": "3e Section Petit Anse", "name2": null, "name3": null, "x_coord": -72.18941477, "y_coord": 19.73401253, "adm4_name": null, "adm4_name1": null, "adm4_name2": null, "adm4_name3": null, "adm4_pcode": null, "adm3_name": "3e Section Petit Anse", "adm3_name1": "3e Section Petit Anse", "adm3_name2": null, "adm3_name3": null, "adm3_pcode": "HT0311-03", "adm2_name": "Cap-Haitien", "adm2_name1": "Cap-Haïtien", "adm2_name2": null, "adm2_name3": null, "adm2_pcode": "HT0311", "adm1_name": "North", "adm1_name1": "Nord", "adm1_name2": "Nò", "adm1_name3": null, "adm1_pcode": "HT03", "adm0_name": "Haiti", "adm0_name1": null, "adm0_name2": null, "adm0_name3": null, "adm0_pcode": "HT", "valid_on": "2018-11-29", "valid_to": null, "version": "v01", "lang": "en", "lang1": "fr", "lang2": "ht", "lang3": null }, "geometry": { "type": "Point", "coordinates": [ -72.189414772999953, 19.734012526000186 ] } },
{ "type": "Feature", "properties": { "admin_level": 3, "name": "3e Section Petit Bois", "name1": "3e Section Petit Bois", "name2": null, "name3": null, "x_coord": -72.21488123, "y_coord": 18.55174363, "adm4_name": null, "adm4_name1": null, "adm4_name2": null, "adm4_name3": null, "adm4_pcode": null, "adm3_name": "3e Section Petit Bois", "adm3_name1": "3e Section Petit Bois", "adm3_name2": null, "adm3_name3": null, "adm3_pcode": "HT0131-03", "adm2_name": "Croix-Des-Bouquets", "adm2_name1": "Croix-Des-Bouquets", "adm2_name2": null, "adm2_name3": null, "adm2_pcode": "HT0131", "adm1_name": "West", "adm1_name1": "Ouest", "adm1_name2": "Lwès", "adm1_name3": null, "adm1_pcode": "HT01", "adm0_name": "Haiti", "adm0_name1": null, "adm0_name2": null, "adm0_name3": null, "adm0_pcode": "HT", "valid_on": "2018-11-29", "valid_to": null, "version": "v01", "lang": "en", "lang1": "fr", "lang2": "ht", "lang3": null }, "geometry": { "type": "Point", "coordinates": [ -72.214881232999971, 18.551743629000043 ] } },
{ "type": "Feature", "properties": { "admin_level": 3, "name": "3e Section Petit Boucan", "name1": "3e Section Petit Boucan", "name2": null, "name3": null, "x_coord": -72.54409423, "y_coord": 18.51122321, "adm4_name": null, "adm4_name1": null, "adm4_name2": null, "adm4_name3": null, "adm4_pcode": null, "adm3_name": "3e Section Petit Boucan", "adm3_name1": "3e Section Petit Boucan", "adm3_name2": null, "adm3_name3": null, "adm3_pcode": "HT0116-03", "adm2_name": "Gressier", "adm2_name1": "Gressier", "adm2_name2": null, "adm2_name3": null, "adm2_pcode": "HT0116", "adm1_name": "West", "adm1_name1": "Ouest", "adm1_name2": "Lwès", "adm1_name3": null, "adm1_pcode": "HT01", "adm0_name": "Haiti", "adm0_name1": null, "adm0_name2": null, "adm0_name3": null, "adm0_pcode": "HT", "valid_on": "2018-11-29", "valid_to": null, "version": "v01", "lang": "en", "lang1": "fr", "lang2": "ht", "lang3": null }, "geometry": { "type": "Point", "coordinates": [ -72.544094233999886, 18.511223213000051 ] } },
{ "type": "Feature", "properties": { "admin_level": 3, "name": "3e Section Petit Bourgde Borgne", "name1": "3e Section Petit Bourgde Borgne", "name2": null, "name3": null, "x_coord": -72.58420228, "y_coord": 19.80175644, "adm4_name": null, "adm4_name1": null, "adm4_name2": null, "adm4_name3": null, "adm4_pcode": null, "adm3_name": "3e Section Petit Bourgde Borgne", "adm3_name1": "3e Section Petit Bourgde Borgne", "adm3_name2": null, "adm3_name3": null, "adm3_pcode": "HT0351-03", "adm2_name": "Borgne", "adm2_name1": "Borgne", "adm2_name2": null, "adm2_name3": null, "adm2_pcode": "HT0351", "adm1_name": "North", "adm1_name1": "Nord", "adm1_name2": "Nò", "adm1_name3": null, "adm1_pcode": "HT03", "adm0_name": "Haiti", "adm0_name1": null, "adm0_name2": null, "adm0_name3": null, "adm0_pcode": "HT", "valid_on": "2018-11-29", "valid_to": null, "version": "v01", "lang": "en", "lang1": "fr", "lang2": "ht", "lang3": null }, "geometry": { "type": "Point", "coordinates": [ -72.584202281999922, 19.801756443000158 ] } },
{ "type": "Feature", "properties": { "admin_level": 3, "name": "3e Section Plaine d'Orange", "name1": "3e Section Plaine d'Orange", "name2": null, "name3": null, "x_coord": -73.40037678, "y_coord": 19.69565588, "adm4_name": null, "adm4_name1": null, "adm4_name2": null, "adm4_name3": null, "adm4_pcode": null, "adm3_name": "3e Section Plaine d'Orange", "adm3_name1": "3e Section Plaine d'Orange", "adm3_name2": null, "adm3_name3": null, "adm3_pcode": "HT0933-03", "adm2_name": "Bombardopolis", "adm2_name1": "Bombardopolis", "adm2_name2": null, "adm2_name3": null, "adm2_pcode": "HT0933", "adm1_name": "North-West", "adm1_name1": "Nord-Ouest", "adm1_name2": "Nòdwès", "adm1_name3": null, "adm1_pcode": "HT09", "adm0_name": "Haiti", "adm0_name1": null, "adm0_name2": null, "adm0_name3": null, "adm0_pcode": "HT", "valid_on": "2018-11-29", "valid_to": null, "version": "v01", "lang": "en", "lang1": "fr", "lang2": "ht", "lang3": null }, "geometry": { "type": "Point", "coordinates": [ -73.400376776999906, 19.695655879000071 ] } },
{ "type": "Feature", "properties": { "admin_level": 3, "name": "3e Section Platon", "name1": "3e Section Platon", "name2": null, "name3": null, "x_coord": -72.39383794, "y_coord": 19.49941631, "adm4_name": null, "adm4_name1": null, "adm4_name2": null, "adm4_name3": null, "adm4_pcode": null, "adm3_name": "3e Section Platon", "adm3_name1": "3e Section Platon", "adm3_name2": null, "adm3_name3": null, "adm3_pcode": "HT0552-03", "adm2_name": "Marmelade", "adm2_name1": "Marmelade", "adm2_name2": null, "adm2_name3": null, "adm2_pcode": "HT0552", "adm1_name": "Artibonite", "adm1_name1": "Artibonite", "adm1_name2": "Latibonit", "adm1_name3": null, "adm1_pcode": "HT05", "adm0_name": "Haiti", "adm0_name1": null, "adm0_name2": null, "adm0_name3": null, "adm0_pcode": "HT", "valid_on": "2018-11-29", "valid_to": null, "version": "v01", "lang": "en", "lang1": "fr", "lang2": "ht", "lang3": null }, "geometry": { "type": "Point", "coordinates": [ -72.393837934999908, 19.499416306000057 ] } },
{ "type": "Feature", "properties": { "admin_level": 3, "name": "3e Section Pte Riviere de Bayonnais", "name1": "3e Section Pte Rivière de Bayonnais", "name2": null, "name3": null, "x_coord": -72.53800599, "y_coord": 19.43286076, "adm4_name": null, "adm4_name1": null, "adm4_name2": null, "adm4_name3": null, "adm4_pcode": null, "adm3_name": "3e Section Pte Riviere de Bayonnais", "adm3_name1": "3e Section Pte Rivière de Bayonnais", "adm3_name2": null, "adm3_name3": null, "adm3_pcode": "HT0511-03", "adm2_name": "Gonaives", "adm2_name1": "Gonaïves", "adm2_name2": null, "adm2_name3": null, "adm2_pcode": "HT0511", "adm1_name": "Artibonite", "adm1_name1": "Artibonite", "adm1_name2": "Latibonit", "adm1_name3": null, "adm1_pcode": "HT05", "adm0_name": "Haiti", "adm0_name1": null, "adm0_name2": null, "adm0_name3": null, "adm0_pcode": "HT", "valid_on": "2018-11-29", "valid_to": null, "version": "v01", "lang": "en", "lang1": "fr", "lang2": "ht", "lang3": null }, "geometry": { "type": "Point", "coordinates": [ -72.538005984999984, 19.432860764000111 ] } },
{ "type": "Feature", "properties": { "admin_level": 3, "name": "3e Section Quentin", "name1": "3e Section Quentin", "name2": null, "name3": null, "x_coord": -74.02096612, "y_coord": 18.26651358, "adm4_name": null, "adm4_name1": null, "adm4_name2": null, "adm4_name3": null, "adm4_pcode": null, "adm3_name": "3e Section Quentin", "adm3_name1": "3e Section Quentin", "adm3_name2": null, "adm3_name3": null, "adm3_pcode": "HT0741-03", "adm2_name": "Coteaux", "adm2_name1": "Côteaux", "adm2_name2": null, "adm2_name3": null, "adm2_pcode": "HT0741", "adm1_name": "South", "adm1_name1": "Sud", "adm1_name2": "Sid", "adm1_name3": null, "adm1_pcode": "HT07", "adm0_name": "Haiti", "adm0_name1": null, "adm0_name2": null, "adm0_name3": null, "adm0_pcode": "HT", "valid_on": "2018-11-29", "valid_to": null, "version": "v01", "lang": "en", "lang1": "fr", "lang2": "ht", "lang3": null }, "geometry": { "type": "Point", "coordinates": [ -74.020966118999979, 18.266513585000155 ] } },
{ "type": "Feature", "properties": { "admin_level": 3, "name": "3e Section Ravine Trompette", "name1": "3e Section Ravine Trompette", "name2": null, "name3": null, "x_coord": -72.58781988, "y_coord": 19.69291074, "adm4_name": null, "adm4_name1": null, "adm4_name2": null, "adm4_name3": null, "adm4_pcode": null, "adm3_name": "3e Section Ravine Trompette", "adm3_name1": "3e Section Ravine Trompette", "adm3_name2": null, "adm3_name3": null, "adm3_pcode": "HT0372-03", "adm2_name": "Pilate", "adm2_name1": "Pilate", "adm2_name2": null, "adm2_name3": null, "adm2_pcode": "HT0372", "adm1_name": "North", "adm1_name1": "Nord", "adm1_name2": "Nò", "adm1_name3": null, "adm1_pcode": "HT03", "adm0_name": "Haiti", "adm0_name1": null, "adm0_name2": null, "adm0_name3": null, "adm0_pcode": "HT", "valid_on": "2018-11-29", "valid_to": null, "version": "v01", "lang": "en", "lang1": "fr", "lang2": "ht", "lang3": null }, "geometry": { "type": "Point", "coordinates": [ -72.587819880999859, 19.692910741000162 ] } },
{ "type": "Feature", "properties": { "admin_level": 3, "name": "3e Section Reserve ou Ti Paradis", "name1": "3e Section Reserve ou Ti Paradis", "name2": null, "name3": null, "x_coord": -73.1780919, "y_coord": 19.7525048, "adm4_name": null, "adm4_name1": null, "adm4_name2": null, "adm4_name3": null, "adm4_pcode": null, "adm3_name": "3e Section Reserve ou Ti Paradis", "adm3_name1": "3e Section Reserve ou Ti Paradis", "adm3_name2": null, "adm3_name3": null, "adm3_pcode": "HT0932-03", "adm2_name": "Baie de Henne", "adm2_name1": "Baie de Henne", "adm2_name2": null, "adm2_name3": null, "adm2_pcode": "HT0932", "adm1_name": "North-West", "adm1_name1": "Nord-Ouest", "adm1_name2": "Nòdwès", "adm1_name3": null, "adm1_pcode": "HT09", "adm0_name": "Haiti", "adm0_name1": null, "adm0_name2": null, "adm0_name3": null, "adm0_pcode": "HT", "valid_on": "2018-11-29", "valid_to": null, "version": "v01", "lang": "en", "lang1": "fr", "lang2": "ht", "lang3": null }, "geometry": { "type": "Point", "coordinates": [ -73.178091897999934, 19.752504798000075 ] } },
{ "type": "Feature", "properties": { "admin_level": 3, "name": "3e Section Riaribes", "name1": "3e Section Riaribes", "name2": null, "name3": null, "x_coord": -71.84359212, "y_coord": 18.82718463, "adm4_name": null, "adm4_name1": null, "adm4_name2": null, "adm4_name3": null, "adm4_pcode": null, "adm3_name": "3e Section Riaribes", "adm3_name1": "3e Section Riaribes", "adm3_name2": null, "adm3_name3": null, "adm3_pcode": "HT0632-03", "adm2_name": "Belladere", "adm2_name1": "Belladère", "adm2_name2": null, "adm2_name3": null, "adm2_pcode": "HT0632", "adm1_name": "Centre", "adm1_name1": "Centre", "adm1_name2": "Sant", "adm1_name3": null, "adm1_pcode": "HT06", "adm0_name": "Haiti", "adm0_name1": null, "adm0_name2": null, "adm0_name3": null, "adm0_pcode": "HT", "valid_on": "2018-11-29", "valid_to": null, "version": "v01", "lang": "en", "lang1": "fr", "lang2": "ht", "lang3": null }, "geometry": { "type": "Point", "coordinates": [ -71.84359212499993, 18.827184628999987 ] } },
{ "type": "Feature", "properties": { "admin_level": 3, "name": "3e Section Riviere Blanche", "name1": "3e Section Rivière Blanche", "name2": null, "name3": null, "x_coord": -72.67683351, "y_coord": 19.71311168, "adm4_name": null, "adm4_name1": null, "adm4_name2": null, "adm4_name3": null, "adm4_pcode": null, "adm3_name": "3e Section Riviere Blanche", "adm3_name1": "3e Section Rivière Blanche", "adm3_name2": null, "adm3_name3": null, "adm3_pcode": "HT0521-03", "adm2_name": "Gros Morne", "adm2_name1": "Gros Morne", "adm2_name2": null, "adm2_name3": null, "adm2_pcode": "HT0521", "adm1_name": "Artibonite", "adm1_name1": "Artibonite", "adm1_name2": "Latibonit", "adm1_name3": null, "adm1_pcode": "HT05", "adm0_name": "Haiti", "adm0_name1": null, "adm0_name2": null, "adm0_name3": null, "adm0_pcode": "HT", "valid_on": "2018-11-29", "valid_to": null, "version": "v01", "lang": "en", "lang1": "fr", "lang2": "ht", "lang3": null }, "geometry": { "type": "Point", "coordinates": [ -72.676833507999902, 19.713111677000029 ] } },
{ "type": "Feature", "properties": { "admin_level": 3, "name": "3e Section Roche Plate", "name1": "3e Section Roche Plate", "name2": null, "name3": null, "x_coord": -72.04182866, "y_coord": 19.59500551, "adm4_name": null, "adm4_name1": null, "adm4_name2": null, "adm4_name3": null, "adm4_pcode": null, "adm3_name": "3e Section Roche Plate", "adm3_name1": "3e Section Roche Plate", "adm3_name2": null, "adm3_name3": null, "adm3_pcode": "HT0431-03", "adm2_name": "Trou du Nord", "adm2_name1": "Trou du Nord", "adm2_name2": null, "adm2_name3": null, "adm2_pcode": "HT0431", "adm1_name": "North-East", "adm1_name1": "Nord-Est", "adm1_name2": "Nòdès", "adm1_name3": null, "adm1_pcode": "HT04", "adm0_name": "Haiti", "adm0_name1": null, "adm0_name2": null, "adm0_name3": null, "adm0_pcode": "HT", "valid_on": "2018-11-29", "valid_to": null, "version": "v01", "lang": "en", "lang1": "fr", "lang2": "ht", "lang3": null }, "geometry": { "type": "Point", "coordinates": [ -72.041828663999922, 19.595005505000188 ] } },
{ "type": "Feature", "properties": { "admin_level": 3, "name": "3e Section Roucou", "name1": "3e Section Roucou", "name2": null, "name3": null, "x_coord": -72.09697978, "y_coord": 19.65690646, "adm4_name": null, "adm4_name1": null, "adm4_name2": null, "adm4_name3": null, "adm4_pcode": null, "adm3_name": "3e Section Roucou", "adm3_name1": "3e Section Roucou", "adm3_name2": null, "adm3_name3": null, "adm3_pcode": "HT0313-03", "adm2_name": "Limonade", "adm2_name1": "Limonade", "adm2_name2": null, "adm2_name3": null, "adm2_pcode": "HT0313", "adm1_name": "North", "adm1_name1": "Nord", "adm1_name2": "Nò", "adm1_name3": null, "adm1_pcode": "HT03", "adm0_name": "Haiti", "adm0_name1": null, "adm0_name2": null, "adm0_name3": null, "adm0_pcode": "HT", "valid_on": "2018-11-29", "valid_to": null, "version": "v01", "lang": "en", "lang1": "fr", "lang2": "ht", "lang3": null }, "geometry": { "type": "Point", "coordinates": [ -72.096979777999877, 19.656906459000083 ] } },
{ "type": "Feature", "properties": { "admin_level": 3, "name": "3e Section Saut du Baril", "name1": "3e Section Saut du Baril", "name2": null, "name3": null, "x_coord": -73.28613213, "y_coord": 18.44455534, "adm4_name": null, "adm4_name1": null, "adm4_name2": null, "adm4_name3": null, "adm4_pcode": null, "adm3_name": "3e Section Saut du Baril", "adm3_name1": "3e Section Saut du Baril", "adm3_name2": null, "adm3_name3": null, "adm3_pcode": "HT1021-03", "adm2_name": "Anse-a-Veau", "adm2_name1": "Anse-à-Veau", "adm2_name2": null, "adm2_name3": null, "adm2_pcode": "HT1021", "adm1_name": "Nippes", "adm1_name1": "Nippes", "adm1_name2": "Nip", "adm1_name3": null, "adm1_pcode": "HT10", "adm0_name": "Haiti", "adm0_name1": null, "adm0_name2": null, "adm0_name3": null, "adm0_pcode": "HT", "valid_on": "2018-11-29", "valid_to": null, "version": "v01", "lang": "en", "lang1": "fr", "lang2": "ht", "lang3": null }, "geometry": { "type": "Point", "coordinates": [ -73.286132131999977, 18.444555345000083 ] } },
{ "type": "Feature", "properties": { "admin_level": 3, "name": "3e Section Savane Longue", "name1": "3e Section Savane Longue", "name2": null, "name3": null, "x_coord": -71.73087969, "y_coord": 19.48873447, "adm4_name": null, "adm4_name1": null, "adm4_name2": null, "adm4_name3": null, "adm4_pcode": null, "adm3_name": "3e Section Savane Longue", "adm3_name1": "3e Section Savane Longue", "adm3_name2": null, "adm3_name3": null, "adm3_pcode": "HT0421-03", "adm2_name": "Ouanaminthe", "adm2_name1": "Ouanaminthe", "adm2_name2": null, "adm2_name3": null, "adm2_pcode": "HT0421", "adm1_name": "North-East", "adm1_name1": "Nord-Est", "adm1_name2": "Nòdès", "adm1_name3": null, "adm1_pcode": "HT04", "adm0_name": "Haiti", "adm0_name1": null, "adm0_name2": null, "adm0_name3": null, "adm0_pcode": "HT", "valid_on": "2018-11-29", "valid_to": null, "version": "v01", "lang": "en", "lang1": "fr", "lang2": "ht", "lang3": null }, "geometry": { "type": "Point", "coordinates": [ -71.73087968699997, 19.488734468000132 ] } },
{ "type": "Feature", "properties": { "admin_level": 3, "name": "3e Section Silegue", "name1": "3e Section Silègue", "name2": null, "name3": null, "x_coord": -73.19473652000001, "y_coord": 18.46339238, "adm4_name": null, "adm4_name1": null, "adm4_name2": null, "adm4_name3": null, "adm4_pcode": null, "adm3_name": "3e Section Silegue", "adm3_name1": "3e Section Silègue", "adm3_name2": null, "adm3_name3": null, "adm3_pcode": "HT1012-03", "adm2_name": "Petite Riviere de Nippes", "adm2_name1": "Petite Rivière de Nippes", "adm2_name2": null, "adm2_name3": null, "adm2_pcode": "HT1012", "adm1_name": "Nippes", "adm1_name1": "Nippes", "adm1_name2": "Nip", "adm1_name3": null, "adm1_pcode": "HT10", "adm0_name": "Haiti", "adm0_name1": null, "adm0_name2": null, "adm0_name3": null, "adm0_pcode": "HT", "valid_on": "2018-11-29", "valid_to": null, "version": "v01", "lang": "en", "lang1": "fr", "lang2": "ht", "lang3": null }, "geometry": { "type": "Point", "coordinates": [ -73.194736520999982, 18.463392382000166 ] } },
{ "type": "Feature", "properties": { "admin_level": 3, "name": "3e Section Solon", "name1": "3e Section Solon", "name2": null, "name3": null, "x_coord": -73.90343559, "y_coord": 18.27033859, "adm4_name": null, "adm4_name1": null, "adm4_name2": null, "adm4_name3": null, "adm4_pcode": null, "adm3_name": "3e Section Solon", "adm3_name1": "3e Section Solon", "adm3_name2": null, "adm3_name3": null, "adm3_pcode": "HT0712-03", "adm2_name": "Torbeck", "adm2_name1": "Torbeck", "adm2_name2": null, "adm2_name3": null, "adm2_pcode": "HT0712", "adm1_name": "South", "adm1_name1": "Sud", "adm1_name2": "Sid", "adm1_name3": null, "adm1_pcode": "HT07", "adm0_name": "Haiti", "adm0_name1": null, "adm0_name2": null, "adm0_name3": null, "adm0_pcode": "HT", "valid_on": "2018-11-29", "valid_to": null, "version": "v01", "lang": "en", "lang1": "fr", "lang2": "ht", "lang3": null }, "geometry": { "type": "Point", "coordinates": [ -73.903435594999962, 18.270338595000055 ] } },
{ "type": "Feature", "properties": { "admin_level": 3, "name": "3e Section Sourcailles", "name1": "3e Section Sourcailles", "name2": null, "name3": null, "x_coord": -72.28626011, "y_coord": 18.4284427, "adm4_name": null, "adm4_name1": null, "adm4_name2": null, "adm4_name3": null, "adm4_pcode": null, "adm3_name": "3e Section Sourcailles", "adm3_name1": "3e Section Sourcailles", "adm3_name2": null, "adm3_name3": null, "adm3_pcode": "HT0115-03", "adm2_name": "Kenscoff", "adm2_name1": "Kenscoff", "adm2_name2": null, "adm2_name3": null, "adm2_pcode": "HT0115", "adm1_name": "West", "adm1_name1": "Ouest", "adm1_name2": "Lwès", "adm1_name3": null, "adm1_pcode": "HT01", "adm0_name": "Haiti", "adm0_name1": null, "adm0_name2": null, "adm0_name3": null, "adm0_pcode": "HT", "valid_on": "2018-11-29", "valid_to": null, "version": "v01", "lang": "en", "lang1": "fr", "lang2": "ht", "lang3": null }, "geometry": { "type": "Point", "coordinates": [ -72.286260109999944, 18.428442695000058 ] } },
{ "type": "Feature", "properties": { "admin_level": 3, "name": "3e Section Source Matelas", "name1": "3e Section Source Matelas", "name2": null, "name3": null, "x_coord": -72.36571216, "y_coord": 18.71674814, "adm4_name": null, "adm4_name1": null, "adm4_name2": null, "adm4_name3": null, "adm4_pcode": null, "adm3_name": "3e Section Source Matelas", "adm3_name1": "3e Section Source Matelas", "adm3_name2": null, "adm3_name3": null, "adm3_pcode": "HT0142-03", "adm2_name": "Cabaret", "adm2_name1": "Cabaret", "adm2_name2": null, "adm2_name3": null, "adm2_pcode": "HT0142", "adm1_name": "West", "adm1_name1": "Ouest", "adm1_name2": "Lwès", "adm1_name3": null, "adm1_pcode": "HT01", "adm0_name": "Haiti", "adm0_name1": null, "adm0_name2": null, "adm0_name3": null, "adm0_pcode": "HT", "valid_on": "2018-11-29", "valid_to": null, "version": "v01", "lang": "en", "lang1": "fr", "lang2": "ht", "lang3": null }, "geometry": { "type": "Point", "coordinates": [ -72.365712158999884, 18.716748141000039 ] } },
{ "type": "Feature", "properties": { "admin_level": 3, "name": "3e Section Taifer", "name1": "3e Section Taïfer", "name2": null, "name3": null, "x_coord": -72.42092078, "y_coord": 18.4894005, "adm4_name": null, "adm4_name1": null, "adm4_name2": null, "adm4_name3": null, "adm4_pcode": null, "adm3_name": "3e Section Taifer", "adm3_name1": "3e Section Taïfer", "adm3_name2": null, "adm3_name3": null, "adm3_pcode": "HT0113-03", "adm2_name": "Carrefour", "adm2_name1": "Carrefour", "adm2_name2": null, "adm2_name3": null, "adm2_pcode": "HT0113", "adm1_name": "West", "adm1_name1": "Ouest", "adm1_name2": "Lwès", "adm1_name3": null, "adm1_pcode": "HT01", "adm0_name": "Haiti", "adm0_name1": null, "adm0_name2": null, "adm0_name3": null, "adm0_pcode": "HT", "valid_on": "2018-11-29", "valid_to": null, "version": "v01", "lang": "en", "lang1": "fr", "lang2": "ht", "lang3": null }, "geometry": { "type": "Point", "coordinates": [ -72.420920777999982, 18.489400503000127 ] } },
{ "type": "Feature", "properties": { "admin_level": 3, "name": "3e Section Tibi Davezac", "name1": "3e Section Tibi Davezac", "name2": null, "name3": null, "x_coord": -73.89479609, "y_coord": 18.3344685, "adm4_name": null, "adm4_name1": null, "adm4_name2": null, "adm4_name3": null, "adm4_pcode": null, "adm3_name": "3e Section Tibi Davezac", "adm3_name1": "3e Section Tibi Davezac", "adm3_name2": null, "adm3_name3": null, "adm3_pcode": "HT0714-03", "adm2_name": "Camp-Perrin", "adm2_name1": "Camp-Perrin", "adm2_name2": null, "adm2_name3": null, "adm2_pcode": "HT0714", "adm1_name": "South", "adm1_name1": "Sud", "adm1_name2": "Sid", "adm1_name3": null, "adm1_pcode": "HT07", "adm0_name": "Haiti", "adm0_name1": null, "adm0_name2": null, "adm0_name3": null, "adm0_pcode": "HT", "valid_on": "2018-11-29", "valid_to": null, "version": "v01", "lang": "en", "lang1": "fr", "lang2": "ht", "lang3": null }, "geometry": { "type": "Point", "coordinates": [ -73.89479608899984, 18.334468499000081 ] } },
{ "type": "Feature", "properties": { "admin_level": 3, "name": "3e Section Tournade (Quartier de Changeux)", "name1": "3e Section Tournade (Quartier de Changeux)", "name2": null, "name3": null, "x_coord": -73.3578095, "y_coord": 18.39172275, "adm4_name": null, "adm4_name1": null, "adm4_name2": null, "adm4_name3": null, "adm4_pcode": null, "adm3_name": "3e Section Tournade (Quartier de Changeux)", "adm3_name1": "3e Section Tournade (Quartier de Changeux)", "adm3_name2": null, "adm3_name3": null, "adm3_pcode": "HT1023-04", "adm2_name": "L'Asile", "adm2_name1": "L'Asile", "adm2_name2": null, "adm2_name3": null, "adm2_pcode": "HT1023", "adm1_name": "Nippes", "adm1_name1": "Nippes", "adm1_name2": "Nip", "adm1_name3": null, "adm1_pcode": "HT10", "adm0_name": "Haiti", "adm0_name1": null, "adm0_name2": null, "adm0_name3": null, "adm0_pcode": "HT", "valid_on": "2018-11-29", "valid_to": null, "version": "v01", "lang": "en", "lang1": "fr", "lang2": "ht", "lang3": null }, "geometry": { "type": "Point", "coordinates": [ -73.357809496999948, 18.391722751000088 ] } },
{ "type": "Feature", "properties": { "admin_level": 3, "name": "3e Section Trichet", "name1": "3e Section Trichet", "name2": null, "name3": null, "x_coord": -73.80616289, "y_coord": 18.04967074, "adm4_name": null, "adm4_name1": null, "adm4_name2": null, "adm4_name3": null, "adm4_pcode": null, "adm3_name": "3e Section Trichet", "adm3_name1": "3e Section Trichet", "adm3_name2": null, "adm3_name3": null, "adm3_pcode": "HT0722-03", "adm2_name": "Saint Jean du Sud", "adm2_name1": "Saint Jean du Sud", "adm2_name2": null, "adm2_name3": null, "adm2_pcode": "HT0722", "adm1_name": "South", "adm1_name1": "Sud", "adm1_name2": "Sid", "adm1_name3": null, "adm1_pcode": "HT07", "adm0_name": "Haiti", "adm0_name1": null, "adm0_name2": null, "adm0_name3": null, "adm0_pcode": "HT", "valid_on": "2018-11-29", "valid_to": null, "version": "v01", "lang": "en", "lang1": "fr", "lang2": "ht", "lang3": null }, "geometry": { "type": "Point", "coordinates": [ -73.806162893999897, 18.049670738000145 ] } },
{ "type": "Feature", "properties": { "admin_level": 3, "name": "3e Section Trou Chouchou", "name1": "3e Section Trou Chouchou", "name2": null, "name3": null, "x_coord": -72.98493498000001, "y_coord": 18.45262748, "adm4_name": null, "adm4_name1": null, "adm4_name2": null, "adm4_name3": null, "adm4_pcode": null, "adm3_name": "3e Section Trou Chouchou", "adm3_name1": "3e Section Trou Chouchou", "adm3_name2": null, "adm3_name3": null, "adm3_pcode": "HT0122-03", "adm2_name": "Petit-Goave", "adm2_name1": "Petit-Goâve", "adm2_name2": null, "adm2_name3": null, "adm2_pcode": "HT0122", "adm1_name": "West", "adm1_name1": "Ouest", "adm1_name2": "Lwès", "adm1_name3": null, "adm1_pcode": "HT01", "adm0_name": "Haiti", "adm0_name1": null, "adm0_name2": null, "adm0_name3": null, "adm0_pcode": "HT", "valid_on": "2018-11-29", "valid_to": null, "version": "v01", "lang": "en", "lang1": "fr", "lang2": "ht", "lang3": null }, "geometry": { "type": "Point", "coordinates": [ -72.984934974999931, 18.452627484000118 ] } },
{ "type": "Feature", "properties": { "admin_level": 3, "name": "3e Section Trou d'Eau", "name1": "3e Section Trou d'Eau", "name2": null, "name3": null, "x_coord": -72.06628277, "y_coord": 18.70742498, "adm4_name": null, "adm4_name1": null, "adm4_name2": null, "adm4_name3": null, "adm4_pcode": null, "adm3_name": "3e Section Trou d'Eau", "adm3_name1": "3e Section Trou d'Eau", "adm3_name2": null, "adm3_name3": null, "adm3_pcode": "HT0132-03", "adm2_name": "Thomazeau", "adm2_name1": "Thomazeau", "adm2_name2": null, "adm2_name3": null, "adm2_pcode": "HT0132", "adm1_name": "West", "adm1_name1": "Ouest", "adm1_name2": "Lwès", "adm1_name3": null, "adm1_pcode": "HT01", "adm0_name": "Haiti", "adm0_name1": null, "adm0_name2": null, "adm0_name3": null, "adm0_pcode": "HT", "valid_on": "2018-11-29", "valid_to": null, "version": "v01", "lang": "en", "lang1": "fr", "lang2": "ht", "lang3": null }, "geometry": { "type": "Point", "coordinates": [ -72.066282767999837, 18.707424979999985 ] } },
{ "type": "Feature", "properties": { "admin_level": 3, "name": "3e Section Trou Louis", "name1": "3e Section Trou Louis", "name2": null, "name3": null, "x_coord": -73.03898402, "y_coord": 18.79711756, "adm4_name": null, "adm4_name1": null, "adm4_name2": null, "adm4_name3": null, "adm4_pcode": null, "adm3_name": "3e Section Trou Louis", "adm3_name1": "3e Section Trou Louis", "adm3_name2": null, "adm3_name3": null, "adm3_pcode": "HT0152-04", "adm2_name": "Pointe a Raquette", "adm2_name1": "Pointe à Raquette", "adm2_name2": null, "adm2_name3": null, "adm2_pcode": "HT0152", "adm1_name": "West", "adm1_name1": "Ouest", "adm1_name2": "Lwès", "adm1_name3": null, "adm1_pcode": "HT01", "adm0_name": "Haiti", "adm0_name1": null, "adm0_name2": null, "adm0_name3": null, "adm0_pcode": "HT", "valid_on": "2018-11-29", "valid_to": null, "version": "v01", "lang": "en", "lang1": "fr", "lang2": "ht", "lang3": null }, "geometry": { "type": "Point", "coordinates": [ -73.038984022999898, 18.797117562000096 ] } },
{ "type": "Feature", "properties": { "admin_level": 3, "name": "3e Section Vassal Labiche", "name1": "3e Section Vassal Labiche", "name2": null, "name3": null, "x_coord": -73.53541615, "y_coord": 18.40525223, "adm4_name": null, "adm4_name1": null, "adm4_name2": null, "adm4_name3": null, "adm4_pcode": null, "adm3_name": "3e Section Vassal Labiche", "adm3_name1": "3e Section Vassal Labiche", "adm3_name2": null, "adm3_name3": null, "adm3_pcode": "HT1025-03", "adm2_name": "Plaisance du Sud", "adm2_name1": "Plaisance du Sud", "adm2_name2": null, "adm2_name3": null, "adm2_pcode": "HT1025", "adm1_name": "Nippes", "adm1_name1": "Nippes", "adm1_name2": "Nip", "adm1_name3": null, "adm1_pcode": "HT10", "adm0_name": "Haiti", "adm0_name1": null, "adm0_name2": null, "adm0_name3": null, "adm0_pcode": "HT", "valid_on": "2018-11-29", "valid_to": null, "version": "v01", "lang": "en", "lang1": "fr", "lang2": "ht", "lang3": null }, "geometry": { "type": "Point", "coordinates": [ -73.535416152999915, 18.405252229999974 ] } },
{ "type": "Feature", "properties": { "admin_level": 3, "name": "3e Section Vieille Hatte", "name1": "3e Section Vieille Hatte", "name2": null, "name3": null, "x_coord": -73.1434411, "y_coord": 19.81463719, "adm4_name": null, "adm4_name1": null, "adm4_name2": null, "adm4_name3": null, "adm4_pcode": null, "adm3_name": "3e Section Vieille Hatte", "adm3_name1": "3e Section Vieille Hatte", "adm3_name2": null, "adm3_name3": null, "adm3_pcode": "HT0934-03", "adm2_name": "Jean Rabel", "adm2_name1": "Jean Rabel", "adm2_name2": null, "adm2_name3": null, "adm2_pcode": "HT0934", "adm1_name": "North-West", "adm1_name1": "Nord-Ouest", "adm1_name2": "Nòdwès", "adm1_name3": null, "adm1_pcode": "HT09", "adm0_name": "Haiti", "adm0_name1": null, "adm0_name2": null, "adm0_name3": null, "adm0_pcode": "HT", "valid_on": "2018-11-29", "valid_to": null, "version": "v01", "lang": "en", "lang1": "fr", "lang2": "ht", "lang3": null }, "geometry": { "type": "Point", "coordinates": [ -73.143441102999873, 19.814637187000073 ] } },
{ "type": "Feature", "properties": { "admin_level": 3, "name": "4e Section Aguahedionde (Rive Gauche)", "name1": "4e Section Aguahedionde (Rive Gauche)", "name2": null, "name3": null, "x_coord": -72.04012467, "y_coord": 19.22694381, "adm4_name": null, "adm4_name1": null, "adm4_name2": null, "adm4_name3": null, "adm4_pcode": null, "adm3_name": "4e Section Aguahedionde (Rive Gauche)", "adm3_name1": "4e Section Aguahedionde (Rive Gauche)", "adm3_name2": null, "adm3_name3": null, "adm3_pcode": "HT0611-04", "adm2_name": "Hinche", "adm2_name1": "Hinche", "adm2_name2": null, "adm2_name3": null, "adm2_pcode": "HT0611", "adm1_name": "Centre", "adm1_name1": "Centre", "adm1_name2": "Sant", "adm1_name3": null, "adm1_pcode": "HT06", "adm0_name": "Haiti", "adm0_name1": null, "adm0_name2": null, "adm0_name3": null, "adm0_pcode": "HT", "valid_on": "2018-11-29", "valid_to": null, "version": "v01", "lang": "en", "lang1": "fr", "lang2": "ht", "lang3": null }, "geometry": { "type": "Point", "coordinates": [ -72.040124667999976, 19.226943807000112 ] } },
{ "type": "Feature", "properties": { "admin_level": 3, "name": "4e Section Amazone", "name1": "4e Section Amazone", "name2": null, "name3": null, "x_coord": -72.91990368, "y_coord": 18.26821799, "adm4_name": null, "adm4_name1": null, "adm4_name2": null, "adm4_name3": null, "adm4_pcode": null, "adm3_name": "4e Section Amazone", "adm3_name1": "4e Section Amazone", "adm3_name2": null, "adm3_name3": null, "adm3_pcode": "HT0222-04", "adm2_name": "Cotes de Fer", "adm2_name1": "Côtes de Fer", "adm2_name2": null, "adm2_name3": null, "adm2_pcode": "HT0222", "adm1_name": "South-East", "adm1_name1": "Sud-Est", "adm1_name2": "Sidès", "adm1_name3": null, "adm1_pcode": "HT02", "adm0_name": "Haiti", "adm0_name1": null, "adm0_name2": null, "adm0_name3": null, "adm0_pcode": "HT", "valid_on": "2018-11-29", "valid_to": null, "version": "v01", "lang": "en", "lang1": "fr", "lang2": "ht", "lang3": null }, "geometry": { "type": "Point", "coordinates": [ -72.919903684999895, 18.268217994000054 ] } },
{ "type": "Feature", "properties": { "admin_level": 3, "name": "4e Section Basse Guinaudee", "name1": "4e Section Basse Guinaudee", "name2": null, "name3": null, "x_coord": -74.14386161, "y_coord": 18.59479237, "adm4_name": null, "adm4_name1": null, "adm4_name2": null, "adm4_name3": null, "adm4_pcode": null, "adm3_name": "4e Section Basse Guinaudee", "adm3_name1": "4e Section Basse Guinaudee", "adm3_name2": null, "adm3_name3": null, "adm3_pcode": "HT0811-04", "adm2_name": "Jeremie", "adm2_name1": "Jérémie", "adm2_name2": null, "adm2_name3": null, "adm2_pcode": "HT0811", "adm1_name": "Grande'Anse", "adm1_name1": "Grande'Anse", "adm1_name2": "Grandans", "adm1_name3": null, "adm1_pcode": "HT08", "adm0_name": "Haiti", "adm0_name1": null, "adm0_name2": null, "adm0_name3": null, "adm0_pcode": "HT", "valid_on": "2018-11-29", "valid_to": null, "version": "v01", "lang": "en", "lang1": "fr", "lang2": "ht", "lang3": null }, "geometry": { "type": "Point", "coordinates": [ -74.143861609999988, 18.594792374000065 ] } },
{ "type": "Feature", "properties": { "admin_level": 3, "name": "4e Section Bassin Diamant", "name1": "4e Section Bassin Diamant", "name2": null, "name3": null, "x_coord": -72.24993984, "y_coord": 19.65142517, "adm4_name": null, "adm4_name1": null, "adm4_name2": null, "adm4_name3": null, "adm4_pcode": null, "adm3_name": "4e Section Bassin Diamant", "adm3_name1": "4e Section Bassin Diamant", "adm3_name2": null, "adm3_name3": null, "adm3_pcode": "HT0322-04", "adm2_name": "Plaine du Nord", "adm2_name1": "Plaine du Nord", "adm2_name2": null, "adm2_name3": null, "adm2_pcode": "HT0322", "adm1_name": "North", "adm1_name1": "Nord", "adm1_name2": "Nò", "adm1_name3": null, "adm1_pcode": "HT03", "adm0_name": "Haiti", "adm0_name1": null, "adm0_name2": null, "adm0_name3": null, "adm0_pcode": "HT", "valid_on": "2018-11-29", "valid_to": null, "version": "v01", "lang": "en", "lang1": "fr", "lang2": "ht", "lang3": null }, "geometry": { "type": "Point", "coordinates": [ -72.249939842999936, 19.651425165999967 ] } },
{ "type": "Feature", "properties": { "admin_level": 3, "name": "4e Section Belle Fontaine", "name1": "4e Section Belle Fontaine", "name2": null, "name3": null, "x_coord": -72.23841778000001, "y_coord": 18.37726792, "adm4_name": null, "adm4_name1": null, "adm4_name2": null, "adm4_name3": null, "adm4_pcode": null, "adm3_name": "4e Section Belle Fontaine", "adm3_name1": "4e Section Belle Fontaine", "adm3_name2": null, "adm3_name3": null, "adm3_pcode": "HT0115-04", "adm2_name": "Kenscoff", "adm2_name1": "Kenscoff", "adm2_name2": null, "adm2_name3": null, "adm2_pcode": "HT0115", "adm1_name": "West", "adm1_name1": "Ouest", "adm1_name2": "Lwès", "adm1_name3": null, "adm1_pcode": "HT01", "adm0_name": "Haiti", "adm0_name1": null, "adm0_name2": null, "adm0_name3": null, "adm0_pcode": "HT", "valid_on": "2018-11-29", "valid_to": null, "version": "v01", "lang": "en", "lang1": "fr", "lang2": "ht", "lang3": null }, "geometry": { "type": "Point", "coordinates": [ -72.238417780999953, 18.377267922000044 ] } },
{ "type": "Feature", "properties": { "admin_level": 3, "name": "4e Section Bellevue", "name1": "4e Section Bellevue", "name2": null, "name3": null, "x_coord": -72.25141626, "y_coord": 18.55916276, "adm4_name": null, "adm4_name1": null, "adm4_name2": null, "adm4_name3": null, "adm4_pcode": null, "adm3_name": "4e Section Bellevue", "adm3_name1": "4e Section Bellevue", "adm3_name2": null, "adm3_name3": null, "adm3_pcode": "HT0118-04", "adm2_name": "Tabarre", "adm2_name1": "Tabarre", "adm2_name2": null, "adm2_name3": null, "adm2_pcode": "HT0118", "adm1_name": "West", "adm1_name1": "Ouest", "adm1_name2": "Lwès", "adm1_name3": null, "adm1_pcode": "HT01", "adm0_name": "Haiti", "adm0_name1": null, "adm0_name2": null, "adm0_name3": null, "adm0_pcode": "HT", "valid_on": "2018-11-29", "valid_to": null, "version": "v01", "lang": "en", "lang1": "fr", "lang2": "ht", "lang3": null }, "geometry": { "type": "Point", "coordinates": [ -72.25141625599997, 18.559162763000188 ] } },
{ "type": "Feature", "properties": { "admin_level": 3, "name": "4e Section Bellevue la Montagne", "name1": "4e Section Bellevue la Montagne", "name2": null, "name3": null, "x_coord": -72.25523919, "y_coord": 18.48401205, "adm4_name": null, "adm4_name1": null, "adm4_name2": null, "adm4_name3": null, "adm4_pcode": null, "adm3_name": "4e Section Bellevue la Montagne", "adm3_name1": "4e Section Bellevue la Montagne", "adm3_name2": null, "adm3_name3": null, "adm3_pcode": "HT0114-04", "adm2_name": "Petion-Ville", "adm2_name1": "Pétion-Ville", "adm2_name2": null, "adm2_name3": null, "adm2_pcode": "HT0114", "adm1_name": "West", "adm1_name1": "Ouest", "adm1_name2": "Lwès", "adm1_name3": null, "adm1_pcode": "HT01", "adm0_name": "Haiti", "adm0_name1": null, "adm0_name2": null, "adm0_name3": null, "adm0_pcode": "HT", "valid_on": "2018-11-29", "valid_to": null, "version": "v01", "lang": "en", "lang1": "fr", "lang2": "ht", "lang3": null }, "geometry": { "type": "Point", "coordinates": [ -72.255239188999894, 18.484012050000047 ] } },
{ "type": "Feature", "properties": { "admin_level": 3, "name": "4e Section Bezin", "name1": "4e Section Bezin", "name2": null, "name3": null, "x_coord": -73.14075924, "y_coord": 18.45894683, "adm4_name": null, "adm4_name1": null, "adm4_name2": null, "adm4_name3": null, "adm4_pcode": null, "adm3_name": "4e Section Bezin", "adm3_name1": "4e Section Bezin", "adm3_name2": null, "adm3_name3": null, "adm3_pcode": "HT1012-04", "adm2_name": "Petite Riviere de Nippes", "adm2_name1": "Petite Rivière de Nippes", "adm2_name2": null, "adm2_name3": null, "adm2_pcode": "HT1012", "adm1_name": "Nippes", "adm1_name1": "Nippes", "adm1_name2": "Nip", "adm1_name3": null, "adm1_pcode": "HT10", "adm0_name": "Haiti", "adm0_name1": null, "adm0_name2": null, "adm0_name3": null, "adm0_pcode": "HT", "valid_on": "2018-11-29", "valid_to": null, "version": "v01", "lang": "en", "lang1": "fr", "lang2": "ht", "lang3": null }, "geometry": { "type": "Point", "coordinates": [ -73.14075923799993, 18.458946831000105 ] } },
{ "type": "Feature", "properties": { "admin_level": 3, "name": "4e Section Boucan Bois Pin", "name1": "4e Section Boucan Bois Pin", "name2": null, "name3": null, "x_coord": -71.8948153, "y_coord": 18.6571134, "adm4_name": null, "adm4_name1": null, "adm4_name2": null, "adm4_name3": null, "adm4_pcode": null, "adm3_name": "4e Section Boucan Bois Pin", "adm3_name1": "4e Section Boucan Bois Pin", "adm3_name2": null, "adm3_name3": null, "adm3_pcode": "HT0134-04", "adm2_name": "Cornillon / Grand Bois", "adm2_name1": "Cornillon / Grand Bois", "adm2_name2": null, "adm2_name3": null, "adm2_pcode": "HT0134", "adm1_name": "West", "adm1_name1": "Ouest", "adm1_name2": "Lwès", "adm1_name3": null, "adm1_pcode": "HT01", "adm0_name": "Haiti", "adm0_name1": null, "adm0_name2": null, "adm0_name3": null, "adm0_pcode": "HT", "valid_on": "2018-11-29", "valid_to": null, "version": "v01", "lang": "en", "lang1": "fr", "lang2": "ht", "lang3": null }, "geometry": { "type": "Point", "coordinates": [ -71.894815302999973, 18.657113402000107 ] } },
{ "type": "Feature", "properties": { "admin_level": 3, "name": "4e Section Cocoyers-Ducheine", "name1": "4e Section Cocoyers-Ducheine", "name2": null, "name3": null, "x_coord": -73.27802918, "y_coord": 18.3865961, "adm4_name": null, "adm4_name1": null, "adm4_name2": null, "adm4_name3": null, "adm4_pcode": null, "adm3_name": "4e Section Cocoyers-Ducheine", "adm3_name1": "4e Section Cocoyers-Ducheine", "adm3_name2": null, "adm3_name3": null, "adm3_pcode": "HT1013-04", "adm2_name": "Fonds des Negres", "adm2_name1": "Fonds des Nègres", "adm2_name2": null, "adm2_name3": null, "adm2_pcode": "HT1013", "adm1_name": "Nippes", "adm1_name1": "Nippes", "adm1_name2": "Nip", "adm1_name3": null, "adm1_pcode": "HT10", "adm0_name": "Haiti", "adm0_name1": null, "adm0_name2": null, "adm0_name3": null, "adm0_pcode": "HT", "valid_on": "2018-11-29", "valid_to": null, "version": "v01", "lang": "en", "lang1": "fr", "lang2": "ht", "lang3": null }, "geometry": { "type": "Point", "coordinates": [ -73.278029182999944, 18.386596103000102 ] } },
{ "type": "Feature", "properties": { "admin_level": 3, "name": "4e Section Corail Lamothe", "name1": "4e Section Corail Lamothe", "name2": null, "name3": null, "x_coord": -72.0997312, "y_coord": 18.28604729, "adm4_name": null, "adm4_name1": null, "adm4_name2": null, "adm4_name3": null, "adm4_pcode": null, "adm3_name": "4e Section Corail Lamothe", "adm3_name1": "4e Section Corail Lamothe", "adm3_name2": null, "adm3_name3": null, "adm3_pcode": "HT0231-04", "adm2_name": "Belle Anse", "adm2_name1": "Belle Anse", "adm2_name2": null, "adm2_name3": null, "adm2_pcode": "HT0231", "adm1_name": "South-East", "adm1_name1": "Sud-Est", "adm1_name2": "Sidès", "adm1_name3": null, "adm1_pcode": "HT02", "adm0_name": "Haiti", "adm0_name1": null, "adm0_name2": null, "adm0_name3": null, "adm0_pcode": "HT", "valid_on": "2018-11-29", "valid_to": null, "version": "v01", "lang": "en", "lang1": "fr", "lang2": "ht", "lang3": null }, "geometry": { "type": "Point", "coordinates": [ -72.099731199999894, 18.286047293000081 ] } },
{ "type": "Feature", "properties": { "admin_level": 3, "name": "4e Section Crete Brûlee", "name1": "4e Section Crête Brûlee", "name2": null, "name3": null, "x_coord": -72.10233964, "y_coord": 18.76636483, "adm4_name": null, "adm4_name1": null, "adm4_name2": null, "adm4_name3": null, "adm4_pcode": null, "adm3_name": "4e Section Crete Brûlee", "adm3_name1": "4e Section Crête Brûlee", "adm3_name2": null, "adm3_name3": null, "adm3_pcode": "HT0621-04", "adm2_name": "Mirebalais", "adm2_name1": "Mirebalais", "adm2_name2": null, "adm2_name3": null, "adm2_pcode": "HT0621", "adm1_name": "Centre", "adm1_name1": "Centre", "adm1_name2": "Sant", "adm1_name3": null, "adm1_pcode": "HT06", "adm0_name": "Haiti", "adm0_name1": null, "adm0_name2": null, "adm0_name3": null, "adm0_pcode": "HT", "valid_on": "2018-11-29", "valid_to": null, "version": "v01", "lang": "en", "lang1": "fr", "lang2": "ht", "lang3": null }, "geometry": { "type": "Point", "coordinates": [ -72.102339635999954, 18.766364827000189 ] } },
{ "type": "Feature", "properties": { "admin_level": 3, "name": "4e Section Dalmette", "name1": "4e Section Dalmette", "name2": null, "name3": null, "x_coord": -74.2673878, "y_coord": 18.31762687, "adm4_name": null, "adm4_name1": null, "adm4_name2": null, "adm4_name3": null, "adm4_pcode": null, "adm3_name": "4e Section Dalmette", "adm3_name1": "4e Section Dalmette", "adm3_name2": null, "adm3_name3": null, "adm3_pcode": "HT0753-04", "adm2_name": "Tiburon", "adm2_name1": "Tiburon", "adm2_name2": null, "adm2_name3": null, "adm2_pcode": "HT0753", "adm1_name": "South", "adm1_name1": "Sud", "adm1_name2": "Sid", "adm1_name3": null, "adm1_pcode": "HT07", "adm0_name": "Haiti", "adm0_name1": null, "adm0_name2": null, "adm0_name3": null, "adm0_pcode": "HT", "valid_on": "2018-11-29", "valid_to": null, "version": "v01", "lang": "en", "lang1": "fr", "lang2": "ht", "lang3": null }, "geometry": { "type": "Point", "coordinates": [ -74.267387800999984, 18.317626875000144 ] } },
{ "type": "Feature", "properties": { "admin_level": 3, "name": "4e Section des Crochus", "name1": "4e Section des Crochus", "name2": null, "name3": null, "x_coord": -72.20645969, "y_coord": 18.71051898, "adm4_name": null, "adm4_name1": null, "adm4_name2": null, "adm4_name3": null, "adm4_pcode": null, "adm3_name": "4e Section des Crochus", "adm3_name1": "4e Section des Crochus", "adm3_name2": null, "adm3_name3": null, "adm3_pcode": "HT0132-04", "adm2_name": "Thomazeau", "adm2_name1": "Thomazeau", "adm2_name2": null, "adm2_name3": null, "adm2_pcode": "HT0132", "adm1_name": "West", "adm1_name1": "Ouest", "adm1_name2": "Lwès", "adm1_name3": null, "adm1_pcode": "HT01", "adm0_name": "Haiti", "adm0_name1": null, "adm0_name2": null, "adm0_name3": null, "adm0_pcode": "HT", "valid_on": "2018-11-29", "valid_to": null, "version": "v01", "lang": "en", "lang1": "fr", "lang2": "ht", "lang3": null }, "geometry": { "type": "Point", "coordinates": [ -72.206459685999846, 18.710518980000018 ] } },
{ "type": "Feature", "properties": { "admin_level": 3, "name": "4e Section Desarmes (Quartier de Desarmes)", "name1": "4e Section Desarmes (Quartier de Desarmes)", "name2": null, "name3": null, "x_coord": -72.43568943, "y_coord": 18.9841181, "adm4_name": null, "adm4_name1": null, "adm4_name2": null, "adm4_name3": null, "adm4_pcode": null, "adm3_name": "4e Section Desarmes (Quartier de Desarmes)", "adm3_name1": "4e Section Desarmes (Quartier de Desarmes)", "adm3_name2": null, "adm3_name3": null, "adm3_pcode": "HT0532-04", "adm2_name": "Verrettes", "adm2_name1": "Verrettes", "adm2_name2": null, "adm2_name3": null, "adm2_pcode": "HT0532", "adm1_name": "Artibonite", "adm1_name1": "Artibonite", "adm1_name2": "Latibonit", "adm1_name3": null, "adm1_pcode": "HT05", "adm0_name": "Haiti", "adm0_name1": null, "adm0_name2": null, "adm0_name3": null, "adm0_pcode": "HT", "valid_on": "2018-11-29", "valid_to": null, "version": "v01", "lang": "en", "lang1": "fr", "lang2": "ht", "lang3": null }, "geometry": { "type": "Point", "coordinates": [ -72.435689428999979, 18.984118097000078 ] } },
{ "type": "Feature", "properties": { "admin_level": 3, "name": "4e Section Flamands", "name1": "4e Section Flamands", "name2": null, "name3": null, "x_coord": -73.20957455, "y_coord": 18.23698643, "adm4_name": null, "adm4_name1": null, "adm4_name2": null, "adm4_name3": null, "adm4_pcode": null, "adm3_name": "4e Section Flamands", "adm3_name1": "4e Section Flamands", "adm3_name2": null, "adm3_name3": null, "adm3_pcode": "HT0731-04", "adm2_name": "Aquin", "adm2_name1": "Aquin", "adm2_name2": null, "adm2_name3": null, "adm2_pcode": "HT0731", "adm1_name": "South", "adm1_name1": "Sud", "adm1_name2": "Sid", "adm1_name3": null, "adm1_pcode": "HT07", "adm0_name": "Haiti", "adm0_name1": null, "adm0_name2": null, "adm0_name3": null, "adm0_pcode": "HT", "valid_on": "2018-11-29", "valid_to": null, "version": "v01", "lang": "en", "lang1": "fr", "lang2": "ht", "lang3": null }, "geometry": { "type": "Point", "coordinates": [ -73.209574547999978, 18.236986426000158 ] } },
{ "type": "Feature", "properties": { "admin_level": 3, "name": "4e Section Fond Arabie", "name1": "4e Section Fond Arabie", "name2": null, "name3": null, "x_coord": -72.98747381, "y_coord": 18.35735978, "adm4_name": null, "adm4_name1": null, "adm4_name2": null, "adm4_name3": null, "adm4_pcode": null, "adm3_name": "4e Section Fond Arabie", "adm3_name1": "4e Section Fond Arabie", "adm3_name2": null, "adm3_name3": null, "adm3_pcode": "HT0122-04", "adm2_name": "Petit-Goave", "adm2_name1": "Petit-Goâve", "adm2_name2": null, "adm2_name3": null, "adm2_pcode": "HT0122", "adm1_name": "West", "adm1_name1": "Ouest", "adm1_name2": "Lwès", "adm1_name3": null, "adm1_pcode": "HT01", "adm0_name": "Haiti", "adm0_name1": null, "adm0_name2": null, "adm0_name3": null, "adm0_pcode": "HT", "valid_on": "2018-11-29", "valid_to": null, "version": "v01", "lang": "en", "lang1": "fr", "lang2": "ht", "lang3": null }, "geometry": { "type": "Point", "coordinates": [ -72.987473813999941, 18.357359781000127 ] } },
{ "type": "Feature", "properties": { "admin_level": 3, "name": "4e Section Fond de Boudin", "name1": "4e Section Fond de Boudin", "name2": null, "name3": null, "x_coord": -72.65510657, "y_coord": 18.36207935, "adm4_name": null, "adm4_name1": null, "adm4_name2": null, "adm4_name3": null, "adm4_pcode": null, "adm3_name": "4e Section Fond de Boudin", "adm3_name1": "4e Section Fond de Boudin", "adm3_name2": null, "adm3_name3": null, "adm3_pcode": "HT0121-04", "adm2_name": "Leogane", "adm2_name1": "Léogâne", "adm2_name2": null, "adm2_name3": null, "adm2_pcode": "HT0121", "adm1_name": "West", "adm1_name1": "Ouest", "adm1_name2": "Lwès", "adm1_name3": null, "adm1_pcode": "HT01", "adm0_name": "Haiti", "adm0_name1": null, "adm0_name2": null, "adm0_name3": null, "adm0_pcode": "HT", "valid_on": "2018-11-29", "valid_to": null, "version": "v01", "lang": "en", "lang1": "fr", "lang2": "ht", "lang3": null }, "geometry": { "type": "Point", "coordinates": [ -72.655106571999909, 18.362079350000101 ] } },
{ "type": "Feature", "properties": { "admin_level": 3, "name": "4e Section Fond Jean Noël", "name1": "4e Section Fond Jean Noël", "name2": null, "name3": null, "x_coord": -72.25383794, "y_coord": 18.30145091, "adm4_name": null, "adm4_name1": null, "adm4_name2": null, "adm4_name3": null, "adm4_pcode": null, "adm3_name": "4e Section Fond Jean Noël", "adm3_name1": "4e Section Fond Jean Noël", "adm3_name2": null, "adm3_name3": null, "adm3_pcode": "HT0212-04", "adm2_name": "Marigot", "adm2_name1": "Marigot", "adm2_name2": null, "adm2_name3": null, "adm2_pcode": "HT0212", "adm1_name": "South-East", "adm1_name1": "Sud-Est", "adm1_name2": "Sidès", "adm1_name3": null, "adm1_pcode": "HT02", "adm0_name": "Haiti", "adm0_name1": null, "adm0_name2": null, "adm0_name3": null, "adm0_pcode": "HT", "valid_on": "2018-11-29", "valid_to": null, "version": "v01", "lang": "en", "lang1": "fr", "lang2": "ht", "lang3": null }, "geometry": { "type": "Point", "coordinates": [ -72.253837939999983, 18.301450913000053 ] } },
{ "type": "Feature", "properties": { "admin_level": 3, "name": "4e Section Fonds des Blancs (Casale)", "name1": "4e Section Fonds des Blancs (Casale)", "name2": null, "name3": null, "x_coord": -72.39374546000001, "y_coord": 18.80949145, "adm4_name": null, "adm4_name1": null, "adm4_name2": null, "adm4_name3": null, "adm4_pcode": null, "adm3_name": "4e Section Fonds des Blancs (Casale)", "adm3_name1": "4e Section Fonds des Blancs (Casale)", "adm3_name2": null, "adm3_name3": null, "adm3_pcode": "HT0142-04", "adm2_name": "Cabaret", "adm2_name1": "Cabaret", "adm2_name2": null, "adm2_name3": null, "adm2_pcode": "HT0142", "adm1_name": "West", "adm1_name1": "Ouest", "adm1_name2": "Lwès", "adm1_name3": null, "adm1_pcode": "HT01", "adm0_name": "Haiti", "adm0_name1": null, "adm0_name2": null, "adm0_name3": null, "adm0_pcode": "HT", "valid_on": "2018-11-29", "valid_to": null, "version": "v01", "lang": "en", "lang1": "fr", "lang2": "ht", "lang3": null }, "geometry": { "type": "Point", "coordinates": [ -72.393745464999881, 18.809491451000156 ] } },
{ "type": "Feature", "properties": { "admin_level": 3, "name": "4e Section Gambade", "name1": "4e Section Gambade", "name2": null, "name3": null, "x_coord": -72.15447427, "y_coord": 19.52403593, "adm4_name": null, "adm4_name1": null, "adm4_name2": null, "adm4_name3": null, "adm4_pcode": null, "adm3_name": "4e Section Gambade", "adm3_name1": "4e Section Gambade", "adm3_name2": null, "adm3_name3": null, "adm3_pcode": "HT0331-04", "adm2_name": "Grande Riviere Du Nord", "adm2_name1": "Grande Riviere Du Nord", "adm2_name2": null, "adm2_name3": null, "adm2_pcode": "HT0331", "adm1_name": "North", "adm1_name1": "Nord", "adm1_name2": "Nò", "adm1_name3": null, "adm1_pcode": "HT03", "adm0_name": "Haiti", "adm0_name1": null, "adm0_name2": null, "adm0_name3": null, "adm0_pcode": "HT", "valid_on": "2018-11-29", "valid_to": null, "version": "v01", "lang": "en", "lang1": "fr", "lang2": "ht", "lang3": null }, "geometry": { "type": "Point", "coordinates": [ -72.154474265999909, 19.524035932000118 ] } },
{ "type": "Feature", "properties": { "admin_level": 3, "name": "4e Section Grand Lagon", "name1": "4e Section Grand Lagon", "name2": null, "name3": null, "x_coord": -73.0442317, "y_coord": 18.86616235, "adm4_name": null, "adm4_name1": null, "adm4_name2": null, "adm4_name3": null, "adm4_pcode": null, "adm3_name": "4e Section Grand Lagon", "adm3_name1": "4e Section Grand Lagon", "adm3_name2": null, "adm3_name3": null, "adm3_pcode": "HT0151-04", "adm2_name": "Anse a Galets", "adm2_name1": "Anse à Galets", "adm2_name2": null, "adm2_name3": null, "adm2_pcode": "HT0151", "adm1_name": "West", "adm1_name1": "Ouest", "adm1_name2": "Lwès", "adm1_name3": null, "adm1_pcode": "HT01", "adm0_name": "Haiti", "adm0_name1": null, "adm0_name2": null, "adm0_name3": null, "adm0_pcode": "HT", "valid_on": "2018-11-29", "valid_to": null, "version": "v01", "lang": "en", "lang1": "fr", "lang2": "ht", "lang3": null }, "geometry": { "type": "Point", "coordinates": [ -73.04423170299998, 18.866162345000077 ] } },
{ "type": "Feature", "properties": { "admin_level": 3, "name": "4e Section Grande Ravine", "name1": "4e Section Grande Ravine", "name2": null, "name3": null, "x_coord": -72.32422079, "y_coord": 19.60332108, "adm4_name": null, "adm4_name1": null, "adm4_name2": null, "adm4_name3": null, "adm4_pcode": null, "adm3_name": "4e Section Grande Ravine", "adm3_name1": "4e Section Grande Ravine", "adm3_name2": null, "adm3_name3": null, "adm3_pcode": "HT0321-04", "adm2_name": "Acul du Nord", "adm2_name1": "Acul du Nord", "adm2_name2": null, "adm2_name3": null, "adm2_pcode": "HT0321", "adm1_name": "North", "adm1_name1": "Nord", "adm1_name2": "Nò", "adm1_name3": null, "adm1_pcode": "HT03", "adm0_name": "Haiti", "adm0_name1": null, "adm0_name2": null, "adm0_name3": null, "adm0_pcode": "HT", "valid_on": "2018-11-29", "valid_to": null, "version": "v01", "lang": "en", "lang1": "fr", "lang2": "ht", "lang3": null }, "geometry": { "type": "Point", "coordinates": [ -72.324220788999924, 19.6033210760001 ] } },
{ "type": "Feature", "properties": { "admin_level": 3, "name": "4e Section Haut Grandou", "name1": "4e Section Haut Grandou", "name2": null, "name3": null, "x_coord": -72.77842006, "y_coord": 18.25640539, "adm4_name": null, "adm4_name1": null, "adm4_name2": null, "adm4_name3": null, "adm4_pcode": null, "adm3_name": "4e Section Haut Grandou", "adm3_name1": "4e Section Haut Grandou", "adm3_name2": null, "adm3_name3": null, "adm3_pcode": "HT0221-04", "adm2_name": "Bainet", "adm2_name1": "Bainet", "adm2_name2": null, "adm2_name3": null, "adm2_pcode": "HT0221", "adm1_name": "South-East", "adm1_name1": "Sud-Est", "adm1_name2": "Sidès", "adm1_name3": null, "adm1_pcode": "HT02", "adm0_name": "Haiti", "adm0_name1": null, "adm0_name2": null, "adm0_name3": null, "adm0_pcode": "HT", "valid_on": "2018-11-29", "valid_to": null, "version": "v01", "lang": "en", "lang1": "fr", "lang2": "ht", "lang3": null }, "geometry": { "type": "Point", "coordinates": [ -72.77842005899987, 18.256405389000122 ] } },
{ "type": "Feature", "properties": { "admin_level": 3, "name": "4e Section Haut Madeleine", "name1": "4e Section Haut Madeleine", "name2": null, "name3": null, "x_coord": -71.91165935, "y_coord": 19.48042257, "adm4_name": null, "adm4_name1": null, "adm4_name2": null, "adm4_name3": null, "adm4_pcode": null, "adm3_name": "4e Section Haut Madeleine", "adm3_name1": "4e Section Haut Madeleine", "adm3_name2": null, "adm3_name3": null, "adm3_pcode": "HT0411-04", "adm2_name": "Fort-Liberte", "adm2_name1": "Fort-Liberté", "adm2_name2": null, "adm2_name3": null, "adm2_pcode": "HT0411", "adm1_name": "North-East", "adm1_name1": "Nord-Est", "adm1_name2": "Nòdès", "adm1_name3": null, "adm1_pcode": "HT04", "adm0_name": "Haiti", "adm0_name1": null, "adm0_name2": null, "adm0_name3": null, "adm0_pcode": "HT", "valid_on": "2018-11-29", "valid_to": null, "version": "v01", "lang": "en", "lang1": "fr", "lang2": "ht", "lang3": null }, "geometry": { "type": "Point", "coordinates": [ -71.911659344999975, 19.480422573000112 ] } },
{ "type": "Feature", "properties": { "admin_level": 3, "name": "4e Section Haut Petit Borgne", "name1": "4e Section Haut Petit Borgne", "name2": null, "name3": null, "x_coord": -72.48103441000001, "y_coord": 19.7824235, "adm4_name": null, "adm4_name1": null, "adm4_name2": null, "adm4_name3": null, "adm4_pcode": null, "adm3_name": "4e Section Haut Petit Borgne", "adm3_name1": "4e Section Haut Petit Borgne", "adm3_name2": null, "adm3_name3": null, "adm3_pcode": "HT0352-04", "adm2_name": "Port-Margot", "adm2_name1": "Port-Margot", "adm2_name2": null, "adm2_name3": null, "adm2_pcode": "HT0352", "adm1_name": "North", "adm1_name1": "Nord", "adm1_name2": "Nò", "adm1_name3": null, "adm1_pcode": "HT03", "adm0_name": "Haiti", "adm0_name1": null, "adm0_name2": null, "adm0_name3": null, "adm0_pcode": "HT", "valid_on": "2018-11-29", "valid_to": null, "version": "v01", "lang": "en", "lang1": "fr", "lang2": "ht", "lang3": null }, "geometry": { "type": "Point", "coordinates": [ -72.481034414999897, 19.782423503000132 ] } },
{ "type": "Feature", "properties": { "admin_level": 3, "name": "4e Section Joly", "name1": "4e Section Joly", "name2": null, "name3": null, "x_coord": -72.56736324000001, "y_coord": 19.71133764, "adm4_name": null, "adm4_name1": null, "adm4_name2": null, "adm4_name3": null, "adm4_pcode": null, "adm3_name": "4e Section Joly", "adm3_name1": "4e Section Joly", "adm3_name2": null, "adm3_name3": null, "adm3_pcode": "HT0372-04", "adm2_name": "Pilate", "adm2_name1": "Pilate", "adm2_name2": null, "adm2_name3": null, "adm2_pcode": "HT0372", "adm1_name": "North", "adm1_name1": "Nord", "adm1_name2": "Nò", "adm1_name3": null, "adm1_pcode": "HT03", "adm0_name": "Haiti", "adm0_name1": null, "adm0_name2": null, "adm0_name3": null, "adm0_pcode": "HT", "valid_on": "2018-11-29", "valid_to": null, "version": "v01", "lang": "en", "lang1": "fr", "lang2": "ht", "lang3": null }, "geometry": { "type": "Point", "coordinates": [ -72.567363238999974, 19.711337640000067 ] } },
{ "type": "Feature", "properties": { "admin_level": 3, "name": "4e Section l'Acul", "name1": "4e Section l'Acul", "name2": null, "name3": null, "x_coord": -72.69152241, "y_coord": 19.75167167, "adm4_name": null, "adm4_name1": null, "adm4_name2": null, "adm4_name3": null, "adm4_pcode": null, "adm3_name": "4e Section l'Acul", "adm3_name1": "4e Section l'Acul", "adm3_name2": null, "adm3_name3": null, "adm3_pcode": "HT0521-04", "adm2_name": "Gros Morne", "adm2_name1": "Gros Morne", "adm2_name2": null, "adm2_name3": null, "adm2_pcode": "HT0521", "adm1_name": "Artibonite", "adm1_name1": "Artibonite", "adm1_name2": "Latibonit", "adm1_name3": null, "adm1_pcode": "HT05", "adm0_name": "Haiti", "adm0_name1": null, "adm0_name2": null, "adm0_name3": null, "adm0_pcode": "HT", "valid_on": "2018-11-29", "valid_to": null, "version": "v01", "lang": "en", "lang1": "fr", "lang2": "ht", "lang3": null }, "geometry": { "type": "Point", "coordinates": [ -72.691522409999891, 19.7516716720001 ] } },
{ "type": "Feature", "properties": { "admin_level": 3, "name": "4e Section l'Estere Dere", "name1": "4e Section l'Estère Dere", "name2": null, "name3": null, "x_coord": -73.15915391, "y_coord": 19.67849913, "adm4_name": null, "adm4_name1": null, "adm4_name2": null, "adm4_name3": null, "adm4_pcode": null, "adm3_name": "4e Section l'Estere Dere", "adm3_name1": "4e Section l'Estère Dere", "adm3_name2": null, "adm3_name3": null, "adm3_pcode": "HT0932-04", "adm2_name": "Baie de Henne", "adm2_name1": "Baie de Henne", "adm2_name2": null, "adm2_name3": null, "adm2_pcode": "HT0932", "adm1_name": "North-West", "adm1_name1": "Nord-Ouest", "adm1_name2": "Nòdwès", "adm1_name3": null, "adm1_pcode": "HT09", "adm0_name": "Haiti", "adm0_name1": null, "adm0_name2": null, "adm0_name3": null, "adm0_pcode": "HT", "valid_on": "2018-11-29", "valid_to": null, "version": "v01", "lang": "en", "lang1": "fr", "lang2": "ht", "lang3": null }, "geometry": { "type": "Point", "coordinates": [ -73.15915390999993, 19.678499133 ] } },
{ "type": "Feature", "properties": { "admin_level": 3, "name": "4e Section La Gosseline", "name1": "4e Section La Gosseline", "name2": null, "name3": null, "x_coord": -72.40048752, "y_coord": 18.35883535, "adm4_name": null, "adm4_name1": null, "adm4_name2": null, "adm4_name3": null, "adm4_pcode": null, "adm3_name": "4e Section La Gosseline", "adm3_name1": "4e Section La Gosseline", "adm3_name2": null, "adm3_name3": null, "adm3_pcode": "HT0211-04", "adm2_name": "Jacmel", "adm2_name1": "Jacmel", "adm2_name2": null, "adm2_name3": null, "adm2_pcode": "HT0211", "adm1_name": "South-East", "adm1_name1": "Sud-Est", "adm1_name2": "Sidès", "adm1_name3": null, "adm1_pcode": "HT02", "adm0_name": "Haiti", "adm0_name1": null, "adm0_name2": null, "adm0_name3": null, "adm0_pcode": "HT", "valid_on": "2018-11-29", "valid_to": null, "version": "v01", "lang": "en", "lang1": "fr", "lang2": "ht", "lang3": null }, "geometry": { "type": "Point", "coordinates": [ -72.400487522999867, 18.358835351000039 ] } },
{ "type": "Feature", "properties": { "admin_level": 3, "name": "4e Section la Montagne", "name1": "4e Section la Montagne", "name2": null, "name3": null, "x_coord": -73.15465345, "y_coord": 19.78413289, "adm4_name": null, "adm4_name1": null, "adm4_name2": null, "adm4_name3": null, "adm4_pcode": null, "adm3_name": "4e Section la Montagne", "adm3_name1": "4e Section la Montagne", "adm3_name2": null, "adm3_name3": null, "adm3_pcode": "HT0934-04", "adm2_name": "Jean Rabel", "adm2_name1": "Jean Rabel", "adm2_name2": null, "adm2_name3": null, "adm2_pcode": "HT0934", "adm1_name": "North-West", "adm1_name1": "Nord-Ouest", "adm1_name2": "Nòdwès", "adm1_name3": null, "adm1_pcode": "HT09", "adm0_name": "Haiti", "adm0_name1": null, "adm0_name2": null, "adm0_name3": null, "adm0_pcode": "HT", "valid_on": "2018-11-29", "valid_to": null, "version": "v01", "lang": "en", "lang1": "fr", "lang2": "ht", "lang3": null }, "geometry": { "type": "Point", "coordinates": [ -73.154653446999987, 19.784132894999971 ] } },
{ "type": "Feature", "properties": { "admin_level": 3, "name": "4e Section la Plaine", "name1": "4e Section la Plaine", "name2": null, "name3": null, "x_coord": -73.65924655000001, "y_coord": 18.47219517, "adm4_name": null, "adm4_name1": null, "adm4_name2": null, "adm4_name3": null, "adm4_pcode": null, "adm3_name": "4e Section la Plaine", "adm3_name1": "4e Section la Plaine", "adm3_name2": null, "adm3_name3": null, "adm3_pcode": "HT1031-04", "adm2_name": "Baraderes", "adm2_name1": "Baradères", "adm2_name2": null, "adm2_name3": null, "adm2_pcode": "HT1031", "adm1_name": "Nippes", "adm1_name1": "Nippes", "adm1_name2": "Nip", "adm1_name3": null, "adm1_pcode": "HT10", "adm0_name": "Haiti", "adm0_name1": null, "adm0_name2": null, "adm0_name3": null, "adm0_pcode": "HT", "valid_on": "2018-11-29", "valid_to": null, "version": "v01", "lang": "en", "lang1": "fr", "lang2": "ht", "lang3": null }, "geometry": { "type": "Point", "coordinates": [ -73.659246550999967, 18.472195171000124 ] } },
{ "type": "Feature", "properties": { "admin_level": 3, "name": "4e Section la Seringue", "name1": "4e Section la Seringue", "name2": null, "name3": null, "x_coord": -74.35670877, "y_coord": 18.62214686, "adm4_name": null, "adm4_name1": null, "adm4_name2": null, "adm4_name3": null, "adm4_pcode": null, "adm3_name": "4e Section la Seringue", "adm3_name1": "4e Section la Seringue", "adm3_name2": null, "adm3_name3": null, "adm3_pcode": "HT0812-04", "adm2_name": "Abricots", "adm2_name1": "Abricots", "adm2_name2": null, "adm2_name3": null, "adm2_pcode": "HT0812", "adm1_name": "Grande'Anse", "adm1_name1": "Grande'Anse", "adm1_name2": "Grandans", "adm1_name3": null, "adm1_pcode": "HT08", "adm0_name": "Haiti", "adm0_name1": null, "adm0_name2": null, "adm0_name3": null, "adm0_pcode": "HT", "valid_on": "2018-11-29", "valid_to": null, "version": "v01", "lang": "en", "lang1": "fr", "lang2": "ht", "lang3": null }, "geometry": { "type": "Point", "coordinates": [ -74.356708767999976, 18.62214685500004 ] } },
{ "type": "Feature", "properties": { "admin_level": 3, "name": "4e Section Laguille", "name1": "4e Section Laguille", "name2": null, "name3": null, "x_coord": -72.26673892, "y_coord": 19.53716274, "adm4_name": null, "adm4_name1": null, "adm4_name2": null, "adm4_name3": null, "adm4_pcode": null, "adm3_name": "4e Section Laguille", "adm3_name1": "4e Section Laguille", "adm3_name2": null, "adm3_name3": null, "adm3_pcode": "HT0342-04", "adm2_name": "Dondon", "adm2_name1": "Dondon", "adm2_name2": null, "adm2_name3": null, "adm2_pcode": "HT0342", "adm1_name": "North", "adm1_name1": "Nord", "adm1_name2": "Nò", "adm1_name3": null, "adm1_pcode": "HT03", "adm0_name": "Haiti", "adm0_name1": null, "adm0_name2": null, "adm0_name3": null, "adm0_pcode": "HT", "valid_on": "2018-11-29", "valid_to": null, "version": "v01", "lang": "en", "lang1": "fr", "lang2": "ht", "lang3": null }, "geometry": { "type": "Point", "coordinates": [ -72.266738916999884, 19.537162743000067 ] } },
{ "type": "Feature", "properties": { "admin_level": 3, "name": "4e Section Lalomas", "name1": "4e Section Lalomas", "name2": null, "name3": null, "x_coord": -72.27269849, "y_coord": 19.43028232, "adm4_name": null, "adm4_name1": null, "adm4_name2": null, "adm4_name3": null, "adm4_pcode": null, "adm3_name": "4e Section Lalomas", "adm3_name1": "4e Section Lalomas", "adm3_name2": null, "adm3_name3": null, "adm3_pcode": "HT0551-04", "adm2_name": "Saint-Michel de l'Attalaye", "adm2_name1": "Saint-Michel de l'Attalaye", "adm2_name2": null, "adm2_name3": null, "adm2_pcode": "HT0551", "adm1_name": "Artibonite", "adm1_name1": "Artibonite", "adm1_name2": "Latibonit", "adm1_name3": null, "adm1_pcode": "HT05", "adm0_name": "Haiti", "adm0_name1": null, "adm0_name2": null, "adm0_name3": null, "adm0_pcode": "HT", "valid_on": "2018-11-29", "valid_to": null, "version": "v01", "lang": "en", "lang1": "fr", "lang2": "ht", "lang3": null }, "geometry": { "type": "Point", "coordinates": [ -72.272698488999879, 19.430282321 ] } },
{ "type": "Feature", "properties": { "admin_level": 3, "name": "4e Section Lalouere", "name1": "4e Section Lalouère", "name2": null, "name3": null, "x_coord": -72.61115118, "y_coord": 19.09423378, "adm4_name": null, "adm4_name1": null, "adm4_name2": null, "adm4_name3": null, "adm4_pcode": null, "adm3_name": "4e Section Lalouere", "adm3_name1": "4e Section Lalouère", "adm3_name2": null, "adm3_name3": null, "adm3_pcode": "HT0531-04", "adm2_name": "Saint-Marc", "adm2_name1": "Saint-Marc", "adm2_name2": null, "adm2_name3": null, "adm2_pcode": "HT0531", "adm1_name": "Artibonite", "adm1_name1": "Artibonite", "adm1_name2": "Latibonit", "adm1_name3": null, "adm1_pcode": "HT05", "adm0_name": "Haiti", "adm0_name1": null, "adm0_name2": null, "adm0_name3": null, "adm0_pcode": "HT", "valid_on": "2018-11-29", "valid_to": null, "version": "v01", "lang": "en", "lang1": "fr", "lang2": "ht", "lang3": null }, "geometry": { "type": "Point", "coordinates": [ -72.611151174999918, 19.094233783 ] } },
{ "type": "Feature", "properties": { "admin_level": 3, "name": "4e Section Laurent", "name1": "4e Section Laurent", "name2": null, "name3": null, "x_coord": -73.74513767000001, "y_coord": 18.26188451, "adm4_name": null, "adm4_name1": null, "adm4_name2": null, "adm4_name3": null, "adm4_pcode": null, "adm3_name": "4e Section Laurent", "adm3_name1": "4e Section Laurent", "adm3_name2": null, "adm3_name3": null, "adm3_pcode": "HT0711-04", "adm2_name": "Les Cayes", "adm2_name1": "Les Cayes", "adm2_name2": null, "adm2_name3": null, "adm2_pcode": "HT0711", "adm1_name": "South", "adm1_name1": "Sud", "adm1_name2": "Sid", "adm1_name3": null, "adm1_pcode": "HT07", "adm0_name": "Haiti", "adm0_name1": null, "adm0_name2": null, "adm0_name3": null, "adm0_pcode": "HT", "valid_on": "2018-11-29", "valid_to": null, "version": "v01", "lang": "en", "lang1": "fr", "lang2": "ht", "lang3": null }, "geometry": { "type": "Point", "coordinates": [ -73.745137674999853, 18.261884512000051 ] } },
{ "type": "Feature", "properties": { "admin_level": 3, "name": "4e Section les Gommiers", "name1": "4e Section les Gommiers", "name2": null, "name3": null, "x_coord": -74.03020193, "y_coord": 18.58199411, "adm4_name": null, "adm4_name1": null, "adm4_name2": null, "adm4_name3": null, "adm4_pcode": null, "adm3_name": "4e Section les Gommiers", "adm3_name1": "4e Section les Gommiers", "adm3_name2": null, "adm3_name3": null, "adm3_pcode": "HT0832-04", "adm2_name": "Roseaux", "adm2_name1": "Roseaux", "adm2_name2": null, "adm2_name3": null, "adm2_pcode": "HT0832", "adm1_name": "Grande'Anse", "adm1_name1": "Grande'Anse", "adm1_name2": "Grandans", "adm1_name3": null, "adm1_pcode": "HT08", "adm0_name": "Haiti", "adm0_name1": null, "adm0_name2": null, "adm0_name3": null, "adm0_pcode": "HT", "valid_on": "2018-11-29", "valid_to": null, "version": "v01", "lang": "en", "lang1": "fr", "lang2": "ht", "lang3": null }, "geometry": { "type": "Point", "coordinates": [ -74.030201932999887, 18.581994113000064 ] } },
{ "type": "Feature", "properties": { "admin_level": 3, "name": "4e Section Mahotiere", "name1": "4e Section Mahotière", "name2": null, "name3": null, "x_coord": -72.97631475, "y_coord": 19.77920003, "adm4_name": null, "adm4_name1": null, "adm4_name2": null, "adm4_name3": null, "adm4_pcode": null, "adm3_name": "4e Section Mahotiere", "adm3_name1": "4e Section Mahotière", "adm3_name2": null, "adm3_name3": null, "adm3_pcode": "HT0911-04", "adm2_name": "Port-de-Paix", "adm2_name1": "Port-de-Paix", "adm2_name2": null, "adm2_name3": null, "adm2_pcode": "HT0911", "adm1_name": "North-West", "adm1_name1": "Nord-Ouest", "adm1_name2": "Nòdwès", "adm1_name3": null, "adm1_pcode": "HT09", "adm0_name": "Haiti", "adm0_name1": null, "adm0_name2": null, "adm0_name3": null, "adm0_pcode": "HT", "valid_on": "2018-11-29", "valid_to": null, "version": "v01", "lang": "en", "lang1": "fr", "lang2": "ht", "lang3": null }, "geometry": { "type": "Point", "coordinates": [ -72.976314749999915, 19.779200031000073 ] } },
{ "type": "Feature", "properties": { "admin_level": 3, "name": "4e Section Mandou", "name1": "4e Section Mandou", "name2": null, "name3": null, "x_coord": -74.45508228, "y_coord": 18.4375624, "adm4_name": null, "adm4_name1": null, "adm4_name2": null, "adm4_name3": null, "adm4_pcode": null, "adm3_name": "4e Section Mandou", "adm3_name1": "4e Section Mandou", "adm3_name2": null, "adm3_name3": null, "adm3_pcode": "HT0821-04", "adm2_name": "Anse d'Hainault", "adm2_name1": "Anse d'Hainault", "adm2_name2": null, "adm2_name3": null, "adm2_pcode": "HT0821", "adm1_name": "Grande'Anse", "adm1_name1": "Grande'Anse", "adm1_name2": "Grandans", "adm1_name3": null, "adm1_pcode": "HT08", "adm0_name": "Haiti", "adm0_name1": null, "adm0_name2": null, "adm0_name3": null, "adm0_pcode": "HT", "valid_on": "2018-11-29", "valid_to": null, "version": "v01", "lang": "en", "lang1": "fr", "lang2": "ht", "lang3": null }, "geometry": { "type": "Point", "coordinates": [ -74.455082276999917, 18.437562404000118 ] } },
{ "type": "Feature", "properties": { "admin_level": 3, "name": "4e Section Mapou", "name1": "4e Section Mapou", "name2": null, "name3": null, "x_coord": -72.52395348, "y_coord": 19.5999105, "adm4_name": null, "adm4_name1": null, "adm4_name2": null, "adm4_name3": null, "adm4_pcode": null, "adm3_name": "4e Section Mapou", "adm3_name1": "4e Section Mapou", "adm3_name2": null, "adm3_name3": null, "adm3_pcode": "HT0371-04", "adm2_name": "Plaisance", "adm2_name1": "Plaisance", "adm2_name2": null, "adm2_name3": null, "adm2_pcode": "HT0371", "adm1_name": "North", "adm1_name1": "Nord", "adm1_name2": "Nò", "adm1_name3": null, "adm1_pcode": "HT03", "adm0_name": "Haiti", "adm0_name1": null, "adm0_name2": null, "adm0_name3": null, "adm0_pcode": "HT", "valid_on": "2018-11-29", "valid_to": null, "version": "v01", "lang": "en", "lang1": "fr", "lang2": "ht", "lang3": null }, "geometry": { "type": "Point", "coordinates": [ -72.523953480999921, 19.599910504000036 ] } },
{ "type": "Feature", "properties": { "admin_level": 3, "name": "4e Section Mare Henri", "name1": "4e Section Mare Henri", "name2": null, "name3": null, "x_coord": -73.60032177, "y_coord": 18.39621113, "adm4_name": null, "adm4_name1": null, "adm4_name2": null, "adm4_name3": null, "adm4_pcode": null, "adm3_name": "4e Section Mare Henri", "adm3_name1": "4e Section Mare Henri", "adm3_name2": null, "adm3_name3": null, "adm3_pcode": "HT0733-04", "adm2_name": "Cavaillon", "adm2_name1": "Cavaillon", "adm2_name2": null, "adm2_name3": null, "adm2_pcode": "HT0733", "adm1_name": "South", "adm1_name1": "Sud", "adm1_name2": "Sid", "adm1_name3": null, "adm1_pcode": "HT07", "adm0_name": "Haiti", "adm0_name1": null, "adm0_name2": null, "adm0_name3": null, "adm0_pcode": "HT", "valid_on": "2018-11-29", "valid_to": null, "version": "v01", "lang": "en", "lang1": "fr", "lang2": "ht", "lang3": null }, "geometry": { "type": "Point", "coordinates": [ -73.60032176999988, 18.396211133000065 ] } },
{ "type": "Feature", "properties": { "admin_level": 3, "name": "4e Section Mare Roseaux", "name1": "4e Section Mare Roseaux", "name2": null, "name3": null, "x_coord": -72.08466911, "y_coord": 18.47560703, "adm4_name": null, "adm4_name1": null, "adm4_name2": null, "adm4_name3": null, "adm4_pcode": null, "adm3_name": "4e Section Mare Roseaux", "adm3_name1": "4e Section Mare Roseaux", "adm3_name2": null, "adm3_name3": null, "adm3_pcode": "HT0133-05", "adm2_name": "Ganthier", "adm2_name1": "Ganthier", "adm2_name2": null, "adm2_name3": null, "adm2_pcode": "HT0133", "adm1_name": "West", "adm1_name1": "Ouest", "adm1_name2": "Lwès", "adm1_name3": null, "adm1_pcode": "HT01", "adm0_name": "Haiti", "adm0_name1": null, "adm0_name2": null, "adm0_name3": null, "adm0_pcode": "HT", "valid_on": "2018-11-29", "valid_to": null, "version": "v01", "lang": "en", "lang1": "fr", "lang2": "ht", "lang3": null }, "geometry": { "type": "Point", "coordinates": [ -72.084669106999854, 18.475607026000034 ] } },
{ "type": "Feature", "properties": { "admin_level": 3, "name": "4e Section Montagne Terrible", "name1": "4e Section Montagne Terrible", "name2": null, "name3": null, "x_coord": -72.31740148, "y_coord": 18.84089307, "adm4_name": null, "adm4_name1": null, "adm4_name2": null, "adm4_name3": null, "adm4_pcode": null, "adm3_name": "4e Section Montagne Terrible", "adm3_name1": "4e Section Montagne Terrible", "adm3_name2": null, "adm3_name3": null, "adm3_pcode": "HT0622-04", "adm2_name": "Saut d'Eau", "adm2_name1": "Saut d'Eau", "adm2_name2": null, "adm2_name3": null, "adm2_pcode": "HT0622", "adm1_name": "Centre", "adm1_name1": "Centre", "adm1_name2": "Sant", "adm1_name3": null, "adm1_pcode": "HT06", "adm0_name": "Haiti", "adm0_name1": null, "adm0_name2": null, "adm0_name3": null, "adm0_pcode": "HT", "valid_on": "2018-11-29", "valid_to": null, "version": "v01", "lang": "en", "lang1": "fr", "lang2": "ht", "lang3": null }, "geometry": { "type": "Point", "coordinates": [ -72.317401480999877, 18.840893073000018 ] } },
{ "type": "Feature", "properties": { "admin_level": 3, "name": "4e Section Montrouis", "name1": "4e Section Montrouis", "name2": null, "name3": null, "x_coord": -72.62714499000001, "y_coord": 18.92464306, "adm4_name": null, "adm4_name1": null, "adm4_name2": null, "adm4_name3": null, "adm4_pcode": null, "adm3_name": "4e Section Montrouis", "adm3_name1": "4e Section Montrouis", "adm3_name2": null, "adm3_name3": null, "adm3_pcode": "HT0141-04", "adm2_name": "Arcahaie", "adm2_name1": "Arcahaie", "adm2_name2": null, "adm2_name3": null, "adm2_pcode": "HT0141", "adm1_name": "West", "adm1_name1": "Ouest", "adm1_name2": "Lwès", "adm1_name3": null, "adm1_pcode": "HT01", "adm0_name": "Haiti", "adm0_name1": null, "adm0_name2": null, "adm0_name3": null, "adm0_pcode": "HT", "valid_on": "2018-11-29", "valid_to": null, "version": "v01", "lang": "en", "lang1": "fr", "lang2": "ht", "lang3": null }, "geometry": { "type": "Point", "coordinates": [ -72.627144992999945, 18.924643056000093 ] } },
{ "type": "Feature", "properties": { "admin_level": 3, "name": "4e Section Moreau", "name1": "4e Section Moreau", "name2": null, "name3": null, "x_coord": -73.94215942, "y_coord": 18.3253923, "adm4_name": null, "adm4_name1": null, "adm4_name2": null, "adm4_name3": null, "adm4_pcode": null, "adm3_name": "4e Section Moreau", "adm3_name1": "4e Section Moreau", "adm3_name2": null, "adm3_name3": null, "adm3_pcode": "HT0712-04", "adm2_name": "Torbeck", "adm2_name1": "Torbeck", "adm2_name2": null, "adm2_name3": null, "adm2_pcode": "HT0712", "adm1_name": "South", "adm1_name1": "Sud", "adm1_name2": "Sid", "adm1_name3": null, "adm1_pcode": "HT07", "adm0_name": "Haiti", "adm0_name1": null, "adm0_name2": null, "adm0_name3": null, "adm0_pcode": "HT", "valid_on": "2018-11-29", "valid_to": null, "version": "v01", "lang": "en", "lang1": "fr", "lang2": "ht", "lang3": null }, "geometry": { "type": "Point", "coordinates": [ -73.94215941899995, 18.325392302000068 ] } },
{ "type": "Feature", "properties": { "admin_level": 3, "name": "4e Section Morisseau", "name1": "4e Section Morisseau", "name2": null, "name3": null, "x_coord": -73.3834803, "y_coord": 18.36137158, "adm4_name": null, "adm4_name1": null, "adm4_name2": null, "adm4_name3": null, "adm4_pcode": null, "adm3_name": "4e Section Morisseau", "adm3_name1": "4e Section Morisseau", "adm3_name2": null, "adm3_name3": null, "adm3_pcode": "HT1023-01", "adm2_name": "L'Asile", "adm2_name1": "L'Asile", "adm2_name2": null, "adm2_name3": null, "adm2_pcode": "HT1023", "adm1_name": "Nippes", "adm1_name1": "Nippes", "adm1_name2": "Nip", "adm1_name3": null, "adm1_pcode": "HT10", "adm0_name": "Haiti", "adm0_name1": null, "adm0_name2": null, "adm0_name3": null, "adm0_pcode": "HT", "valid_on": "2018-11-29", "valid_to": null, "version": "v01", "lang": "en", "lang1": "fr", "lang2": "ht", "lang3": null }, "geometry": { "type": "Point", "coordinates": [ -73.383480295999959, 18.36137158300005 ] } },
{ "type": "Feature", "properties": { "admin_level": 3, "name": "4e Section Moussambe", "name1": "4e Section Moussambe", "name2": null, "name3": null, "x_coord": -72.75413044, "y_coord": 18.32916965, "adm4_name": null, "adm4_name1": null, "adm4_name2": null, "adm4_name3": null, "adm4_pcode": null, "adm3_name": "4e Section Moussambe", "adm3_name1": "4e Section Moussambe", "adm3_name2": null, "adm3_name3": null, "adm3_pcode": "HT0123-04", "adm2_name": "Grand-Goave", "adm2_name1": "Grand-Goâve", "adm2_name2": null, "adm2_name3": null, "adm2_pcode": "HT0123", "adm1_name": "West", "adm1_name1": "Ouest", "adm1_name2": "Lwès", "adm1_name3": null, "adm1_pcode": "HT01", "adm0_name": "Haiti", "adm0_name1": null, "adm0_name2": null, "adm0_name3": null, "adm0_pcode": "HT", "valid_on": "2018-11-29", "valid_to": null, "version": "v01", "lang": "en", "lang1": "fr", "lang2": "ht", "lang3": null }, "geometry": { "type": "Point", "coordinates": [ -72.754130439999983, 18.329169647000015 ] } },
{ "type": "Feature", "properties": { "admin_level": 3, "name": "4e Section Petit Bois", "name1": "4e Section Petit Bois", "name2": null, "name3": null, "x_coord": -72.17643826, "y_coord": 18.54810652, "adm4_name": null, "adm4_name1": null, "adm4_name2": null, "adm4_name3": null, "adm4_pcode": null, "adm3_name": "4e Section Petit Bois", "adm3_name1": "4e Section Petit Bois", "adm3_name2": null, "adm3_name3": null, "adm3_pcode": "HT0131-04", "adm2_name": "Croix-Des-Bouquets", "adm2_name1": "Croix-Des-Bouquets", "adm2_name2": null, "adm2_name3": null, "adm2_pcode": "HT0131", "adm1_name": "West", "adm1_name1": "Ouest", "adm1_name2": "Lwès", "adm1_name3": null, "adm1_pcode": "HT01", "adm0_name": "Haiti", "adm0_name1": null, "adm0_name2": null, "adm0_name3": null, "adm0_pcode": "HT", "valid_on": "2018-11-29", "valid_to": null, "version": "v01", "lang": "en", "lang1": "fr", "lang2": "ht", "lang3": null }, "geometry": { "type": "Point", "coordinates": [ -72.176438263999898, 18.548106516000132 ] } },
{ "type": "Feature", "properties": { "admin_level": 3, "name": "4e Section Petite Riviere", "name1": "4e Section Petite Rivière", "name2": null, "name3": null, "x_coord": -74.40140569, "y_coord": 18.61150414, "adm4_name": null, "adm4_name1": null, "adm4_name2": null, "adm4_name3": null, "adm4_pcode": null, "adm3_name": "4e Section Petite Riviere", "adm3_name1": "4e Section Petite Rivière", "adm3_name2": null, "adm3_name3": null, "adm3_pcode": "HT0822-04", "adm2_name": "Dame Marie", "adm2_name1": "Dame Marie", "adm2_name2": null, "adm2_name3": null, "adm2_pcode": "HT0822", "adm1_name": "Grande'Anse", "adm1_name1": "Grande'Anse", "adm1_name2": "Grandans", "adm1_name3": null, "adm1_pcode": "HT08", "adm0_name": "Haiti", "adm0_name1": null, "adm0_name2": null, "adm0_name3": null, "adm0_pcode": "HT", "valid_on": "2018-11-29", "valid_to": null, "version": "v01", "lang": "en", "lang1": "fr", "lang2": "ht", "lang3": null }, "geometry": { "type": "Point", "coordinates": [ -74.401405692999958, 18.611504135000132 ] } },
{ "type": "Feature", "properties": { "admin_level": 3, "name": "4e Section Pointe a Raquette", "name1": "4e Section Pointe à Raquette", "name2": null, "name3": null, "x_coord": -73.14317061, "y_coord": 18.90975476, "adm4_name": null, "adm4_name1": null, "adm4_name2": null, "adm4_name3": null, "adm4_pcode": null, "adm3_name": "4e Section Pointe a Raquette", "adm3_name1": "4e Section Pointe à Raquette", "adm3_name2": null, "adm3_name3": null, "adm3_pcode": "HT0152-05", "adm2_name": "Pointe a Raquette", "adm2_name1": "Pointe à Raquette", "adm2_name2": null, "adm2_name3": null, "adm2_pcode": "HT0152", "adm1_name": "West", "adm1_name1": "Ouest", "adm1_name2": "Lwès", "adm1_name3": null, "adm1_pcode": "HT01", "adm0_name": "Haiti", "adm0_name1": null, "adm0_name2": null, "adm0_name3": null, "adm0_pcode": "HT", "valid_on": "2018-11-29", "valid_to": null, "version": "v01", "lang": "en", "lang1": "fr", "lang2": "ht", "lang3": null }, "geometry": { "type": "Point", "coordinates": [ -73.143170607999878, 18.909754759 ] } },
{ "type": "Feature", "properties": { "admin_level": 3, "name": "4e Section Poste Pierrot", "name1": "4e Section Poste Pierrot", "name2": null, "name3": null, "x_coord": -72.45363099, "y_coord": 19.20887172, "adm4_name": null, "adm4_name1": null, "adm4_name2": null, "adm4_name3": null, "adm4_pcode": null, "adm3_name": "4e Section Poste Pierrot", "adm3_name1": "4e Section Poste Pierrot", "adm3_name2": null, "adm3_name3": null, "adm3_pcode": "HT0541-04", "adm2_name": "Dessalines", "adm2_name1": "Dessalines", "adm2_name2": null, "adm2_name3": null, "adm2_pcode": "HT0541", "adm1_name": "Artibonite", "adm1_name1": "Artibonite", "adm1_name2": "Latibonit", "adm1_name3": null, "adm1_pcode": "HT05", "adm0_name": "Haiti", "adm0_name1": null, "adm0_name2": null, "adm0_name3": null, "adm0_pcode": "HT", "valid_on": "2018-11-29", "valid_to": null, "version": "v01", "lang": "en", "lang1": "fr", "lang2": "ht", "lang3": null }, "geometry": { "type": "Point", "coordinates": [ -72.453630985999951, 19.208871719000172 ] } },
{ "type": "Feature", "properties": { "admin_level": 3, "name": "4e Section Poteaux", "name1": "4e Section Poteaux", "name2": null, "name3": null, "x_coord": -72.61162026, "y_coord": 19.55739285, "adm4_name": null, "adm4_name1": null, "adm4_name2": null, "adm4_name3": null, "adm4_pcode": null, "adm3_name": "4e Section Poteaux", "adm3_name1": "4e Section Poteaux", "adm3_name2": null, "adm3_name3": null, "adm3_pcode": "HT0511-04", "adm2_name": "Gonaives", "adm2_name1": "Gonaïves", "adm2_name2": null, "adm2_name3": null, "adm2_pcode": "HT0511", "adm1_name": "Artibonite", "adm1_name1": "Artibonite", "adm1_name2": "Latibonit", "adm1_name3": null, "adm1_pcode": "HT05", "adm0_name": "Haiti", "adm0_name1": null, "adm0_name2": null, "adm0_name3": null, "adm0_pcode": "HT", "valid_on": "2018-11-29", "valid_to": null, "version": "v01", "lang": "en", "lang1": "fr", "lang2": "ht", "lang3": null }, "geometry": { "type": "Point", "coordinates": [ -72.611620260999928, 19.557392849000053 ] } },
{ "type": "Feature", "properties": { "admin_level": 3, "name": "4e Section Procy", "name1": "4e Section Procy", "name2": null, "name3": null, "x_coord": -72.38837784, "y_coord": 18.46106304, "adm4_name": null, "adm4_name1": null, "adm4_name2": null, "adm4_name3": null, "adm4_pcode": null, "adm3_name": "4e Section Procy", "adm3_name1": "4e Section Procy", "adm3_name2": null, "adm3_name3": null, "adm3_pcode": "HT0113-04", "adm2_name": "Carrefour", "adm2_name1": "Carrefour", "adm2_name2": null, "adm2_name3": null, "adm2_pcode": "HT0113", "adm1_name": "West", "adm1_name1": "Ouest", "adm1_name2": "Lwès", "adm1_name3": null, "adm1_pcode": "HT01", "adm0_name": "Haiti", "adm0_name1": null, "adm0_name2": null, "adm0_name3": null, "adm0_pcode": "HT", "valid_on": "2018-11-29", "valid_to": null, "version": "v01", "lang": "en", "lang1": "fr", "lang2": "ht", "lang3": null }, "geometry": { "type": "Point", "coordinates": [ -72.388377841999954, 18.461063037000088 ] } },
{ "type": "Feature", "properties": { "admin_level": 3, "name": "4e Section Puilboreau", "name1": "4e Section Puilboreau", "name2": null, "name3": null, "x_coord": -72.45588846, "y_coord": 19.49742031, "adm4_name": null, "adm4_name1": null, "adm4_name2": null, "adm4_name3": null, "adm4_pcode": null, "adm3_name": "4e Section Puilboreau", "adm3_name1": "4e Section Puilboreau", "adm3_name2": null, "adm3_name3": null, "adm3_pcode": "HT0512-04", "adm2_name": "Ennery", "adm2_name1": "Ennery", "adm2_name2": null, "adm2_name3": null, "adm2_pcode": "HT0512", "adm1_name": "Artibonite", "adm1_name1": "Artibonite", "adm1_name2": "Latibonit", "adm1_name3": null, "adm1_pcode": "HT05", "adm0_name": "Haiti", "adm0_name1": null, "adm0_name2": null, "adm0_name3": null, "adm0_pcode": "HT", "valid_on": "2018-11-29", "valid_to": null, "version": "v01", "lang": "en", "lang1": "fr", "lang2": "ht", "lang3": null }, "geometry": { "type": "Point", "coordinates": [ -72.455888461999962, 19.497420312000088 ] } },
{ "type": "Feature", "properties": { "admin_level": 3, "name": "4e Section Riviere de Barre", "name1": "4e Section Rivière de Barre", "name2": null, "name3": null, "x_coord": -72.70126799000001, "y_coord": 19.88172822, "adm4_name": null, "adm4_name1": null, "adm4_name2": null, "adm4_name3": null, "adm4_pcode": null, "adm3_name": "4e Section Riviere de Barre", "adm3_name1": "4e Section Rivière de Barre", "adm3_name2": null, "adm3_name3": null, "adm3_pcode": "HT0921-04", "adm2_name": "Saint-Louis du Nord", "adm2_name1": "Saint-Louis du Nord", "adm2_name2": null, "adm2_name3": null, "adm2_pcode": "HT0921", "adm1_name": "North-West", "adm1_name1": "Nord-Ouest", "adm1_name2": "Nòdwès", "adm1_name3": null, "adm1_pcode": "HT09", "adm0_name": "Haiti", "adm0_name1": null, "adm0_name2": null, "adm0_name3": null, "adm0_pcode": "HT", "valid_on": "2018-11-29", "valid_to": null, "version": "v01", "lang": "en", "lang1": "fr", "lang2": "ht", "lang3": null }, "geometry": { "type": "Point", "coordinates": [ -72.701267985999948, 19.881728224000028 ] } },
{ "type": "Feature", "properties": { "admin_level": 3, "name": "4e Section San-Yago", "name1": "4e Section San-Yago", "name2": null, "name3": null, "x_coord": -72.20523924, "y_coord": 19.36719139, "adm4_name": null, "adm4_name1": null, "adm4_name2": null, "adm4_name3": null, "adm4_pcode": null, "adm3_name": "4e Section San-Yago", "adm3_name1": "4e Section San-Yago", "adm3_name2": null, "adm3_name3": null, "adm3_pcode": "HT0341-04", "adm2_name": "Saint-Raphael", "adm2_name1": "Saint-Raphaël", "adm2_name2": null, "adm2_name3": null, "adm2_pcode": "HT0341", "adm1_name": "North", "adm1_name1": "Nord", "adm1_name2": "Nò", "adm1_name3": null, "adm1_pcode": "HT03", "adm0_name": "Haiti", "adm0_name1": null, "adm0_name2": null, "adm0_name3": null, "adm0_pcode": "HT", "valid_on": "2018-11-29", "valid_to": null, "version": "v01", "lang": "en", "lang1": "fr", "lang2": "ht", "lang3": null }, "geometry": { "type": "Point", "coordinates": [ -72.205239239999855, 19.367191387 ] } },
{ "type": "Feature", "properties": { "admin_level": 3, "name": "4e Section Sarazin", "name1": "4e Section Sarazin", "name2": null, "name3": null, "x_coord": -72.06757918, "y_coord": 19.57307866, "adm4_name": null, "adm4_name1": null, "adm4_name2": null, "adm4_name3": null, "adm4_pcode": null, "adm3_name": "4e Section Sarazin", "adm3_name1": "4e Section Sarazin", "adm3_name2": null, "adm3_name3": null, "adm3_pcode": "HT0432-04", "adm2_name": "Sainte Suzanne", "adm2_name1": "Sainte Suzanne", "adm2_name2": null, "adm2_name3": null, "adm2_pcode": "HT0432", "adm1_name": "North-East", "adm1_name1": "Nord-Est", "adm1_name2": "Nòdès", "adm1_name3": null, "adm1_pcode": "HT04", "adm0_name": "Haiti", "adm0_name1": null, "adm0_name2": null, "adm0_name3": null, "adm0_pcode": "HT", "valid_on": "2018-11-29", "valid_to": null, "version": "v01", "lang": "en", "lang1": "fr", "lang2": "ht", "lang3": null }, "geometry": { "type": "Point", "coordinates": [ -72.067579175999981, 19.573078656 ] } },
{ "type": "Feature", "properties": { "admin_level": 3, "name": "4e Section Savane a Roche", "name1": "4e Section Savane à Roche", "name2": null, "name3": null, "x_coord": -72.30456129, "y_coord": 18.99322222, "adm4_name": null, "adm4_name1": null, "adm4_name2": null, "adm4_name3": null, "adm4_pcode": null, "adm3_name": "4e Section Savane a Roche", "adm3_name1": "4e Section Savane à Roche", "adm3_name2": null, "adm3_name3": null, "adm3_pcode": "HT0542-04", "adm2_name": "Petite Riviere de l'Artibonite", "adm2_name1": "Petite Rivière de l'Artibonite", "adm2_name2": null, "adm2_name3": null, "adm2_pcode": "HT0542", "adm1_name": "Artibonite", "adm1_name1": "Artibonite", "adm1_name2": "Latibonit", "adm1_name3": null, "adm1_pcode": "HT05", "adm0_name": "Haiti", "adm0_name1": null, "adm0_name2": null, "adm0_name3": null, "adm0_pcode": "HT", "valid_on": "2018-11-29", "valid_to": null, "version": "v01", "lang": "en", "lang1": "fr", "lang2": "ht", "lang3": null }, "geometry": { "type": "Point", "coordinates": [ -72.30456128599991, 18.993222216000106 ] } },
{ "type": "Feature", "properties": { "admin_level": 3, "name": "4e Section Savane au Lait", "name1": "4e Section Savane au Lait", "name2": null, "name3": null, "x_coord": -71.77626612, "y_coord": 19.49268407, "adm4_name": null, "adm4_name1": null, "adm4_name2": null, "adm4_name3": null, "adm4_pcode": null, "adm3_name": "4e Section Savane au Lait", "adm3_name1": "4e Section Savane au Lait", "adm3_name2": null, "adm3_name3": null, "adm3_pcode": "HT0421-04", "adm2_name": "Ouanaminthe", "adm2_name1": "Ouanaminthe", "adm2_name2": null, "adm2_name3": null, "adm2_pcode": "HT0421", "adm1_name": "North-East", "adm1_name1": "Nord-Est", "adm1_name2": "Nòdès", "adm1_name3": null, "adm1_pcode": "HT04", "adm0_name": "Haiti", "adm0_name1": null, "adm0_name2": null, "adm0_name3": null, "adm0_pcode": "HT", "valid_on": "2018-11-29", "valid_to": null, "version": "v01", "lang": "en", "lang1": "fr", "lang2": "ht", "lang3": null }, "geometry": { "type": "Point", "coordinates": [ -71.776266116999921, 19.492684068000074 ] } },
{ "type": "Feature", "properties": { "admin_level": 3, "name": "4e Section Soufriere", "name1": "4e Section Soufrière", "name2": null, "name3": null, "x_coord": -72.37753546, "y_coord": 19.66045164, "adm4_name": null, "adm4_name1": null, "adm4_name2": null, "adm4_name3": null, "adm4_pcode": null, "adm3_name": "4e Section Soufriere", "adm3_name1": "4e Section Soufrière", "adm3_name2": null, "adm3_name3": null, "adm3_pcode": "HT0361-04", "adm2_name": "Limbe", "adm2_name1": "Limbé", "adm2_name2": null, "adm2_name3": null, "adm2_pcode": "HT0361", "adm1_name": "North", "adm1_name1": "Nord", "adm1_name2": "Nò", "adm1_name3": null, "adm1_pcode": "HT03", "adm0_name": "Haiti", "adm0_name1": null, "adm0_name2": null, "adm0_name3": null, "adm0_pcode": "HT", "valid_on": "2018-11-29", "valid_to": null, "version": "v01", "lang": "en", "lang1": "fr", "lang2": "ht", "lang3": null }, "geometry": { "type": "Point", "coordinates": [ -72.377535454999986, 19.660451636000062 ] } },
{ "type": "Feature", "properties": { "admin_level": 3, "name": "4e Section St-Michel", "name1": "4e Section St-Michel", "name2": null, "name3": null, "x_coord": -73.1266638, "y_coord": 18.37834951, "adm4_name": null, "adm4_name1": null, "adm4_name2": null, "adm4_name3": null, "adm4_pcode": null, "adm3_name": "4e Section St-Michel", "adm3_name1": "4e Section St-Michel", "adm3_name2": null, "adm3_name3": null, "adm3_pcode": "HT1011-04", "adm2_name": "Miragoane", "adm2_name1": "Miragoâne", "adm2_name2": null, "adm2_name3": null, "adm2_pcode": "HT1011", "adm1_name": "Nippes", "adm1_name1": "Nippes", "adm1_name2": "Nip", "adm1_name3": null, "adm1_pcode": "HT10", "adm0_name": "Haiti", "adm0_name1": null, "adm0_name2": null, "adm0_name3": null, "adm0_pcode": "HT", "valid_on": "2018-11-29", "valid_to": null, "version": "v01", "lang": "en", "lang1": "fr", "lang2": "ht", "lang3": null }, "geometry": { "type": "Point", "coordinates": [ -73.12666380099995, 18.378349506000177 ] } },
{ "type": "Feature", "properties": { "admin_level": 3, "name": "4e Section Tozia", "name1": "4e Section Tozia", "name2": null, "name3": null, "x_coord": -73.82763556, "y_coord": 18.45414664, "adm4_name": null, "adm4_name1": null, "adm4_name2": null, "adm4_name3": null, "adm4_pcode": null, "adm3_name": "4e Section Tozia", "adm3_name1": "4e Section Tozia", "adm3_name2": null, "adm3_name3": null, "adm3_pcode": "HT0834-04", "adm2_name": "Pestel", "adm2_name1": "Pestel", "adm2_name2": null, "adm2_name3": null, "adm2_pcode": "HT0834", "adm1_name": "Grande'Anse", "adm1_name1": "Grande'Anse", "adm1_name2": "Grandans", "adm1_name3": null, "adm1_pcode": "HT08", "adm0_name": "Haiti", "adm0_name1": null, "adm0_name2": null, "adm0_name3": null, "adm0_pcode": "HT", "valid_on": "2018-11-29", "valid_to": null, "version": "v01", "lang": "en", "lang1": "fr", "lang2": "ht", "lang3": null }, "geometry": { "type": "Point", "coordinates": [ -73.827635554999915, 18.454146638000054 ] } },
{ "type": "Feature", "properties": { "admin_level": 3, "name": "4e Section Trou d'Enfer", "name1": "4e Section Trou d'Enfer", "name2": null, "name3": null, "x_coord": -72.60280432, "y_coord": 19.77351379, "adm4_name": null, "adm4_name1": null, "adm4_name2": null, "adm4_name3": null, "adm4_pcode": null, "adm3_name": "4e Section Trou d'Enfer", "adm3_name1": "4e Section Trou d'Enfer", "adm3_name2": null, "adm3_name3": null, "adm3_pcode": "HT0351-04", "adm2_name": "Borgne", "adm2_name1": "Borgne", "adm2_name2": null, "adm2_name3": null, "adm2_pcode": "HT0351", "adm1_name": "North", "adm1_name1": "Nord", "adm1_name2": "Nò", "adm1_name3": null, "adm1_pcode": "HT03", "adm0_name": "Haiti", "adm0_name1": null, "adm0_name2": null, "adm0_name3": null, "adm0_pcode": "HT", "valid_on": "2018-11-29", "valid_to": null, "version": "v01", "lang": "en", "lang1": "fr", "lang2": "ht", "lang3": null }, "geometry": { "type": "Point", "coordinates": [ -72.602804323999976, 19.773513792000017 ] } },
{ "type": "Feature", "properties": { "admin_level": 3, "name": "4e Section Zanglais", "name1": "4e Section Zanglais", "name2": null, "name3": null, "x_coord": -73.45267375, "y_coord": 18.27336032, "adm4_name": null, "adm4_name1": null, "adm4_name2": null, "adm4_name3": null, "adm4_pcode": null, "adm3_name": "4e Section Zanglais", "adm3_name1": "4e Section Zanglais", "adm3_name2": null, "adm3_name3": null, "adm3_pcode": "HT0732-04", "adm2_name": "Saint Louis du Sud", "adm2_name1": "Saint Louis du Sud", "adm2_name2": null, "adm2_name3": null, "adm2_pcode": "HT0732", "adm1_name": "South", "adm1_name1": "Sud", "adm1_name2": "Sid", "adm1_name3": null, "adm1_pcode": "HT07", "adm0_name": "Haiti", "adm0_name1": null, "adm0_name2": null, "adm0_name3": null, "adm0_pcode": "HT", "valid_on": "2018-11-29", "valid_to": null, "version": "v01", "lang": "en", "lang1": "fr", "lang2": "ht", "lang3": null }, "geometry": { "type": "Point", "coordinates": [ -73.452673750999963, 18.273360319000176 ] } },
{ "type": "Feature", "properties": { "admin_level": 3, "name": "5e Section Baliverne", "name1": "5e Section Baliverne", "name2": null, "name3": null, "x_coord": -74.37839753, "y_coord": 18.566974, "adm4_name": null, "adm4_name1": null, "adm4_name2": null, "adm4_name3": null, "adm4_pcode": null, "adm3_name": "5e Section Baliverne", "adm3_name1": "5e Section Baliverne", "adm3_name2": null, "adm3_name3": null, "adm3_pcode": "HT0822-05", "adm2_name": "Dame Marie", "adm2_name1": "Dame Marie", "adm2_name2": null, "adm2_name3": null, "adm2_pcode": "HT0822", "adm1_name": "Grande'Anse", "adm1_name1": "Grande'Anse", "adm1_name2": "Grandans", "adm1_name3": null, "adm1_pcode": "HT08", "adm0_name": "Haiti", "adm0_name1": null, "adm0_name2": null, "adm0_name3": null, "adm0_pcode": "HT", "valid_on": "2018-11-29", "valid_to": null, "version": "v01", "lang": "en", "lang1": "fr", "lang2": "ht", "lang3": null }, "geometry": { "type": "Point", "coordinates": [ -74.378397532999941, 18.566974003000041 ] } },
{ "type": "Feature", "properties": { "admin_level": 3, "name": "5e Section Bas de Grandou", "name1": "5e Section Bas de Grandou", "name2": null, "name3": null, "x_coord": -72.78857646, "y_coord": 18.21890664, "adm4_name": null, "adm4_name1": null, "adm4_name2": null, "adm4_name3": null, "adm4_pcode": null, "adm3_name": "5e Section Bas de Grandou", "adm3_name1": "5e Section Bas de Grandou", "adm3_name2": null, "adm3_name3": null, "adm3_pcode": "HT0221-05", "adm2_name": "Bainet", "adm2_name1": "Bainet", "adm2_name2": null, "adm2_name3": null, "adm2_pcode": "HT0221", "adm1_name": "South-East", "adm1_name1": "Sud-Est", "adm1_name2": "Sidès", "adm1_name3": null, "adm1_pcode": "HT02", "adm0_name": "Haiti", "adm0_name1": null, "adm0_name2": null, "adm0_name3": null, "adm0_pcode": "HT", "valid_on": "2018-11-29", "valid_to": null, "version": "v01", "lang": "en", "lang1": "fr", "lang2": "ht", "lang3": null }, "geometry": { "type": "Point", "coordinates": [ -72.788576457999909, 18.218906638000135 ] } },
{ "type": "Feature", "properties": { "admin_level": 3, "name": "5e Section Bas des Moustiques", "name1": "5e Section Bas des Moustiques", "name2": null, "name3": null, "x_coord": -72.94784463000001, "y_coord": 19.85742979, "adm4_name": null, "adm4_name1": null, "adm4_name2": null, "adm4_name3": null, "adm4_pcode": null, "adm3_name": "5e Section Bas des Moustiques", "adm3_name1": "5e Section Bas des Moustiques", "adm3_name2": null, "adm3_name3": null, "adm3_pcode": "HT0911-05", "adm2_name": "Port-de-Paix", "adm2_name1": "Port-de-Paix", "adm2_name2": null, "adm2_name3": null, "adm2_pcode": "HT0911", "adm1_name": "North-West", "adm1_name1": "Nord-Ouest", "adm1_name2": "Nòdwès", "adm1_name3": null, "adm1_pcode": "HT09", "adm0_name": "Haiti", "adm0_name1": null, "adm0_name2": null, "adm0_name3": null, "adm0_pcode": "HT", "valid_on": "2018-11-29", "valid_to": null, "version": "v01", "lang": "en", "lang1": "fr", "lang2": "ht", "lang3": null }, "geometry": { "type": "Point", "coordinates": [ -72.947844625999892, 19.857429786000012 ] } },
{ "type": "Feature", "properties": { "admin_level": 3, "name": "5e Section Bas Quartier", "name1": "5e Section Bas Quartier", "name2": null, "name3": null, "x_coord": -72.43948495, "y_coord": 19.80049676, "adm4_name": null, "adm4_name1": null, "adm4_name2": null, "adm4_name3": null, "adm4_pcode": null, "adm3_name": "5e Section Bas Quartier", "adm3_name1": "5e Section Bas Quartier", "adm3_name2": null, "adm3_name3": null, "adm3_pcode": "HT0352-05", "adm2_name": "Port-Margot", "adm2_name1": "Port-Margot", "adm2_name2": null, "adm2_name3": null, "adm2_pcode": "HT0352", "adm1_name": "North", "adm1_name1": "Nord", "adm1_name2": "Nò", "adm1_name3": null, "adm1_pcode": "HT03", "adm0_name": "Haiti", "adm0_name1": null, "adm0_name2": null, "adm0_name3": null, "adm0_pcode": "HT", "valid_on": "2018-11-29", "valid_to": null, "version": "v01", "lang": "en", "lang1": "fr", "lang2": "ht", "lang3": null }, "geometry": { "type": "Point", "coordinates": [ -72.439484947999972, 19.80049676200008 ] } },
{ "type": "Feature", "properties": { "admin_level": 3, "name": "5e Section Bastien", "name1": "5e Section Bastien", "name2": null, "name3": null, "x_coord": -72.52580137, "y_coord": 19.02072662, "adm4_name": null, "adm4_name1": null, "adm4_name2": null, "adm4_name3": null, "adm4_pcode": null, "adm3_name": "5e Section Bastien", "adm3_name1": "5e Section Bastien", "adm3_name2": null, "adm3_name3": null, "adm3_pcode": "HT0532-05", "adm2_name": "Verrettes", "adm2_name1": "Verrettes", "adm2_name2": null, "adm2_name3": null, "adm2_pcode": "HT0532", "adm1_name": "Artibonite", "adm1_name1": "Artibonite", "adm1_name2": "Latibonit", "adm1_name3": null, "adm1_pcode": "HT05", "adm0_name": "Haiti", "adm0_name1": null, "adm0_name2": null, "adm0_name3": null, "adm0_pcode": "HT", "valid_on": "2018-11-29", "valid_to": null, "version": "v01", "lang": "en", "lang1": "fr", "lang2": "ht", "lang3": null }, "geometry": { "type": "Point", "coordinates": [ -72.525801369999954, 19.020726624000133 ] } },
{ "type": "Feature", "properties": { "admin_level": 3, "name": "5e Section Bel Air", "name1": "5e Section Bel Air", "name2": null, "name3": null, "x_coord": -72.04901117, "y_coord": 18.28121575, "adm4_name": null, "adm4_name1": null, "adm4_name2": null, "adm4_name3": null, "adm4_pcode": null, "adm3_name": "5e Section Bel Air", "adm3_name1": "5e Section Bel Air", "adm3_name2": null, "adm3_name3": null, "adm3_pcode": "HT0231-05", "adm2_name": "Belle Anse", "adm2_name1": "Belle Anse", "adm2_name2": null, "adm2_name3": null, "adm2_pcode": "HT0231", "adm1_name": "South-East", "adm1_name1": "Sud-Est", "adm1_name2": "Sidès", "adm1_name3": null, "adm1_pcode": "HT02", "adm0_name": "Haiti", "adm0_name1": null, "adm0_name2": null, "adm0_name3": null, "adm0_pcode": "HT", "valid_on": "2018-11-29", "valid_to": null, "version": "v01", "lang": "en", "lang1": "fr", "lang2": "ht", "lang3": null }, "geometry": { "type": "Point", "coordinates": [ -72.049011173999929, 18.281215746000044 ] } },
{ "type": "Feature", "properties": { "admin_level": 3, "name": "5e Section Bellevue Chardonniere", "name1": "5e Section Bellevue Chardonnière", "name2": null, "name3": null, "x_coord": -72.24657527, "y_coord": 18.5228061, "adm4_name": null, "adm4_name1": null, "adm4_name2": null, "adm4_name3": null, "adm4_pcode": null, "adm3_name": "5e Section Bellevue Chardonniere", "adm3_name1": "5e Section Bellevue Chardonnière", "adm3_name2": null, "adm3_name3": null, "adm3_pcode": "HT0114-05", "adm2_name": "Petion-Ville", "adm2_name1": "Pétion-Ville", "adm2_name2": null, "adm2_name3": null, "adm2_pcode": "HT0114", "adm1_name": "West", "adm1_name1": "Ouest", "adm1_name2": "Lwès", "adm1_name3": null, "adm1_pcode": "HT01", "adm0_name": "Haiti", "adm0_name1": null, "adm0_name2": null, "adm0_name3": null, "adm0_pcode": "HT", "valid_on": "2018-11-29", "valid_to": null, "version": "v01", "lang": "en", "lang1": "fr", "lang2": "ht", "lang3": null }, "geometry": { "type": "Point", "coordinates": [ -72.24657526999988, 18.522806099000093 ] } },
{ "type": "Feature", "properties": { "admin_level": 3, "name": "5e Section Bocozelle", "name1": "5e Section Bocozelle", "name2": null, "name3": null, "x_coord": -72.69457797, "y_coord": 19.18779971, "adm4_name": null, "adm4_name1": null, "adm4_name2": null, "adm4_name3": null, "adm4_pcode": null, "adm3_name": "5e Section Bocozelle", "adm3_name1": "5e Section Bocozelle", "adm3_name2": null, "adm3_name3": null, "adm3_pcode": "HT0531-05", "adm2_name": "Saint-Marc", "adm2_name1": "Saint-Marc", "adm2_name2": null, "adm2_name3": null, "adm2_pcode": "HT0531", "adm1_name": "Artibonite", "adm1_name1": "Artibonite", "adm1_name2": "Latibonit", "adm1_name3": null, "adm1_pcode": "HT05", "adm0_name": "Haiti", "adm0_name1": null, "adm0_name2": null, "adm0_name3": null, "adm0_pcode": "HT", "valid_on": "2018-11-29", "valid_to": null, "version": "v01", "lang": "en", "lang1": "fr", "lang2": "ht", "lang3": null }, "geometry": { "type": "Point", "coordinates": [ -72.694577972999866, 19.187799712000071 ] } },
{ "type": "Feature", "properties": { "admin_level": 3, "name": "5e Section Bonneau", "name1": "5e Section Bonneau", "name2": null, "name3": null, "x_coord": -72.67231203, "y_coord": 19.89520313, "adm4_name": null, "adm4_name1": null, "adm4_name2": null, "adm4_name3": null, "adm4_pcode": null, "adm3_name": "5e Section Bonneau", "adm3_name1": "5e Section Bonneau", "adm3_name2": null, "adm3_name3": null, "adm3_pcode": "HT0921-05", "adm2_name": "Saint-Louis du Nord", "adm2_name1": "Saint-Louis du Nord", "adm2_name2": null, "adm2_name3": null, "adm2_pcode": "HT0921", "adm1_name": "North-West", "adm1_name1": "Nord-Ouest", "adm1_name2": "Nòdwès", "adm1_name3": null, "adm1_pcode": "HT09", "adm0_name": "Haiti", "adm0_name1": null, "adm0_name2": null, "adm0_name3": null, "adm0_pcode": "HT", "valid_on": "2018-11-29", "valid_to": null, "version": "v01", "lang": "en", "lang1": "fr", "lang2": "ht", "lang3": null }, "geometry": { "type": "Point", "coordinates": [ -72.672312032999912, 19.895203134000099 ] } },
{ "type": "Feature", "properties": { "admin_level": 3, "name": "5e Section Boucan Belier", "name1": "5e Section Boucan Belier", "name2": null, "name3": null, "x_coord": -72.94200945, "y_coord": 18.27359903, "adm4_name": null, "adm4_name1": null, "adm4_name2": null, "adm4_name3": null, "adm4_pcode": null, "adm3_name": "5e Section Boucan Belier", "adm3_name1": "5e Section Boucan Belier", "adm3_name2": null, "adm3_name3": null, "adm3_pcode": "HT0222-05", "adm2_name": "Cotes de Fer", "adm2_name1": "Côtes de Fer", "adm2_name2": null, "adm2_name3": null, "adm2_pcode": "HT0222", "adm1_name": "South-East", "adm1_name1": "Sud-Est", "adm1_name2": "Sidès", "adm1_name3": null, "adm1_pcode": "HT02", "adm0_name": "Haiti", "adm0_name1": null, "adm0_name2": null, "adm0_name3": null, "adm0_pcode": "HT", "valid_on": "2018-11-29", "valid_to": null, "version": "v01", "lang": "en", "lang1": "fr", "lang2": "ht", "lang3": null }, "geometry": { "type": "Point", "coordinates": [ -72.942009450999933, 18.273599034000085 ] } },
{ "type": "Feature", "properties": { "admin_level": 3, "name": "5e Section Champagne", "name1": "5e Section Champagne", "name2": null, "name3": null, "x_coord": -72.62398664, "y_coord": 19.78954042, "adm4_name": null, "adm4_name1": null, "adm4_name2": null, "adm4_name3": null, "adm4_pcode": null, "adm3_name": "5e Section Champagne", "adm3_name1": "5e Section Champagne", "adm3_name2": null, "adm3_name3": null, "adm3_pcode": "HT0351-05", "adm2_name": "Borgne", "adm2_name1": "Borgne", "adm2_name2": null, "adm2_name3": null, "adm2_pcode": "HT0351", "adm1_name": "North", "adm1_name1": "Nord", "adm1_name2": "Nò", "adm1_name3": null, "adm1_pcode": "HT03", "adm0_name": "Haiti", "adm0_name1": null, "adm0_name2": null, "adm0_name3": null, "adm0_pcode": "HT", "valid_on": "2018-11-29", "valid_to": null, "version": "v01", "lang": "en", "lang1": "fr", "lang2": "ht", "lang3": null }, "geometry": { "type": "Point", "coordinates": [ -72.623986640999931, 19.789540417000126 ] } },
{ "type": "Feature", "properties": { "admin_level": 3, "name": "5e Section Coupe a David", "name1": "5e Section Coupe à David", "name2": null, "name3": null, "x_coord": -72.34283658, "y_coord": 19.65588248, "adm4_name": null, "adm4_name1": null, "adm4_name2": null, "adm4_name3": null, "adm4_pcode": null, "adm3_name": "5e Section Coupe a David", "adm3_name1": "5e Section Coupe à David", "adm3_name2": null, "adm3_name3": null, "adm3_pcode": "HT0321-05", "adm2_name": "Acul du Nord", "adm2_name1": "Acul du Nord", "adm2_name2": null, "adm2_name3": null, "adm2_pcode": "HT0321", "adm1_name": "North", "adm1_name1": "Nord", "adm1_name2": "Nò", "adm1_name3": null, "adm1_pcode": "HT03", "adm0_name": "Haiti", "adm0_name1": null, "adm0_name2": null, "adm0_name3": null, "adm0_pcode": "HT", "valid_on": "2018-11-29", "valid_to": null, "version": "v01", "lang": "en", "lang1": "fr", "lang2": "ht", "lang3": null }, "geometry": { "type": "Point", "coordinates": [ -72.342836580999858, 19.655882482000038 ] } },
{ "type": "Feature", "properties": { "admin_level": 3, "name": "5e Section Coupeau", "name1": "5e Section Coupeau", "name2": null, "name3": null, "x_coord": -72.44837145, "y_coord": 18.44953371, "adm4_name": null, "adm4_name1": null, "adm4_name2": null, "adm4_name3": null, "adm4_pcode": null, "adm3_name": "5e Section Coupeau", "adm3_name1": "5e Section Coupeau", "adm3_name2": null, "adm3_name3": null, "adm3_pcode": "HT0113-05", "adm2_name": "Carrefour", "adm2_name1": "Carrefour", "adm2_name2": null, "adm2_name3": null, "adm2_pcode": "HT0113", "adm1_name": "West", "adm1_name1": "Ouest", "adm1_name2": "Lwès", "adm1_name3": null, "adm1_pcode": "HT01", "adm0_name": "Haiti", "adm0_name1": null, "adm0_name2": null, "adm0_name3": null, "adm0_pcode": "HT", "valid_on": "2018-11-29", "valid_to": null, "version": "v01", "lang": "en", "lang1": "fr", "lang2": "ht", "lang3": null }, "geometry": { "type": "Point", "coordinates": [ -72.448371453999982, 18.449533706000125 ] } },
{ "type": "Feature", "properties": { "admin_level": 3, "name": "5e Section Delices", "name1": "5e Section Delices", "name2": null, "name3": null, "x_coord": -72.42968353000001, "y_coord": 18.84939311, "adm4_name": null, "adm4_name1": null, "adm4_name2": null, "adm4_name3": null, "adm4_pcode": null, "adm3_name": "5e Section Delices", "adm3_name1": "5e Section Delices", "adm3_name2": null, "adm3_name3": null, "adm3_pcode": "HT0141-05", "adm2_name": "Arcahaie", "adm2_name1": "Arcahaie", "adm2_name2": null, "adm2_name3": null, "adm2_pcode": "HT0141", "adm1_name": "West", "adm1_name1": "Ouest", "adm1_name2": "Lwès", "adm1_name3": null, "adm1_pcode": "HT01", "adm0_name": "Haiti", "adm0_name1": null, "adm0_name2": null, "adm0_name3": null, "adm0_pcode": "HT", "valid_on": "2018-11-29", "valid_to": null, "version": "v01", "lang": "en", "lang1": "fr", "lang2": "ht", "lang3": null }, "geometry": { "type": "Point", "coordinates": [ -72.429683530999966, 18.849393109000061 ] } },
{ "type": "Feature", "properties": { "admin_level": 3, "name": "5e Section Dessources", "name1": "5e Section Dessources", "name2": null, "name3": null, "x_coord": -73.24287195, "y_coord": 19.79878687, "adm4_name": null, "adm4_name1": null, "adm4_name2": null, "adm4_name3": null, "adm4_pcode": null, "adm3_name": "5e Section Dessources", "adm3_name1": "5e Section Dessources", "adm3_name2": null, "adm3_name3": null, "adm3_pcode": "HT0934-05", "adm2_name": "Jean Rabel", "adm2_name1": "Jean Rabel", "adm2_name2": null, "adm2_name3": null, "adm2_pcode": "HT0934", "adm1_name": "North-West", "adm1_name1": "Nord-Ouest", "adm1_name2": "Nòdwès", "adm1_name3": null, "adm1_pcode": "HT09", "adm0_name": "Haiti", "adm0_name1": null, "adm0_name2": null, "adm0_name3": null, "adm0_pcode": "HT", "valid_on": "2018-11-29", "valid_to": null, "version": "v01", "lang": "en", "lang1": "fr", "lang2": "ht", "lang3": null }, "geometry": { "type": "Point", "coordinates": [ -73.242871953999952, 19.798786867000103 ] } },
{ "type": "Feature", "properties": { "admin_level": 3, "name": "5e Section Dubourg", "name1": "5e Section Dubourg", "name2": null, "name3": null, "x_coord": -72.52277527, "y_coord": 19.71386093, "adm4_name": null, "adm4_name1": null, "adm4_name2": null, "adm4_name3": null, "adm4_pcode": null, "adm3_name": "5e Section Dubourg", "adm3_name1": "5e Section Dubourg", "adm3_name2": null, "adm3_name3": null, "adm3_pcode": "HT0372-05", "adm2_name": "Pilate", "adm2_name1": "Pilate", "adm2_name2": null, "adm2_name3": null, "adm2_pcode": "HT0372", "adm1_name": "North", "adm1_name1": "Nord", "adm1_name2": "Nò", "adm1_name3": null, "adm1_pcode": "HT03", "adm0_name": "Haiti", "adm0_name1": null, "adm0_name2": null, "adm0_name3": null, "adm0_pcode": "HT", "valid_on": "2018-11-29", "valid_to": null, "version": "v01", "lang": "en", "lang1": "fr", "lang2": "ht", "lang3": null }, "geometry": { "type": "Point", "coordinates": [ -72.52277526499995, 19.713860934000138 ] } },
{ "type": "Feature", "properties": { "admin_level": 3, "name": "5e Section Duchity", "name1": "5e Section Duchity", "name2": null, "name3": null, "x_coord": -73.89576219, "y_coord": 18.4202969, "adm4_name": null, "adm4_name1": null, "adm4_name2": null, "adm4_name3": null, "adm4_pcode": null, "adm3_name": "5e Section Duchity", "adm3_name1": "5e Section Duchity", "adm3_name2": null, "adm3_name3": null, "adm3_pcode": "HT0834-05", "adm2_name": "Pestel", "adm2_name1": "Pestel", "adm2_name2": null, "adm2_name3": null, "adm2_pcode": "HT0834", "adm1_name": "Grande'Anse", "adm1_name1": "Grande'Anse", "adm1_name2": "Grandans", "adm1_name3": null, "adm1_pcode": "HT08", "adm0_name": "Haiti", "adm0_name1": null, "adm0_name2": null, "adm0_name3": null, "adm0_pcode": "HT", "valid_on": "2018-11-29", "valid_to": null, "version": "v01", "lang": "en", "lang1": "fr", "lang2": "ht", "lang3": null }, "geometry": { "type": "Point", "coordinates": [ -73.895762189999914, 18.420296902000075 ] } },
{ "type": "Feature", "properties": { "admin_level": 3, "name": "5e Section Fiefe ou Petit Cahos", "name1": "5e Section Fiefe ou Petit Cahos", "name2": null, "name3": null, "x_coord": -72.34936181, "y_coord": 19.14700822, "adm4_name": null, "adm4_name1": null, "adm4_name2": null, "adm4_name3": null, "adm4_pcode": null, "adm3_name": "5e Section Fiefe ou Petit Cahos", "adm3_name1": "5e Section Fiefe ou Petit Cahos", "adm3_name2": null, "adm3_name3": null, "adm3_pcode": "HT0541-05", "adm2_name": "Dessalines", "adm2_name1": "Dessalines", "adm2_name2": null, "adm2_name3": null, "adm2_pcode": "HT0541", "adm1_name": "Artibonite", "adm1_name1": "Artibonite", "adm1_name2": "Latibonit", "adm1_name3": null, "adm1_pcode": "HT05", "adm0_name": "Haiti", "adm0_name1": null, "adm0_name2": null, "adm0_name3": null, "adm0_pcode": "HT", "valid_on": "2018-11-29", "valid_to": null, "version": "v01", "lang": "en", "lang1": "fr", "lang2": "ht", "lang3": null }, "geometry": { "type": "Point", "coordinates": [ -72.349361805999933, 19.147008216000017 ] } },
{ "type": "Feature", "properties": { "admin_level": 3, "name": "5e Section Génipailler", "name1": "5e Section Génipailler", "name2": null, "name3": null, "x_coord": -71.92857202, "y_coord": 18.71615297, "adm4_name": null, "adm4_name1": null, "adm4_name2": null, "adm4_name3": null, "adm4_pcode": null, "adm3_name": "5e Section Génipailler", "adm3_name1": "5e Section Génipailler", "adm3_name2": null, "adm3_name3": null, "adm3_pcode": "HT0134-05", "adm2_name": "Cornillon / Grand Bois", "adm2_name1": "Cornillon / Grand Bois", "adm2_name2": null, "adm2_name3": null, "adm2_pcode": "HT0134", "adm1_name": "West", "adm1_name1": "Ouest", "adm1_name2": "Lwès", "adm1_name3": null, "adm1_pcode": "HT01", "adm0_name": "Haiti", "adm0_name1": null, "adm0_name2": null, "adm0_name3": null, "adm0_pcode": "HT", "valid_on": "2018-11-29", "valid_to": null, "version": "v01", "lang": "en", "lang1": "fr", "lang2": "ht", "lang3": null }, "geometry": { "type": "Point", "coordinates": [ -71.928572018999944, 18.716152965000163 ] } },
{ "type": "Feature", "properties": { "admin_level": 3, "name": "5e Section Gens de Nantes", "name1": "5e Section Gens de Nantes", "name2": null, "name3": null, "x_coord": -71.76870385, "y_coord": 19.43169946, "adm4_name": null, "adm4_name1": null, "adm4_name2": null, "adm4_name3": null, "adm4_pcode": null, "adm3_name": "5e Section Gens de Nantes", "adm3_name1": "5e Section Gens de Nantes", "adm3_name2": null, "adm3_name3": null, "adm3_pcode": "HT0421-05", "adm2_name": "Ouanaminthe", "adm2_name1": "Ouanaminthe", "adm2_name2": null, "adm2_name3": null, "adm2_pcode": "HT0421", "adm1_name": "North-East", "adm1_name1": "Nord-Est", "adm1_name2": "Nòdès", "adm1_name3": null, "adm1_pcode": "HT04", "adm0_name": "Haiti", "adm0_name1": null, "adm0_name2": null, "adm0_name3": null, "adm0_pcode": "HT", "valid_on": "2018-11-29", "valid_to": null, "version": "v01", "lang": "en", "lang1": "fr", "lang2": "ht", "lang3": null }, "geometry": { "type": "Point", "coordinates": [ -71.768703847999859, 19.431699458000082 ] } },
{ "type": "Feature", "properties": { "admin_level": 3, "name": "5e Section Grand Fond", "name1": "5e Section Grand Fond", "name2": null, "name3": null, "x_coord": -72.23744797000001, "y_coord": 18.42694555, "adm4_name": null, "adm4_name1": null, "adm4_name2": null, "adm4_name3": null, "adm4_pcode": null, "adm3_name": "5e Section Grand Fond", "adm3_name1": "5e Section Grand Fond", "adm3_name2": null, "adm3_name3": null, "adm3_pcode": "HT0115-05", "adm2_name": "Kenscoff", "adm2_name1": "Kenscoff", "adm2_name2": null, "adm2_name3": null, "adm2_pcode": "HT0115", "adm1_name": "West", "adm1_name1": "Ouest", "adm1_name2": "Lwès", "adm1_name3": null, "adm1_pcode": "HT01", "adm0_name": "Haiti", "adm0_name1": null, "adm0_name2": null, "adm0_name3": null, "adm0_pcode": "HT", "valid_on": "2018-11-29", "valid_to": null, "version": "v01", "lang": "en", "lang1": "fr", "lang2": "ht", "lang3": null }, "geometry": { "type": "Point", "coordinates": [ -72.237447970999938, 18.426945554999975 ] } },
{ "type": "Feature", "properties": { "admin_level": 3, "name": "5e Section Grande Colline", "name1": "5e Section Grande Colline", "name2": null, "name3": null, "x_coord": -72.70264258, "y_coord": 18.35213578, "adm4_name": null, "adm4_name1": null, "adm4_name2": null, "adm4_name3": null, "adm4_pcode": null, "adm3_name": "5e Section Grande Colline", "adm3_name1": "5e Section Grande Colline", "adm3_name2": null, "adm3_name3": null, "adm3_pcode": "HT0123-05", "adm2_name": "Grand-Goave", "adm2_name1": "Grand-Goâve", "adm2_name2": null, "adm2_name3": null, "adm2_pcode": "HT0123", "adm1_name": "West", "adm1_name1": "Ouest", "adm1_name2": "Lwès", "adm1_name3": null, "adm1_pcode": "HT01", "adm0_name": "Haiti", "adm0_name1": null, "adm0_name2": null, "adm0_name3": null, "adm0_pcode": "HT", "valid_on": "2018-11-29", "valid_to": null, "version": "v01", "lang": "en", "lang1": "fr", "lang2": "ht", "lang3": null }, "geometry": { "type": "Point", "coordinates": [ -72.702642583999932, 18.352135785000087 ] } },
{ "type": "Feature", "properties": { "admin_level": 3, "name": "5e Section Gros Mangle", "name1": "5e Section Gros Mangle", "name2": null, "name3": null, "x_coord": -73.22248582, "y_coord": 18.93914339, "adm4_name": null, "adm4_name1": null, "adm4_name2": null, "adm4_name3": null, "adm4_pcode": null, "adm3_name": "5e Section Gros Mangle", "adm3_name1": "5e Section Gros Mangle", "adm3_name2": null, "adm3_name3": null, "adm3_pcode": "HT0152-01", "adm2_name": "Pointe a Raquette", "adm2_name1": "Pointe à Raquette", "adm2_name2": null, "adm2_name3": null, "adm2_pcode": "HT0152", "adm1_name": "West", "adm1_name1": "Ouest", "adm1_name2": "Lwès", "adm1_name3": null, "adm1_pcode": "HT01", "adm0_name": "Haiti", "adm0_name1": null, "adm0_name2": null, "adm0_name3": null, "adm0_pcode": "HT", "valid_on": "2018-11-29", "valid_to": null, "version": "v01", "lang": "en", "lang1": "fr", "lang2": "ht", "lang3": null }, "geometry": { "type": "Point", "coordinates": [ -73.22248581599996, 18.93914338899998 ] } },
{ "type": "Feature", "properties": { "admin_level": 3, "name": "5e Section Haut du Trou", "name1": "5e Section Haut du Trou", "name2": null, "name3": null, "x_coord": -72.3077495, "y_coord": 19.53447106, "adm4_name": null, "adm4_name1": null, "adm4_name2": null, "adm4_name3": null, "adm4_pcode": null, "adm3_name": "5e Section Haut du Trou", "adm3_name1": "5e Section Haut du Trou", "adm3_name2": null, "adm3_name3": null, "adm3_pcode": "HT0342-05", "adm2_name": "Dondon", "adm2_name1": "Dondon", "adm2_name2": null, "adm2_name3": null, "adm2_pcode": "HT0342", "adm1_name": "North", "adm1_name1": "Nord", "adm1_name2": "Nò", "adm1_name3": null, "adm1_pcode": "HT03", "adm0_name": "Haiti", "adm0_name1": null, "adm0_name2": null, "adm0_name3": null, "adm0_pcode": "HT", "valid_on": "2018-11-29", "valid_to": null, "version": "v01", "lang": "en", "lang1": "fr", "lang2": "ht", "lang3": null }, "geometry": { "type": "Point", "coordinates": [ -72.307749502999911, 19.534471059000111 ] } },
{ "type": "Feature", "properties": { "admin_level": 3, "name": "5e Section Jolitrou", "name1": "5e Section Jolitrou", "name2": null, "name3": null, "x_coord": -72.19080782, "y_coord": 19.53658056, "adm4_name": null, "adm4_name1": null, "adm4_name2": null, "adm4_name3": null, "adm4_pcode": null, "adm3_name": "5e Section Jolitrou", "adm3_name1": "5e Section Jolitrou", "adm3_name2": null, "adm3_name3": null, "adm3_pcode": "HT0331-05", "adm2_name": "Grande Riviere Du Nord", "adm2_name1": "Grande Riviere Du Nord", "adm2_name2": null, "adm2_name3": null, "adm2_pcode": "HT0331", "adm1_name": "North", "adm1_name1": "Nord", "adm1_name2": "Nò", "adm1_name3": null, "adm1_pcode": "HT03", "adm0_name": "Haiti", "adm0_name1": null, "adm0_name2": null, "adm0_name3": null, "adm0_pcode": "HT", "valid_on": "2018-11-29", "valid_to": null, "version": "v01", "lang": "en", "lang1": "fr", "lang2": "ht", "lang3": null }, "geometry": { "type": "Point", "coordinates": [ -72.190807820999964, 19.536580563000086 ] } },
{ "type": "Feature", "properties": { "admin_level": 3, "name": "5e Section l'Ermite", "name1": "5e Section l'Ermite", "name2": null, "name3": null, "x_coord": -72.28281921, "y_coord": 19.24096561, "adm4_name": null, "adm4_name1": null, "adm4_name2": null, "adm4_name3": null, "adm4_pcode": null, "adm3_name": "5e Section l'Ermite", "adm3_name1": "5e Section l'Ermite", "adm3_name2": null, "adm3_name3": null, "adm3_pcode": "HT0551-05", "adm2_name": "Saint-Michel de l'Attalaye", "adm2_name1": "Saint-Michel de l'Attalaye", "adm2_name2": null, "adm2_name3": null, "adm2_pcode": "HT0551", "adm1_name": "Artibonite", "adm1_name1": "Artibonite", "adm1_name2": "Latibonit", "adm1_name3": null, "adm1_pcode": "HT05", "adm0_name": "Haiti", "adm0_name1": null, "adm0_name2": null, "adm0_name3": null, "adm0_pcode": "HT", "valid_on": "2018-11-29", "valid_to": null, "version": "v01", "lang": "en", "lang1": "fr", "lang2": "ht", "lang3": null }, "geometry": { "type": "Point", "coordinates": [ -72.282819211999879, 19.240965615000164 ] } },
{ "type": "Feature", "properties": { "admin_level": 3, "name": "5e Section la Trouble", "name1": "5e Section la Trouble", "name2": null, "name3": null, "x_coord": -72.45414929, "y_coord": 19.58102142, "adm4_name": null, "adm4_name1": null, "adm4_name2": null, "adm4_name3": null, "adm4_pcode": null, "adm3_name": "5e Section la Trouble", "adm3_name1": "5e Section la Trouble", "adm3_name2": null, "adm3_name3": null, "adm3_pcode": "HT0371-05", "adm2_name": "Plaisance", "adm2_name1": "Plaisance", "adm2_name2": null, "adm2_name3": null, "adm2_pcode": "HT0371", "adm1_name": "North", "adm1_name1": "Nord", "adm1_name2": "Nò", "adm1_name3": null, "adm1_pcode": "HT03", "adm0_name": "Haiti", "adm0_name1": null, "adm0_name2": null, "adm0_name3": null, "adm0_pcode": "HT", "valid_on": "2018-11-29", "valid_to": null, "version": "v01", "lang": "en", "lang1": "fr", "lang2": "ht", "lang3": null }, "geometry": { "type": "Point", "coordinates": [ -72.45414928799994, 19.581021425000074 ] } },
{ "type": "Feature", "properties": { "admin_level": 3, "name": "5e Section Labranle", "name1": "5e Section Labranle", "name2": null, "name3": null, "x_coord": -72.58360206, "y_coord": 19.59669056, "adm4_name": null, "adm4_name1": null, "adm4_name2": null, "adm4_name3": null, "adm4_pcode": null, "adm3_name": "5e Section Labranle", "adm3_name1": "5e Section Labranle", "adm3_name2": null, "adm3_name3": null, "adm3_pcode": "HT0511-05", "adm2_name": "Gonaives", "adm2_name1": "Gonaïves", "adm2_name2": null, "adm2_name3": null, "adm2_pcode": "HT0511", "adm1_name": "Artibonite", "adm1_name1": "Artibonite", "adm1_name2": "Latibonit", "adm1_name3": null, "adm1_pcode": "HT05", "adm0_name": "Haiti", "adm0_name1": null, "adm0_name2": null, "adm0_name3": null, "adm0_pcode": "HT", "valid_on": "2018-11-29", "valid_to": null, "version": "v01", "lang": "en", "lang1": "fr", "lang2": "ht", "lang3": null }, "geometry": { "type": "Point", "coordinates": [ -72.583602064999923, 19.596690561000116 ] } },
{ "type": "Feature", "properties": { "admin_level": 3, "name": "5e Section Laroque", "name1": "5e Section Laroque", "name2": null, "name3": null, "x_coord": -73.6594459, "y_coord": 18.39876572, "adm4_name": null, "adm4_name1": null, "adm4_name2": null, "adm4_name3": null, "adm4_pcode": null, "adm3_name": "5e Section Laroque", "adm3_name1": "5e Section Laroque", "adm3_name2": null, "adm3_name3": null, "adm3_pcode": "HT0733-05", "adm2_name": "Cavaillon", "adm2_name1": "Cavaillon", "adm2_name2": null, "adm2_name3": null, "adm2_pcode": "HT0733", "adm1_name": "South", "adm1_name1": "Sud", "adm1_name2": "Sid", "adm1_name3": null, "adm1_pcode": "HT07", "adm0_name": "Haiti", "adm0_name1": null, "adm0_name2": null, "adm0_name3": null, "adm0_pcode": "HT", "valid_on": "2018-11-29", "valid_to": null, "version": "v01", "lang": "en", "lang1": "fr", "lang2": "ht", "lang3": null }, "geometry": { "type": "Point", "coordinates": [ -73.659445900999913, 18.398765721000188 ] } },
{ "type": "Feature", "properties": { "admin_level": 3, "name": "5e Section Marbial", "name1": "5e Section Marbial", "name2": null, "name3": null, "x_coord": -72.44885363, "y_coord": 18.3534599, "adm4_name": null, "adm4_name1": null, "adm4_name2": null, "adm4_name3": null, "adm4_pcode": null, "adm3_name": "5e Section Marbial", "adm3_name1": "5e Section Marbial", "adm3_name2": null, "adm3_name3": null, "adm3_pcode": "HT0211-05", "adm2_name": "Jacmel", "adm2_name1": "Jacmel", "adm2_name2": null, "adm2_name3": null, "adm2_pcode": "HT0211", "adm1_name": "South-East", "adm1_name1": "Sud-Est", "adm1_name2": "Sidès", "adm1_name3": null, "adm1_pcode": "HT02", "adm0_name": "Haiti", "adm0_name1": null, "adm0_name2": null, "adm0_name3": null, "adm0_pcode": "HT", "valid_on": "2018-11-29", "valid_to": null, "version": "v01", "lang": "en", "lang1": "fr", "lang2": "ht", "lang3": null }, "geometry": { "type": "Point", "coordinates": [ -72.448853627999938, 18.353459905000022 ] } },
{ "type": "Feature", "properties": { "admin_level": 3, "name": "5e Section Mare a Coiffe", "name1": "5e Section Mare à Coiffe", "name2": null, "name3": null, "x_coord": -73.37766745, "y_coord": 18.31477469, "adm4_name": null, "adm4_name1": null, "adm4_name2": null, "adm4_name3": null, "adm4_pcode": null, "adm3_name": "5e Section Mare a Coiffe", "adm3_name1": "5e Section Mare à Coiffe", "adm3_name2": null, "adm3_name3": null, "adm3_pcode": "HT0731-05", "adm2_name": "Aquin", "adm2_name1": "Aquin", "adm2_name2": null, "adm2_name3": null, "adm2_pcode": "HT0731", "adm1_name": "South", "adm1_name1": "Sud", "adm1_name2": "Sid", "adm1_name3": null, "adm1_pcode": "HT07", "adm0_name": "Haiti", "adm0_name1": null, "adm0_name2": null, "adm0_name3": null, "adm0_pcode": "HT", "valid_on": "2018-11-29", "valid_to": null, "version": "v01", "lang": "en", "lang1": "fr", "lang2": "ht", "lang3": null }, "geometry": { "type": "Point", "coordinates": [ -73.377667451999969, 18.31477469500004 ] } },
{ "type": "Feature", "properties": { "admin_level": 3, "name": "5e Section Mercy", "name1": "5e Section Mercy", "name2": null, "name3": null, "x_coord": -73.76158201, "y_coord": 18.28601689, "adm4_name": null, "adm4_name1": null, "adm4_name2": null, "adm4_name3": null, "adm4_pcode": null, "adm3_name": "5e Section Mercy", "adm3_name1": "5e Section Mercy", "adm3_name2": null, "adm3_name3": null, "adm3_pcode": "HT0711-05", "adm2_name": "Les Cayes", "adm2_name1": "Les Cayes", "adm2_name2": null, "adm2_name3": null, "adm2_pcode": "HT0711", "adm1_name": "South", "adm1_name1": "Sud", "adm1_name2": "Sid", "adm1_name3": null, "adm1_pcode": "HT07", "adm0_name": "Haiti", "adm0_name1": null, "adm0_name2": null, "adm0_name3": null, "adm0_pcode": "HT", "valid_on": "2018-11-29", "valid_to": null, "version": "v01", "lang": "en", "lang1": "fr", "lang2": "ht", "lang3": null }, "geometry": { "type": "Point", "coordinates": [ -73.761582013999941, 18.286016892000134 ] } },
{ "type": "Feature", "properties": { "admin_level": 3, "name": "5e Section Moka Neuf", "name1": "5e Section Moka Neuf", "name2": null, "name3": null, "x_coord": -72.05227313, "y_coord": 19.50811891, "adm4_name": null, "adm4_name1": null, "adm4_name2": null, "adm4_name3": null, "adm4_pcode": null, "adm3_name": "5e Section Moka Neuf", "adm3_name1": "5e Section Moka Neuf", "adm3_name2": null, "adm3_name3": null, "adm3_pcode": "HT0432-05", "adm2_name": "Sainte Suzanne", "adm2_name1": "Sainte Suzanne", "adm2_name2": null, "adm2_name3": null, "adm2_pcode": "HT0432", "adm1_name": "North-East", "adm1_name1": "Nord-Est", "adm1_name2": "Nòdès", "adm1_name3": null, "adm1_pcode": "HT04", "adm0_name": "Haiti", "adm0_name1": null, "adm0_name2": null, "adm0_name3": null, "adm0_pcode": "HT", "valid_on": "2018-11-29", "valid_to": null, "version": "v01", "lang": "en", "lang1": "fr", "lang2": "ht", "lang3": null }, "geometry": { "type": "Point", "coordinates": [ -72.052273129999833, 19.508118911000054 ] } },
{ "type": "Feature", "properties": { "admin_level": 3, "name": "5e Section Palmiste a Vin", "name1": "5e Section Palmiste à Vin", "name2": null, "name3": null, "x_coord": -72.6663026, "y_coord": 18.41386322, "adm4_name": null, "adm4_name1": null, "adm4_name2": null, "adm4_name3": null, "adm4_pcode": null, "adm3_name": "5e Section Palmiste a Vin", "adm3_name1": "5e Section Palmiste à Vin", "adm3_name2": null, "adm3_name3": null, "adm3_pcode": "HT0121-05", "adm2_name": "Leogane", "adm2_name1": "Léogâne", "adm2_name2": null, "adm2_name3": null, "adm2_pcode": "HT0121", "adm1_name": "West", "adm1_name1": "Ouest", "adm1_name2": "Lwès", "adm1_name3": null, "adm1_pcode": "HT01", "adm0_name": "Haiti", "adm0_name1": null, "adm0_name2": null, "adm0_name3": null, "adm0_pcode": "HT", "valid_on": "2018-11-29", "valid_to": null, "version": "v01", "lang": "en", "lang1": "fr", "lang2": "ht", "lang3": null }, "geometry": { "type": "Point", "coordinates": [ -72.666302603999895, 18.413863223000078 ] } },
{ "type": "Feature", "properties": { "admin_level": 3, "name": "5e Section Pays Pourri", "name1": "5e Section Pays Pourri", "name2": null, "name3": null, "x_coord": -72.00719145, "y_coord": 18.46365552, "adm4_name": null, "adm4_name1": null, "adm4_name2": null, "adm4_name3": null, "adm4_pcode": null, "adm3_name": "5e Section Pays Pourri", "adm3_name1": "5e Section Pays Pourri", "adm3_name2": null, "adm3_name3": null, "adm3_pcode": "HT0133-04", "adm2_name": "Ganthier", "adm2_name1": "Ganthier", "adm2_name2": null, "adm2_name3": null, "adm2_pcode": "HT0133", "adm1_name": "West", "adm1_name1": "Ouest", "adm1_name2": "Lwès", "adm1_name3": null, "adm1_pcode": "HT01", "adm0_name": "Haiti", "adm0_name1": null, "adm0_name2": null, "adm0_name3": null, "adm0_pcode": "HT", "valid_on": "2018-11-29", "valid_to": null, "version": "v01", "lang": "en", "lang1": "fr", "lang2": "ht", "lang3": null }, "geometry": { "type": "Point", "coordinates": [ -72.007191454999941, 18.463655521000192 ] } },
{ "type": "Feature", "properties": { "admin_level": 3, "name": "5e Section Pendu", "name1": "5e Section Pendu", "name2": null, "name3": null, "x_coord": -72.72234134, "y_coord": 19.78241709, "adm4_name": null, "adm4_name1": null, "adm4_name2": null, "adm4_name3": null, "adm4_pcode": null, "adm3_name": "5e Section Pendu", "adm3_name1": "5e Section Pendu", "adm3_name2": null, "adm3_name3": null, "adm3_pcode": "HT0521-05", "adm2_name": "Gros Morne", "adm2_name1": "Gros Morne", "adm2_name2": null, "adm2_name3": null, "adm2_pcode": "HT0521", "adm1_name": "Artibonite", "adm1_name1": "Artibonite", "adm1_name2": "Latibonit", "adm1_name3": null, "adm1_pcode": "HT05", "adm0_name": "Haiti", "adm0_name1": null, "adm0_name2": null, "adm0_name3": null, "adm0_pcode": "HT", "valid_on": "2018-11-29", "valid_to": null, "version": "v01", "lang": "en", "lang1": "fr", "lang2": "ht", "lang3": null }, "geometry": { "type": "Point", "coordinates": [ -72.722341343999915, 19.782417091000127 ] } },
{ "type": "Feature", "properties": { "admin_level": 3, "name": "5e Section Perodin", "name1": "5e Section Perodin", "name2": null, "name3": null, "x_coord": -72.38529225000001, "y_coord": 19.11611388, "adm4_name": null, "adm4_name1": null, "adm4_name2": null, "adm4_name3": null, "adm4_pcode": null, "adm3_name": "5e Section Perodin", "adm3_name1": "5e Section Perodin", "adm3_name2": null, "adm3_name3": null, "adm3_pcode": "HT0542-05", "adm2_name": "Petite Riviere de l'Artibonite", "adm2_name1": "Petite Rivière de l'Artibonite", "adm2_name2": null, "adm2_name3": null, "adm2_pcode": "HT0542", "adm1_name": "Artibonite", "adm1_name1": "Artibonite", "adm1_name2": "Latibonit", "adm1_name3": null, "adm1_pcode": "HT05", "adm0_name": "Haiti", "adm0_name1": null, "adm0_name2": null, "adm0_name3": null, "adm0_pcode": "HT", "valid_on": "2018-11-29", "valid_to": null, "version": "v01", "lang": "en", "lang1": "fr", "lang2": "ht", "lang3": null }, "geometry": { "type": "Point", "coordinates": [ -72.385292251999886, 19.116113881000103 ] } },
{ "type": "Feature", "properties": { "admin_level": 3, "name": "5e Section Petit Bois", "name1": "5e Section Petit Bois", "name2": null, "name3": null, "x_coord": -72.18717851, "y_coord": 18.60188485, "adm4_name": null, "adm4_name1": null, "adm4_name2": null, "adm4_name3": null, "adm4_pcode": null, "adm3_name": "5e Section Petit Bois", "adm3_name1": "5e Section Petit Bois", "adm3_name2": null, "adm3_name3": null, "adm3_pcode": "HT0131-05", "adm2_name": "Croix-Des-Bouquets", "adm2_name1": "Croix-Des-Bouquets", "adm2_name2": null, "adm2_name3": null, "adm2_pcode": "HT0131", "adm1_name": "West", "adm1_name1": "Ouest", "adm1_name2": "Lwès", "adm1_name3": null, "adm1_pcode": "HT01", "adm0_name": "Haiti", "adm0_name1": null, "adm0_name2": null, "adm0_name3": null, "adm0_pcode": "HT", "valid_on": "2018-11-29", "valid_to": null, "version": "v01", "lang": "en", "lang1": "fr", "lang2": "ht", "lang3": null }, "geometry": { "type": "Point", "coordinates": [ -72.187178509999967, 18.601884851000079 ] } },
{ "type": "Feature", "properties": { "admin_level": 3, "name": "5e Section Picmy", "name1": "5e Section Picmy", "name2": null, "name3": null, "x_coord": -72.88028613, "y_coord": 18.74248265, "adm4_name": null, "adm4_name1": null, "adm4_name2": null, "adm4_name3": null, "adm4_pcode": null, "adm3_name": "5e Section Picmy", "adm3_name1": "5e Section Picmy", "adm3_name2": null, "adm3_name3": null, "adm3_pcode": "HT0151-05", "adm2_name": "Anse a Galets", "adm2_name1": "Anse à Galets", "adm2_name2": null, "adm2_name3": null, "adm2_pcode": "HT0151", "adm1_name": "West", "adm1_name1": "Ouest", "adm1_name2": "Lwès", "adm1_name3": null, "adm1_pcode": "HT01", "adm0_name": "Haiti", "adm0_name1": null, "adm0_name2": null, "adm0_name3": null, "adm0_pcode": "HT", "valid_on": "2018-11-29", "valid_to": null, "version": "v01", "lang": "en", "lang1": "fr", "lang2": "ht", "lang3": null }, "geometry": { "type": "Point", "coordinates": [ -72.880286124999941, 18.742482648000077 ] } },
{ "type": "Feature", "properties": { "admin_level": 3, "name": "5e Section Ravine a Charles", "name1": "5e Section Ravine à Charles", "name2": null, "name3": null, "x_coord": -74.18912622000001, "y_coord": 18.54077625, "adm4_name": null, "adm4_name1": null, "adm4_name2": null, "adm4_name3": null, "adm4_pcode": null, "adm3_name": "5e Section Ravine a Charles", "adm3_name1": "5e Section Ravine à Charles", "adm3_name2": null, "adm3_name3": null, "adm3_pcode": "HT0811-05", "adm2_name": "Jeremie", "adm2_name1": "Jérémie", "adm2_name2": null, "adm2_name3": null, "adm2_pcode": "HT0811", "adm1_name": "Grande'Anse", "adm1_name1": "Grande'Anse", "adm1_name2": "Grandans", "adm1_name3": null, "adm1_pcode": "HT08", "adm0_name": "Haiti", "adm0_name1": null, "adm0_name2": null, "adm0_name3": null, "adm0_pcode": "HT", "valid_on": "2018-11-29", "valid_to": null, "version": "v01", "lang": "en", "lang1": "fr", "lang2": "ht", "lang3": null }, "geometry": { "type": "Point", "coordinates": [ -74.189126219999935, 18.54077624700011 ] } },
{ "type": "Feature", "properties": { "admin_level": 3, "name": "5e Section Ravine Desroches", "name1": "5e Section Ravine Desroches", "name2": null, "name3": null, "x_coord": -72.41639879, "y_coord": 19.70417363, "adm4_name": null, "adm4_name1": null, "adm4_name2": null, "adm4_name3": null, "adm4_pcode": null, "adm3_name": "5e Section Ravine Desroches", "adm3_name1": "5e Section Ravine Desroches", "adm3_name2": null, "adm3_name3": null, "adm3_pcode": "HT0361-05", "adm2_name": "Limbe", "adm2_name1": "Limbé", "adm2_name2": null, "adm2_name3": null, "adm2_pcode": "HT0361", "adm1_name": "North", "adm1_name1": "Nord", "adm1_name2": "Nò", "adm1_name3": null, "adm1_pcode": "HT03", "adm0_name": "Haiti", "adm0_name1": null, "adm0_name2": null, "adm0_name3": null, "adm0_pcode": "HT", "valid_on": "2018-11-29", "valid_to": null, "version": "v01", "lang": "en", "lang1": "fr", "lang2": "ht", "lang3": null }, "geometry": { "type": "Point", "coordinates": [ -72.416398787999981, 19.704173630000071 ] } },
{ "type": "Feature", "properties": { "admin_level": 3, "name": "5e Section Riviere Salee", "name1": "5e Section Rivière Salee", "name2": null, "name3": null, "x_coord": -73.71300851, "y_coord": 18.51527754, "adm4_name": null, "adm4_name1": null, "adm4_name2": null, "adm4_name3": null, "adm4_pcode": null, "adm3_name": "5e Section Riviere Salee", "adm3_name1": "5e Section Rivière Salee", "adm3_name2": null, "adm3_name3": null, "adm3_pcode": "HT1031-05", "adm2_name": "Baraderes", "adm2_name1": "Baradères", "adm2_name2": null, "adm2_name3": null, "adm2_pcode": "HT1031", "adm1_name": "Nippes", "adm1_name1": "Nippes", "adm1_name2": "Nip", "adm1_name3": null, "adm1_pcode": "HT10", "adm0_name": "Haiti", "adm0_name1": null, "adm0_name2": null, "adm0_name3": null, "adm0_pcode": "HT", "valid_on": "2018-11-29", "valid_to": null, "version": "v01", "lang": "en", "lang1": "fr", "lang2": "ht", "lang3": null }, "geometry": { "type": "Point", "coordinates": [ -73.713008512999977, 18.515277538000078 ] } },
{ "type": "Feature", "properties": { "admin_level": 3, "name": "5e Section Savane Dubois", "name1": "5e Section Savane Dubois", "name2": null, "name3": null, "x_coord": -72.26985183, "y_coord": 18.24443412, "adm4_name": null, "adm4_name1": null, "adm4_name2": null, "adm4_name3": null, "adm4_pcode": null, "adm3_name": "5e Section Savane Dubois", "adm3_name1": "5e Section Savane Dubois", "adm3_name2": null, "adm3_name3": null, "adm3_pcode": "HT0212-05", "adm2_name": "Marigot", "adm2_name1": "Marigot", "adm2_name2": null, "adm2_name3": null, "adm2_pcode": "HT0212", "adm1_name": "South-East", "adm1_name1": "Sud-Est", "adm1_name2": "Sidès", "adm1_name3": null, "adm1_pcode": "HT02", "adm0_name": "Haiti", "adm0_name1": null, "adm0_name2": null, "adm0_name3": null, "adm0_pcode": "HT", "valid_on": "2018-11-29", "valid_to": null, "version": "v01", "lang": "en", "lang1": "fr", "lang2": "ht", "lang3": null }, "geometry": { "type": "Point", "coordinates": [ -72.269851825999979, 18.244434118000186 ] } },
{ "type": "Feature", "properties": { "admin_level": 3, "name": "5e Section Sucrerie Henri", "name1": "5e Section Sucrerie Henri", "name2": null, "name3": null, "x_coord": -73.5730881, "y_coord": 18.30038699, "adm4_name": null, "adm4_name1": null, "adm4_name2": null, "adm4_name3": null, "adm4_pcode": null, "adm3_name": "5e Section Sucrerie Henri", "adm3_name1": "5e Section Sucrerie Henri", "adm3_name2": null, "adm3_name3": null, "adm3_pcode": "HT0732-05", "adm2_name": "Saint Louis du Sud", "adm2_name1": "Saint Louis du Sud", "adm2_name2": null, "adm2_name3": null, "adm2_pcode": "HT0732", "adm1_name": "South", "adm1_name1": "Sud", "adm1_name2": "Sid", "adm1_name3": null, "adm1_pcode": "HT07", "adm0_name": "Haiti", "adm0_name1": null, "adm0_name2": null, "adm0_name3": null, "adm0_pcode": "HT", "valid_on": "2018-11-29", "valid_to": null, "version": "v01", "lang": "en", "lang1": "fr", "lang2": "ht", "lang3": null }, "geometry": { "type": "Point", "coordinates": [ -73.573088103999964, 18.30038699500011 ] } },
{ "type": "Feature", "properties": { "admin_level": 3, "name": "5e Section Trou Canari", "name1": "5e Section Trou Canari", "name2": null, "name3": null, "x_coord": -72.94596126, "y_coord": 18.37565567, "adm4_name": null, "adm4_name1": null, "adm4_name2": null, "adm4_name3": null, "adm4_pcode": null, "adm3_name": "5e Section Trou Canari", "adm3_name1": "5e Section Trou Canari", "adm3_name2": null, "adm3_name3": null, "adm3_pcode": "HT0122-05", "adm2_name": "Petit-Goave", "adm2_name1": "Petit-Goâve", "adm2_name2": null, "adm2_name3": null, "adm2_pcode": "HT0122", "adm1_name": "West", "adm1_name1": "Ouest", "adm1_name2": "Lwès", "adm1_name3": null, "adm1_pcode": "HT01", "adm0_name": "Haiti", "adm0_name1": null, "adm0_name2": null, "adm0_name3": null, "adm0_pcode": "HT", "valid_on": "2018-11-29", "valid_to": null, "version": "v01", "lang": "en", "lang1": "fr", "lang2": "ht", "lang3": null }, "geometry": { "type": "Point", "coordinates": [ -72.945961263999948, 18.375655665000124 ] } },
{ "type": "Feature", "properties": { "admin_level": 3, "name": "6e Section Bas de Lacroix", "name1": "6e Section Bas de Lacroix", "name2": null, "name3": null, "x_coord": -72.83648382, "y_coord": 18.26970053, "adm4_name": null, "adm4_name1": null, "adm4_name2": null, "adm4_name3": null, "adm4_pcode": null, "adm3_name": "6e Section Bas de Lacroix", "adm3_name1": "6e Section Bas de Lacroix", "adm3_name2": null, "adm3_name3": null, "adm3_pcode": "HT0221-06", "adm2_name": "Bainet", "adm2_name1": "Bainet", "adm2_name2": null, "adm2_name3": null, "adm2_pcode": "HT0221", "adm1_name": "South-East", "adm1_name1": "Sud-Est", "adm1_name2": "Sidès", "adm1_name3": null, "adm1_pcode": "HT02", "adm0_name": "Haiti", "adm0_name1": null, "adm0_name2": null, "adm0_name3": null, "adm0_pcode": "HT", "valid_on": "2018-11-29", "valid_to": null, "version": "v01", "lang": "en", "lang1": "fr", "lang2": "ht", "lang3": null }, "geometry": { "type": "Point", "coordinates": [ -72.836483824999846, 18.269700527000055 ] } },
{ "type": "Feature", "properties": { "admin_level": 3, "name": "6e Section Belle Fontaine", "name1": "6e Section Belle Fontaine", "name2": null, "name3": null, "x_coord": -72.16880411, "y_coord": 18.38265026, "adm4_name": null, "adm4_name1": null, "adm4_name2": null, "adm4_name3": null, "adm4_pcode": null, "adm3_name": "6e Section Belle Fontaine", "adm3_name1": "6e Section Belle Fontaine", "adm3_name2": null, "adm3_name3": null, "adm3_pcode": "HT0131-06", "adm2_name": "Croix-Des-Bouquets", "adm2_name1": "Croix-Des-Bouquets", "adm2_name2": null, "adm2_name3": null, "adm2_pcode": "HT0131", "adm1_name": "West", "adm1_name1": "Ouest", "adm1_name2": "Lwès", "adm1_name3": null, "adm1_pcode": "HT01", "adm0_name": "Haiti", "adm0_name1": null, "adm0_name2": null, "adm0_name3": null, "adm0_pcode": "HT", "valid_on": "2018-11-29", "valid_to": null, "version": "v01", "lang": "en", "lang1": "fr", "lang2": "ht", "lang3": null }, "geometry": { "type": "Point", "coordinates": [ -72.168804107999961, 18.382650257000137 ] } },
{ "type": "Feature", "properties": { "admin_level": 3, "name": "6e Section Boulmier", "name1": "6e Section Boulmier", "name2": null, "name3": null, "x_coord": -73.69921878, "y_coord": 18.26543085, "adm4_name": null, "adm4_name1": null, "adm4_name2": null, "adm4_name3": null, "adm4_pcode": null, "adm3_name": "6e Section Boulmier", "adm3_name1": "6e Section Boulmier", "adm3_name2": null, "adm3_name3": null, "adm3_pcode": "HT0711-06", "adm2_name": "Les Cayes", "adm2_name1": "Les Cayes", "adm2_name2": null, "adm2_name3": null, "adm2_pcode": "HT0711", "adm1_name": "South", "adm1_name1": "Sud", "adm1_name2": "Sid", "adm1_name3": null, "adm1_pcode": "HT07", "adm0_name": "Haiti", "adm0_name1": null, "adm0_name2": null, "adm0_name3": null, "adm0_pcode": "HT", "valid_on": "2018-11-29", "valid_to": null, "version": "v01", "lang": "en", "lang1": "fr", "lang2": "ht", "lang3": null }, "geometry": { "type": "Point", "coordinates": [ -73.699218780999956, 18.265430847000061 ] } },
{ "type": "Feature", "properties": { "admin_level": 3, "name": "6e Section Bouvier", "name1": "6e Section Bouvier", "name2": null, "name3": null, "x_coord": -72.43203141, "y_coord": 18.43728599, "adm4_name": null, "adm4_name1": null, "adm4_name2": null, "adm4_name3": null, "adm4_pcode": null, "adm3_name": "6e Section Bouvier", "adm3_name1": "6e Section Bouvier", "adm3_name2": null, "adm3_name3": null, "adm3_pcode": "HT0113-06", "adm2_name": "Carrefour", "adm2_name1": "Carrefour", "adm2_name2": null, "adm2_name3": null, "adm2_pcode": "HT0113", "adm1_name": "West", "adm1_name1": "Ouest", "adm1_name2": "Lwès", "adm1_name3": null, "adm1_pcode": "HT01", "adm0_name": "Haiti", "adm0_name1": null, "adm0_name2": null, "adm0_name3": null, "adm0_pcode": "HT", "valid_on": "2018-11-29", "valid_to": null, "version": "v01", "lang": "en", "lang1": "fr", "lang2": "ht", "lang3": null }, "geometry": { "type": "Point", "coordinates": [ -72.432031408999819, 18.437285991000067 ] } },
{ "type": "Feature", "properties": { "admin_level": 3, "name": "6e Section Bras Gauche", "name1": "6e Section Bras Gauche", "name2": null, "name3": null, "x_coord": -72.46593204, "y_coord": 19.70086387, "adm4_name": null, "adm4_name1": null, "adm4_name2": null, "adm4_name3": null, "adm4_pcode": null, "adm3_name": "6e Section Bras Gauche", "adm3_name1": "6e Section Bras Gauche", "adm3_name2": null, "adm3_name3": null, "adm3_pcode": "HT0352-06", "adm2_name": "Port-Margot", "adm2_name1": "Port-Margot", "adm2_name2": null, "adm2_name3": null, "adm2_pcode": "HT0352", "adm1_name": "North", "adm1_name1": "Nord", "adm1_name2": "Nò", "adm1_name3": null, "adm1_pcode": "HT03", "adm0_name": "Haiti", "adm0_name1": null, "adm0_name2": null, "adm0_name3": null, "adm0_pcode": "HT", "valid_on": "2018-11-29", "valid_to": null, "version": "v01", "lang": "en", "lang1": "fr", "lang2": "ht", "lang3": null }, "geometry": { "type": "Point", "coordinates": [ -72.465932036999902, 19.700863866000134 ] } },
{ "type": "Feature", "properties": { "admin_level": 3, "name": "6e Section Charrette", "name1": "6e Section Charrette", "name2": null, "name3": null, "x_coord": -72.67016903, "y_coord": 19.07755046, "adm4_name": null, "adm4_name1": null, "adm4_name2": null, "adm4_name3": null, "adm4_pcode": null, "adm3_name": "6e Section Charrette", "adm3_name1": "6e Section Charrette", "adm3_name2": null, "adm3_name3": null, "adm3_pcode": "HT0531-06", "adm2_name": "Saint-Marc", "adm2_name1": "Saint-Marc", "adm2_name2": null, "adm2_name3": null, "adm2_pcode": "HT0531", "adm1_name": "Artibonite", "adm1_name1": "Artibonite", "adm1_name2": "Latibonit", "adm1_name3": null, "adm1_pcode": "HT05", "adm0_name": "Haiti", "adm0_name1": null, "adm0_name2": null, "adm0_name3": null, "adm0_pcode": "HT", "valid_on": "2018-11-29", "valid_to": null, "version": "v01", "lang": "en", "lang1": "fr", "lang2": "ht", "lang3": null }, "geometry": { "type": "Point", "coordinates": [ -72.670169030999887, 19.077550455000051 ] } },
{ "type": "Feature", "properties": { "admin_level": 3, "name": "6e Section Cormiers", "name1": "6e Section Cormiers", "name2": null, "name3": null, "x_coord": -72.19424862, "y_coord": 19.56308121, "adm4_name": null, "adm4_name1": null, "adm4_name2": null, "adm4_name3": null, "adm4_pcode": null, "adm3_name": "6e Section Cormiers", "adm3_name1": "6e Section Cormiers", "adm3_name2": null, "adm3_name3": null, "adm3_pcode": "HT0331-06", "adm2_name": "Grande Riviere Du Nord", "adm2_name1": "Grande Riviere Du Nord", "adm2_name2": null, "adm2_name3": null, "adm2_pcode": "HT0331", "adm1_name": "North", "adm1_name1": "Nord", "adm1_name2": "Nò", "adm1_name3": null, "adm1_pcode": "HT03", "adm0_name": "Haiti", "adm0_name1": null, "adm0_name2": null, "adm0_name3": null, "adm0_pcode": "HT", "valid_on": "2018-11-29", "valid_to": null, "version": "v01", "lang": "en", "lang1": "fr", "lang2": "ht", "lang3": null }, "geometry": { "type": "Point", "coordinates": [ -72.194248623999954, 19.563081208000085 ] } },
{ "type": "Feature", "properties": { "admin_level": 3, "name": "6e Section Fond Bleu", "name1": "6e Section Fond Bleu", "name2": null, "name3": null, "x_coord": -72.03885022, "y_coord": 19.46308098, "adm4_name": null, "adm4_name1": null, "adm4_name2": null, "adm4_name3": null, "adm4_pcode": null, "adm3_name": "6e Section Fond Bleu", "adm3_name1": "6e Section Fond Bleu", "adm3_name2": null, "adm3_name3": null, "adm3_pcode": "HT0432-06", "adm2_name": "Sainte Suzanne", "adm2_name1": "Sainte Suzanne", "adm2_name2": null, "adm2_name3": null, "adm2_pcode": "HT0432", "adm1_name": "North-East", "adm1_name1": "Nord-Est", "adm1_name2": "Nòdès", "adm1_name3": null, "adm1_pcode": "HT04", "adm0_name": "Haiti", "adm0_name1": null, "adm0_name2": null, "adm0_name3": null, "adm0_pcode": "HT", "valid_on": "2018-11-29", "valid_to": null, "version": "v01", "lang": "en", "lang1": "fr", "lang2": "ht", "lang3": null }, "geometry": { "type": "Point", "coordinates": [ -72.038850215999958, 19.463080982000122 ] } },
{ "type": "Feature", "properties": { "admin_level": 3, "name": "6e Section Grande Colline", "name1": "6e Section Grande Colline", "name2": null, "name3": null, "x_coord": -72.73177176, "y_coord": 18.32400126, "adm4_name": null, "adm4_name1": null, "adm4_name2": null, "adm4_name3": null, "adm4_pcode": null, "adm3_name": "6e Section Grande Colline", "adm3_name1": "6e Section Grande Colline", "adm3_name2": null, "adm3_name3": null, "adm3_pcode": "HT0123-06", "adm2_name": "Grand-Goave", "adm2_name1": "Grand-Goâve", "adm2_name2": null, "adm2_name3": null, "adm2_pcode": "HT0123", "adm1_name": "West", "adm1_name1": "Ouest", "adm1_name2": "Lwès", "adm1_name3": null, "adm1_pcode": "HT01", "adm0_name": "Haiti", "adm0_name1": null, "adm0_name2": null, "adm0_name3": null, "adm0_pcode": "HT", "valid_on": "2018-11-29", "valid_to": null, "version": "v01", "lang": "en", "lang1": "fr", "lang2": "ht", "lang3": null }, "geometry": { "type": "Point", "coordinates": [ -72.731771760999948, 18.324001256000031 ] } },
{ "type": "Feature", "properties": { "admin_level": 3, "name": "6e Section Grande Source", "name1": "6e Section Grande Source", "name2": null, "name3": null, "x_coord": -73.20236004, "y_coord": 19.8060834, "adm4_name": null, "adm4_name1": null, "adm4_name2": null, "adm4_name3": null, "adm4_pcode": null, "adm3_name": "6e Section Grande Source", "adm3_name1": "6e Section Grande Source", "adm3_name2": null, "adm3_name3": null, "adm3_pcode": "HT0934-06", "adm2_name": "Jean Rabel", "adm2_name1": "Jean Rabel", "adm2_name2": null, "adm2_name3": null, "adm2_pcode": "HT0934", "adm1_name": "North-West", "adm1_name1": "Nord-Ouest", "adm1_name2": "Nòdwès", "adm1_name3": null, "adm1_pcode": "HT09", "adm0_name": "Haiti", "adm0_name1": null, "adm0_name2": null, "adm0_name3": null, "adm0_pcode": "HT", "valid_on": "2018-11-29", "valid_to": null, "version": "v01", "lang": "en", "lang1": "fr", "lang2": "ht", "lang3": null }, "geometry": { "type": "Point", "coordinates": [ -73.202360043999988, 19.806083402000127 ] } },
{ "type": "Feature", "properties": { "admin_level": 3, "name": "6e Section Îles Blanches", "name1": "6e Section Îles Blanches", "name2": null, "name3": null, "x_coord": -74.2187759, "y_coord": 18.52082676, "adm4_name": null, "adm4_name1": null, "adm4_name2": null, "adm4_name3": null, "adm4_pcode": null, "adm3_name": "6e Section Îles Blanches", "adm3_name1": "6e Section Îles Blanches", "adm3_name2": null, "adm3_name3": null, "adm3_pcode": "HT0811-06", "adm2_name": "Jeremie", "adm2_name1": "Jérémie", "adm2_name2": null, "adm2_name3": null, "adm2_pcode": "HT0811", "adm1_name": "Grande'Anse", "adm1_name1": "Grande'Anse", "adm1_name2": "Grandans", "adm1_name3": null, "adm1_pcode": "HT08", "adm0_name": "Haiti", "adm0_name1": null, "adm0_name2": null, "adm0_name3": null, "adm0_pcode": "HT", "valid_on": "2018-11-29", "valid_to": null, "version": "v01", "lang": "en", "lang1": "fr", "lang2": "ht", "lang3": null }, "geometry": { "type": "Point", "coordinates": [ -74.218775903999926, 18.520826760000034 ] } },
{ "type": "Feature", "properties": { "admin_level": 3, "name": "6e Section Ilot-a-Corne", "name1": "6e Section Ilot-à-Corne", "name2": null, "name3": null, "x_coord": -72.42435486, "y_coord": 19.59666368, "adm4_name": null, "adm4_name1": null, "adm4_name2": null, "adm4_name3": null, "adm4_pcode": null, "adm3_name": "6e Section Ilot-a-Corne", "adm3_name1": "6e Section Ilot-à-Corne", "adm3_name2": null, "adm3_name3": null, "adm3_pcode": "HT0361-06", "adm2_name": "Limbe", "adm2_name1": "Limbé", "adm2_name2": null, "adm2_name3": null, "adm2_pcode": "HT0361", "adm1_name": "North", "adm1_name1": "Nord", "adm1_name2": "Nò", "adm1_name3": null, "adm1_pcode": "HT03", "adm0_name": "Haiti", "adm0_name1": null, "adm0_name2": null, "adm0_name3": null, "adm0_pcode": "HT", "valid_on": "2018-11-29", "valid_to": null, "version": "v01", "lang": "en", "lang1": "fr", "lang2": "ht", "lang3": null }, "geometry": { "type": "Point", "coordinates": [ -72.424354864999884, 19.596663676000162 ] } },
{ "type": "Feature", "properties": { "admin_level": 3, "name": "6e Section Jamais Vu", "name1": "6e Section Jamais Vu", "name2": null, "name3": null, "x_coord": -72.9784663, "y_coord": 18.25179969, "adm4_name": null, "adm4_name1": null, "adm4_name2": null, "adm4_name3": null, "adm4_pcode": null, "adm3_name": "6e Section Jamais Vu", "adm3_name1": "6e Section Jamais Vu", "adm3_name2": null, "adm3_name3": null, "adm3_pcode": "HT0222-06", "adm2_name": "Cotes de Fer", "adm2_name1": "Côtes de Fer", "adm2_name2": null, "adm2_name3": null, "adm2_pcode": "HT0222", "adm1_name": "South-East", "adm1_name1": "Sud-Est", "adm1_name2": "Sidès", "adm1_name3": null, "adm1_pcode": "HT02", "adm0_name": "Haiti", "adm0_name1": null, "adm0_name2": null, "adm0_name3": null, "adm0_pcode": "HT", "valid_on": "2018-11-29", "valid_to": null, "version": "v01", "lang": "en", "lang1": "fr", "lang2": "ht", "lang3": null }, "geometry": { "type": "Point", "coordinates": [ -72.978466295999965, 18.251799688000119 ] } },
{ "type": "Feature", "properties": { "admin_level": 3, "name": "6e Section La Colline", "name1": "6e Section La Colline", "name2": null, "name3": null, "x_coord": -73.21871204, "y_coord": 18.3091258, "adm4_name": null, "adm4_name1": null, "adm4_name2": null, "adm4_name3": null, "adm4_pcode": null, "adm3_name": "6e Section La Colline", "adm3_name1": "6e Section La Colline", "adm3_name2": null, "adm3_name3": null, "adm3_pcode": "HT0731-06", "adm2_name": "Aquin", "adm2_name1": "Aquin", "adm2_name2": null, "adm2_name3": null, "adm2_pcode": "HT0731", "adm1_name": "South", "adm1_name1": "Sud", "adm1_name2": "Sid", "adm1_name3": null, "adm1_pcode": "HT07", "adm0_name": "Haiti", "adm0_name1": null, "adm0_name2": null, "adm0_name3": null, "adm0_pcode": "HT", "valid_on": "2018-11-29", "valid_to": null, "version": "v01", "lang": "en", "lang1": "fr", "lang2": "ht", "lang3": null }, "geometry": { "type": "Point", "coordinates": [ -73.2187120399999, 18.309125803000029 ] } },
{ "type": "Feature", "properties": { "admin_level": 3, "name": "6e Section la Corne", "name1": "6e Section la Corne", "name2": null, "name3": null, "x_coord": -72.87176871, "y_coord": 19.89022038, "adm4_name": null, "adm4_name1": null, "adm4_name2": null, "adm4_name3": null, "adm4_pcode": null, "adm3_name": "6e Section la Corne", "adm3_name1": "6e Section la Corne", "adm3_name2": null, "adm3_name3": null, "adm3_pcode": "HT0911-06", "adm2_name": "Port-de-Paix", "adm2_name1": "Port-de-Paix", "adm2_name2": null, "adm2_name3": null, "adm2_pcode": "HT0911", "adm1_name": "North-West", "adm1_name1": "Nord-Ouest", "adm1_name2": "Nòdwès", "adm1_name3": null, "adm1_pcode": "HT09", "adm0_name": "Haiti", "adm0_name1": null, "adm0_name2": null, "adm0_name3": null, "adm0_pcode": "HT", "valid_on": "2018-11-29", "valid_to": null, "version": "v01", "lang": "en", "lang1": "fr", "lang2": "ht", "lang3": null }, "geometry": { "type": "Point", "coordinates": [ -72.871768713999984, 19.890220377000048 ] } },
{ "type": "Feature", "properties": { "admin_level": 3, "name": "6e Section la Croix ou Grand Cahos", "name1": "6e Section la Croix ou Grand Cahos", "name2": null, "name3": null, "x_coord": -72.34777684, "y_coord": 19.20084959, "adm4_name": null, "adm4_name1": null, "adm4_name2": null, "adm4_name3": null, "adm4_pcode": null, "adm3_name": "6e Section la Croix ou Grand Cahos", "adm3_name1": "6e Section la Croix ou Grand Cahos", "adm3_name2": null, "adm3_name3": null, "adm3_pcode": "HT0541-06", "adm2_name": "Dessalines", "adm2_name1": "Dessalines", "adm2_name2": null, "adm2_name3": null, "adm2_pcode": "HT0541", "adm1_name": "Artibonite", "adm1_name1": "Artibonite", "adm1_name2": "Latibonit", "adm1_name3": null, "adm1_pcode": "HT05", "adm0_name": "Haiti", "adm0_name1": null, "adm0_name2": null, "adm0_name3": null, "adm0_pcode": "HT", "valid_on": "2018-11-29", "valid_to": null, "version": "v01", "lang": "en", "lang1": "fr", "lang2": "ht", "lang3": null }, "geometry": { "type": "Point", "coordinates": [ -72.347776839999881, 19.200849586000118 ] } },
{ "type": "Feature", "properties": { "admin_level": 3, "name": "6e Section la Ville", "name1": "6e Section la Ville", "name2": null, "name3": null, "x_coord": -72.44175066, "y_coord": 19.55101376, "adm4_name": null, "adm4_name1": null, "adm4_name2": null, "adm4_name3": null, "adm4_pcode": null, "adm3_name": "6e Section la Ville", "adm3_name1": "6e Section la Ville", "adm3_name2": null, "adm3_name3": null, "adm3_pcode": "HT0371-06", "adm2_name": "Plaisance", "adm2_name1": "Plaisance", "adm2_name2": null, "adm2_name3": null, "adm2_pcode": "HT0371", "adm1_name": "North", "adm1_name1": "Nord", "adm1_name2": "Nò", "adm1_name3": null, "adm1_pcode": "HT03", "adm0_name": "Haiti", "adm0_name1": null, "adm0_name2": null, "adm0_name3": null, "adm0_pcode": "HT", "valid_on": "2018-11-29", "valid_to": null, "version": "v01", "lang": "en", "lang1": "fr", "lang2": "ht", "lang3": null }, "geometry": { "type": "Point", "coordinates": [ -72.441750661999947, 19.551013759 ] } },
{ "type": "Feature", "properties": { "admin_level": 3, "name": "6e Section Lacedras", "name1": "6e Section Lacedras", "name2": null, "name3": null, "x_coord": -72.3385208, "y_coord": 19.28096947, "adm4_name": null, "adm4_name1": null, "adm4_name2": null, "adm4_name3": null, "adm4_pcode": null, "adm3_name": "6e Section Lacedras", "adm3_name1": "6e Section Lacedras", "adm3_name2": null, "adm3_name3": null, "adm3_pcode": "HT0551-06", "adm2_name": "Saint-Michel de l'Attalaye", "adm2_name1": "Saint-Michel de l'Attalaye", "adm2_name2": null, "adm2_name3": null, "adm2_pcode": "HT0551", "adm1_name": "Artibonite", "adm1_name1": "Artibonite", "adm1_name2": "Latibonit", "adm1_name3": null, "adm1_pcode": "HT05", "adm0_name": "Haiti", "adm0_name1": null, "adm0_name2": null, "adm0_name3": null, "adm0_pcode": "HT", "valid_on": "2018-11-29", "valid_to": null, "version": "v01", "lang": "en", "lang1": "fr", "lang2": "ht", "lang3": null }, "geometry": { "type": "Point", "coordinates": [ -72.338520801999891, 19.280969469000183 ] } },
{ "type": "Feature", "properties": { "admin_level": 3, "name": "6e Section Lafague (Chamoise)", "name1": "6e Section Lafague (Chamoise)", "name2": null, "name3": null, "x_coord": -72.71006588, "y_coord": 19.82989304, "adm4_name": null, "adm4_name1": null, "adm4_name2": null, "adm4_name3": null, "adm4_pcode": null, "adm3_name": "6e Section Lafague (Chamoise)", "adm3_name1": "6e Section Lafague (Chamoise)", "adm3_name2": null, "adm3_name3": null, "adm3_pcode": "HT0921-06", "adm2_name": "Saint-Louis du Nord", "adm2_name1": "Saint-Louis du Nord", "adm2_name2": null, "adm2_name3": null, "adm2_pcode": "HT0921", "adm1_name": "North-West", "adm1_name1": "Nord-Ouest", "adm1_name2": "Nòdwès", "adm1_name3": null, "adm1_pcode": "HT09", "adm0_name": "Haiti", "adm0_name1": null, "adm0_name2": null, "adm0_name3": null, "adm0_pcode": "HT", "valid_on": "2018-11-29", "valid_to": null, "version": "v01", "lang": "en", "lang1": "fr", "lang2": "ht", "lang3": null }, "geometry": { "type": "Point", "coordinates": [ -72.710065878999956, 19.829893037999966 ] } },
{ "type": "Feature", "properties": { "admin_level": 3, "name": "6e Section Les Îles Cayemittes", "name1": "6e Section Les Îles Cayemittes", "name2": null, "name3": null, "x_coord": -73.74789548, "y_coord": 18.61265226, "adm4_name": null, "adm4_name1": null, "adm4_name2": null, "adm4_name3": null, "adm4_pcode": null, "adm3_name": "6e Section Les Îles Cayemittes", "adm3_name1": "6e Section Les Îles Cayemittes", "adm3_name2": null, "adm3_name3": null, "adm3_pcode": "HT0834-06", "adm2_name": "Pestel", "adm2_name1": "Pestel", "adm2_name2": null, "adm2_name3": null, "adm2_pcode": "HT0834", "adm1_name": "Grande'Anse", "adm1_name1": "Grande'Anse", "adm1_name2": "Grandans", "adm1_name3": null, "adm1_pcode": "HT08", "adm0_name": "Haiti", "adm0_name1": null, "adm0_name2": null, "adm0_name3": null, "adm0_pcode": "HT", "valid_on": "2018-11-29", "valid_to": null, "version": "v01", "lang": "en", "lang1": "fr", "lang2": "ht", "lang3": null }, "geometry": { "type": "Point", "coordinates": [ -73.74789547599994, 18.612652261000108 ] } },
{ "type": "Feature", "properties": { "admin_level": 3, "name": "6e Section Matheux", "name1": "6e Section Matheux", "name2": null, "name3": null, "x_coord": -72.48781291, "y_coord": 18.89880492, "adm4_name": null, "adm4_name1": null, "adm4_name2": null, "adm4_name3": null, "adm4_pcode": null, "adm3_name": "6e Section Matheux", "adm3_name1": "6e Section Matheux", "adm3_name2": null, "adm3_name3": null, "adm3_pcode": "HT0141-06", "adm2_name": "Arcahaie", "adm2_name1": "Arcahaie", "adm2_name2": null, "adm2_name3": null, "adm2_pcode": "HT0141", "adm1_name": "West", "adm1_name1": "Ouest", "adm1_name2": "Lwès", "adm1_name3": null, "adm1_pcode": "HT01", "adm0_name": "Haiti", "adm0_name1": null, "adm0_name2": null, "adm0_name3": null, "adm0_pcode": "HT", "valid_on": "2018-11-29", "valid_to": null, "version": "v01", "lang": "en", "lang1": "fr", "lang2": "ht", "lang3": null }, "geometry": { "type": "Point", "coordinates": [ -72.487812908999956, 18.898804916000074 ] } },
{ "type": "Feature", "properties": { "admin_level": 3, "name": "6e Section Medor", "name1": "6e Section Medor", "name2": null, "name3": null, "x_coord": -72.29684875, "y_coord": 19.05662909, "adm4_name": null, "adm4_name1": null, "adm4_name2": null, "adm4_name3": null, "adm4_pcode": null, "adm3_name": "6e Section Medor", "adm3_name1": "6e Section Medor", "adm3_name2": null, "adm3_name3": null, "adm3_pcode": "HT0542-06", "adm2_name": "Petite Riviere de l'Artibonite", "adm2_name1": "Petite Rivière de l'Artibonite", "adm2_name2": null, "adm2_name3": null, "adm2_pcode": "HT0542", "adm1_name": "Artibonite", "adm1_name1": "Artibonite", "adm1_name2": "Latibonit", "adm1_name3": null, "adm1_pcode": "HT05", "adm0_name": "Haiti", "adm0_name1": null, "adm0_name2": null, "adm0_name3": null, "adm0_pcode": "HT", "valid_on": "2018-11-29", "valid_to": null, "version": "v01", "lang": "en", "lang1": "fr", "lang2": "ht", "lang3": null }, "geometry": { "type": "Point", "coordinates": [ -72.29684875199996, 19.056629090000115 ] } },
{ "type": "Feature", "properties": { "admin_level": 3, "name": "6e Section Molas", "name1": "6e Section Molas", "name2": null, "name3": null, "x_coord": -72.65717002, "y_coord": 19.80483992, "adm4_name": null, "adm4_name1": null, "adm4_name2": null, "adm4_name3": null, "adm4_pcode": null, "adm3_name": "6e Section Molas", "adm3_name1": "6e Section Molas", "adm3_name2": null, "adm3_name3": null, "adm3_pcode": "HT0351-06", "adm2_name": "Borgne", "adm2_name1": "Borgne", "adm2_name2": null, "adm2_name3": null, "adm2_pcode": "HT0351", "adm1_name": "North", "adm1_name1": "Nord", "adm1_name2": "Nò", "adm1_name3": null, "adm1_pcode": "HT03", "adm0_name": "Haiti", "adm0_name1": null, "adm0_name2": null, "adm0_name3": null, "adm0_pcode": "HT", "valid_on": "2018-11-29", "valid_to": null, "version": "v01", "lang": "en", "lang1": "fr", "lang2": "ht", "lang3": null }, "geometry": { "type": "Point", "coordinates": [ -72.657170017999931, 19.804839916999981 ] } },
{ "type": "Feature", "properties": { "admin_level": 3, "name": "6e Section Montagne La Voûte", "name1": "6e Section Montagne La Voûte", "name2": null, "name3": null, "x_coord": -72.54109685, "y_coord": 18.28604661, "adm4_name": null, "adm4_name1": null, "adm4_name2": null, "adm4_name3": null, "adm4_pcode": null, "adm3_name": "6e Section Montagne La Voûte", "adm3_name1": "6e Section Montagne La Voûte", "adm3_name2": null, "adm3_name3": null, "adm3_pcode": "HT0211-06", "adm2_name": "Jacmel", "adm2_name1": "Jacmel", "adm2_name2": null, "adm2_name3": null, "adm2_pcode": "HT0211", "adm1_name": "South-East", "adm1_name1": "Sud-Est", "adm1_name2": "Sidès", "adm1_name3": null, "adm1_pcode": "HT02", "adm0_name": "Haiti", "adm0_name1": null, "adm0_name2": null, "adm0_name3": null, "adm0_pcode": "HT", "valid_on": "2018-11-29", "valid_to": null, "version": "v01", "lang": "en", "lang1": "fr", "lang2": "ht", "lang3": null }, "geometry": { "type": "Point", "coordinates": [ -72.54109684499997, 18.286046612000121 ] } },
{ "type": "Feature", "properties": { "admin_level": 3, "name": "6e Section Orangers", "name1": "6e Section Orangers", "name2": null, "name3": null, "x_coord": -72.52216758, "y_coord": 18.44642417, "adm4_name": null, "adm4_name1": null, "adm4_name2": null, "adm4_name3": null, "adm4_pcode": null, "adm3_name": "6e Section Orangers", "adm3_name1": "6e Section Orangers", "adm3_name2": null, "adm3_name3": null, "adm3_pcode": "HT0121-06", "adm2_name": "Leogane", "adm2_name1": "Léogâne", "adm2_name2": null, "adm2_name3": null, "adm2_pcode": "HT0121", "adm1_name": "West", "adm1_name1": "Ouest", "adm1_name2": "Lwès", "adm1_name3": null, "adm1_pcode": "HT01", "adm0_name": "Haiti", "adm0_name1": null, "adm0_name2": null, "adm0_name3": null, "adm0_pcode": "HT", "valid_on": "2018-11-29", "valid_to": null, "version": "v01", "lang": "en", "lang1": "fr", "lang2": "ht", "lang3": null }, "geometry": { "type": "Point", "coordinates": [ -72.522167577999937, 18.446424167000146 ] } },
{ "type": "Feature", "properties": { "admin_level": 3, "name": "6e Section Petite Anse", "name1": "6e Section Petite Anse", "name2": null, "name3": null, "x_coord": -72.82167894, "y_coord": 18.74242417, "adm4_name": null, "adm4_name1": null, "adm4_name2": null, "adm4_name3": null, "adm4_pcode": null, "adm3_name": "6e Section Petite Anse", "adm3_name1": "6e Section Petite Anse", "adm3_name2": null, "adm3_name3": null, "adm3_pcode": "HT0151-06", "adm2_name": "Anse a Galets", "adm2_name1": "Anse à Galets", "adm2_name2": null, "adm2_name3": null, "adm2_pcode": "HT0151", "adm1_name": "West", "adm1_name1": "Ouest", "adm1_name2": "Lwès", "adm1_name3": null, "adm1_pcode": "HT01", "adm0_name": "Haiti", "adm0_name1": null, "adm0_name2": null, "adm0_name3": null, "adm0_pcode": "HT", "valid_on": "2018-11-29", "valid_to": null, "version": "v01", "lang": "en", "lang1": "fr", "lang2": "ht", "lang3": null }, "geometry": { "type": "Point", "coordinates": [ -72.821678934999966, 18.742424170000049 ] } },
{ "type": "Feature", "properties": { "admin_level": 3, "name": "6e Section Pichon", "name1": "6e Section Pichon", "name2": null, "name3": null, "x_coord": -72.00805523, "y_coord": 18.2619078, "adm4_name": null, "adm4_name1": null, "adm4_name2": null, "adm4_name3": null, "adm4_pcode": null, "adm3_name": "6e Section Pichon", "adm3_name1": "6e Section Pichon", "adm3_name2": null, "adm3_name3": null, "adm3_pcode": "HT0231-06", "adm2_name": "Belle Anse", "adm2_name1": "Belle Anse", "adm2_name2": null, "adm2_name3": null, "adm2_pcode": "HT0231", "adm1_name": "South-East", "adm1_name1": "Sud-Est", "adm1_name2": "Sidès", "adm1_name3": null, "adm1_pcode": "HT02", "adm0_name": "Haiti", "adm0_name1": null, "adm0_name2": null, "adm0_name3": null, "adm0_pcode": "HT", "valid_on": "2018-11-29", "valid_to": null, "version": "v01", "lang": "en", "lang1": "fr", "lang2": "ht", "lang3": null }, "geometry": { "type": "Point", "coordinates": [ -72.008055234999972, 18.261907797000106 ] } },
{ "type": "Feature", "properties": { "admin_level": 3, "name": "6e Section Piment", "name1": "6e Section Piment", "name2": null, "name3": null, "x_coord": -72.54704665, "y_coord": 19.7109042, "adm4_name": null, "adm4_name1": null, "adm4_name2": null, "adm4_name3": null, "adm4_pcode": null, "adm3_name": "6e Section Piment", "adm3_name1": "6e Section Piment", "adm3_name2": null, "adm3_name3": null, "adm3_pcode": "HT0372-06", "adm2_name": "Pilate", "adm2_name1": "Pilate", "adm2_name2": null, "adm2_name3": null, "adm2_pcode": "HT0372", "adm1_name": "North", "adm1_name1": "Nord", "adm1_name2": "Nò", "adm1_name3": null, "adm1_pcode": "HT03", "adm0_name": "Haiti", "adm0_name1": null, "adm0_name2": null, "adm0_name3": null, "adm0_pcode": "HT", "valid_on": "2018-11-29", "valid_to": null, "version": "v01", "lang": "en", "lang1": "fr", "lang2": "ht", "lang3": null }, "geometry": { "type": "Point", "coordinates": [ -72.547046652999938, 19.71090420500019 ] } },
{ "type": "Feature", "properties": { "admin_level": 3, "name": "6e Section Savane Carree", "name1": "6e Section Savane Carree", "name2": null, "name3": null, "x_coord": -72.77452579, "y_coord": 19.72901843, "adm4_name": null, "adm4_name1": null, "adm4_name2": null, "adm4_name3": null, "adm4_pcode": null, "adm3_name": "6e Section Savane Carree", "adm3_name1": "6e Section Savane Carree", "adm3_name2": null, "adm3_name3": null, "adm3_pcode": "HT0521-06", "adm2_name": "Gros Morne", "adm2_name1": "Gros Morne", "adm2_name2": null, "adm2_name3": null, "adm2_pcode": "HT0521", "adm1_name": "Artibonite", "adm1_name1": "Artibonite", "adm1_name2": "Latibonit", "adm1_name3": null, "adm1_pcode": "HT05", "adm0_name": "Haiti", "adm0_name1": null, "adm0_name2": null, "adm0_name3": null, "adm0_pcode": "HT", "valid_on": "2018-11-29", "valid_to": null, "version": "v01", "lang": "en", "lang1": "fr", "lang2": "ht", "lang3": null }, "geometry": { "type": "Point", "coordinates": [ -72.774525791999963, 19.729018427000085 ] } },
{ "type": "Feature", "properties": { "admin_level": 3, "name": "6e Section Solon", "name1": "6e Section Solon", "name2": null, "name3": null, "x_coord": -73.60826852, "y_coord": 18.26359016, "adm4_name": null, "adm4_name1": null, "adm4_name2": null, "adm4_name3": null, "adm4_pcode": null, "adm3_name": "6e Section Solon", "adm3_name1": "6e Section Solon", "adm3_name2": null, "adm3_name3": null, "adm3_pcode": "HT0732-06", "adm2_name": "Saint Louis du Sud", "adm2_name1": "Saint Louis du Sud", "adm2_name2": null, "adm2_name3": null, "adm2_pcode": "HT0732", "adm1_name": "South", "adm1_name1": "Sud", "adm1_name2": "Sid", "adm1_name3": null, "adm1_pcode": "HT07", "adm0_name": "Haiti", "adm0_name1": null, "adm0_name2": null, "adm0_name3": null, "adm0_pcode": "HT", "valid_on": "2018-11-29", "valid_to": null, "version": "v01", "lang": "en", "lang1": "fr", "lang2": "ht", "lang3": null }, "geometry": { "type": "Point", "coordinates": [ -73.608268521999946, 18.263590160000092 ] } },
{ "type": "Feature", "properties": { "admin_level": 3, "name": "6e Section Soufriere", "name1": "6e Section Soufrière", "name2": null, "name3": null, "x_coord": -72.37163549, "y_coord": 19.607072, "adm4_name": null, "adm4_name1": null, "adm4_name2": null, "adm4_name3": null, "adm4_pcode": null, "adm3_name": "6e Section Soufriere", "adm3_name1": "6e Section Soufrière", "adm3_name2": null, "adm3_name3": null, "adm3_pcode": "HT0321-06", "adm2_name": "Acul du Nord", "adm2_name1": "Acul du Nord", "adm2_name2": null, "adm2_name3": null, "adm2_pcode": "HT0321", "adm1_name": "North", "adm1_name1": "Nord", "adm1_name2": "Nò", "adm1_name3": null, "adm1_pcode": "HT03", "adm0_name": "Haiti", "adm0_name1": null, "adm0_name2": null, "adm0_name3": null, "adm0_pcode": "HT", "valid_on": "2018-11-29", "valid_to": null, "version": "v01", "lang": "en", "lang1": "fr", "lang2": "ht", "lang3": null }, "geometry": { "type": "Point", "coordinates": [ -72.371635488999971, 19.60707200000013 ] } },
{ "type": "Feature", "properties": { "admin_level": 3, "name": "6e Section Terre Natte", "name1": "6e Section Terre Natte", "name2": null, "name3": null, "x_coord": -72.54889274, "y_coord": 18.98361552, "adm4_name": null, "adm4_name1": null, "adm4_name2": null, "adm4_name3": null, "adm4_pcode": null, "adm3_name": "6e Section Terre Natte", "adm3_name1": "6e Section Terre Natte", "adm3_name2": null, "adm3_name3": null, "adm3_pcode": "HT0532-06", "adm2_name": "Verrettes", "adm2_name1": "Verrettes", "adm2_name2": null, "adm2_name3": null, "adm2_pcode": "HT0532", "adm1_name": "Artibonite", "adm1_name1": "Artibonite", "adm1_name2": "Latibonit", "adm1_name3": null, "adm1_pcode": "HT05", "adm0_name": "Haiti", "adm0_name1": null, "adm0_name2": null, "adm0_name3": null, "adm0_pcode": "HT", "valid_on": "2018-11-29", "valid_to": null, "version": "v01", "lang": "en", "lang1": "fr", "lang2": "ht", "lang3": null }, "geometry": { "type": "Point", "coordinates": [ -72.548892740999975, 18.98361552199998 ] } },
{ "type": "Feature", "properties": { "admin_level": 3, "name": "6e Section Trou Canari", "name1": "6e Section Trou Canari", "name2": null, "name3": null, "x_coord": -72.95229571, "y_coord": 18.33249149, "adm4_name": null, "adm4_name1": null, "adm4_name2": null, "adm4_name3": null, "adm4_pcode": null, "adm3_name": "6e Section Trou Canari", "adm3_name1": "6e Section Trou Canari", "adm3_name2": null, "adm3_name3": null, "adm3_pcode": "HT0122-06", "adm2_name": "Petit-Goave", "adm2_name1": "Petit-Goâve", "adm2_name2": null, "adm2_name3": null, "adm2_pcode": "HT0122", "adm1_name": "West", "adm1_name1": "Ouest", "adm1_name2": "Lwès", "adm1_name3": null, "adm1_pcode": "HT01", "adm0_name": "Haiti", "adm0_name1": null, "adm0_name2": null, "adm0_name3": null, "adm0_pcode": "HT", "valid_on": "2018-11-29", "valid_to": null, "version": "v01", "lang": "en", "lang1": "fr", "lang2": "ht", "lang3": null }, "geometry": { "type": "Point", "coordinates": [ -72.952295705999973, 18.332491490000166 ] } },
{ "type": "Feature", "properties": { "admin_level": 3, "name": "7e Section Bassin", "name1": "7e Section Bassin", "name2": null, "name3": null, "x_coord": -72.48624612, "y_coord": 19.60813317, "adm4_name": null, "adm4_name1": null, "adm4_name2": null, "adm4_name3": null, "adm4_pcode": null, "adm3_name": "7e Section Bassin", "adm3_name1": "7e Section Bassin", "adm3_name2": null, "adm3_name3": null, "adm3_pcode": "HT0371-07", "adm2_name": "Plaisance", "adm2_name1": "Plaisance", "adm2_name2": null, "adm2_name3": null, "adm2_pcode": "HT0371", "adm1_name": "North", "adm1_name1": "Nord", "adm1_name2": "Nò", "adm1_name3": null, "adm1_pcode": "HT03", "adm0_name": "Haiti", "adm0_name1": null, "adm0_name2": null, "adm0_name3": null, "adm0_pcode": "HT", "valid_on": "2018-11-29", "valid_to": null, "version": "v01", "lang": "en", "lang1": "fr", "lang2": "ht", "lang3": null }, "geometry": { "type": "Point", "coordinates": [ -72.486246119999976, 19.608133170000031 ] } },
{ "type": "Feature", "properties": { "admin_level": 3, "name": "7e Section Belle Fontaine", "name1": "7e Section Belle Fontaine", "name2": null, "name3": null, "x_coord": -72.0321789, "y_coord": 18.36695843, "adm4_name": null, "adm4_name1": null, "adm4_name2": null, "adm4_name3": null, "adm4_pcode": null, "adm3_name": "7e Section Belle Fontaine", "adm3_name1": "7e Section Belle Fontaine", "adm3_name2": null, "adm3_name3": null, "adm3_pcode": "HT0131-07", "adm2_name": "Croix-Des-Bouquets", "adm2_name1": "Croix-Des-Bouquets", "adm2_name2": null, "adm2_name3": null, "adm2_pcode": "HT0131", "adm1_name": "West", "adm1_name1": "Ouest", "adm1_name2": "Lwès", "adm1_name3": null, "adm1_pcode": "HT01", "adm0_name": "Haiti", "adm0_name1": null, "adm0_name2": null, "adm0_name3": null, "adm0_pcode": "HT", "valid_on": "2018-11-29", "valid_to": null, "version": "v01", "lang": "en", "lang1": "fr", "lang2": "ht", "lang3": null }, "geometry": { "type": "Point", "coordinates": [ -72.032178897999984, 18.366958428000032 ] } },
{ "type": "Feature", "properties": { "admin_level": 3, "name": "7e Section Bras Gauche", "name1": "7e Section Bras Gauche", "name2": null, "name3": null, "x_coord": -72.87828955000001, "y_coord": 18.24645339, "adm4_name": null, "adm4_name1": null, "adm4_name2": null, "adm4_name3": null, "adm4_pcode": null, "adm3_name": "7e Section Bras Gauche", "adm3_name1": "7e Section Bras Gauche", "adm3_name2": null, "adm3_name3": null, "adm3_pcode": "HT0221-07", "adm2_name": "Bainet", "adm2_name1": "Bainet", "adm2_name2": null, "adm2_name3": null, "adm2_pcode": "HT0221", "adm1_name": "South-East", "adm1_name1": "Sud-Est", "adm1_name2": "Sidès", "adm1_name3": null, "adm1_pcode": "HT02", "adm0_name": "Haiti", "adm0_name1": null, "adm0_name2": null, "adm0_name3": null, "adm0_pcode": "HT", "valid_on": "2018-11-29", "valid_to": null, "version": "v01", "lang": "en", "lang1": "fr", "lang2": "ht", "lang3": null }, "geometry": { "type": "Point", "coordinates": [ -72.878289552999945, 18.246453387000031 ] } },
{ "type": "Feature", "properties": { "admin_level": 3, "name": "7e Section Cherette", "name1": "7e Section Cherette", "name2": null, "name3": null, "x_coord": -73.49837538, "y_coord": 18.31191998, "adm4_name": null, "adm4_name1": null, "adm4_name2": null, "adm4_name3": null, "adm4_pcode": null, "adm3_name": "7e Section Cherette", "adm3_name1": "7e Section Cherette", "adm3_name2": null, "adm3_name3": null, "adm3_pcode": "HT0732-07", "adm2_name": "Saint Louis du Sud", "adm2_name1": "Saint Louis du Sud", "adm2_name2": null, "adm2_name3": null, "adm2_pcode": "HT0732", "adm1_name": "South", "adm1_name1": "Sud", "adm1_name2": "Sid", "adm1_name3": null, "adm1_pcode": "HT07", "adm0_name": "Haiti", "adm0_name1": null, "adm0_name2": null, "adm0_name3": null, "adm0_pcode": "HT", "valid_on": "2018-11-29", "valid_to": null, "version": "v01", "lang": "en", "lang1": "fr", "lang2": "ht", "lang3": null }, "geometry": { "type": "Point", "coordinates": [ -73.498375379999914, 18.311919983000109 ] } },
{ "type": "Feature", "properties": { "admin_level": 3, "name": "7e Section Cote de Feret Fond Lagrange", "name1": "7e Section Cote de Feret Fond Lagrange", "name2": null, "name3": null, "x_coord": -72.51190822, "y_coord": 19.83547054, "adm4_name": null, "adm4_name1": null, "adm4_name2": null, "adm4_name3": null, "adm4_pcode": null, "adm3_name": "7e Section Cote de Feret Fond Lagrange", "adm3_name1": "7e Section Cote de Feret Fond Lagrange", "adm3_name2": null, "adm3_name3": null, "adm3_pcode": "HT0351-07", "adm2_name": "Borgne", "adm2_name1": "Borgne", "adm2_name2": null, "adm2_name3": null, "adm2_pcode": "HT0351", "adm1_name": "North", "adm1_name1": "Nord", "adm1_name2": "Nò", "adm1_name3": null, "adm1_pcode": "HT03", "adm0_name": "Haiti", "adm0_name1": null, "adm0_name2": null, "adm0_name3": null, "adm0_pcode": "HT", "valid_on": "2018-11-29", "valid_to": null, "version": "v01", "lang": "en", "lang1": "fr", "lang2": "ht", "lang3": null }, "geometry": { "type": "Point", "coordinates": [ -72.511908217999917, 19.835470543000042 ] } },
{ "type": "Feature", "properties": { "admin_level": 3, "name": "7e Section des Platons", "name1": "7e Section des Platons", "name2": null, "name3": null, "x_coord": -72.9110246, "y_coord": 18.37763074, "adm4_name": null, "adm4_name1": null, "adm4_name2": null, "adm4_name3": null, "adm4_pcode": null, "adm3_name": "7e Section des Platons", "adm3_name1": "7e Section des Platons", "adm3_name2": null, "adm3_name3": null, "adm3_pcode": "HT0122-07", "adm2_name": "Petit-Goave", "adm2_name1": "Petit-Goâve", "adm2_name2": null, "adm2_name3": null, "adm2_pcode": "HT0122", "adm1_name": "West", "adm1_name1": "Ouest", "adm1_name2": "Lwès", "adm1_name3": null, "adm1_pcode": "HT01", "adm0_name": "Haiti", "adm0_name1": null, "adm0_name2": null, "adm0_name3": null, "adm0_pcode": "HT", "valid_on": "2018-11-29", "valid_to": null, "version": "v01", "lang": "en", "lang1": "fr", "lang2": "ht", "lang3": null }, "geometry": { "type": "Point", "coordinates": [ -72.911024600999951, 18.37763073800005 ] } },
{ "type": "Feature", "properties": { "admin_level": 3, "name": "7e Section Diondion", "name1": "7e Section Diondion", "name2": null, "name3": null, "x_coord": -73.23135337, "y_coord": 19.86499505, "adm4_name": null, "adm4_name1": null, "adm4_name2": null, "adm4_name3": null, "adm4_pcode": null, "adm3_name": "7e Section Diondion", "adm3_name1": "7e Section Diondion", "adm3_name2": null, "adm3_name3": null, "adm3_pcode": "HT0934-07", "adm2_name": "Jean Rabel", "adm2_name1": "Jean Rabel", "adm2_name2": null, "adm2_name3": null, "adm2_pcode": "HT0934", "adm1_name": "North-West", "adm1_name1": "Nord-Ouest", "adm1_name2": "Nòdwès", "adm1_name3": null, "adm1_pcode": "HT09", "adm0_name": "Haiti", "adm0_name1": null, "adm0_name2": null, "adm0_name3": null, "adm0_pcode": "HT", "valid_on": "2018-11-29", "valid_to": null, "version": "v01", "lang": "en", "lang1": "fr", "lang2": "ht", "lang3": null }, "geometry": { "type": "Point", "coordinates": [ -73.231353372999934, 19.86499505400019 ] } },
{ "type": "Feature", "properties": { "admin_level": 3, "name": "7e Section Frangipane", "name1": "7e Section Frangipane", "name2": null, "name3": null, "x_coord": -73.07190238, "y_coord": 18.26355585, "adm4_name": null, "adm4_name1": null, "adm4_name2": null, "adm4_name3": null, "adm4_pcode": null, "adm3_name": "7e Section Frangipane", "adm3_name1": "7e Section Frangipane", "adm3_name2": null, "adm3_name3": null, "adm3_pcode": "HT0731-07", "adm2_name": "Aquin", "adm2_name1": "Aquin", "adm2_name2": null, "adm2_name3": null, "adm2_pcode": "HT0731", "adm1_name": "South", "adm1_name1": "Sud", "adm1_name2": "Sid", "adm1_name3": null, "adm1_pcode": "HT07", "adm0_name": "Haiti", "adm0_name1": null, "adm0_name2": null, "adm0_name3": null, "adm0_pcode": "HT", "valid_on": "2018-11-29", "valid_to": null, "version": "v01", "lang": "en", "lang1": "fr", "lang2": "ht", "lang3": null }, "geometry": { "type": "Point", "coordinates": [ -73.071902378999823, 18.263555849 ] } },
{ "type": "Feature", "properties": { "admin_level": 3, "name": "7e Section Gerard", "name1": "7e Section Gerard", "name2": null, "name3": null, "x_coord": -72.72391254, "y_coord": 18.3969594, "adm4_name": null, "adm4_name1": null, "adm4_name2": null, "adm4_name3": null, "adm4_pcode": null, "adm3_name": "7e Section Gerard", "adm3_name1": "7e Section Gerard", "adm3_name2": null, "adm3_name3": null, "adm3_pcode": "HT0123-07", "adm2_name": "Grand-Goave", "adm2_name1": "Grand-Goâve", "adm2_name2": null, "adm2_name3": null, "adm2_pcode": "HT0123", "adm1_name": "West", "adm1_name1": "Ouest", "adm1_name2": "Lwès", "adm1_name3": null, "adm1_pcode": "HT01", "adm0_name": "Haiti", "adm0_name1": null, "adm0_name2": null, "adm0_name3": null, "adm0_pcode": "HT", "valid_on": "2018-11-29", "valid_to": null, "version": "v01", "lang": "en", "lang1": "fr", "lang2": "ht", "lang3": null }, "geometry": { "type": "Point", "coordinates": [ -72.723912543999973, 18.396959401000117 ] } },
{ "type": "Feature", "properties": { "admin_level": 3, "name": "7e Section Grande Riviere de Jacmel", "name1": "7e Section Grande Rivière de Jacmel", "name2": null, "name3": null, "x_coord": -72.5147209, "y_coord": 18.36916524, "adm4_name": null, "adm4_name1": null, "adm4_name2": null, "adm4_name3": null, "adm4_pcode": null, "adm3_name": "7e Section Grande Riviere de Jacmel", "adm3_name1": "7e Section Grande Rivière de Jacmel", "adm3_name2": null, "adm3_name3": null, "adm3_pcode": "HT0211-07", "adm2_name": "Jacmel", "adm2_name1": "Jacmel", "adm2_name2": null, "adm2_name3": null, "adm2_pcode": "HT0211", "adm1_name": "South-East", "adm1_name1": "Sud-Est", "adm1_name2": "Sidès", "adm1_name3": null, "adm1_pcode": "HT02", "adm0_name": "Haiti", "adm0_name1": null, "adm0_name2": null, "adm0_name3": null, "adm0_pcode": "HT", "valid_on": "2018-11-29", "valid_to": null, "version": "v01", "lang": "en", "lang1": "fr", "lang2": "ht", "lang3": null }, "geometry": { "type": "Point", "coordinates": [ -72.51472089899994, 18.369165238 ] } },
{ "type": "Feature", "properties": { "admin_level": 3, "name": "7e Section Lavalle", "name1": "7e Section Lavalle", "name2": null, "name3": null, "x_coord": -72.41586976000001, "y_coord": 18.45727732, "adm4_name": null, "adm4_name1": null, "adm4_name2": null, "adm4_name3": null, "adm4_pcode": null, "adm3_name": "7e Section Lavalle", "adm3_name1": "7e Section Lavalle", "adm3_name2": null, "adm3_name3": null, "adm3_pcode": "HT0113-07", "adm2_name": "Carrefour", "adm2_name1": "Carrefour", "adm2_name2": null, "adm2_name3": null, "adm2_pcode": "HT0113", "adm1_name": "West", "adm1_name1": "Ouest", "adm1_name2": "Lwès", "adm1_name3": null, "adm1_pcode": "HT01", "adm0_name": "Haiti", "adm0_name1": null, "adm0_name2": null, "adm0_name3": null, "adm0_pcode": "HT", "valid_on": "2018-11-29", "valid_to": null, "version": "v01", "lang": "en", "lang1": "fr", "lang2": "ht", "lang3": null }, "geometry": { "type": "Point", "coordinates": [ -72.415869758999918, 18.457277319000184 ] } },
{ "type": "Feature", "properties": { "admin_level": 3, "name": "7e Section Mapou", "name1": "7e Section Mapou", "name2": null, "name3": null, "x_coord": -71.95834346, "y_coord": 18.2565615, "adm4_name": null, "adm4_name1": null, "adm4_name2": null, "adm4_name3": null, "adm4_pcode": null, "adm3_name": "7e Section Mapou", "adm3_name1": "7e Section Mapou", "adm3_name2": null, "adm3_name3": null, "adm3_pcode": "HT0231-07", "adm2_name": "Belle Anse", "adm2_name1": "Belle Anse", "adm2_name2": null, "adm2_name3": null, "adm2_pcode": "HT0231", "adm1_name": "South-East", "adm1_name1": "Sud-Est", "adm1_name2": "Sidès", "adm1_name3": null, "adm1_pcode": "HT02", "adm0_name": "Haiti", "adm0_name1": null, "adm0_name2": null, "adm0_name3": null, "adm0_pcode": "HT", "valid_on": "2018-11-29", "valid_to": null, "version": "v01", "lang": "en", "lang1": "fr", "lang2": "ht", "lang3": null }, "geometry": { "type": "Point", "coordinates": [ -71.958343457999888, 18.25656150400016 ] } },
{ "type": "Feature", "properties": { "admin_level": 3, "name": "7e Section Marfranc ou Grande Riviere", "name1": "7e Section Marfranc ou Grande Rivière", "name2": null, "name3": null, "x_coord": -74.17177708, "y_coord": 18.61003223, "adm4_name": null, "adm4_name1": null, "adm4_name2": null, "adm4_name3": null, "adm4_pcode": null, "adm3_name": "7e Section Marfranc ou Grande Riviere", "adm3_name1": "7e Section Marfranc ou Grande Rivière", "adm3_name2": null, "adm3_name3": null, "adm3_pcode": "HT0811-07", "adm2_name": "Jeremie", "adm2_name1": "Jérémie", "adm2_name2": null, "adm2_name3": null, "adm2_pcode": "HT0811", "adm1_name": "Grande'Anse", "adm1_name1": "Grande'Anse", "adm1_name2": "Grandans", "adm1_name3": null, "adm1_pcode": "HT08", "adm0_name": "Haiti", "adm0_name1": null, "adm0_name2": null, "adm0_name3": null, "adm0_pcode": "HT", "valid_on": "2018-11-29", "valid_to": null, "version": "v01", "lang": "en", "lang1": "fr", "lang2": "ht", "lang3": null }, "geometry": { "type": "Point", "coordinates": [ -74.171777078999924, 18.610032229000069 ] } },
{ "type": "Feature", "properties": { "admin_level": 3, "name": "7e Section Marmont", "name1": "7e Section Marmont", "name2": null, "name3": null, "x_coord": -72.43725311, "y_coord": 19.31770157, "adm4_name": null, "adm4_name1": null, "adm4_name2": null, "adm4_name3": null, "adm4_pcode": null, "adm3_name": "7e Section Marmont", "adm3_name1": "7e Section Marmont", "adm3_name2": null, "adm3_name3": null, "adm3_pcode": "HT0551-07", "adm2_name": "Saint-Michel de l'Attalaye", "adm2_name1": "Saint-Michel de l'Attalaye", "adm2_name2": null, "adm2_name3": null, "adm2_pcode": "HT0551", "adm1_name": "Artibonite", "adm1_name1": "Artibonite", "adm1_name2": "Latibonit", "adm1_name3": null, "adm1_pcode": "HT05", "adm0_name": "Haiti", "adm0_name1": null, "adm0_name2": null, "adm0_name3": null, "adm0_pcode": "HT", "valid_on": "2018-11-29", "valid_to": null, "version": "v01", "lang": "en", "lang1": "fr", "lang2": "ht", "lang3": null }, "geometry": { "type": "Point", "coordinates": [ -72.437253104999854, 19.31770156500005 ] } },
{ "type": "Feature", "properties": { "admin_level": 3, "name": "7e Section Moulin", "name1": "7e Section Moulin", "name2": null, "name3": null, "x_coord": -72.747337, "y_coord": 19.65176696, "adm4_name": null, "adm4_name1": null, "adm4_name2": null, "adm4_name3": null, "adm4_pcode": null, "adm3_name": "7e Section Moulin", "adm3_name1": "7e Section Moulin", "adm3_name2": null, "adm3_name3": null, "adm3_pcode": "HT0521-07", "adm2_name": "Gros Morne", "adm2_name1": "Gros Morne", "adm2_name2": null, "adm2_name3": null, "adm2_pcode": "HT0521", "adm1_name": "Artibonite", "adm1_name1": "Artibonite", "adm1_name2": "Latibonit", "adm1_name3": null, "adm1_pcode": "HT05", "adm0_name": "Haiti", "adm0_name1": null, "adm0_name2": null, "adm0_name3": null, "adm0_pcode": "HT", "valid_on": "2018-11-29", "valid_to": null, "version": "v01", "lang": "en", "lang1": "fr", "lang2": "ht", "lang3": null }, "geometry": { "type": "Point", "coordinates": [ -72.747336998999856, 19.651766956000017 ] } },
{ "type": "Feature", "properties": { "admin_level": 3, "name": "7e Section Parques", "name1": "7e Section Parques", "name2": null, "name3": null, "x_coord": -72.48056003000001, "y_coord": 18.44808127, "adm4_name": null, "adm4_name1": null, "adm4_name2": null, "adm4_name3": null, "adm4_pcode": null, "adm3_name": "7e Section Parques", "adm3_name1": "7e Section Parques", "adm3_name2": null, "adm3_name3": null, "adm3_pcode": "HT0121-07", "adm2_name": "Leogane", "adm2_name1": "Léogâne", "adm2_name2": null, "adm2_name3": null, "adm2_pcode": "HT0121", "adm1_name": "West", "adm1_name1": "Ouest", "adm1_name2": "Lwès", "adm1_name3": null, "adm1_pcode": "HT01", "adm0_name": "Haiti", "adm0_name1": null, "adm0_name2": null, "adm0_name3": null, "adm0_pcode": "HT", "valid_on": "2018-11-29", "valid_to": null, "version": "v01", "lang": "en", "lang1": "fr", "lang2": "ht", "lang3": null }, "geometry": { "type": "Point", "coordinates": [ -72.480560031999971, 18.448081266000031 ] } },
{ "type": "Feature", "properties": { "admin_level": 3, "name": "7e Section Riviere Laporte", "name1": "7e Section Rivière Laporte", "name2": null, "name3": null, "x_coord": -72.5881377, "y_coord": 19.73983013, "adm4_name": null, "adm4_name1": null, "adm4_name2": null, "adm4_name3": null, "adm4_pcode": null, "adm3_name": "7e Section Riviere Laporte", "adm3_name1": "7e Section Rivière Laporte", "adm3_name2": null, "adm3_name3": null, "adm3_pcode": "HT0372-07", "adm2_name": "Pilate", "adm2_name1": "Pilate", "adm2_name2": null, "adm2_name3": null, "adm2_pcode": "HT0372", "adm1_name": "North", "adm1_name1": "Nord", "adm1_name2": "Nò", "adm1_name3": null, "adm1_pcode": "HT03", "adm0_name": "Haiti", "adm0_name1": null, "adm0_name2": null, "adm0_name3": null, "adm0_pcode": "HT", "valid_on": "2018-11-29", "valid_to": null, "version": "v01", "lang": "en", "lang1": "fr", "lang2": "ht", "lang3": null }, "geometry": { "type": "Point", "coordinates": [ -72.588137695999933, 19.739830130000144 ] } },
{ "type": "Feature", "properties": { "admin_level": 3, "name": "8e Section Bas Coq Chante", "name1": "8e Section Bas Coq Chante", "name2": null, "name3": null, "x_coord": -72.57360332, "y_coord": 18.32836629, "adm4_name": null, "adm4_name1": null, "adm4_name2": null, "adm4_name3": null, "adm4_pcode": null, "adm3_name": "8e Section Bas Coq Chante", "adm3_name1": "8e Section Bas Coq Chante", "adm3_name2": null, "adm3_name3": null, "adm3_pcode": "HT0211-08", "adm2_name": "Jacmel", "adm2_name1": "Jacmel", "adm2_name2": null, "adm2_name3": null, "adm2_pcode": "HT0211", "adm1_name": "South-East", "adm1_name1": "Sud-Est", "adm1_name2": "Sidès", "adm1_name3": null, "adm1_pcode": "HT02", "adm0_name": "Haiti", "adm0_name1": null, "adm0_name2": null, "adm0_name3": null, "adm0_pcode": "HT", "valid_on": "2018-11-29", "valid_to": null, "version": "v01", "lang": "en", "lang1": "fr", "lang2": "ht", "lang3": null }, "geometry": { "type": "Point", "coordinates": [ -72.573603316999879, 18.328366294000091 ] } },
{ "type": "Feature", "properties": { "admin_level": 3, "name": "8e Section Beausejour", "name1": "8e Section Beausejour", "name2": null, "name3": null, "x_coord": -72.48135776, "y_coord": 18.4178356, "adm4_name": null, "adm4_name1": null, "adm4_name2": null, "adm4_name3": null, "adm4_pcode": null, "adm3_name": "8e Section Beausejour", "adm3_name1": "8e Section Beausejour", "adm3_name2": null, "adm3_name3": null, "adm3_pcode": "HT0121-08", "adm2_name": "Leogane", "adm2_name1": "Léogâne", "adm2_name2": null, "adm2_name3": null, "adm2_pcode": "HT0121", "adm1_name": "West", "adm1_name1": "Ouest", "adm1_name2": "Lwès", "adm1_name3": null, "adm1_pcode": "HT01", "adm0_name": "Haiti", "adm0_name1": null, "adm0_name2": null, "adm0_name3": null, "adm0_pcode": "HT", "valid_on": "2018-11-29", "valid_to": null, "version": "v01", "lang": "en", "lang1": "fr", "lang2": "ht", "lang3": null }, "geometry": { "type": "Point", "coordinates": [ -72.481357763999938, 18.417835598000011 ] } },
{ "type": "Feature", "properties": { "admin_level": 3, "name": "8e Section Belle Fontaine", "name1": "8e Section Belle Fontaine", "name2": null, "name3": null, "x_coord": -72.13825037, "y_coord": 18.44711932, "adm4_name": null, "adm4_name1": null, "adm4_name2": null, "adm4_name3": null, "adm4_pcode": null, "adm3_name": "8e Section Belle Fontaine", "adm3_name1": "8e Section Belle Fontaine", "adm3_name2": null, "adm3_name3": null, "adm3_pcode": "HT0131-08", "adm2_name": "Croix-Des-Bouquets", "adm2_name1": "Croix-Des-Bouquets", "adm2_name2": null, "adm2_name3": null, "adm2_pcode": "HT0131", "adm1_name": "West", "adm1_name1": "Ouest", "adm1_name2": "Lwès", "adm1_name3": null, "adm1_pcode": "HT01", "adm0_name": "Haiti", "adm0_name1": null, "adm0_name2": null, "adm0_name3": null, "adm0_pcode": "HT", "valid_on": "2018-11-29", "valid_to": null, "version": "v01", "lang": "en", "lang1": "fr", "lang2": "ht", "lang3": null }, "geometry": { "type": "Point", "coordinates": [ -72.138250365999909, 18.447119322 ] } },
{ "type": "Feature", "properties": { "admin_level": 3, "name": "8e Section Berly", "name1": "8e Section Berly", "name2": null, "name3": null, "x_coord": -72.38504891, "y_coord": 18.40485773, "adm4_name": null, "adm4_name1": null, "adm4_name2": null, "adm4_name3": null, "adm4_pcode": null, "adm3_name": "8e Section Berly", "adm3_name1": "8e Section Berly", "adm3_name2": null, "adm3_name3": null, "adm3_pcode": "HT0113-08", "adm2_name": "Carrefour", "adm2_name1": "Carrefour", "adm2_name2": null, "adm2_name3": null, "adm2_pcode": "HT0113", "adm1_name": "West", "adm1_name1": "Ouest", "adm1_name2": "Lwès", "adm1_name3": null, "adm1_pcode": "HT01", "adm0_name": "Haiti", "adm0_name1": null, "adm0_name2": null, "adm0_name3": null, "adm0_pcode": "HT", "valid_on": "2018-11-29", "valid_to": null, "version": "v01", "lang": "en", "lang1": "fr", "lang2": "ht", "lang3": null }, "geometry": { "type": "Point", "coordinates": [ -72.385048909999853, 18.404857725000113 ] } },
{ "type": "Feature", "properties": { "admin_level": 3, "name": "8e Section Colline a Mongons", "name1": "8e Section Colline à Mongons", "name2": null, "name3": null, "x_coord": -73.28615379, "y_coord": 18.35046595, "adm4_name": null, "adm4_name1": null, "adm4_name2": null, "adm4_name3": null, "adm4_pcode": null, "adm3_name": "8e Section Colline a Mongons", "adm3_name1": "8e Section Colline à Mongons", "adm3_name2": null, "adm3_name3": null, "adm3_pcode": "HT0731-08", "adm2_name": "Aquin", "adm2_name1": "Aquin", "adm2_name2": null, "adm2_name3": null, "adm2_pcode": "HT0731", "adm1_name": "South", "adm1_name1": "Sud", "adm1_name2": "Sid", "adm1_name3": null, "adm1_pcode": "HT07", "adm0_name": "Haiti", "adm0_name1": null, "adm0_name2": null, "adm0_name3": null, "adm0_pcode": "HT", "valid_on": "2018-11-29", "valid_to": null, "version": "v01", "lang": "en", "lang1": "fr", "lang2": "ht", "lang3": null }, "geometry": { "type": "Point", "coordinates": [ -73.286153787999979, 18.350465952000036 ] } },
{ "type": "Feature", "properties": { "admin_level": 3, "name": "8e Section Corail-Henri", "name1": "8e Section Corail-Henri", "name2": null, "name3": null, "x_coord": -73.54027826, "y_coord": 18.313002, "adm4_name": null, "adm4_name1": null, "adm4_name2": null, "adm4_name3": null, "adm4_pcode": null, "adm3_name": "8e Section Corail-Henri", "adm3_name1": "8e Section Corail-Henri", "adm3_name2": null, "adm3_name3": null, "adm3_pcode": "HT0732-08", "adm2_name": "Saint Louis du Sud", "adm2_name1": "Saint Louis du Sud", "adm2_name2": null, "adm2_name3": null, "adm2_pcode": "HT0732", "adm1_name": "South", "adm1_name1": "Sud", "adm1_name2": "Sid", "adm1_name3": null, "adm1_pcode": "HT07", "adm0_name": "Haiti", "adm0_name1": null, "adm0_name2": null, "adm0_name3": null, "adm0_pcode": "HT", "valid_on": "2018-11-29", "valid_to": null, "version": "v01", "lang": "en", "lang1": "fr", "lang2": "ht", "lang3": null }, "geometry": { "type": "Point", "coordinates": [ -73.540278256999954, 18.313002001000086 ] } },
{ "type": "Feature", "properties": { "admin_level": 3, "name": "8e Section des Platons", "name1": "8e Section des Platons", "name2": null, "name3": null, "x_coord": -72.92856501, "y_coord": 18.31976791, "adm4_name": null, "adm4_name1": null, "adm4_name2": null, "adm4_name3": null, "adm4_pcode": null, "adm3_name": "8e Section des Platons", "adm3_name1": "8e Section des Platons", "adm3_name2": null, "adm3_name3": null, "adm3_pcode": "HT0122-08", "adm2_name": "Petit-Goave", "adm2_name1": "Petit-Goâve", "adm2_name2": null, "adm2_name3": null, "adm2_pcode": "HT0122", "adm1_name": "West", "adm1_name1": "Ouest", "adm1_name2": "Lwès", "adm1_name3": null, "adm1_pcode": "HT01", "adm0_name": "Haiti", "adm0_name1": null, "adm0_name2": null, "adm0_name3": null, "adm0_pcode": "HT", "valid_on": "2018-11-29", "valid_to": null, "version": "v01", "lang": "en", "lang1": "fr", "lang2": "ht", "lang3": null }, "geometry": { "type": "Point", "coordinates": [ -72.928565012999968, 18.319767909000177 ] } },
{ "type": "Feature", "properties": { "admin_level": 3, "name": "8e Section Fond Rouge Dahere", "name1": "8e Section Fond Rouge Dahere", "name2": null, "name3": null, "x_coord": -74.16930319, "y_coord": 18.63224671, "adm4_name": null, "adm4_name1": null, "adm4_name2": null, "adm4_name3": null, "adm4_pcode": null, "adm3_name": "8e Section Fond Rouge Dahere", "adm3_name1": "8e Section Fond Rouge Dahere", "adm3_name2": null, "adm3_name3": null, "adm3_pcode": "HT0811-08", "adm2_name": "Jeremie", "adm2_name1": "Jérémie", "adm2_name2": null, "adm2_name3": null, "adm2_pcode": "HT0811", "adm1_name": "Grande'Anse", "adm1_name1": "Grande'Anse", "adm1_name2": "Grandans", "adm1_name3": null, "adm1_pcode": "HT08", "adm0_name": "Haiti", "adm0_name1": null, "adm0_name2": null, "adm0_name3": null, "adm0_pcode": "HT", "valid_on": "2018-11-29", "valid_to": null, "version": "v01", "lang": "en", "lang1": "fr", "lang2": "ht", "lang3": null }, "geometry": { "type": "Point", "coordinates": [ -74.169303184999876, 18.632246705999989 ] } },
{ "type": "Feature", "properties": { "admin_level": 3, "name": "8e Section Grande Riviere", "name1": "8e Section Grande Rivière", "name2": null, "name3": null, "x_coord": -72.48249171000001, "y_coord": 19.55718572, "adm4_name": null, "adm4_name1": null, "adm4_name2": null, "adm4_name3": null, "adm4_pcode": null, "adm3_name": "8e Section Grande Riviere", "adm3_name1": "8e Section Grande Rivière", "adm3_name2": null, "adm3_name3": null, "adm3_pcode": "HT0371-08", "adm2_name": "Plaisance", "adm2_name1": "Plaisance", "adm2_name2": null, "adm2_name3": null, "adm2_pcode": "HT0371", "adm1_name": "North", "adm1_name1": "Nord", "adm1_name2": "Nò", "adm1_name3": null, "adm1_pcode": "HT03", "adm0_name": "Haiti", "adm0_name1": null, "adm0_name2": null, "adm0_name3": null, "adm0_pcode": "HT", "valid_on": "2018-11-29", "valid_to": null, "version": "v01", "lang": "en", "lang1": "fr", "lang2": "ht", "lang3": null }, "geometry": { "type": "Point", "coordinates": [ -72.48249170899993, 19.557185719000188 ] } },
{ "type": "Feature", "properties": { "admin_level": 3, "name": "8e Section l'Attalaye", "name1": "8e Section l'Attalaye", "name2": null, "name3": null, "x_coord": -72.27888902, "y_coord": 19.33063115, "adm4_name": null, "adm4_name1": null, "adm4_name2": null, "adm4_name3": null, "adm4_pcode": null, "adm3_name": "8e Section l'Attalaye", "adm3_name1": "8e Section l'Attalaye", "adm3_name2": null, "adm3_name3": null, "adm3_pcode": "HT0551-08", "adm2_name": "Saint-Michel de l'Attalaye", "adm2_name1": "Saint-Michel de l'Attalaye", "adm2_name2": null, "adm2_name3": null, "adm2_pcode": "HT0551", "adm1_name": "Artibonite", "adm1_name1": "Artibonite", "adm1_name2": "Latibonit", "adm1_name3": null, "adm1_pcode": "HT05", "adm0_name": "Haiti", "adm0_name1": null, "adm0_name2": null, "adm0_name3": null, "adm0_pcode": "HT", "valid_on": "2018-11-29", "valid_to": null, "version": "v01", "lang": "en", "lang1": "fr", "lang2": "ht", "lang3": null }, "geometry": { "type": "Point", "coordinates": [ -72.278889024999955, 19.330631153000127 ] } },
{ "type": "Feature", "properties": { "admin_level": 3, "name": "8e Section Margot", "name1": "8e Section Margot", "name2": null, "name3": null, "x_coord": -72.50322772, "y_coord": 19.67852243, "adm4_name": null, "adm4_name1": null, "adm4_name2": null, "adm4_name3": null, "adm4_pcode": null, "adm3_name": "8e Section Margot", "adm3_name1": "8e Section Margot", "adm3_name2": null, "adm3_name3": null, "adm3_pcode": "HT0372-08", "adm2_name": "Pilate", "adm2_name1": "Pilate", "adm2_name2": null, "adm2_name3": null, "adm2_pcode": "HT0372", "adm1_name": "North", "adm1_name1": "Nord", "adm1_name2": "Nò", "adm1_name3": null, "adm1_pcode": "HT03", "adm0_name": "Haiti", "adm0_name1": null, "adm0_name2": null, "adm0_name3": null, "adm0_pcode": "HT", "valid_on": "2018-11-29", "valid_to": null, "version": "v01", "lang": "en", "lang1": "fr", "lang2": "ht", "lang3": null }, "geometry": { "type": "Point", "coordinates": [ -72.503227719999984, 19.678522430999976 ] } },
{ "type": "Feature", "properties": { "admin_level": 3, "name": "8e Section Oranger", "name1": "8e Section Oranger", "name2": null, "name3": null, "x_coord": -72.84292623, "y_coord": 18.2324744, "adm4_name": null, "adm4_name1": null, "adm4_name2": null, "adm4_name3": null, "adm4_pcode": null, "adm3_name": "8e Section Oranger", "adm3_name1": "8e Section Oranger", "adm3_name2": null, "adm3_name3": null, "adm3_pcode": "HT0221-08", "adm2_name": "Bainet", "adm2_name1": "Bainet", "adm2_name2": null, "adm2_name3": null, "adm2_pcode": "HT0221", "adm1_name": "South-East", "adm1_name1": "Sud-Est", "adm1_name2": "Sidès", "adm1_name3": null, "adm1_pcode": "HT02", "adm0_name": "Haiti", "adm0_name1": null, "adm0_name2": null, "adm0_name3": null, "adm0_pcode": "HT", "valid_on": "2018-11-29", "valid_to": null, "version": "v01", "lang": "en", "lang1": "fr", "lang2": "ht", "lang3": null }, "geometry": { "type": "Point", "coordinates": [ -72.84292623399989, 18.232474396000043 ] } },
{ "type": "Feature", "properties": { "admin_level": 3, "name": "8e Section Ravine Gros Morne", "name1": "8e Section Ravine Gros Morne", "name2": null, "name3": null, "x_coord": -72.65927193, "y_coord": 19.63525682, "adm4_name": null, "adm4_name1": null, "adm4_name2": null, "adm4_name3": null, "adm4_pcode": null, "adm3_name": "8e Section Ravine Gros Morne", "adm3_name1": "8e Section Ravine Gros Morne", "adm3_name2": null, "adm3_name3": null, "adm3_pcode": "HT0521-08", "adm2_name": "Gros Morne", "adm2_name1": "Gros Morne", "adm2_name2": null, "adm2_name3": null, "adm2_pcode": "HT0521", "adm1_name": "Artibonite", "adm1_name1": "Artibonite", "adm1_name2": "Latibonit", "adm1_name3": null, "adm1_pcode": "HT05", "adm0_name": "Haiti", "adm0_name1": null, "adm0_name2": null, "adm0_name3": null, "adm0_pcode": "HT", "valid_on": "2018-11-29", "valid_to": null, "version": "v01", "lang": "en", "lang1": "fr", "lang2": "ht", "lang3": null }, "geometry": { "type": "Point", "coordinates": [ -72.659271925999917, 19.635256823000077 ] } },
{ "type": "Feature", "properties": { "admin_level": 3, "name": "9e Section Bas des Gris Gris", "name1": "9e Section Bas des Gris Gris", "name2": null, "name3": null, "x_coord": -72.83445923, "y_coord": 18.17616329, "adm4_name": null, "adm4_name1": null, "adm4_name2": null, "adm4_name3": null, "adm4_pcode": null, "adm3_name": "9e Section Bas des Gris Gris", "adm3_name1": "9e Section Bas des Gris Gris", "adm3_name2": null, "adm3_name3": null, "adm3_pcode": "HT0221-09", "adm2_name": "Bainet", "adm2_name1": "Bainet", "adm2_name2": null, "adm2_name3": null, "adm2_pcode": "HT0221", "adm1_name": "South-East", "adm1_name1": "Sud-Est", "adm1_name2": "Sidès", "adm1_name3": null, "adm1_pcode": "HT02", "adm0_name": "Haiti", "adm0_name1": null, "adm0_name2": null, "adm0_name3": null, "adm0_pcode": "HT", "valid_on": "2018-11-29", "valid_to": null, "version": "v01", "lang": "en", "lang1": "fr", "lang2": "ht", "lang3": null }, "geometry": { "type": "Point", "coordinates": [ -72.83445923499994, 18.176163286000076 ] } },
{ "type": "Feature", "properties": { "admin_level": 3, "name": "9e Section Bizoton", "name1": "9e Section Bizoton", "name2": null, "name3": null, "x_coord": -72.37602256, "y_coord": 18.51496394, "adm4_name": null, "adm4_name1": null, "adm4_name2": null, "adm4_name3": null, "adm4_pcode": null, "adm3_name": "9e Section Bizoton", "adm3_name1": "9e Section Bizoton", "adm3_name2": null, "adm3_name3": null, "adm3_pcode": "HT0113-09", "adm2_name": "Carrefour", "adm2_name1": "Carrefour", "adm2_name2": null, "adm2_name3": null, "adm2_pcode": "HT0113", "adm1_name": "West", "adm1_name1": "Ouest", "adm1_name2": "Lwès", "adm1_name3": null, "adm1_pcode": "HT01", "adm0_name": "Haiti", "adm0_name1": null, "adm0_name2": null, "adm0_name3": null, "adm0_pcode": "HT", "valid_on": "2018-11-29", "valid_to": null, "version": "v01", "lang": "en", "lang1": "fr", "lang2": "ht", "lang3": null }, "geometry": { "type": "Point", "coordinates": [ -72.376022564999971, 18.514963938000051 ] } },
{ "type": "Feature", "properties": { "admin_level": 3, "name": "9e Section Citronniers", "name1": "9e Section Citronniers", "name2": null, "name3": null, "x_coord": -72.54960922, "y_coord": 18.44032909, "adm4_name": null, "adm4_name1": null, "adm4_name2": null, "adm4_name3": null, "adm4_pcode": null, "adm3_name": "9e Section Citronniers", "adm3_name1": "9e Section Citronniers", "adm3_name2": null, "adm3_name3": null, "adm3_pcode": "HT0121-09", "adm2_name": "Leogane", "adm2_name1": "Léogâne", "adm2_name2": null, "adm2_name3": null, "adm2_pcode": "HT0121", "adm1_name": "West", "adm1_name1": "Ouest", "adm1_name2": "Lwès", "adm1_name3": null, "adm1_pcode": "HT01", "adm0_name": "Haiti", "adm0_name1": null, "adm0_name2": null, "adm0_name3": null, "adm0_pcode": "HT", "valid_on": "2018-11-29", "valid_to": null, "version": "v01", "lang": "en", "lang1": "fr", "lang2": "ht", "lang3": null }, "geometry": { "type": "Point", "coordinates": [ -72.549609214999919, 18.440329089000159 ] } },
{ "type": "Feature", "properties": { "admin_level": 3, "name": "9e Section des Crochus", "name1": "9e Section des Crochus", "name2": null, "name3": null, "x_coord": -72.25539251, "y_coord": 18.72061689, "adm4_name": null, "adm4_name1": null, "adm4_name2": null, "adm4_name3": null, "adm4_pcode": null, "adm3_name": "9e Section des Crochus", "adm3_name1": "9e Section des Crochus", "adm3_name2": null, "adm3_name3": null, "adm3_pcode": "HT0131-09", "adm2_name": "Croix-Des-Bouquets", "adm2_name1": "Croix-Des-Bouquets", "adm2_name2": null, "adm2_name3": null, "adm2_pcode": "HT0131", "adm1_name": "West", "adm1_name1": "Ouest", "adm1_name2": "Lwès", "adm1_name3": null, "adm1_pcode": "HT01", "adm0_name": "Haiti", "adm0_name1": null, "adm0_name2": null, "adm0_name3": null, "adm0_pcode": "HT", "valid_on": "2018-11-29", "valid_to": null, "version": "v01", "lang": "en", "lang1": "fr", "lang2": "ht", "lang3": null }, "geometry": { "type": "Point", "coordinates": [ -72.25539251399988, 18.720616894000102 ] } },
{ "type": "Feature", "properties": { "admin_level": 3, "name": "9e Section des Palmes", "name1": "9e Section des Palmes", "name2": null, "name3": null, "x_coord": -72.88403449, "y_coord": 18.3003733, "adm4_name": null, "adm4_name1": null, "adm4_name2": null, "adm4_name3": null, "adm4_pcode": null, "adm3_name": "9e Section des Palmes", "adm3_name1": "9e Section des Palmes", "adm3_name2": null, "adm3_name3": null, "adm3_pcode": "HT0122-09", "adm2_name": "Petit-Goave", "adm2_name1": "Petit-Goâve", "adm2_name2": null, "adm2_name3": null, "adm2_pcode": "HT0122", "adm1_name": "West", "adm1_name1": "Ouest", "adm1_name2": "Lwès", "adm1_name3": null, "adm1_pcode": "HT01", "adm0_name": "Haiti", "adm0_name1": null, "adm0_name2": null, "adm0_name3": null, "adm0_pcode": "HT", "valid_on": "2018-11-29", "valid_to": null, "version": "v01", "lang": "en", "lang1": "fr", "lang2": "ht", "lang3": null }, "geometry": { "type": "Point", "coordinates": [ -72.88403448999992, 18.300373296000146 ] } },
{ "type": "Feature", "properties": { "admin_level": 3, "name": "9e Section Fond des Blancs", "name1": "9e Section Fond des Blancs", "name2": null, "name3": null, "x_coord": -73.13078261, "y_coord": 18.28721968, "adm4_name": null, "adm4_name1": null, "adm4_name2": null, "adm4_name3": null, "adm4_pcode": null, "adm3_name": "9e Section Fond des Blancs", "adm3_name1": "9e Section Fond des Blancs", "adm3_name2": null, "adm3_name3": null, "adm3_pcode": "HT0731-09", "adm2_name": "Aquin", "adm2_name1": "Aquin", "adm2_name2": null, "adm2_name3": null, "adm2_pcode": "HT0731", "adm1_name": "South", "adm1_name1": "Sud", "adm1_name2": "Sid", "adm1_name3": null, "adm1_pcode": "HT07", "adm0_name": "Haiti", "adm0_name1": null, "adm0_name2": null, "adm0_name3": null, "adm0_pcode": "HT", "valid_on": "2018-11-29", "valid_to": null, "version": "v01", "lang": "en", "lang1": "fr", "lang2": "ht", "lang3": null }, "geometry": { "type": "Point", "coordinates": [ -73.130782613999941, 18.287219680000192 ] } },
{ "type": "Feature", "properties": { "admin_level": 3, "name": "9e Section Fond Rouge Torbeck", "name1": "9e Section Fond Rouge Torbeck", "name2": null, "name3": null, "x_coord": -74.18018826, "y_coord": 18.65374125, "adm4_name": null, "adm4_name1": null, "adm4_name2": null, "adm4_name3": null, "adm4_pcode": null, "adm3_name": "9e Section Fond Rouge Torbeck", "adm3_name1": "9e Section Fond Rouge Torbeck", "adm3_name2": null, "adm3_name3": null, "adm3_pcode": "HT0811-09", "adm2_name": "Jeremie", "adm2_name1": "Jérémie", "adm2_name2": null, "adm2_name3": null, "adm2_pcode": "HT0811", "adm1_name": "Grande'Anse", "adm1_name1": "Grande'Anse", "adm1_name2": "Grandans", "adm1_name3": null, "adm1_pcode": "HT08", "adm0_name": "Haiti", "adm0_name1": null, "adm0_name2": null, "adm0_name3": null, "adm0_pcode": "HT", "valid_on": "2018-11-29", "valid_to": null, "version": "v01", "lang": "en", "lang1": "fr", "lang2": "ht", "lang3": null }, "geometry": { "type": "Point", "coordinates": [ -74.180188258999976, 18.653741248000131 ] } },
{ "type": "Feature", "properties": { "admin_level": 3, "name": "9e Section Haut Coq Chante", "name1": "9e Section Haut Coq Chante", "name2": null, "name3": null, "x_coord": -72.60787897, "y_coord": 18.30653372, "adm4_name": null, "adm4_name1": null, "adm4_name2": null, "adm4_name3": null, "adm4_pcode": null, "adm3_name": "9e Section Haut Coq Chante", "adm3_name1": "9e Section Haut Coq Chante", "adm3_name2": null, "adm3_name3": null, "adm3_pcode": "HT0211-09", "adm2_name": "Jacmel", "adm2_name1": "Jacmel", "adm2_name2": null, "adm2_name3": null, "adm2_pcode": "HT0211", "adm1_name": "South-East", "adm1_name1": "Sud-Est", "adm1_name2": "Sidès", "adm1_name3": null, "adm1_pcode": "HT02", "adm0_name": "Haiti", "adm0_name1": null, "adm0_name2": null, "adm0_name3": null, "adm0_pcode": "HT", "valid_on": "2018-11-29", "valid_to": null, "version": "v01", "lang": "en", "lang1": "fr", "lang2": "ht", "lang3": null }, "geometry": { "type": "Point", "coordinates": [ -72.60787897099982, 18.30653372 ] } },
{ "type": "Feature", "properties": { "admin_level": 3, "name": "La Hoye", "name1": "La Hoye", "name2": null, "name3": null, "x_coord": -71.94974089, "y_coord": 18.90995094, "adm4_name": null, "adm4_name1": null, "adm4_name2": null, "adm4_name3": null, "adm4_pcode": null, "adm3_name": "La Hoye", "adm3_name1": "La Hoye", "adm3_name2": null, "adm3_name3": null, "adm3_pcode": "HT0613-04", "adm2_name": "Thomonde", "adm2_name1": "Thomonde", "adm2_name2": null, "adm2_name3": null, "adm2_pcode": "HT0613", "adm1_name": "Centre", "adm1_name1": "Centre", "adm1_name2": "Sant", "adm1_name3": null, "adm1_pcode": "HT06", "adm0_name": "Haiti", "adm0_name1": null, "adm0_name2": null, "adm0_name3": null, "adm0_pcode": "HT", "valid_on": "2018-11-29", "valid_to": null, "version": "v01", "lang": "en", "lang1": "fr", "lang2": "ht", "lang3": null }, "geometry": { "type": "Point", "coordinates": [ -71.949740887999894, 18.909950939000112 ] } }
]
}
