id,year,conflict_dset_id,conflict_new_id,dyad_new_id,dyad_name,side_a,side_b,number_of_sources,source_office,source_headline,source_original,where_prec,where_coordinates,where_description,adm_1,adm_2,latitude,longitude,geom_wkt,priogrid_gid,country,event_clarity,date_prec,date_event,total_deaths_best_estimate
193541,1999,6,444,911,Government of Haiti - Civilians,Government of Haiti,Civilians,1,Reuters,.,witnesses,1,Port-au-Prince city,"Belair, a slum in Haiti's capital",Ouest department,Port-au-Prince arrondissement,"375,1736111","-235,6388889",POINT (-72.335 18.53917),156456,Haiti,1,1,1999-04-20 00:00:00.000,0
193540,1999,6,444,911,Government of Haiti - Civilians,Government of Haiti,Civilians,1,Reuters,.,"MICIVIH, police, relatives",1,Port-au-Prince city,"Carresour Seuilles neighborhood, Carrefour Feuilles shantytown, Port-au-Prince",Ouest department,Port-au-Prince arrondissement,"375,1736111","-235,6388889",POINT (-72.335 18.53917),156456,Haiti,1,1,1999-05-28 00:00:00.000,11
186077,2004,381,381,816,Government of Haiti - FLRN,Government of Haiti,FLRN,-1,,,Witnesses,1,Port-au-Prince city,Port-au-Prince,Ouest department,Port-au-Prince arrondissement,"375,1736111","-235,6388889",POINT (-72.335 18.53917),156456,Haiti,1,1,2004-01-07 00:00:00.000,1
186104,2004,381,381,817,Government of Haiti - OP Lavalas,Government of Haiti,OP Lavalas,1,EFE News Service,French official narrowly escapes attack in Haitian capital,An official,1,Port-au-Prince city,Site Soleil Slum,Ouest department,Port-au-Prince arrondissement,"375,1736111","-235,6388889",POINT (-72.335 18.53917),156456,Haiti,1,1,2004-08-31 00:00:00.000,0
186105,2004,381,381,817,Government of Haiti - OP Lavalas,Government of Haiti,OP Lavalas,-1,,,Authorities,1,Port-au-Prince city,La Saline,Ouest department,Port-au-Prince arrondissement,"375,1736111","-235,6388889",POINT (-72.335 18.53917),156456,Haiti,2,2,2004-09-29 00:00:00.000,12
186093,2004,381,381,817,Government of Haiti - OP Lavalas,Government of Haiti,OP Lavalas,-1,,,Anna Gilmour,1,Port-au-Prince city,Port-au-Prince,Ouest department,Port-au-Prince arrondissement,"375,1736111","-235,6388889",POINT (-72.335 18.53917),156456,Haiti,2,4,2004-09-30 00:00:00.000,30
186078,2004,381,381,817,Government of Haiti - OP Lavalas,Government of Haiti,OP Lavalas,-1,,,Residents of Port-au-Prince slum,1,Port-au-Prince city,Port-au-Prince slum,Ouest department,Port-au-Prince arrondissement,"375,1736111","-235,6388889",POINT (-72.335 18.53917),156456,Haiti,1,1,2004-10-27 00:00:00.000,13
186079,2004,381,381,817,Government of Haiti - OP Lavalas,Government of Haiti,OP Lavalas,-1,,,Eyewitnesses,1,Port-au-Prince city,Port-au-Prince,Ouest department,Port-au-Prince arrondissement,"375,1736111","-235,6388889",POINT (-72.335 18.53917),156456,Haiti,1,1,2004-11-19 00:00:00.000,6
193551,2004,6,444,911,Government of Haiti - Civilians,Government of Haiti,Civilians,1,Human Rights Watch,Human Rights Watch Annual Report 2005 Haiti,"National
Coalition for Haitian Rights",1,Port-au-Prince city,"Fort National, a poor area of Port-au-Prince",Ouest department,Port-au-Prince arrondissement,"375,1736111","-235,6388889",POINT (-72.335 18.53917),156456,Haiti,1,1,2004-10-26 00:00:00.000,0
107907,2005,6,444,911,Government of Haiti - Civilians,Government of Haiti,Civilians,1,Reuters,Haitians accuse police of killing radio journalist,witnesses and a human rights group,1,Port-au-Prince city,"Village de Dieu, a Port-au-Prince shantytown believed to be a bastion of gangs loyal to former President Jean-Bertrand Aristide",Ouest department,Port-au-Prince arrondissement,"375,1736111","-235,6388889",POINT (-72.335 18.53917),156456,Haiti,1,1,2005-01-20 00:00:00.000,4
186130,2005,6,444,911,Government of Haiti - Civilians,Government of Haiti,Civilians,1,ICG,Spoiling Security in Haiti,Victima,1,Port-au-Prince city,"Rue St Martin and Rue Tiremasse, Bel Air, Port-au-Prince",Ouest department,Port-au-Prince arrondissement,"375,1736111","-235,6388889",POINT (-72.335 18.53917),156456,Haiti,1,1,2005-02-25 00:00:00.000,6
186131,2005,6,444,911,Government of Haiti - Civilians,Government of Haiti,Civilians,1,Reuters,"Police open fire during Haiti protest, one killed",witnesses,1,Port-au-Prince city,"Bel Air, Port-au-Prince slum",Ouest department,Port-au-Prince arrondissement,"375,1736111","-235,6388889",POINT (-72.335 18.53917),156456,Haiti,1,1,2005-02-28 00:00:00.000,3
186132,2005,6,444,911,Government of Haiti - Civilians,Government of Haiti,Civilians,1,Reuters,At least five die in gunfire at Haiti demo,"Renan Etienne, central director for Haiti's administrative police AND 21-year-old Romel Dorisma giving different views of what happen.",1,Port-au-Prince city,Port-au-Prince,Ouest department,Port-au-Prince arrondissement,"375,1736111","-235,6388889",POINT (-72.335 18.53917),156456,Haiti,1,1,2005-04-27 00:00:00.000,5
186134,2005,6,444,911,Government of Haiti - Civilians,Government of Haiti,Civilians,1,Dow Jones International News,"""Gunfire Erupts As Police,Peacekeepers Move Into Haiti Slum""",Residents and victims wife,1,Port-au-Prince city,Port-au-Prince slum of Bel Air,Ouest department,Port-au-Prince arrondissement,"375,1736111","-235,6388889",POINT (-72.335 18.53917),156456,Haiti,1,1,2005-04-28 00:00:00.000,1
186133,2005,6,444,911,Government of Haiti - Civilians,Government of Haiti,Civilians,1,Dow Jones International News,Hundreds Of UN Troops Raid Slum In Haiti's Capital,residents,1,Port-au-Prince city,slums of Port-au-Prince,Ouest department,Port-au-Prince arrondissement,"375,1736111","-235,6388889",POINT (-72.335 18.53917),156456,Haiti,1,1,2005-08-06 00:00:00.000,1
186135,2005,6,444,911,Government of Haiti - Civilians,Government of Haiti,Civilians,1,Reuters,"U.N. to investigate Haiti slum lynchings"", San Fransisco Bay View","Lionel Mondestin, community leader,",1,Port-au-Prince city,Port-au-Prince,Ouest department,Port-au-Prince arrondissement,"375,1736111","-235,6388889",POINT (-72.335 18.53917),156456,Haiti,2,2,2005-08-19 00:00:00.000,20
387853,2017,6,444,911,Government of Haiti - Civilians,Government of Haiti,Civilians,2,RNDDH;The Intercept,Opération du 13 novembre 2017 : de l’intervention policière à l’exécution sommaire;A U.N.-BACKED POLICE FORCE CARRIED OUT A MASSACRE IN HAITI. THE KILLINGS HAVE BEEN ALMOST ENTIRELY IGNORED.,witnesses,1,Port-au-Prince city,,Ouest department,Port-au-Prince arrondissement,"375,1736111","-235,6388889",POINT (-72.335 18.53917),156456,Haiti,1,1,2017-11-13 00:00:00.000,8
277540,2018,6,444,911,Government of Haiti - Civilians,Government of Haiti,Civilians,3,US Department of the Treasury;National Human Rights Defense Network (RNDDH);National Human Rights Defense Network (RNDDH),"Treasury Sanctions Serious Human Rights Abusers on International Human Rights Day;Assassinations, Ambushes, Hostage-taking, Rape, Fires, Raids: The authorities in power have installed terror in Cité Soleil;Attacks on deprived neighborhoods: The RNDDH demands the end of the protection of armed gangs by the authorities in power","official sources, witnesses",1,Cité Soleil town,La Saline neighbourhood,Ouest department,Port-au-Prince arrondissement,"402,0395833","-233,4770833",POINT (-72.331887 18.577857),156456,Haiti,1,2,2018-11-13 00:00:00.000,71
359682,2020,6,444,911,Government of Haiti - Civilians,Government of Haiti,Civilians,1,Haiti Libre,"A student shot dead, smear of the Palace security officers ?",Students,1,Port-au-Prince city,,Ouest department,Port-au-Prince arrondissement,"375,1736111","-235,6388889",POINT (-72.335 18.53917),156456,Haiti,1,1,2020-10-03 00:00:00.000,1
354746,2020,7793,15080,16462,G9 - Civilians,G9,Civilians,1,National Human Rights Defense Network (RNDDH),"Assassinations, Ambushes, Hostage-taking, Rape, Fires, Raids: The authorities in power have installed terror in Cité Soleil","Several official sources, as well as testimony from witnesses",1,Cité Soleil town,"Cité Soleil, Port-au-Prince",Ouest department,Port-au-Prince arrondissement,"402,0395833","-233,4770833",POINT (-72.331887 18.577857),156456,Haiti,2,4,2020-06-01 00:00:00.000,1
354692,2020,7793,15080,16462,G9 - Civilians,G9,Civilians,1,National Human Rights Defense Network (RNDDH),"Assassinations, Ambushes, Hostage-taking, Rape, Fires, Raids: The authorities in power have installed terror in Cité Soleil","Several official sources, as well as testimony from witnesses.",1,Cité Soleil town,"Cité Soleil, Port-au-Prince",Ouest department,Port-au-Prince arrondissement,"402,0395833","-233,4770833",POINT (-72.331887 18.577857),156456,Haiti,1,1,2020-06-03 00:00:00.000,3
354695,2020,7793,15080,16462,G9 - Civilians,G9,Civilians,1,National Human Rights Defense Network (RNDDH),"Assassinations, Ambushes, Hostage-taking, Rape, Fires, Raids: The authorities in power have installed terror in Cité Soleil","Several official sources, as well as testimony from witnesses.",1,Cité Soleil town,"Cité Soleil, Port-au-Prince",Ouest department,Port-au-Prince arrondissement,"402,0395833","-233,4770833",POINT (-72.331887 18.577857),156456,Haiti,1,1,2020-06-10 00:00:00.000,1
354696,2020,7793,15080,16462,G9 - Civilians,G9,Civilians,1,National Human Rights Defense Network (RNDDH),"Assassinations, Ambushes, Hostage-taking, Rape, Fires, Raids: The authorities in power have installed terror in Cité Soleil","Several official sources, as well as testimony from witnesses.",1,Cité Soleil town,"Cité Soleil, Port-au-Prince",Ouest department,Port-au-Prince arrondissement,"402,0395833","-233,4770833",POINT (-72.331887 18.577857),156456,Haiti,1,1,2020-06-13 00:00:00.000,1
354738,2020,7793,15080,16462,G9 - Civilians,G9,Civilians,1,National Human Rights Defense Network (RNDDH),"Assassinations, Ambushes, Hostage-taking, Rape, Fires, Raids: The authorities in power have installed terror in Cité Soleil","Several official sources, as well as testimony from witnesses",1,Cité Soleil town,"Cité Soleil, Port-au-Prince",Ouest department,Port-au-Prince arrondissement,"402,0395833","-233,4770833",POINT (-72.331887 18.577857),156456,Haiti,1,1,2020-06-16 00:00:00.000,3
354739,2020,7793,15080,16462,G9 - Civilians,G9,Civilians,1,National Human Rights Defense Network (RNDDH),"Assassinations, Ambushes, Hostage-taking, Rape, Fires, Raids: The authorities in power have installed terror in Cité Soleil","Several official sources, as well as testimony from witnesses.",1,Cité Soleil town,"Cité Soleil, Port-au-Prince",Ouest department,Port-au-Prince arrondissement,"402,0395833","-233,4770833",POINT (-72.331887 18.577857),156456,Haiti,1,1,2020-06-25 00:00:00.000,1
354742,2020,7793,15080,16462,G9 - Civilians,G9,Civilians,1,National Human Rights Defense Network (RNDDH),"Assassinations, Ambushes, Hostage-taking, Rape, Fires, Raids: The authorities in power have installed terror in Cité Soleil","Several official sources, as well as testimony from witnesses.",1,Cité Soleil town,"Cité Soleil, Port-au-Prince",Ouest department,Port-au-Prince arrondissement,"402,0395833","-233,4770833",POINT (-72.331887 18.577857),156456,Haiti,1,1,2020-06-26 00:00:00.000,2
354745,2020,7793,15080,16462,G9 - Civilians,G9,Civilians,1,National Human Rights Defense Network (RNDDH),"Assassinations, Ambushes, Hostage-taking, Rape, Fires, Raids: The authorities in power have installed terror in Cité Soleil","Several official sources, as well as testimony from witnesses.",1,Cité Soleil town,"Cité Soleil, Port-au-Prince",Ouest department,Port-au-Prince arrondissement,"402,0395833","-233,4770833",POINT (-72.331887 18.577857),156456,Haiti,1,1,2020-06-28 00:00:00.000,1
354751,2020,7793,15080,16462,G9 - Civilians,G9,Civilians,1,National Human Rights Defense Network (RNDDH),"Assassinations, Ambushes, Hostage-taking, Rape, Fires, Raids: The authorities in power have installed terror in Cité Soleil","Several official sources, as well as testimony from witnesses",1,Cité Soleil town,"Cité Soleil, Port-au-Prince",Ouest department,Port-au-Prince arrondissement,"402,0395833","-233,4770833",POINT (-72.331887 18.577857),156456,Haiti,1,1,2020-07-01 00:00:00.000,3
354809,2020,7793,15080,16462,G9 - Civilians,G9,Civilians,1,National Human Rights Defense Network (RNDDH),"Assassinations, Ambushes, Hostage-taking, Rape, Fires, Raids: The authorities in power have installed terror in Cité Soleil","Several official sources, as well as testimony from witnesses.",1,Cité Soleil town,Cité Soleil,Ouest department,Port-au-Prince arrondissement,"402,0395833","-233,4770833",POINT (-72.331887 18.577857),156456,Haiti,2,4,2020-07-01 00:00:00.000,39
354750,2020,7793,15080,16462,G9 - Civilians,G9,Civilians,1,National Human Rights Defense Network (RNDDH),"Assassinations, Ambushes, Hostage-taking, Rape, Fires, Raids: The authorities in power have installed terror in Cité Soleil","Several official sources, as well as testimony from witnesses.",1,Cité Soleil town,"Cité Soleil, Port-au-Prince",Ouest department,Port-au-Prince arrondissement,"402,0395833","-233,4770833",POINT (-72.331887 18.577857),156456,Haiti,1,1,2020-07-02 00:00:00.000,2
354753,2020,7793,15080,16462,G9 - Civilians,G9,Civilians,1,National Human Rights Defense Network (RNDDH),"Assassinations, Ambushes, Hostage-taking, Rape, Fires, Raids: The authorities in power have installed terror in Cité Soleil","Several official sources, as well as testimony from witnesses",1,Cité Soleil town,"Cité Soleil, Port-au-Prince",Ouest department,Port-au-Prince arrondissement,"402,0395833","-233,4770833",POINT (-72.331887 18.577857),156456,Haiti,1,1,2020-07-03 00:00:00.000,11
354755,2020,7793,15080,16462,G9 - Civilians,G9,Civilians,1,National Human Rights Defense Network (RNDDH),"Assassinations, Ambushes, Hostage-taking, Rape, Fires, Raids: The authorities in power have installed terror in Cité Soleil","Several official sources, as well as testimony from witnesses.",1,Cité Soleil town,"Cité Soleil, Port-au-Prince",Ouest department,Port-au-Prince arrondissement,"402,0395833","-233,4770833",POINT (-72.331887 18.577857),156456,Haiti,1,1,2020-07-04 00:00:00.000,7
354760,2020,7793,15080,16462,G9 - Civilians,G9,Civilians,1,National Human Rights Defense Network (RNDDH),"Assassinations, Ambushes, Hostage-taking, Rape, Fires, Raids: The authorities in power have installed terror in Cité Soleil","Several official sources, as well as testimony from witnesses.",1,Cité Soleil town,"Cité Soleil, Port-au-Prince",Ouest department,Port-au-Prince arrondissement,"402,0395833","-233,4770833",POINT (-72.331887 18.577857),156456,Haiti,1,1,2020-07-06 00:00:00.000,1
354761,2020,7793,15080,16462,G9 - Civilians,G9,Civilians,1,National Human Rights Defense Network (RNDDH),"Assassinations, Ambushes, Hostage-taking, Rape, Fires, Raids: The authorities in power have installed terror in Cité Soleil","Several official sources, as well as testimony from witnesses.",1,Cité Soleil town,Cité Soleil,Ouest department,Port-au-Prince arrondissement,"402,0395833","-233,4770833",POINT (-72.331887 18.577857),156456,Haiti,1,1,2020-07-07 00:00:00.000,2
354762,2020,7793,15080,16462,G9 - Civilians,G9,Civilians,1,National Human Rights Defense Network (RNDDH),"Assassinations, Ambushes, Hostage-taking, Rape, Fires, Raids: The authorities in power have installed terror in Cité Soleil","Several official sources, as well as testimony from witnesses.",1,Cité Soleil town,Cité Soleil,Ouest department,Port-au-Prince arrondissement,"402,0395833","-233,4770833",POINT (-72.331887 18.577857),156456,Haiti,1,1,2020-07-08 00:00:00.000,1
354763,2020,7793,15080,16462,G9 - Civilians,G9,Civilians,1,National Human Rights Defense Network (RNDDH),"Assassinations, Ambushes, Hostage-taking, Rape, Fires, Raids: The authorities in power have installed terror in Cité Soleil","Several official sources, as well as testimony from witnesses.",1,Cité Soleil town,Cité Soleil,Ouest department,Port-au-Prince arrondissement,"402,0395833","-233,4770833",POINT (-72.331887 18.577857),156456,Haiti,1,1,2020-07-10 00:00:00.000,1
354764,2020,7793,15080,16462,G9 - Civilians,G9,Civilians,1,National Human Rights Defense Network (RNDDH),"Assassinations, Ambushes, Hostage-taking, Rape, Fires, Raids: The authorities in power have installed terror in Cité Soleil","Several official sources, as well as testimony from witnesses.",1,Cité Soleil town,Cité Soleil,Ouest department,Port-au-Prince arrondissement,"402,0395833","-233,4770833",POINT (-72.331887 18.577857),156456,Haiti,2,1,2020-07-11 00:00:00.000,4
354765,2020,7793,15080,16462,G9 - Civilians,G9,Civilians,1,National Human Rights Defense Network (RNDDH),"Assassinations, Ambushes, Hostage-taking, Rape, Fires, Raids: The authorities in power have installed terror in Cité Soleil","Several official sources, as well as testimony from witnesses",1,Cité Soleil town,Cité Soleil,Ouest department,Port-au-Prince arrondissement,"402,0395833","-233,4770833",POINT (-72.331887 18.577857),156456,Haiti,1,1,2020-07-12 00:00:00.000,6
354767,2020,7793,15080,16462,G9 - Civilians,G9,Civilians,1,National Human Rights Defense Network (RNDDH),"Assassinations, Ambushes, Hostage-taking, Rape, Fires, Raids: The authorities in power have installed terror in Cité Soleil","Several official sources, as well as testimony from witnesses.",1,Cité Soleil town,Cité Soleil,Ouest department,Port-au-Prince arrondissement,"402,0395833","-233,4770833",POINT (-72.331887 18.577857),156456,Haiti,1,1,2020-07-16 00:00:00.000,1
354771,2020,7793,15080,16462,G9 - Civilians,G9,Civilians,1,National Human Rights Defense Network (RNDDH),"Assassinations, Ambushes, Hostage-taking, Rape, Fires, Raids: The authorities in power have installed terror in Cité Soleil","Several official sources, as well as testimony from witnesses.",1,Cité Soleil town,Cité Soleil,Ouest department,Port-au-Prince arrondissement,"402,0395833","-233,4770833",POINT (-72.331887 18.577857),156456,Haiti,1,1,2020-07-19 00:00:00.000,4
354772,2020,7793,15080,16462,G9 - Civilians,G9,Civilians,1,National Human Rights Defense Network (RNDDH),"Assassinations, Ambushes, Hostage-taking, Rape, Fires, Raids: The authorities in power have installed terror in Cité Soleil","Several official sources, as well as testimony from witnesses.",1,Cité Soleil town,Cité Soleil,Ouest department,Port-au-Prince arrondissement,"402,0395833","-233,4770833",POINT (-72.331887 18.577857),156456,Haiti,1,1,2020-07-20 00:00:00.000,3
354774,2020,7793,15080,16462,G9 - Civilians,G9,Civilians,1,National Human Rights Defense Network (RNDDH),"Assassinations, Ambushes, Hostage-taking, Rape, Fires, Raids: The authorities in power have installed terror in Cité Soleil","Several official sources, as well as testimony from witnesses.",1,Cité Soleil town,Cité Soleil,Ouest department,Port-au-Prince arrondissement,"402,0395833","-233,4770833",POINT (-72.331887 18.577857),156456,Haiti,1,1,2020-07-23 00:00:00.000,1
354775,2020,7793,15080,16462,G9 - Civilians,G9,Civilians,1,National Human Rights Defense Network (RNDDH),"Assassinations, Ambushes, Hostage-taking, Rape, Fires, Raids: The authorities in power have installed terror in Cité Soleil","Several official sources, as well as testimony from witnesses.",1,Cité Soleil town,Cité Soleil,Ouest department,Port-au-Prince arrondissement,"402,0395833","-233,4770833",POINT (-72.331887 18.577857),156456,Haiti,1,1,2020-07-25 00:00:00.000,1
354778,2020,7793,15080,16462,G9 - Civilians,G9,Civilians,1,National Human Rights Defense Network (RNDDH),"Assassinations, Ambushes, Hostage-taking, Rape, Fires, Raids: The authorities in power have installed terror in Cité Soleil","Several official sources, as well as testimony from witnesses.",1,Cité Soleil town,Cité Soleil,Ouest department,Port-au-Prince arrondissement,"402,0395833","-233,4770833",POINT (-72.331887 18.577857),156456,Haiti,1,1,2020-07-27 00:00:00.000,1
354780,2020,7793,15080,16462,G9 - Civilians,G9,Civilians,1,National Human Rights Defense Network (RNDDH),"Assassinations, Ambushes, Hostage-taking, Rape, Fires, Raids: The authorities in power have installed terror in Cité Soleil","Several official sources, as well as testimony from witnesses.",1,Cité Soleil town,Cité Soleil,Ouest department,Port-au-Prince arrondissement,"402,0395833","-233,4770833",POINT (-72.331887 18.577857),156456,Haiti,1,1,2020-07-28 00:00:00.000,1
407045,2020,7793,15080,16462,G9 - Civilians,G9,Civilians,1,RNDDH,MASSACRES IN BEL-AIR AND CITÉ SOLEIL UNDER THE INDIFFERENT GAZE OF STATE AUTHORITIES,RNDDH report,1,Port-au-Prince city,Bel Air,Ouest department,Port-au-Prince arrondissement,"375,1736111","-235,6388889",POINT (-72.335 18.53917),156456,Haiti,1,1,2020-08-27 00:00:00.000,1
407047,2020,7793,15080,16462,G9 - Civilians,G9,Civilians,1,RNDDH,MASSACRES IN BEL-AIR AND CITÉ SOLEIL UNDER THE INDIFFERENT GAZE OF STATE AUTHORITIES,RNDDH report,1,Port-au-Prince city,Bel Air,Ouest department,Port-au-Prince arrondissement,"375,1736111","-235,6388889",POINT (-72.335 18.53917),156456,Haiti,1,1,2020-08-27 00:00:00.000,3
407052,2020,7793,15080,16462,G9 - Civilians,G9,Civilians,1,RNDDH,MASSACRES IN BEL-AIR AND CITÉ SOLEIL UNDER THE INDIFFERENT GAZE OF STATE AUTHORITIES,RNDDH report,1,Port-au-Prince city,Bel Air,Ouest department,Port-au-Prince arrondissement,"375,1736111","-235,6388889",POINT (-72.335 18.53917),156456,Haiti,1,1,2020-09-03 00:00:00.000,1
380959,2020,7793,15080,16462,G9 - Civilians,G9,Civilians,1,Vant Bef Info,Haiti / Security: Tension in Bel-Air: At least two dead and several houses set on fire,,1,Port-au-Prince city,"Bel-Air district, in downtown Port-au-Prince.",Ouest department,Port-au-Prince arrondissement,"375,1736111","-235,6388889",POINT (-72.335 18.53917),156456,Haiti,1,1,2020-09-19 00:00:00.000,2
407054,2020,7793,15080,16462,G9 - Civilians,G9,Civilians,1,RNDDH,MASSACRES IN BEL-AIR AND CITÉ SOLEIL UNDER THE INDIFFERENT GAZE OF STATE AUTHORITIES,RNDDH report,1,Port-au-Prince city,Bel Air,Ouest department,Port-au-Prince arrondissement,"375,1736111","-235,6388889",POINT (-72.335 18.53917),156456,Haiti,1,1,2020-10-04 00:00:00.000,1
407055,2020,7793,15080,16462,G9 - Civilians,G9,Civilians,1,RNDDH,MASSACRES IN BEL-AIR AND CITÉ SOLEIL UNDER THE INDIFFERENT GAZE OF STATE AUTHORITIES,RNDDH report,1,Port-au-Prince city,Bel Air,Ouest department,Port-au-Prince arrondissement,"375,1736111","-235,6388889",POINT (-72.335 18.53917),156456,Haiti,1,1,2020-10-05 00:00:00.000,1
407056,2020,7793,15080,16462,G9 - Civilians,G9,Civilians,1,RNDDH,MASSACRES IN BEL-AIR AND CITÉ SOLEIL UNDER THE INDIFFERENT GAZE OF STATE AUTHORITIES,RNDDH report,1,Port-au-Prince city,Bel Air,Ouest department,Port-au-Prince arrondissement,"375,1736111","-235,6388889",POINT (-72.335 18.53917),156456,Haiti,1,1,2020-10-09 00:00:00.000,2
407057,2020,7793,15080,16462,G9 - Civilians,G9,Civilians,1,RNDDH,MASSACRES IN BEL-AIR AND CITÉ SOLEIL UNDER THE INDIFFERENT GAZE OF STATE AUTHORITIES,RNDDH report,1,Port-au-Prince city,Bel Air,Ouest department,Port-au-Prince arrondissement,"375,1736111","-235,6388889",POINT (-72.335 18.53917),156456,Haiti,1,1,2020-10-16 00:00:00.000,3
407058,2020,7793,15080,16462,G9 - Civilians,G9,Civilians,1,RNDDH,MASSACRES IN BEL-AIR AND CITÉ SOLEIL UNDER THE INDIFFERENT GAZE OF STATE AUTHORITIES,RNDDH report,1,Port-au-Prince city,Bel Air,Ouest department,Port-au-Prince arrondissement,"375,1736111","-235,6388889",POINT (-72.335 18.53917),156456,Haiti,1,1,2020-10-20 00:00:00.000,3
407059,2020,7793,15080,16462,G9 - Civilians,G9,Civilians,1,RNDDH,MASSACRES IN BEL-AIR AND CITÉ SOLEIL UNDER THE INDIFFERENT GAZE OF STATE AUTHORITIES,RNDDH,1,Port-au-Prince city,Bel Air,Ouest department,Port-au-Prince arrondissement,"375,1736111","-235,6388889",POINT (-72.335 18.53917),156456,Haiti,1,1,2020-10-21 00:00:00.000,4
372171,2020,7793,15080,16462,G9 - Civilians,G9,Civilians,3,Haiti Libre;ICI Haiti;ICI Haiti,"Haiti - FLASH : Kidnapped, tortured, raped and killed the young student Sincère found in a landfill;iciHaiti - Insecurity : The RNDDH denounces the involvement of the G9 in the assassination of Evelyne Sincère;iciHaiti - Assassination of Evelyne Sincère : G9 thugs collaborate with the PNH and arrest «Kiki»","Family members, RNDDH (Human Rights NGO in Haiti)",2,Port-au-Prince city,Port au Prince or Delmas,Ouest department,Port-au-Prince arrondissement,"375,1736111","-235,6388889",POINT (-72.335 18.53917),156456,Haiti,1,2,2020-10-29 00:00:00.000,1
372172,2020,7793,15080,16462,G9 - Civilians,G9,Civilians,1,Haiti Pros Info,A young schoolboy and an adult murdered in Bel-Air by the '' Krache dife '' gang,Witnesses,1,Port-au-Prince city,Bel-Air,Ouest department,Port-au-Prince arrondissement,"375,1736111","-235,6388889",POINT (-72.335 18.53917),156456,Haiti,1,1,2020-12-15 00:00:00.000,2
407061,2020,7793,15080,16462,G9 - Civilians,G9,Civilians,1,RNDDH,MASSACRES IN BEL-AIR AND CITÉ SOLEIL UNDER THE INDIFFERENT GAZE OF STATE AUTHORITIES,RNDDH report,1,Port-au-Prince city,Bel Air,Ouest department,Port-au-Prince arrondissement,"375,1736111","-235,6388889",POINT (-72.335 18.53917),156456,Haiti,1,1,2020-12-15 00:00:00.000,2
354735,2020,7886,15167,16576,"Delmas 19 gang , Delmas 6 gang, Delmas 95 gang, Nan Barozi gang, Nan Belekou gang, Nan Boston gang, Nan Chabón, Nan Ti Bwa gang, Pilate Base gang, Simon Pele gang, Wharf de Jeremie gang - Civilians","Delmas 19 gang , Delmas 6 gang, Delmas 95 gang, Nan Barozi gang, Nan Belekou gang, Nan Boston gang, Nan Chabón, Nan Ti Bwa gang, Pilate Base gang, Simon Pele gang, Wharf de Jeremie gang",Civilians,1,National Human Rights Defense Network (RNDDH),Attacks on deprived neighborhoods: The RNDDH demands the end of the protection of armed gangs by the authorities in power,"Several official sources, as well as testimony from witnesses.",1,Cité Soleil town,"Cité Soleil, Port-au-Prince",Ouest department,Port-au-Prince arrondissement,"402,0395833","-233,4770833",POINT (-72.331887 18.577857),156456,Haiti,2,2,2020-05-23 00:00:00.000,5
354717,2020,7886,15167,16576,"Delmas 19 gang , Delmas 6 gang, Delmas 95 gang, Nan Barozi gang, Nan Belekou gang, Nan Boston gang, Nan Chabón, Nan Ti Bwa gang, Pilate Base gang, Simon Pele gang, Wharf de Jeremie gang - Civilians","Delmas 19 gang , Delmas 6 gang, Delmas 95 gang, Nan Barozi gang, Nan Belekou gang, Nan Boston gang, Nan Chabón, Nan Ti Bwa gang, Pilate Base gang, Simon Pele gang, Wharf de Jeremie gang",Civilians,1,National Human Rights Defense Network (RNDDH),Attacks on deprived neighborhoods: The RNDDH demands the end of the protection of armed gangs by the authorities in power,"Several official sources, as well as testimony from witnesses.",1,Cité Soleil town,"Fort Dimanche in Cité Soleil, Port-au-Prince",Ouest department,Port-au-Prince arrondissement,"402,0395833","-233,4770833",POINT (-72.331887 18.577857),156456,Haiti,1,1,2020-05-23 00:00:00.000,1
354727,2020,7886,15167,16576,"Delmas 19 gang , Delmas 6 gang, Delmas 95 gang, Nan Barozi gang, Nan Belekou gang, Nan Boston gang, Nan Chabón, Nan Ti Bwa gang, Pilate Base gang, Simon Pele gang, Wharf de Jeremie gang - Civilians","Delmas 19 gang , Delmas 6 gang, Delmas 95 gang, Nan Barozi gang, Nan Belekou gang, Nan Boston gang, Nan Chabón, Nan Ti Bwa gang, Pilate Base gang, Simon Pele gang, Wharf de Jeremie gang",Civilians,1,National Human Rights Defense Network (RNDDH),Attacks on deprived neighborhoods: The RNDDH demands the end of the protection of armed gangs by the authorities in power,"Several official sources, as well as testimony from witnesses.",1,Cité Soleil town,"Cité Soleil, Port-au-Prince",Ouest department,Port-au-Prince arrondissement,"402,0395833","-233,4770833",POINT (-72.331887 18.577857),156456,Haiti,1,1,2020-05-24 00:00:00.000,18
354732,2020,7886,15167,16576,"Delmas 19 gang , Delmas 6 gang, Delmas 95 gang, Nan Barozi gang, Nan Belekou gang, Nan Boston gang, Nan Chabón, Nan Ti Bwa gang, Pilate Base gang, Simon Pele gang, Wharf de Jeremie gang - Civilians","Delmas 19 gang , Delmas 6 gang, Delmas 95 gang, Nan Barozi gang, Nan Belekou gang, Nan Boston gang, Nan Chabón, Nan Ti Bwa gang, Pilate Base gang, Simon Pele gang, Wharf de Jeremie gang",Civilians,1,National Human Rights Defense Network (RNDDH),Attacks on deprived neighborhoods: The RNDDH demands the end of the protection of armed gangs by the authorities in power,"Several official sources, as well as testimony from witnesses.",1,Cité Soleil town,"Cité Soleil, Port-au-Prince",Ouest department,Port-au-Prince arrondissement,"402,0395833","-233,4770833",POINT (-72.331887 18.577857),156456,Haiti,1,1,2020-05-25 00:00:00.000,1
354733,2020,7886,15167,16576,"Delmas 19 gang , Delmas 6 gang, Delmas 95 gang, Nan Barozi gang, Nan Belekou gang, Nan Boston gang, Nan Chabón, Nan Ti Bwa gang, Pilate Base gang, Simon Pele gang, Wharf de Jeremie gang - Civilians","Delmas 19 gang , Delmas 6 gang, Delmas 95 gang, Nan Barozi gang, Nan Belekou gang, Nan Boston gang, Nan Chabón, Nan Ti Bwa gang, Pilate Base gang, Simon Pele gang, Wharf de Jeremie gang",Civilians,1,National Human Rights Defense Network (RNDDH),Attacks on deprived neighborhoods: The RNDDH demands the end of the protection of armed gangs by the authorities in power,"Several official sources, as well as testimony from witnesses.",1,Cité Soleil town,"Nan Brooklyn in Cité Soleil, Port-au-Prince",Ouest department,Port-au-Prince arrondissement,"402,0395833","-233,4770833",POINT (-72.331887 18.577857),156456,Haiti,1,1,2020-05-26 00:00:00.000,5
354734,2020,7886,15167,16576,"Delmas 19 gang , Delmas 6 gang, Delmas 95 gang, Nan Barozi gang, Nan Belekou gang, Nan Boston gang, Nan Chabón, Nan Ti Bwa gang, Pilate Base gang, Simon Pele gang, Wharf de Jeremie gang - Civilians","Delmas 19 gang , Delmas 6 gang, Delmas 95 gang, Nan Barozi gang, Nan Belekou gang, Nan Boston gang, Nan Chabón, Nan Ti Bwa gang, Pilate Base gang, Simon Pele gang, Wharf de Jeremie gang",Civilians,1,National Human Rights Defense Network (RNDDH),Attacks on deprived neighborhoods: The RNDDH demands the end of the protection of armed gangs by the authorities in power,"Several official sources, as well as testimony from witnesses",1,Cité Soleil town,"Nan Brooklyn in Cité Soleil, Port-au-Prince",Ouest department,Port-au-Prince arrondissement,"402,0395833","-233,4770833",POINT (-72.331887 18.577857),156456,Haiti,1,1,2020-05-27 00:00:00.000,4
407194,2020,7889,15300,16737,400 Mawozo  - Civilians,400 Mawozo,Civilians,1,Haiti Press Network,Haïti-Sécurité : Une fusillade à Ganthier fait deux morts dont un nourrisson,witnesses,1,Ganthier town,in the town of Ganthier,Ouest department,Croix-des-Bouquets arrondissement,"368,925","-46,68402778",POINT (-72.062905 18.530172),156456,Haiti,1,1,2020-08-03 00:00:00.000,2
392786,2021,6,444,911,Government of Haiti - Civilians,Government of Haiti,Civilians,1,Haiti Infos Pro,Police operation: at least three corpses identified at Portail Léogane,witnesses,1,Port-au-Prince city,"Portail Léogane, Port-au-Prince 

>>There is another Portail Leogane near Jacmel in the Sud department, but this event took place in Port-au-Prince",Ouest department,Port-au-Prince arrondissement,"375,1736111","-235,6388889",POINT (-72.335 18.53917),156456,Haiti,1,1,2021-03-11 00:00:00.000,3
404464,2021,6,444,911,Government of Haiti - Civilians,Government of Haiti,Civilians,1,Van Bef Info,"A mechanic shot dead in the city center, a soldier pointed out",eyewitnesses,1,Port-au-Prince city,"rue du Champ-de-Mars, in downtown Montreal, P-a-P",Ouest department,Port-au-Prince arrondissement,"375,1736111","-235,6388889",POINT (-72.335 18.53917),156456,Haiti,1,1,2021-05-08 00:00:00.000,1
407063,2021,7793,15080,16462,G9 - Civilians,G9,Civilians,1,RNDDH,MASSACRES IN BEL-AIR AND CITÉ SOLEIL UNDER THE INDIFFERENT GAZE OF STATE AUTHORITIES,RNDDH report,1,Port-au-Prince city,Bel Air,Ouest department,Port-au-Prince arrondissement,"375,1736111","-235,6388889",POINT (-72.335 18.53917),156456,Haiti,1,1,2021-04-01 00:00:00.000,8
407422,2021,7793,15080,16462,G9 - Civilians,G9,Civilians,1,RNDDH,MASSACRES IN BEL-AIR AND CITÉ SOLEIL UNDER THE INDIFFERENT GAZE OF STATE AUTHORITIES,RNDDH report,1,Cité Soleil town,Cité Soleil,Ouest department,Port-au-Prince arrondissement,"402,0395833","-233,4770833",POINT (-72.331887 18.577857),156456,Haiti,1,1,2021-04-26 00:00:00.000,22
407423,2021,7793,15080,16462,G9 - Civilians,G9,Civilians,1,RNDDH,MASSACRES IN BEL-AIR AND CITÉ SOLEIL UNDER THE INDIFFERENT GAZE OF STATE AUTHORITIES,RNDDH report,1,Cité Soleil town,Cité Soleil,Ouest department,Port-au-Prince arrondissement,"402,0395833","-233,4770833",POINT (-72.331887 18.577857),156456,Haiti,1,1,2021-05-01 00:00:00.000,14
407065,2021,7793,15080,16462,G9 - Civilians,G9,Civilians,1,RNDDH,MASSACRES IN BEL-AIR AND CITÉ SOLEIL UNDER THE INDIFFERENT GAZE OF STATE AUTHORITIES,RNDDH report,1,Port-au-Prince city,Bel Air,Ouest department,Port-au-Prince arrondissement,"375,1736111","-235,6388889",POINT (-72.335 18.53917),156456,Haiti,1,1,2021-05-10 00:00:00.000,7
407619,2021,7793,15080,16462,G9 - Civilians,G9,Civilians,2,RNDDH;Vant Bef Info,DARK NIGHT IN PORT-AU-PRINCE AND DELMAS: RNDDH CALLS FOR POPULAR MOBILIZATION;Des cadavres éparpillés à Port-au-Prince,RNDDH report,1,Delmas town,Delmas 32,Ouest department,Port-au-Prince arrondissement,"387,1347222","-208,5506944",POINT (-72.295993 18.556394),156456,Haiti,1,1,2021-06-29 00:00:00.000,15
407620,2021,7793,15080,16462,G9 - Civilians,G9,Civilians,3,Vant Bef Info;Vant Bef Info;RNDDH,Des cadavres éparpillés à Port-au-Prince;Le journaliste Diego Charles et la militante Antoinette Duclair abattus à Christ-Roi;DARK NIGHT IN PORT-AU-PRINCE AND DELMAS: RNDDH CALLS FOR POPULAR MOBILIZATION,RNDDH report,1,Port-au-Prince city,"Acacia Street, Christ-Roi",Ouest department,Port-au-Prince arrondissement,"375,1736111","-235,6388889",POINT (-72.335 18.53917),156456,Haiti,1,1,2021-06-29 00:00:00.000,3
395045,2021,7889,15300,16737,400 Mawozo  - Civilians,400 Mawozo,Civilians,1,Haiti Infos Pro,"New operation of the ""400 mawozo"" in Croix-des-Bouquets, one dead, one kidnapped",witnesses,5,Morne a Cabrit mountain,"Croix-des-Bouquets, at the bottom of Morne à Cabri.",Ouest department,Croix-des-Bouquets arrondissement,"569,56875","-232,7784722",POINT (-72.330881 18.819099),156456,Haiti,1,1,2021-05-03 00:00:00.000,1
422107,2021,7889,15300,16737,400 Mawozo  - Civilians,400 Mawozo,Civilians,2,Haiti Standard;Vant Bef Info,Croix-des-Bouquets (West): entrepreneur Jose Pablo Sylvain shot dead in Santo;Haiti-Insecurity: A businessman killed in Croix-des-Bouquets,police,2,Croix-des-Bouquets town,Santo in the commune of Croix-des-Bouquets,Ouest department,Croix-des-Bouquets arrondissement,"404,0416667","-162,9243056",POINT (-72.230291 18.58074),156456,Haiti,1,1,2021-09-09 00:00:00.000,1
423416,2021,7889,15300,16737,400 Mawozo  - Civilians,400 Mawozo,Civilians,2,Haiti Libre;Vant Bef Info,Haiti - FLASH : The renowned sculptor Anderson Belony assassinated in the Village of Noailles;Haiti: The artistic village of Noailles invaded by armed individuals,,1,Noailles village,artisanal village of Noailles (Croix-des-Bouquets),Ouest department,Croix-des-Bouquets arrondissement,"397,6145833","-162,5118056",POINT (-72.2296977 18.571485),156456,Haiti,1,1,2021-10-12 00:00:00.000,1
423667,2021,7889,15300,16737,400 Mawozo  - Civilians,400 Mawozo,Civilians,1,ICI Haiti,"iciHaiti - Croix-des-Bouquets : A family targeted, a 7-year-old American child killed",,5,Croix-des-Bouquets commune,Croix-des-Bouquets,Ouest department,Croix-des-Bouquets arrondissement,"421,9770833","-157,2930556",POINT (-72.222182 18.606567),156456,Haiti,1,1,2021-11-09 00:00:00.000,1
423668,2021,7889,15300,16737,400 Mawozo  - Civilians,400 Mawozo,Civilians,1,ICI Haiti,"iciHaiti - Croix-des-Bouquets : A family targeted, a 7-year-old American child killed",,5,Croix-des-Bouquets commune,Croix-des-Bouquet,Ouest department,Croix-des-Bouquets arrondissement,"421,9770833","-157,2930556",POINT (-72.222182 18.606567),156456,Haiti,1,1,2021-11-09 00:00:00.000,1
407418,2021,16812,15353,16812,G9 - G-Pep,G9,G-Pep,1,RNDDH,MASSACRES IN BEL-AIR AND CITÉ SOLEIL UNDER THE INDIFFERENT GAZE OF STATE AUTHORITIES,RNDDH report,1,Cité Soleil town,Cité Soleil,Ouest department,Port-au-Prince arrondissement,"402,0395833","-233,4770833",POINT (-72.331887 18.577857),156456,Haiti,1,1,2021-01-28 00:00:00.000,2
407419,2021,16812,15353,16812,G9 - G-Pep,G9,G-Pep,1,RNDDH,MASSACRES IN BEL-AIR AND CITÉ SOLEIL UNDER THE INDIFFERENT GAZE OF STATE AUTHORITIES,RNDDH report,1,Cité Soleil town,Cité Soleil,Ouest department,Port-au-Prince arrondissement,"402,0395833","-233,4770833",POINT (-72.331887 18.577857),156456,Haiti,1,1,2021-02-03 00:00:00.000,1
407420,2021,16812,15353,16812,G9 - G-Pep,G9,G-Pep,1,RNDDH,MASSACRES IN BEL-AIR AND CITÉ SOLEIL UNDER THE INDIFFERENT GAZE OF STATE AUTHORITIES,RNDDH report,1,Cité Soleil town,Cité Soleil,Ouest department,Port-au-Prince arrondissement,"402,0395833","-233,4770833",POINT (-72.331887 18.577857),156456,Haiti,1,1,2021-02-25 00:00:00.000,3
407421,2021,16812,15353,16812,G9 - G-Pep,G9,G-Pep,1,RNDDH,MASSACRES IN BEL-AIR AND CITÉ SOLEIL UNDER THE INDIFFERENT GAZE OF STATE AUTHORITIES,RNDDH report,1,Cité Soleil town,Cité Soleil,Ouest department,Port-au-Prince arrondissement,"402,0395833","-233,4770833",POINT (-72.331887 18.577857),156456,Haiti,1,1,2021-04-25 00:00:00.000,1
395047,2021,16812,15353,16812,G9 - G-Pep,G9,G-Pep,1,Vant Bef Info,Armed violence in Cité Soleil: At least 3 dead and several injured,official sources,1,Cité Soleil town,Cité Soleil,Ouest department,Port-au-Prince arrondissement,"402,0395833","-233,4770833",POINT (-72.331887 18.577857),156456,Haiti,1,1,2021-04-26 00:00:00.000,3
407424,2021,16812,15353,16812,G9 - G-Pep,G9,G-Pep,2,RNDDH;Haiti Infos Pro,"MASSACRES IN BEL-AIR AND CITÉ SOLEIL UNDER THE INDIFFERENT GAZE OF STATE AUTHORITIES;Cité-Soleil and the armed gangs, a marriage that still lasts",RNDDH report,1,Cité Soleil town,Cité Soleil,Ouest department,Port-au-Prince arrondissement,"402,0395833","-233,4770833",POINT (-72.331887 18.577857),156456,Haiti,1,1,2021-05-12 00:00:00.000,15
407429,2021,16812,15353,16812,G9 - G-Pep,G9,G-Pep,1,Vant Bef Info,Haiti / Insecurity: 2 people die during a clash between armed gangs in Cité Soleil,,1,Cité Soleil town,Cité Soleil,Ouest department,Port-au-Prince arrondissement,"402,0395833","-233,4770833",POINT (-72.331887 18.577857),156456,Haiti,1,1,2021-05-29 00:00:00.000,2
407841,2021,16812,15353,16812,G9 - G-Pep,G9,G-Pep,1,Fondasyon Je Klere,Communiqué / Situation de terreur dans la région métropolitaine : La FJKL appelle les autorités au respect de leur obligation de protéger les droits des citoyens/citoyennes,,1,Cité Soleil town,"Brooklyn neighborhood, Cité Soleil",Ouest department,Port-au-Prince arrondissement,"402,0395833","-233,4770833",POINT (-72.331887 18.577857),156456,Haiti,1,1,2021-06-25 00:00:00.000,25
432892,2022,6,444,911,Government of Haiti - Civilians,Government of Haiti,Civilians,3,Haiti Libre;Haiti Libre;Reuters,"Haiti - FLASH : Demonstration, 4 journalists injured including one fatally;Haiti - Justice : Death of Journalist Maxihen Lazzare, police could be involved;Haiti police open fire on demonstrators, one journalist killed",,1,Port-au-Prince city,Port-au-Prince,Ouest department,Port-au-Prince arrondissement,"375,1736111","-235,6388889",POINT (-72.335 18.53917),156456,Haiti,1,1,2022-02-23 00:00:00.000,1
445215,2022,7793,15080,16462,G9 - Civilians,G9,Civilians,1,Vant Bef Info,Port-au-Prince: Une personne tuée suite à une tentative de kidnapping,police,1,Port-au-Prince city,"rue du Quai, not far from the Banque République d'Haiti (BRH)",Ouest department,Port-au-Prince arrondissement,"375,1736111","-235,6388889",POINT (-72.335 18.53917),156456,Haiti,1,1,2022-04-06 00:00:00.000,1
467267,2022,7793,15080,16462,G9 - Civilians,G9,Civilians,1,National Human Rights Defense Network (RNDDH),Carnage at la Plaine du Cul-de-Sac: The survivors demand the support of the authorities,,5,Croix-des-Bouquets commune,Carrefour Shada,Ouest department,Croix-des-Bouquets arrondissement,"421,9770833","-157,2930556",POINT (-72.222182 18.606567),156456,Haiti,1,1,2022-04-24 00:00:00.000,1
467268,2022,7793,15080,16462,G9 - Civilians,G9,Civilians,1,National Human Rights Defense Network (RNDDH),Carnage at la Plaine du Cul-de-Sac: The survivors demand the support of the authorities,,1,Croix-des-Missions town,Croix-des-Missions,Ouest department,Port-au-Prince arrondissement,"415,1875","-201,0416667",POINT (-72.28518 18.59679),156456,Haiti,1,1,2022-04-24 00:00:00.000,2
467269,2022,7793,15080,16462,G9 - Civilians,G9,Civilians,1,National Human Rights Defense Network (RNDDH),Carnage at la Plaine du Cul-de-Sac: The survivors demand the support of the authorities,,1,Croix-des-Missions town,Croix-des-Missions,Ouest department,Port-au-Prince arrondissement,"415,1875","-201,0416667",POINT (-72.28518 18.59679),156456,Haiti,1,1,2022-04-24 00:00:00.000,1
467271,2022,7793,15080,16462,G9 - Civilians,G9,Civilians,1,National Human Rights Defense Network (RNDDH),Carnage at la Plaine du Cul-de-Sac: The survivors demand the support of the authorities,,1,Croix-des-Missions town,Croix-des-Missions,Ouest department,Port-au-Prince arrondissement,"415,1875","-201,0416667",POINT (-72.28518 18.59679),156456,Haiti,1,1,2022-04-24 00:00:00.000,1
467094,2022,7793,15080,16462,G9 - Civilians,G9,Civilians,2,National Human Rights Defense Network (RNDDH);National Human Rights Defense Network (RNDDH),Carnage at la Plaine du Cul-de-Sac: The survivors demand the support of the authorities;Violent clashes between armed gangs: RNDDH demands protection of the Haitian population,,5,Croix-des-Bouquets commune,Croix-des-mission,Ouest department,Croix-des-Bouquets arrondissement,"421,9770833","-157,2930556",POINT (-72.222182 18.606567),156456,Haiti,2,4,2022-04-24 00:00:00.000,27
467063,2022,7793,15080,16462,G9 - Civilians,G9,Civilians,1,National Human Rights Defense Network (RNDDH),Carnage at la Plaine du Cul-de-Sac: The survivors demand the support of the authorities,,5,Croix-des-Bouquets commune,"Wout te is in Shada, croix-des-bouquets",Ouest department,Croix-des-Bouquets arrondissement,"421,9770833","-157,2930556",POINT (-72.222182 18.606567),156456,Haiti,1,1,2022-04-25 00:00:00.000,1
467292,2022,7793,15080,16462,G9 - Civilians,G9,Civilians,1,National Human Rights Defense Network (RNDDH),Carnage at la Plaine du Cul-de-Sac: The survivors demand the support of the authorities,,5,Croix-des-Bouquets commune,"Korido Djo, Shada",Ouest department,Croix-des-Bouquets arrondissement,"421,9770833","-157,2930556",POINT (-72.222182 18.606567),156456,Haiti,1,1,2022-04-25 00:00:00.000,1
467293,2022,7793,15080,16462,G9 - Civilians,G9,Civilians,1,National Human Rights Defense Network (RNDDH),Carnage at la Plaine du Cul-de-Sac: The survivors demand the support of the authorities,,1,Butte Boyer town,Butte Boyer,Ouest department,Port-au-Prince arrondissement,"414,4631944","-195,2284722",POINT (-72.276809 18.595747),156456,Haiti,1,1,2022-04-25 00:00:00.000,1
467064,2022,7793,15080,16462,G9 - Civilians,G9,Civilians,1,National Human Rights Defense Network (RNDDH),Carnage at la Plaine du Cul-de-Sac: The survivors demand the support of the authorities,,5,Croix-des-Bouquets commune,Croix-des-bouquets,Ouest department,Croix-des-Bouquets arrondissement,"421,9770833","-157,2930556",POINT (-72.222182 18.606567),156456,Haiti,1,1,2022-04-26 00:00:00.000,2
467294,2022,7793,15080,16462,G9 - Civilians,G9,Civilians,1,National Human Rights Defense Network (RNDDH),Carnage at la Plaine du Cul-de-Sac: The survivors demand the support of the authorities,,5,Croix-des-Bouquets commune,Shada,Ouest department,Croix-des-Bouquets arrondissement,"421,9770833","-157,2930556",POINT (-72.222182 18.606567),156456,Haiti,1,1,2022-04-27 00:00:00.000,1
445209,2022,7793,15080,16462,G9 - Civilians,G9,Civilians,1,Vant Bef Info,Haïti : Protestation à Solino contre l’assassinat de deux personnes,"neighbors, witnesses",1,Cité Soleil town,"district of Drouillard, commune of Cité-Soleil",Ouest department,Port-au-Prince arrondissement,"402,0395833","-233,4770833",POINT (-72.331887 18.577857),156456,Haiti,1,1,2022-05-10 00:00:00.000,2
450906,2022,7793,15080,16462,G9 - Civilians,G9,Civilians,1,Haiti Libre,Haiti - FLASH : Two young journalists killed in Cité-Soleil,,1,Cité Soleil town,Cite Soleil,Ouest department,Port-au-Prince arrondissement,"402,0395833","-233,4770833",POINT (-72.331887 18.577857),156456,Haiti,1,1,2022-09-11 00:00:00.000,2
467275,2022,7889,15300,16737,400 Mawozo  - Civilians,400 Mawozo,Civilians,1,National Human Rights Defense Network (RNDDH),Carnage at la Plaine du Cul-de-Sac: The survivors demand the support of the authorities,,1,Croix-des-Missions town,"Croix-des-Missions, Anba Mapou area # 3.",Ouest department,Port-au-Prince arrondissement,"415,1875","-201,0416667",POINT (-72.28518 18.59679),156456,Haiti,1,1,2022-04-24 00:00:00.000,1
467272,2022,7889,15300,16737,400 Mawozo  - Civilians,400 Mawozo,Civilians,1,National Human Rights Defense Network (RNDDH),Carnage at la Plaine du Cul-de-Sac: The survivors demand the support of the authorities,,1,Croix-des-Missions town,Croix-des-Missions,Ouest department,Port-au-Prince arrondissement,"415,1875","-201,0416667",POINT (-72.28518 18.59679),156456,Haiti,1,1,2022-04-24 00:00:00.000,1
467237,2022,7889,15300,16737,400 Mawozo  - Civilians,400 Mawozo,Civilians,1,National Human Rights Defense Network (RNDDH),Carnage at la Plaine du Cul-de-Sac: The survivors demand the support of the authorities,,1,Croix-des-Missions town,"Croix-des-Missions, Anba Mapou area;",Ouest department,Port-au-Prince arrondissement,"415,1875","-201,0416667",POINT (-72.28518 18.59679),156456,Haiti,1,1,2022-04-24 00:00:00.000,1
467202,2022,7889,15300,16737,400 Mawozo  - Civilians,400 Mawozo,Civilians,1,National Human Rights Defense Network (RNDDH),Carnage at la Plaine du Cul-de-Sac: The survivors demand the support of the authorities,,1,Croix-des-Missions town,Croix-des-Missions,Ouest department,Port-au-Prince arrondissement,"415,1875","-201,0416667",POINT (-72.28518 18.59679),156456,Haiti,1,1,2022-04-24 00:00:00.000,2
467206,2022,7889,15300,16737,400 Mawozo  - Civilians,400 Mawozo,Civilians,1,National Human Rights Defense Network (RNDDH),Carnage at la Plaine du Cul-de-Sac: The survivors demand the support of the authorities,,1,Croix-des-Missions town,Croix-des-Missions,Ouest department,Port-au-Prince arrondissement,"415,1875","-201,0416667",POINT (-72.28518 18.59679),156456,Haiti,1,1,2022-04-24 00:00:00.000,2
467296,2022,7889,15300,16737,400 Mawozo  - Civilians,400 Mawozo,Civilians,1,National Human Rights Defense Network (RNDDH),Carnage at la Plaine du Cul-de-Sac: The survivors demand the support of the authorities,,1,Croix-des-Missions town,"# 12, Ti Ginen, Croix-des-Missions",Ouest department,Port-au-Prince arrondissement,"415,1875","-201,0416667",POINT (-72.28518 18.59679),156456,Haiti,1,1,2022-04-24 00:00:00.000,1
467297,2022,7889,15300,16737,400 Mawozo  - Civilians,400 Mawozo,Civilians,1,National Human Rights Defense Network (RNDDH),Carnage at la Plaine du Cul-de-Sac: The survivors demand the support of the authorities,RNDDH,1,Croix-des-Missions town,"Mission Cross, Anba Mapou area, #3",Ouest department,Port-au-Prince arrondissement,"415,1875","-201,0416667",POINT (-72.28518 18.59679),156456,Haiti,1,1,2022-04-24 00:00:00.000,1
467057,2022,7889,15300,16737,400 Mawozo  - Civilians,400 Mawozo,Civilians,1,National Human Rights Defense Network (RNDDH),Carnage at la Plaine du Cul-de-Sac: The survivors demand the support of the authorities,,1,Butte Boyer town,Butte Boyer,Ouest department,Port-au-Prince arrondissement,"414,4631944","-195,2284722",POINT (-72.276809 18.595747),156456,Haiti,1,1,2022-04-24 00:00:00.000,1
467058,2022,7889,15300,16737,400 Mawozo  - Civilians,400 Mawozo,Civilians,1,National Human Rights Defense Network (RNDDH),Carnage at la Plaine du Cul-de-Sac: The survivors demand the support of the authorities,,1,Croix-des-Missions town,croix-des-missions,Ouest department,Port-au-Prince arrondissement,"415,1875","-201,0416667",POINT (-72.28518 18.59679),156456,Haiti,1,1,2022-04-24 00:00:00.000,0
467059,2022,7889,15300,16737,400 Mawozo  - Civilians,400 Mawozo,Civilians,1,National Human Rights Defense Network (RNDDH),Carnage at la Plaine du Cul-de-Sac: The survivors demand the support of the authorities,,2,Tabarre commune,grey river,Ouest department,Port-au-Prince arrondissement,"405,8402778","-188,1875",POINT (-72.26667 18.58333),156456,Haiti,1,1,2022-04-24 00:00:00.000,2
467062,2022,7889,15300,16737,400 Mawozo  - Civilians,400 Mawozo,Civilians,1,National Human Rights Defense Network (RNDDH),Carnage at la Plaine du Cul-de-Sac: The survivors demand the support of the authorities,,5,Croix-des-Bouquets commune,Shada,Ouest department,Croix-des-Bouquets arrondissement,"421,9770833","-157,2930556",POINT (-72.222182 18.606567),156456,Haiti,2,4,2022-04-24 00:00:00.000,1
467066,2022,7889,15300,16737,400 Mawozo  - Civilians,400 Mawozo,Civilians,1,National Human Rights Defense Network (RNDDH),Carnage at la Plaine du Cul-de-Sac: The survivors demand the support of the authorities,,1,Butte Boyer town,Butte Boyer,Ouest department,Port-au-Prince arrondissement,"414,4631944","-195,2284722",POINT (-72.276809 18.595747),156456,Haiti,1,1,2022-04-24 00:00:00.000,1
467067,2022,7889,15300,16737,400 Mawozo  - Civilians,400 Mawozo,Civilians,1,National Human Rights Defense Network (RNDDH),Carnage at la Plaine du Cul-de-Sac: The survivors demand the support of the authorities,,1,Butte Boyer town,Butte Boyer,Ouest department,Port-au-Prince arrondissement,"414,4631944","-195,2284722",POINT (-72.276809 18.595747),156456,Haiti,1,1,2022-04-24 00:00:00.000,1
467068,2022,7889,15300,16737,400 Mawozo  - Civilians,400 Mawozo,Civilians,1,National Human Rights Defense Network (RNDDH),Carnage at la Plaine du Cul-de-Sac: The survivors demand the support of the authorities,,1,Butte Boyer town,Butte Boyer,Ouest department,Port-au-Prince arrondissement,"414,4631944","-195,2284722",POINT (-72.276809 18.595747),156456,Haiti,1,1,2022-04-24 00:00:00.000,2
467069,2022,7889,15300,16737,400 Mawozo  - Civilians,400 Mawozo,Civilians,1,National Human Rights Defense Network (RNDDH),Carnage at la Plaine du Cul-de-Sac: The survivors demand the support of the authorities,,1,Butte Boyer town,Butte Boyer,Ouest department,Port-au-Prince arrondissement,"414,4631944","-195,2284722",POINT (-72.276809 18.595747),156456,Haiti,1,1,2022-04-24 00:00:00.000,2
467070,2022,7889,15300,16737,400 Mawozo  - Civilians,400 Mawozo,Civilians,1,National Human Rights Defense Network (RNDDH),Carnage at la Plaine du Cul-de-Sac: The survivors demand the support of the authorities,,1,Butte Boyer town,BUTTE BOYER,Ouest department,Port-au-Prince arrondissement,"414,4631944","-195,2284722",POINT (-72.276809 18.595747),156456,Haiti,1,1,2022-04-24 00:00:00.000,1
467071,2022,7889,15300,16737,400 Mawozo  - Civilians,400 Mawozo,Civilians,1,National Human Rights Defense Network (RNDDH),Carnage at la Plaine du Cul-de-Sac: The survivors demand the support of the authorities,,1,Butte Boyer town,Butte Boyer,Ouest department,Port-au-Prince arrondissement,"414,4631944","-195,2284722",POINT (-72.276809 18.595747),156456,Haiti,1,1,2022-04-24 00:00:00.000,1
467072,2022,7889,15300,16737,400 Mawozo  - Civilians,400 Mawozo,Civilians,1,National Human Rights Defense Network (RNDDH),Carnage at la Plaine du Cul-de-Sac: The survivors demand the support of the authorities,,1,Butte Boyer town,Butte Boyer,Ouest department,Port-au-Prince arrondissement,"414,4631944","-195,2284722",POINT (-72.276809 18.595747),156456,Haiti,1,1,2022-04-24 00:00:00.000,1
467073,2022,7889,15300,16737,400 Mawozo  - Civilians,400 Mawozo,Civilians,1,National Human Rights Defense Network (RNDDH),Carnage at la Plaine du Cul-de-Sac: The survivors demand the support of the authorities,,1,Butte Boyer town,Butte Boyer,Ouest department,Port-au-Prince arrondissement,"414,4631944","-195,2284722",POINT (-72.276809 18.595747),156456,Haiti,1,1,2022-04-25 00:00:00.000,1
467074,2022,7889,15300,16737,400 Mawozo  - Civilians,400 Mawozo,Civilians,1,National Human Rights Defense Network (RNDDH),Carnage at la Plaine du Cul-de-Sac: The survivors demand the support of the authorities,,1,Butte Boyer town,Butte Boyer,Ouest department,Port-au-Prince arrondissement,"414,4631944","-195,2284722",POINT (-72.276809 18.595747),156456,Haiti,1,1,2022-04-25 00:00:00.000,4
467075,2022,7889,15300,16737,400 Mawozo  - Civilians,400 Mawozo,Civilians,1,National Human Rights Defense Network (RNDDH),Carnage at la Plaine du Cul-de-Sac: The survivors demand the support of the authorities,,1,Butte Boyer town,Butte Boyer,Ouest department,Port-au-Prince arrondissement,"414,4631944","-195,2284722",POINT (-72.276809 18.595747),156456,Haiti,1,1,2022-04-25 00:00:00.000,1
467076,2022,7889,15300,16737,400 Mawozo  - Civilians,400 Mawozo,Civilians,1,National Human Rights Defense Network (RNDDH),Carnage at la Plaine du Cul-de-Sac: The survivors demand the support of the authorities,,1,Butte Boyer town,Butte Boyer,Ouest department,Port-au-Prince arrondissement,"414,4631944","-195,2284722",POINT (-72.276809 18.595747),156456,Haiti,1,1,2022-04-25 00:00:00.000,1
467060,2022,7889,15300,16737,400 Mawozo  - Civilians,400 Mawozo,Civilians,1,National Human Rights Defense Network (RNDDH),Carnage at la Plaine du Cul-de-Sac: The survivors demand the support of the authorities,,4,Ouest department,,Ouest department,,"461,7291667","-205,3680556",POINT (-72.29141 18.66381),156456,Haiti,1,1,2022-04-25 00:00:00.000,1
467061,2022,7889,15300,16737,400 Mawozo  - Civilians,400 Mawozo,Civilians,1,National Human Rights Defense Network (RNDDH),Carnage at la Plaine du Cul-de-Sac: The survivors demand the support of the authorities,,5,Croix-des-Bouquets commune,Shada near the National gas pump.,Ouest department,Croix-des-Bouquets arrondissement,"421,9770833","-157,2930556",POINT (-72.222182 18.606567),156456,Haiti,1,1,2022-04-25 00:00:00.000,1
467245,2022,7889,15300,16737,400 Mawozo  - Civilians,400 Mawozo,Civilians,1,National Human Rights Defense Network (RNDDH),Carnage at la Plaine du Cul-de-Sac: The survivors demand the support of the authorities,,4,Ouest department,,Ouest department,,"461,7291667","-205,3680556",POINT (-72.29141 18.66381),156456,Haiti,1,1,2022-04-25 00:00:00.000,1
467250,2022,7889,15300,16737,400 Mawozo  - Civilians,400 Mawozo,Civilians,1,National Human Rights Defense Network (RNDDH),Carnage at la Plaine du Cul-de-Sac: The survivors demand the support of the authorities,,1,Croix-des-Missions town,"Croix-des-Missions, Mapou",Ouest department,Port-au-Prince arrondissement,"415,1875","-201,0416667",POINT (-72.28518 18.59679),156456,Haiti,1,1,2022-04-25 00:00:00.000,1
467254,2022,7889,15300,16737,400 Mawozo  - Civilians,400 Mawozo,Civilians,1,National Human Rights Defense Network (RNDDH),Carnage at la Plaine du Cul-de-Sac: The survivors demand the support of the authorities,,1,Croix-des-Missions town,"Lakou 7 kout kouto, in the Croix-des-Missions",Ouest department,Port-au-Prince arrondissement,"415,1875","-201,0416667",POINT (-72.28518 18.59679),156456,Haiti,1,1,2022-04-25 00:00:00.000,2
467256,2022,7889,15300,16737,400 Mawozo  - Civilians,400 Mawozo,Civilians,1,National Human Rights Defense Network (RNDDH),Carnage at la Plaine du Cul-de-Sac: The survivors demand the support of the authorities,,1,Croix-des-Missions town,Croix-des-Missions,Ouest department,Port-au-Prince arrondissement,"415,1875","-201,0416667",POINT (-72.28518 18.59679),156456,Haiti,1,1,2022-04-25 00:00:00.000,1
467259,2022,7889,15300,16737,400 Mawozo  - Civilians,400 Mawozo,Civilians,1,National Human Rights Defense Network (RNDDH),Carnage at la Plaine du Cul-de-Sac: The survivors demand the support of the authorities,,5,Croix-des-Bouquets commune,Shada,Ouest department,Croix-des-Bouquets arrondissement,"421,9770833","-157,2930556",POINT (-72.222182 18.606567),156456,Haiti,1,1,2022-04-25 00:00:00.000,1
467262,2022,7889,15300,16737,400 Mawozo  - Civilians,400 Mawozo,Civilians,1,National Human Rights Defense Network (RNDDH),Carnage at la Plaine du Cul-de-Sac: The survivors demand the support of the authorities,,5,Croix-des-Bouquets commune,,Ouest department,Croix-des-Bouquets arrondissement,"421,9770833","-157,2930556",POINT (-72.222182 18.606567),156456,Haiti,1,1,2022-04-26 00:00:00.000,2
467295,2022,7889,15300,16737,400 Mawozo  - Civilians,400 Mawozo,Civilians,1,National Human Rights Defense Network (RNDDH),Carnage at la Plaine du Cul-de-Sac: The survivors demand the support of the authorities,,1,Croix-des-Missions town,Croix-des-Missions,Ouest department,Port-au-Prince arrondissement,"415,1875","-201,0416667",POINT (-72.28518 18.59679),156456,Haiti,1,1,2022-05-02 00:00:00.000,1
467091,2022,7889,15300,16737,400 Mawozo  - Civilians,400 Mawozo,Civilians,1,National Human Rights Defense Network (RNDDH),Carnage at la Plaine du Cul-de-Sac: The survivors demand the support of the authorities,,5,Croix-des-Bouquets commune,Shada,Ouest department,Croix-des-Bouquets arrondissement,"421,9770833","-157,2930556",POINT (-72.222182 18.606567),156456,Haiti,1,1,2022-05-02 00:00:00.000,1
467092,2022,7889,15300,16737,400 Mawozo  - Civilians,400 Mawozo,Civilians,1,National Human Rights Defense Network (RNDDH),Carnage at la Plaine du Cul-de-Sac: The survivors demand the support of the authorities,,5,Croix-des-Bouquets commune,Shada,Ouest department,Croix-des-Bouquets arrondissement,"421,9770833","-157,2930556",POINT (-72.222182 18.606567),156456,Haiti,1,1,2022-05-02 00:00:00.000,1
467077,2022,7889,15300,16737,400 Mawozo  - Civilians,400 Mawozo,Civilians,1,National Human Rights Defense Network (RNDDH),Carnage at la Plaine du Cul-de-Sac: The survivors demand the support of the authorities,,5,Croix-des-Bouquets commune,Shada,Ouest department,Croix-des-Bouquets arrondissement,"421,9770833","-157,2930556",POINT (-72.222182 18.606567),156456,Haiti,1,1,2022-05-02 00:00:00.000,1
467078,2022,7889,15300,16737,400 Mawozo  - Civilians,400 Mawozo,Civilians,1,National Human Rights Defense Network (RNDDH),Carnage at la Plaine du Cul-de-Sac: The survivors demand the support of the authorities,,5,Croix-des-Bouquets commune,Shada,Ouest department,Croix-des-Bouquets arrondissement,"421,9770833","-157,2930556",POINT (-72.222182 18.606567),156456,Haiti,1,1,2022-05-02 00:00:00.000,1
467081,2022,7889,15300,16737,400 Mawozo  - Civilians,400 Mawozo,Civilians,1,National Human Rights Defense Network (RNDDH),Carnage at la Plaine du Cul-de-Sac: The survivors demand the support of the authorities,,1,Croix-des-Missions town,"Croix-des-Missions, Barbancourt area.",Ouest department,Port-au-Prince arrondissement,"415,1875","-201,0416667",POINT (-72.28518 18.59679),156456,Haiti,1,1,2022-05-03 00:00:00.000,2
467082,2022,7889,15300,16737,400 Mawozo  - Civilians,400 Mawozo,Civilians,1,National Human Rights Defense Network (RNDDH),Carnage at la Plaine du Cul-de-Sac: The survivors demand the support of the authorities,,4,Ouest department,,Ouest department,,"461,7291667","-205,3680556",POINT (-72.29141 18.66381),156456,Haiti,1,1,2022-05-05 00:00:00.000,2
467083,2022,7889,15300,16737,400 Mawozo  - Civilians,400 Mawozo,Civilians,1,National Human Rights Defense Network (RNDDH),Carnage at la Plaine du Cul-de-Sac: The survivors demand the support of the authorities,,5,Croix-des-Bouquets commune,"# 40, Wout Tè, Shada",Ouest department,Croix-des-Bouquets arrondissement,"421,9770833","-157,2930556",POINT (-72.222182 18.606567),156456,Haiti,1,1,2022-05-05 00:00:00.000,1
467084,2022,7889,15300,16737,400 Mawozo  - Civilians,400 Mawozo,Civilians,1,National Human Rights Defense Network (RNDDH),Carnage at la Plaine du Cul-de-Sac: The survivors demand the support of the authorities,,5,Croix-des-Bouquets commune,Shada,Ouest department,Croix-des-Bouquets arrondissement,"421,9770833","-157,2930556",POINT (-72.222182 18.606567),156456,Haiti,1,1,2022-05-05 00:00:00.000,1
467065,2022,7889,15300,16737,400 Mawozo  - Civilians,400 Mawozo,Civilians,1,National Human Rights Defense Network (RNDDH),Carnage at la Plaine du Cul-de-Sac: The survivors demand the support of the authorities,,1,Butte Boyer town,"#58, Butte Boyer 11",Ouest department,Port-au-Prince arrondissement,"414,4631944","-195,2284722",POINT (-72.276809 18.595747),156456,Haiti,1,1,2022-05-06 00:00:00.000,1
446310,2022,7889,15300,16737,400 Mawozo  - Civilians,400 Mawozo,Civilians,2,Reseau National de Défense des Droits Humains (RNDDH);ICI Haiti,Deadly morning at the entrance of Cité Doudoune: The RNDDH presents its sympathies to the victims;iciHaiti - Cité doudoune : Savage shooting at least 8 innocent citizens killed,"RNDDH report, witnesses",3,Croix-des-Bouquets arrondissement,"Cité Doudoune, in the commune of Croix-des-Bouquets",Ouest department,Croix-des-Bouquets arrondissement,"346,0819444","-50,99236111",POINT (-72.069109 18.497278),155736,Haiti,1,1,2022-08-20 00:00:00.000,9
445973,2022,16812,15353,16812,G9 - G-Pep,G9,G-Pep,2,Reseau National de Défense des Droits Humains (RNDDH);Vant Bef Info,A new war in Cité Soleil: The RNDDH requires the immediate intervention of the police institution;Haiti: Resumption of armed clashes in Cité Soleil,RNDDH report,1,Cité Soleil town,"Nan Brooklyn, Cité Soleil 

-> Bois-9, Cité Lumière, Cité Gérard, the Linthau project, Wharf, Brooklyn and Soleil 17 strongholds of GPep",Ouest department,Port-au-Prince arrondissement,"402,0395833","-233,4770833",POINT (-72.331887 18.577857),156456,Haiti,1,1,2022-07-07 00:00:00.000,8
445974,2022,16812,15353,16812,G9 - G-Pep,G9,G-Pep,2,Vant Bef Info;Reseau National de Défense des Droits Humains (RNDDH),Haiti: Resumption of armed clashes in Cité Soleil;A new war in Cité Soleil: The RNDDH requires the immediate intervention of the police institution,RNDDH report,1,Cité Soleil town,"Nan Brooklyn, Cité Soleil 

->-> Bois-9, Cité Lumière, Cité Gérard, the Linthau project, Wharf, Brooklyn and Soleil 17 strongholds of GPep",Ouest department,Port-au-Prince arrondissement,"402,0395833","-233,4770833",POINT (-72.331887 18.577857),156456,Haiti,1,1,2022-07-08 00:00:00.000,47
445975,2022,16812,15353,16812,G9 - G-Pep,G9,G-Pep,2,Reseau National de Défense des Droits Humains (RNDDH);Vant Bef Info,A new war in Cité Soleil: The RNDDH requires the immediate intervention of the police institution;Haiti: Resumption of armed clashes in Cité Soleil,RNDDH report,1,Cité Soleil town,"Nan Brooklyn, Cité Soleil 

-> Bois-9, Cité Lumière, Cité Gérard, the Linthau project, Wharf, Brooklyn and Soleil 17 strongholds of GPep",Ouest department,Port-au-Prince arrondissement,"402,0395833","-233,4770833",POINT (-72.331887 18.577857),156456,Haiti,1,1,2022-07-09 00:00:00.000,23
445976,2022,16812,15353,16812,G9 - G-Pep,G9,G-Pep,1,Reseau National de Défense des Droits Humains (RNDDH),A new war in Cité Soleil: The RNDDH requires the immediate intervention of the police institution,RNDDH report,1,Cité Soleil town,"Nan Brooklyn, Cité Soleil 

-> Bois-9, Cité Lumière, Cité Gérard, the Linthau project, Wharf, Brooklyn and Soleil 17 strongholds of GPep",Ouest department,Port-au-Prince arrondissement,"402,0395833","-233,4770833",POINT (-72.331887 18.577857),156456,Haiti,1,1,2022-07-10 00:00:00.000,11
446029,2022,16812,15353,16812,G9 - G-Pep,G9,G-Pep,2,United Nations Office for the Coordination of Humanitarian Affairs (OCHA);Haiti Libre,Daily Noon Briefing Highlights –   15 July 2022  Haiti;Haiti - Humanitarian : Insecurity prevents UN agencies from providing relief in Cité Soleil,OCHA,1,Cité Soleil town,Cite Soleil,Ouest department,Port-au-Prince arrondissement,"402,0395833","-233,4770833",POINT (-72.331887 18.577857),156456,Haiti,2,2,2022-07-14 00:00:00.000,10
450904,2022,16812,15353,16812,G9 - G-Pep,G9,G-Pep,1,Haiti Libre,Haiti - News : Zapping...,,1,Cité Soleil town,Cite Soleil,Ouest department,Port-au-Prince arrondissement,"402,0395833","-233,4770833",POINT (-72.331887 18.577857),156456,Haiti,1,1,2022-09-11 00:00:00.000,5
454102,2022,17300,15736,17300,400 Mawozo  - Kraze Baryè,400 Mawozo,Kraze Baryè,6,Haiti Libre;ICI Haiti;Fondation Afriamérica;Haiti24.net;Haiti24.net;Prensa Latina,Haiti - FLASH :The village of Noailles victim of the gang war at least 15 dead;iciHaiti - Croix-des-Bouquets : Resumption of gang warfare at least 12 dead;Appel aux instances concernées;Affrontements entre le gang de Vitelhomme et 400 Mawozo : Les habitants de la Croix-des-Bouquets aux abois;Croix-des-Bouquets-Affrontements entre les gangs de Vitelhomme et 400 Mawozo : La population à bout de souffle;Gang clashes in Haiti leave 15 dead,witnesses,1,Noailles village,village of Noailles (Commune of Croix-des-Bouquets),Ouest department,Croix-des-Bouquets arrondissement,"397,6145833","-162,5118056",POINT (-72.2296977 18.571485),156456,Haiti,2,4,2022-10-12 00:00:00.000,8
454151,2022,17300,15736,17300,400 Mawozo  - Kraze Baryè,400 Mawozo,Kraze Baryè,4,Haiti Libre;ICI Haiti;Fondation Afriamérica;Haiti24.net,Haiti - FLASH :The village of Noailles victim of the gang war at least 15 dead;iciHaiti - Croix-des-Bouquets : Resumption of gang warfare at least 12 dead;Appel aux instances concernées;Affrontements entre le gang de Vitelhomme et 400 Mawozo : Les habitants de la Croix-des-Bouquets aux abois,witnesses,1,Noailles village,village of Noailles (Commune of Croix-des-Bouquets),Ouest department,Croix-des-Bouquets arrondissement,"397,6145833","-162,5118056",POINT (-72.2296977 18.571485),156456,Haiti,1,1,2022-10-17 00:00:00.000,7
455824,2022,17300,15736,17300,400 Mawozo  - Kraze Baryè,400 Mawozo,Kraze Baryè,1,ICI Haiti,iciHaiti - Croix-des-Bouquets : Resumption of gang warfare at least 12 dead,,5,Croix-des-Bouquets commune,Croix-des-Bouquets,Ouest department,Croix-des-Bouquets arrondissement,"421,9770833","-157,2930556",POINT (-72.222182 18.606567),156456,Haiti,2,2,2022-10-22 00:00:00.000,12
510189,2023,6,444,911,Government of Haiti - Civilians,Government of Haiti,Civilians,1,The National Human Rights Defense Network (RNDDH),The reign of Prime Minister Ariel HENRY Or The fury of the armed gangs,RNDDH,1,Port-au-Prince city,Bel-Air,Ouest department,Port-au-Prince arrondissement,"375,1736111","-235,6388889",POINT (-72.335 18.53917),156456,Haiti,2,4,2023-02-27 00:00:00.000,7
510159,2023,6,444,911,Government of Haiti - Civilians,Government of Haiti,Civilians,1,The National Human Rights Defense Network (RNDDH),The reign of Prime Minister Ariel HENRY Or The fury of the armed gangs,RNDDH,1,Port-au-Prince city,Bel-Air,Ouest department,Port-au-Prince arrondissement,"375,1736111","-235,6388889",POINT (-72.335 18.53917),156456,Haiti,1,1,2023-02-28 00:00:00.000,20
510179,2023,6,444,911,Government of Haiti - Civilians,Government of Haiti,Civilians,1,The National Human Rights Defense Network (RNDDH),The reign of Prime Minister Ariel HENRY Or The fury of the armed gangs,RNDDH,1,Port-au-Prince city,Bel-Air,Ouest department,Port-au-Prince arrondissement,"375,1736111","-235,6388889",POINT (-72.335 18.53917),156456,Haiti,1,1,2023-03-01 00:00:00.000,9
510182,2023,6,444,911,Government of Haiti - Civilians,Government of Haiti,Civilians,1,The National Human Rights Defense Network (RNDDH),The reign of Prime Minister Ariel HENRY Or The fury of the armed gangs,RNDDH,1,Port-au-Prince city,Bel-Air,Ouest department,Port-au-Prince arrondissement,"375,1736111","-235,6388889",POINT (-72.335 18.53917),156456,Haiti,1,1,2023-03-02 00:00:00.000,3
510164,2023,6,444,911,Government of Haiti - Civilians,Government of Haiti,Civilians,1,The National Human Rights Defense Network (RNDDH),The reign of Prime Minister Ariel HENRY Or The fury of the armed gangs,RNDDH,1,Port-au-Prince city,Upper Bel-Air,Ouest department,Port-au-Prince arrondissement,"375,1736111","-235,6388889",POINT (-72.335 18.53917),156456,Haiti,1,1,2023-03-03 00:00:00.000,20
510166,2023,6,444,911,Government of Haiti - Civilians,Government of Haiti,Civilians,1,The National Human Rights Defense Network (RNDDH),The reign of Prime Minister Ariel HENRY Or The fury of the armed gangs,RNDDH,2,Port-au-Prince city,Domòn and on Rue Saint Martin Extended.,Ouest department,Port-au-Prince arrondissement,"375,1736111","-235,6388889",POINT (-72.335 18.53917),156456,Haiti,1,1,2023-03-05 00:00:00.000,20
510184,2023,6,444,911,Government of Haiti - Civilians,Government of Haiti,Civilians,1,The National Human Rights Defense Network (RNDDH),The reign of Prime Minister Ariel HENRY Or The fury of the armed gangs,RNDDH,1,Port-au-Prince city,Bel-Air,Ouest department,Port-au-Prince arrondissement,"375,1736111","-235,6388889",POINT (-72.335 18.53917),156456,Haiti,1,1,2023-03-06 00:00:00.000,1
510185,2023,6,444,911,Government of Haiti - Civilians,Government of Haiti,Civilians,1,The National Human Rights Defense Network (RNDDH),The reign of Prime Minister Ariel HENRY Or The fury of the armed gangs,RNDDH,1,Port-au-Prince city,Bel-Air,Ouest department,Port-au-Prince arrondissement,"375,1736111","-235,6388889",POINT (-72.335 18.53917),156456,Haiti,1,1,2023-03-07 00:00:00.000,1
510186,2023,6,444,911,Government of Haiti - Civilians,Government of Haiti,Civilians,1,The National Human Rights Defense Network (RNDDH),The reign of Prime Minister Ariel HENRY Or The fury of the armed gangs,RNDDH,1,Port-au-Prince city,Bel-Air,Ouest department,Port-au-Prince arrondissement,"375,1736111","-235,6388889",POINT (-72.335 18.53917),156456,Haiti,1,1,2023-03-08 00:00:00.000,1
510187,2023,6,444,911,Government of Haiti - Civilians,Government of Haiti,Civilians,1,The National Human Rights Defense Network (RNDDH),The reign of Prime Minister Ariel HENRY Or The fury of the armed gangs,RNDDH,1,Port-au-Prince city,Bel-Air,Ouest department,Port-au-Prince arrondissement,"375,1736111","-235,6388889",POINT (-72.335 18.53917),156456,Haiti,1,1,2023-03-08 00:00:00.000,1
510188,2023,6,444,911,Government of Haiti - Civilians,Government of Haiti,Civilians,1,The National Human Rights Defense Network (RNDDH),The reign of Prime Minister Ariel HENRY Or The fury of the armed gangs,RNDDH,1,Port-au-Prince city,Bel-Air,Ouest department,Port-au-Prince arrondissement,"375,1736111","-235,6388889",POINT (-72.335 18.53917),156456,Haiti,1,1,2023-03-12 00:00:00.000,1
510426,2023,6,444,911,Government of Haiti - Civilians,Government of Haiti,Civilians,1,RNDDH,The resurgence of acts against lives and property: RNDDH urges police authorities to act.,"RNDDH, residents",5,Croix-des-Bouquets commune,Lilavois 11,Ouest department,Croix-des-Bouquets arrondissement,"421,9770833","-157,2930556",POINT (-72.222182 18.606567),156456,Haiti,1,1,2023-07-06 00:00:00.000,0
491659,2023,7889,15300,16737,400 Mawozo  - Civilians,400 Mawozo,Civilians,1,Vant Bef Info,"Insécurité : Rhum Bakara attaqué, 2 employés tués, d’autres kidnappés",Radio Metronome,5,Croix-des-Bouquets commune,"premises of Rhum Bakara, located in the commune of Croix des Bouquets",Ouest department,Croix-des-Bouquets arrondissement,"421,9770833","-157,2930556",POINT (-72.222182 18.606567),156456,Haiti,1,1,2023-07-22 00:00:00.000,2
502935,2023,7889,15300,16737,400 Mawozo  - Civilians,400 Mawozo,Civilians,2,Vant Bef Info;Haiti Libre,"« Thomazeau : Plusieurs personnes assassinées, le domicile de l’ex-député Price Cyprien incendié »;Haiti - News : Zapping...",police,1,L'Étang town,Letang (commune of Thomazeau),Ouest department,Croix-des-Bouquets arrondissement,"448,3958333","-48,81944444",POINT (-72.06598 18.64461),156456,Haiti,1,1,2023-11-17 00:00:00.000,3
502889,2023,7889,15300,16737,400 Mawozo  - Civilians,400 Mawozo,Civilians,2,Vant Bef Info;Haiti Libre,"« Thomazeau : Plusieurs personnes assassinées, le domicile de l’ex-député Price Cyprien incendié »;Haiti - News : Zapping...",police,1,Durand town,Durand (commune of Thomazeau),Ouest department,Croix-des-Bouquets arrondissement,"452,1388889","-49,29861111",POINT (-72.06667 18.65),156456,Haiti,1,1,2023-11-17 00:00:00.000,2
508638,2023,7889,15300,16737,400 Mawozo  - Civilians,400 Mawozo,Civilians,1,ICI Haiti,iciHaiti - Insecurity : The «400 Mawozo» gang sows terror in Ganthier,,1,Ganthier town,"Ganthier, Croix-des-Bouquets",Ouest department,Croix-des-Bouquets arrondissement,"368,925","-46,68402778",POINT (-72.062905 18.530172),156456,Haiti,1,2,2023-12-17 00:00:00.000,8
508650,2023,7889,15300,16737,400 Mawozo  - Civilians,400 Mawozo,Civilians,1,Haiti Libre,Haiti - Insecurity : Two little girls killed on Christmas Day,UNICEF,3,Croix-des-Bouquets arrondissement,"outskirts of Port-au-Prince, in the Croix-des-Bouquets district.",Ouest department,Croix-des-Bouquets arrondissement,"346,0819444","-50,99236111",POINT (-72.069109 18.497278),155736,Haiti,1,1,2023-12-25 00:00:00.000,4
510101,2023,16812,15353,16812,G9 - G-Pep,G9,G-Pep,1,United Nations Security Council,S/2023/674,UN Security council,1,Cité Soleil town,"Nan Belekou

Cite Soleil commune",Ouest department,Port-au-Prince arrondissement,"402,0395833","-233,4770833",POINT (-72.331887 18.577857),156456,Haiti,1,1,2023-04-07 00:00:00.000,3
475466,2023,16812,15353,16812,G9 - G-Pep,G9,G-Pep,3,Vant Bef Info;RNDDH;Fondasyon Je Klere,"Conflit armé à Cité Soleil: Au moins 70 morts selon l’ONU, plus d’une centaine selon un notable;Intensification of armed attacks: RNDDH demands explanations from the government authorities.;R A P P O R T Situation de terreur en Haïti, les chiffres noirs du gouvernement d’Ariel HENRY",OCHA,1,Cité Soleil town,Cité Soleil,Ouest department,Port-au-Prince arrondissement,"402,0395833","-233,4770833",POINT (-72.331887 18.577857),156456,Haiti,2,2,2023-04-14 00:00:00.000,70
502844,2023,16812,15353,16812,G9 - G-Pep,G9,G-Pep,2,Haiti Libre;Haiti Libre,Haiti - FLASH : Emergency evacuation of the Fontaine Hospital Center in Cité Soleil in the midst of urban guerrilla warfare;Haiti - News : Zapping...,authirities from the Fontaine Hospital Center,1,Cité Soleil town,Cite Soleil,Ouest department,Port-au-Prince arrondissement,"402,0395833","-233,4770833",POINT (-72.331887 18.577857),156456,Haiti,1,1,2023-11-15 00:00:00.000,3
487575,2023,8746,15962,17576,"5 Segond, Taliban - Civilians","5 Segond, Taliban",Civilians,2,RNDDH;Fondasyon Je Klere,"Intensification of armed attacks: RNDDH demands explanations from the government authorities.;R A P P O R T Situation de terreur en Haïti, les chiffres noirs du gouvernement d’Ariel HENRY","RNDDH, FJKL, BINUH",2,Cabaret commune,"cabaret commune

source matelas",Ouest department,Arcahaie arrondissement,"510,0090278","-292,3520833",POINT (-72.416667 18.733333),156456,Haiti,2,2,2023-04-19 00:00:00.000,70
491402,2023,7849,15979,17597,Grand Ravine - Civilians,Grand Ravine,Civilians,2,Vant Bef Info;RNDDH,"Carrefour-Feuilles : Un écolier tué, plusieurs résidents blessés lors d’une attaque armée des bandits de Gran-Ravin;The resurgence of acts against lives and property: RNDDH urges police authorities to act.",RNDDH,1,Port-au-Prince city,"Carrefour-Feuilles

P-a-P",Ouest department,Port-au-Prince arrondissement,"375,1736111","-235,6388889",POINT (-72.335 18.53917),156456,Haiti,1,1,2023-05-24 00:00:00.000,1
511106,2023,7849,15979,17597,Grand Ravine - Civilians,Grand Ravine,Civilians,3,RNDDH;Haiti Libre;Haiti Libre,"The Increasing violence in the West and Artibonite departments: RNDDH denounces the complicity of the CSPN.;Haiti - FLASH : More than 30 dead in the attacks in Carrefour-Feuilles;Haiti - Insecurity : Dead, injured kidnappings the daily hell of Haitians",RNDDH,1,Port-au-Prince city,Savane Pistache,Ouest department,Port-au-Prince arrondissement,"375,1736111","-235,6388889",POINT (-72.335 18.53917),156456,Haiti,1,1,2023-08-07 00:00:00.000,1
511107,2023,7849,15979,17597,Grand Ravine - Civilians,Grand Ravine,Civilians,3,Haiti Libre;Haiti Libre;RNDDH,"Haiti - Insecurity : Dead, injured kidnappings the daily hell of Haitians;Haiti - FLASH : More than 30 dead in the attacks in Carrefour-Feuilles;The Increasing violence in the West and Artibonite departments: RNDDH denounces the complicity of the CSPN.",RNDDH,1,Port-au-Prince city,"Carrefour-Feuilles, Impasse Beauboeuf",Ouest department,Port-au-Prince arrondissement,"375,1736111","-235,6388889",POINT (-72.335 18.53917),156456,Haiti,1,1,2023-08-08 00:00:00.000,1
511109,2023,7849,15979,17597,Grand Ravine - Civilians,Grand Ravine,Civilians,3,RNDDH;Haiti Libre;Haiti Libre,"The Increasing violence in the West and Artibonite departments: RNDDH denounces the complicity of the CSPN.;Haiti - FLASH : More than 30 dead in the attacks in Carrefour-Feuilles;Haiti - Insecurity : Dead, injured kidnappings the daily hell of Haitians",RNDDH,1,Port-au-Prince city,Decayette,Ouest department,Port-au-Prince arrondissement,"375,1736111","-235,6388889",POINT (-72.335 18.53917),156456,Haiti,1,1,2023-08-12 00:00:00.000,1
511115,2023,7849,15979,17597,Grand Ravine - Civilians,Grand Ravine,Civilians,3,RNDDH;Haiti Libre;Haiti Libre,"The Increasing violence in the West and Artibonite departments: RNDDH denounces the complicity of the CSPN.;Haiti - Insecurity : Dead, injured kidnappings the daily hell of Haitians;Haiti - FLASH : More than 30 dead in the attacks in Carrefour-Feuilles",RNDDH,1,Port-au-Prince city,"Savane Pistache, Carrefour-Feuilles",Ouest department,Port-au-Prince arrondissement,"375,1736111","-235,6388889",POINT (-72.335 18.53917),156456,Haiti,1,1,2023-08-13 00:00:00.000,25
511117,2023,7849,15979,17597,Grand Ravine - Civilians,Grand Ravine,Civilians,3,Haiti Libre;Haiti Libre;RNDDH,"Haiti - FLASH : More than 30 dead in the attacks in Carrefour-Feuilles;Haiti - Insecurity : Dead, injured kidnappings the daily hell of Haitians;The Increasing violence in the West and Artibonite departments: RNDDH denounces the complicity of the CSPN.",RNDDH,1,Port-au-Prince city,"Savanne Pistache

Carrefour-Feuilles",Ouest department,Port-au-Prince arrondissement,"375,1736111","-235,6388889",POINT (-72.335 18.53917),156456,Haiti,1,2,2023-08-13 00:00:00.000,2
511121,2023,7849,15979,17597,Grand Ravine - Civilians,Grand Ravine,Civilians,3,RNDDH;Haiti Libre;Haiti Libre,"The Increasing violence in the West and Artibonite departments: RNDDH denounces the complicity of the CSPN.;Haiti - Insecurity : Dead, injured kidnappings the daily hell of Haitians;Haiti - FLASH : More than 30 dead in the attacks in Carrefour-Feuilles",RNDDH,1,Port-au-Prince city,"Savane Pistache
Carrefour-Feuilles",Ouest department,Port-au-Prince arrondissement,"375,1736111","-235,6388889",POINT (-72.335 18.53917),156456,Haiti,1,1,2023-08-14 00:00:00.000,18
510924,2023,7849,15979,17597,Grand Ravine - Civilians,Grand Ravine,Civilians,3,Haiti Libre;RNDDH;Haiti Libre,"Haiti - Insecurity : Dead, injured kidnappings the daily hell of Haitians;The Increasing violence in the West and Artibonite departments: RNDDH denounces the complicity of the CSPN.;Haiti - FLASH : More than 30 dead in the attacks in Carrefour-Feuilles",,1,Port-au-Prince city,Decayette neighbourhood of Port-au-Prince,Ouest department,Port-au-Prince arrondissement,"375,1736111","-235,6388889",POINT (-72.335 18.53917),156456,Haiti,1,2,2023-08-14 00:00:00.000,3
492458,2023,7849,15979,17597,Grand Ravine - Civilians,Grand Ravine,Civilians,3,Haiti Libre;Haiti Libre;RNDDH,"Haiti - Insecurity : Dead, injured kidnappings the daily hell of Haitians;Haiti - FLASH : More than 30 dead in the attacks in Carrefour-Feuilles;The Increasing violence in the West and Artibonite departments: RNDDH denounces the complicity of the CSPN.",,1,Port-au-Prince city,Carrefour-Feuilles,Ouest department,Port-au-Prince arrondissement,"375,1736111","-235,6388889",POINT (-72.335 18.53917),156456,Haiti,1,1,2023-08-14 00:00:00.000,7
502904,2023,7849,15979,17597,Grand Ravine - Civilians,Grand Ravine,Civilians,1,Haiti Libre,Haiti - News : Zapping...,,1,Port-au-Prince city,Carrefour Feuilles,Ouest department,Port-au-Prince arrondissement,"375,1736111","-235,6388889",POINT (-72.335 18.53917),156456,Haiti,1,2,2023-11-25 00:00:00.000,6
510177,2023,8104,16081,17720,G-Pep - Civilians,G-Pep,Civilians,1,The National Human Rights Defense Network (RNDDH),The reign of Prime Minister Ariel HENRY Or The fury of the armed gangs,RNDDH,2,Port-au-Prince city,Corridor Bastia,Ouest department,Port-au-Prince arrondissement,"375,1736111","-235,6388889",POINT (-72.335 18.53917),156456,Haiti,2,4,2023-02-27 00:00:00.000,3
510168,2023,8104,16081,17720,G-Pep - Civilians,G-Pep,Civilians,1,The National Human Rights Defense Network (RNDDH),The reign of Prime Minister Ariel HENRY Or The fury of the armed gangs,RNDDH,2,Port-au-Prince city,Delmas 24,Ouest department,Port-au-Prince arrondissement,"375,1736111","-235,6388889",POINT (-72.335 18.53917),156456,Haiti,1,1,2023-03-01 00:00:00.000,1
510160,2023,8104,16081,17720,G-Pep - Civilians,G-Pep,Civilians,1,The National Human Rights Defense Network (RNDDH),The reign of Prime Minister Ariel HENRY Or The fury of the armed gangs,RNDDH,2,Port-au-Prince city,Corridor Bastia,Ouest department,Port-au-Prince arrondissement,"375,1736111","-235,6388889",POINT (-72.335 18.53917),156456,Haiti,1,1,2023-03-01 00:00:00.000,5
510161,2023,8104,16081,17720,G-Pep - Civilians,G-Pep,Civilians,1,The National Human Rights Defense Network (RNDDH),The reign of Prime Minister Ariel HENRY Or The fury of the armed gangs,RNDDH,2,Port-au-Prince city,refugee shelter located in Corridor Bastia in front of the Saint-Michel Church,Ouest department,Port-au-Prince arrondissement,"375,1736111","-235,6388889",POINT (-72.335 18.53917),156456,Haiti,1,1,2023-03-02 00:00:00.000,15
510170,2023,8104,16081,17720,G-Pep - Civilians,G-Pep,Civilians,1,The National Human Rights Defense Network (RNDDH),The reign of Prime Minister Ariel HENRY Or The fury of the armed gangs,RNDDH,2,Port-au-Prince city,"Sans Fil across the street from the Church of Saint Michel

Corridor Bastia",Ouest department,Port-au-Prince arrondissement,"375,1736111","-235,6388889",POINT (-72.335 18.53917),156456,Haiti,1,1,2023-03-03 00:00:00.000,2
510174,2023,8104,16081,17720,G-Pep - Civilians,G-Pep,Civilians,1,The National Human Rights Defense Network (RNDDH),The reign of Prime Minister Ariel HENRY Or The fury of the armed gangs,RNDDH,2,Port-au-Prince city,Corridor Bastia,Ouest department,Port-au-Prince arrondissement,"375,1736111","-235,6388889",POINT (-72.335 18.53917),156456,Haiti,1,1,2023-03-05 00:00:00.000,1
510172,2023,8104,16081,17720,G-Pep - Civilians,G-Pep,Civilians,1,The National Human Rights Defense Network (RNDDH),The reign of Prime Minister Ariel HENRY Or The fury of the armed gangs,RNDDH,2,Port-au-Prince city,Corridor Bastia,Ouest department,Port-au-Prince arrondissement,"375,1736111","-235,6388889",POINT (-72.335 18.53917),156456,Haiti,1,1,2023-03-07 00:00:00.000,1
510175,2023,8104,16081,17720,G-Pep - Civilians,G-Pep,Civilians,1,The National Human Rights Defense Network (RNDDH),The reign of Prime Minister Ariel HENRY Or The fury of the armed gangs,RNDDH,2,Port-au-Prince city,Montagne des Oliviers church,Ouest department,Port-au-Prince arrondissement,"375,1736111","-235,6388889",POINT (-72.335 18.53917),156456,Haiti,1,1,2023-03-09 00:00:00.000,2
510446,2023,8104,16081,17720,G-Pep - Civilians,G-Pep,Civilians,1,BINUH,Situation des droits de l’homme Principales tendances Rapport trimestriel : Juillet - Septembre 2023,BINUH,1,Cité Soleil town,"Nan Brooklyn neighborhood, Cite Soleil",Ouest department,Port-au-Prince arrondissement,"402,0395833","-233,4770833",POINT (-72.331887 18.577857),156456,Haiti,2,5,2023-08-01 00:00:00.000,19
510100,2023,8876,16094,17733,Terre Noire - Civilians,Terre Noire,Civilians,1,United Nations Security Council,S/2023/674,UN Security council,2,Cité Soleil town,Terre Noire,Ouest department,Port-au-Prince arrondissement,"402,0395833","-233,4770833",POINT (-72.331887 18.577857),156456,Haiti,1,1,2023-04-08 00:00:00.000,72
563134,2024,6,444,911,Government of Haiti - Civilians,Government of Haiti,Civilians,1,UN Integrated Office in Haiti (BINUH),QUARTERLY REPORT ON THE HUMAN RIGHTS SITUATION IN HAITI,BINUH,1,Cité Soleil town,Drouillard neighborhood (Cité Soleil),Ouest department,Port-au-Prince arrondissement,"402,0395833","-233,4770833",POINT (-72.331887 18.577857),156456,Haiti,1,1,2024-03-14 00:00:00.000,0
563084,2024,7793,15080,16462,G9 - Civilians,G9,Civilians,1,UN Integrated Office in Haiti (BINUH),QUARTERLY REPORT ON THE HUMAN RIGHTS SITUATION IN HAITI,BINUH,1,Cité Soleil town,Brooklyn neighborhood,Ouest department,Port-au-Prince arrondissement,"402,0395833","-233,4770833",POINT (-72.331887 18.577857),156456,Haiti,2,4,2024-02-01 00:00:00.000,66
515885,2024,7889,15300,16737,400 Mawozo  - Civilians,400 Mawozo,Civilians,5,Haiti Libre;Gazette Haiti;Vant Bef Info;National Human Rights Defense Network (RNDDH);Réseau National de Défense de Droits Humains - RNDDH,"Haiti - News : Zapping...;A Morne-Cabrit, une fusillade sur un minibus fait au moins 10 morts dont le chauffeur surnommé « Ti Blan »;Encore des victimes à Morne à Cabris et à Liancourt;A catastrophic human rights situation from January to March 2024: RNDDH alerts the public April 10,;RNDDH's position on the chaotic situation in Haiti",Association of Owners and Drivers of Haiti APCH,2,Port-au-Prince city,"Morne-Cabrit: mountain/town??

on the Port-au-Prince / Mirebalais route;",Ouest department,Port-au-Prince arrondissement,"375,1736111","-235,6388889",POINT (-72.335 18.53917),156456,Haiti,1,1,2024-02-18 00:00:00.000,9
562846,2024,7889,15300,16737,400 Mawozo  - Civilians,400 Mawozo,Civilians,1,National Human Rights Defense Network (RNDDH),A catastrophic human rights situation from January to March 2024: RNDDH alerts the public,RNDDH,2,Ganthier commune,Ganthier,Ouest department,Croix-des-Bouquets arrondissement,"345,7013889","-12,29166667",POINT (-72.01338 18.49673),155736,Haiti,1,1,2024-03-08 00:00:00.000,11
515950,2024,16812,15353,16812,G9 - G-Pep,G9,G-Pep,3,Haiti Libre;UN Integrated Office in Haiti (BINUH);UN Security Council,Haiti - News : Zapping...;QUARTERLY REPORT ON THE HUMAN RIGHTS SITUATION IN HAITI;S/2024/253: Interim report of the Panel of Experts on Haiti submitted pursuant to resolution 2700 (2023),Haiti Libre; UN Security Council,2,Cité Soleil town,La Saline and the surroundings of Wharf Jérémie,Ouest department,Port-au-Prince arrondissement,"402,0395833","-233,4770833",POINT (-72.331887 18.577857),156456,Haiti,2,2,2024-01-27 00:00:00.000,30
514867,2024,16812,15353,16812,G9 - G-Pep,G9,G-Pep,2,EFE News Service;UN Integrated Office in Haiti (BINUH),Hundreds of Haitians flee gang war;QUARTERLY REPORT ON THE HUMAN RIGHTS SITUATION IN HAITI,BINUH,2,Cité Soleil town,"La Plaine (Blanchard, Duvivier, Fourgy, Sibert, Marin (Cité Soleil) and Croix-des-Missions (Tabarre)",Ouest department,Port-au-Prince arrondissement,"402,0395833","-233,4770833",POINT (-72.331887 18.577857),156456,Haiti,2,2,2024-02-08 00:00:00.000,64
563049,2024,16812,15353,16812,G9 - G-Pep,G9,G-Pep,2,EFE News Service;UN Integrated Office in Haiti (BINUH),Hundreds of Haitians flee gang war;QUARTERLY REPORT ON THE HUMAN RIGHTS SITUATION IN HAITI,BINUH,2,Tabarre commune,"La Plaine (Blanchard, Duvivier, Fourgy, Sibert, Marin (Cité Soleil) and Croix-des-Missions (Tabarre)",Ouest department,Port-au-Prince arrondissement,"405,8402778","-188,1875",POINT (-72.26667 18.58333),156456,Haiti,2,2,2024-02-08 00:00:00.000,65
515948,2024,17300,15736,17300,400 Mawozo  - Kraze Baryè,400 Mawozo,Kraze Baryè,3,National Human Rights Defense Network (RNDDH);Haiti Libre;Vant Bef Info,A catastrophic human rights situation from January to March 2024: RNDDH alerts the public;Haiti - News : Zapping...;Pernier : affrontements armés sanglants entre les hommes de Lanmò San Jou et ceux de Vitelomme,RNDDH,2,Pétion-Ville town,Pernier,Ouest department,Port-au-Prince arrondissement,"356,68125","-201,06875",POINT (-72.285219 18.512541),156456,Haiti,1,1,2024-01-30 00:00:00.000,4
563117,2024,7849,15979,17597,Grand Ravine - Civilians,Grand Ravine,Civilians,1,UN Integrated Office in Haiti (BINUH),QUARTERLY REPORT ON THE HUMAN RIGHTS SITUATION IN HAITI,BINUH,3,Port-au-Prince arrondissement,Carrefour and Gressier communes,Ouest department,Port-au-Prince arrondissement,"347,9722222","-257,6319444",POINT (-72.36667 18.5),156456,Haiti,2,5,2024-01-01 00:00:00.000,3
563118,2024,7849,15979,17597,Grand Ravine - Civilians,Grand Ravine,Civilians,1,UN Integrated Office in Haiti (BINUH),QUARTERLY REPORT ON THE HUMAN RIGHTS SITUATION IN HAITI,BINUH,5,RN2 between Carrefour and Gressier,National Road 2,Ouest department,Port-au-Prince arrondissement,"380,1472222","-328,3159722",POINT (-72.468455 18.546332),156456,Haiti,2,5,2024-01-01 00:00:00.000,24
563103,2024,8104,16081,17720,G-Pep - Civilians,G-Pep,Civilians,1,UN Integrated Office in Haiti (BINUH),QUARTERLY REPORT ON THE HUMAN RIGHTS SITUATION IN HAITI,BINUH,2,Cité Soleil town,Wharf Jérémie neighborhood,Ouest department,Port-au-Prince arrondissement,"402,0395833","-233,4770833",POINT (-72.331887 18.577857),156456,Haiti,1,1,2024-01-15 00:00:00.000,5
508686,2024,8104,16081,17720,G-Pep - Civilians,G-Pep,Civilians,4,The Guardian;Haiti Libre;Haiti Libre;UN Integrated Office in Haiti (BINUH),Haiti: residents trapped as armed gangs target key pocket of Port-au-Prince;Haiti - News : Zapping...;Haiti - News : Zapping...;QUARTERLY REPORT ON THE HUMAN RIGHTS SITUATION IN HAITI,Haiti Libre,1,Port-au-Prince city,"Solino neighborhood

P-a-P",Ouest department,Port-au-Prince arrondissement,"375,1736111","-235,6388889",POINT (-72.335 18.53917),156456,Haiti,1,1,2024-01-16 00:00:00.000,2
511239,2024,8104,16081,17720,G-Pep - Civilians,G-Pep,Civilians,2,Associated Press Newswires;UN Integrated Office in Haiti (BINUH),Gangs in Haiti have attacked a community for 4 days and residents fear the violence could spread;QUARTERLY REPORT ON THE HUMAN RIGHTS SITUATION IN HAITI,witness; BINUH,1,Port-au-Prince city,Solino,Ouest department,Port-au-Prince arrondissement,"375,1736111","-235,6388889",POINT (-72.335 18.53917),156456,Haiti,1,1,2024-01-18 00:00:00.000,6
515144,2024,381,381,17970,Government of Haiti - Viv Ansanm,Government of Haiti,Viv Ansanm,11,Reuters News;Agence France Presse;Agence France Presse;Reuters News;EFE News Service;EFE News Service;Vant Bef Info;Haiti Libre;Haiti Libre;Libre;Réseau National de Défense de Droits Humains - RNDDH,"Violence rocks Haiti as prime minister visits Kenya;Gun battles rage in Haiti as gang leader pushes for PM's ouster;Four officers dead in Haiti gang attacks: police union;UPDATE 3-Violence rocks Haiti as prime minister visits Kenya;Haitian government condemns 'acts of terror,' six deaths;Haitian government condemns 'acts of terror,' six deaths;Attaque armée contre le sous-commissariat de Bon-Repos : plusieurs policiers tués, un véhicule blindé volé par des bandits;Haiti - FLASH : The metropolitan area under attacks;Haiti - News : Zapping...;Haiti - News : Zapping...;RNDDH's position on the chaotic situation in Haiti",national police trade union SYNAPOHA,1,Bon Repos town,Bon Repos sub-police station,Ouest department,Croix-des-Bouquets arrondissement,"436,7013889","-190,0069444",POINT (-72.26929 18.62777),156456,Haiti,2,1,2024-02-29 00:00:00.000,6
515164,2024,381,381,17970,Government of Haiti - Viv Ansanm,Government of Haiti,Viv Ansanm,5,EFE News Service;Reuters News;Agence France Presse;EFE News Service;Haiti Libre,"Some 3,600 prisoners fled Haitian prison in attack by armed gangs, NGO says;UPDATE 4-Haiti declares state of emergency amid violence, inmates on the run;At least a dozen dead in massive Haiti jailbreak: AFP reporter;Several killed after armed assailants overran Haiti's largest prison;Haiti - FLASH : The National Penitentiary stormed, many prisoners escape, chaos in the capital (Video)",AFP reporter,1,Port-au-Prince city,PaP prison,Ouest department,Port-au-Prince arrondissement,"375,1736111","-235,6388889",POINT (-72.335 18.53917),156456,Haiti,1,2,2024-03-02 00:00:00.000,10
515220,2024,381,381,17970,Government of Haiti - Viv Ansanm,Government of Haiti,Viv Ansanm,1,Agence France Presse,Gunshots ring out as gang crisis brings Haiti to 'standstill',family of deceased,1,Port-au-Prince city,PaP,Ouest department,Port-au-Prince arrondissement,"375,1736111","-235,6388889",POINT (-72.335 18.53917),156456,Haiti,2,4,2024-03-02 00:00:00.000,1
562608,2024,381,381,17970,Government of Haiti - Viv Ansanm,Government of Haiti,Viv Ansanm,1,Reuters News,"UPDATE 4-Haiti declares state of emergency amid violence, inmates on the run",,1,Port-au-Prince city,PaP prison,Ouest department,Port-au-Prince arrondissement,"375,1736111","-235,6388889",POINT (-72.335 18.53917),156456,Haiti,1,2,2024-03-02 00:00:00.000,3
516264,2024,381,381,17970,Government of Haiti - Viv Ansanm,Government of Haiti,Viv Ansanm,1,Haiti Libre,Haiti - News : Zapping...,Haiti Libre,1,Port-au-Prince city,International Toussaint Louverture airport,Ouest department,Port-au-Prince arrondissement,"375,1736111","-235,6388889",POINT (-72.335 18.53917),156456,Haiti,1,2,2024-03-05 00:00:00.000,6
515223,2024,381,381,17970,Government of Haiti - Viv Ansanm,Government of Haiti,Viv Ansanm,4,EFE News Service;Agence France Presse;Haiti Libre;Agence France Presse,CARICOM holds meeting in Kingston on Monday to ease Haiti crisis;Haiti capital a 'city under siege' amid spasm of gang violence;Haiti - FLASH : Bloody failure of an attempt to take the National Palace;Emergency Caribbean summit to address Haiti gang crisis,Lionel Lazarre of the Haitian police union,1,Port-au-Prince city,PaP,Ouest department,Port-au-Prince arrondissement,"375,1736111","-235,6388889",POINT (-72.335 18.53917),156456,Haiti,1,1,2024-03-08 00:00:00.000,3
518161,2024,381,381,17970,Government of Haiti - Viv Ansanm,Government of Haiti,Viv Ansanm,4,Agence France Presse;Vant Bef Info;EFE News Service;Haiti Libre,Police operation in Haiti capital against 'Barbecue' gang;Opération de la PNH à Delmas 6: plusieurs morts dans le fief du chef de gang « Barbecue »;Haitian police say it killed several members of Barbecue's gangs;Haiti - FLASH : Strong operation of the PNH in the territory of «Barbecue»,Lionel Lazarre of the Haitian police union (SYNAPOHA),1,Port-au-Prince city,Delmas neighborhood,Ouest department,Port-au-Prince arrondissement,"375,1736111","-235,6388889",POINT (-72.335 18.53917),156456,Haiti,1,1,2024-03-15 00:00:00.000,3
518194,2024,381,381,17970,Government of Haiti - Viv Ansanm,Government of Haiti,Viv Ansanm,3,EFE News Service;Vant Bef Info;Haiti Libre,More bodies found in streets of Port-au-Prince;Haïti-Insécurité : un policier affecté à la Primature tué par balles à Delmas;Haiti - News : Zapping...,national police union (Synapoha).,1,Port-au-Prince city,Delmas 72,Ouest department,Port-au-Prince arrondissement,"375,1736111","-235,6388889",POINT (-72.335 18.53917),156456,Haiti,1,1,2024-03-20 00:00:00.000,1
518201,2024,381,381,17970,Government of Haiti - Viv Ansanm,Government of Haiti,Viv Ansanm,3,EFE News Service;Haiti Libre;Reuters News,Another 12 killed in clashes in Haiti on the night names of interim council announced;Haiti - FLASH : Between 30 and 40 killed in Pétion-ville in 5 days;Haiti gang leader killed as transition council nears completion,Haiti Libre,1,Pétion-Ville town,Petion-Ville,Ouest department,Port-au-Prince arrondissement,"356,68125","-201,06875",POINT (-72.285219 18.512541),156456,Haiti,1,2,2024-03-21 00:00:00.000,12
518673,2024,381,381,17970,Government of Haiti - Viv Ansanm,Government of Haiti,Viv Ansanm,1,Haiti Libre,Haiti - News : Zapping...,Haiti Libre,1,Cité Soleil town,Carrefour Vincent (Commune of Cité-Soleil),Ouest department,Port-au-Prince arrondissement,"402,0395833","-233,4770833",POINT (-72.331887 18.577857),156456,Haiti,1,1,2024-03-25 00:00:00.000,1
518651,2024,381,381,17970,Government of Haiti - Viv Ansanm,Government of Haiti,Viv Ansanm,1,Vant Bef Info,Des membres du gang « kraze Baryè » tués à Pétion-Ville,Vant Bef Info,2,Pétion-Ville town,"Colette area, commune of Pétion-Ville, West department.",Ouest department,Port-au-Prince arrondissement,"356,68125","-201,06875",POINT (-72.285219 18.512541),156456,Haiti,1,2,2024-03-26 00:00:00.000,5
518653,2024,381,381,17970,Government of Haiti - Viv Ansanm,Government of Haiti,Viv Ansanm,2,Vant Bef Info;Haiti Libre,Quatre bandits abattus à Pétion-Ville;Haiti - News : Zapping...,"Vant Bef Info, Haiti Libre",2,Pétion-Ville town,"Meyotte

commune of Pétion-Ville, in the West department.",Ouest department,Port-au-Prince arrondissement,"356,68125","-201,06875",POINT (-72.285219 18.512541),156456,Haiti,1,1,2024-04-01 00:00:00.000,4
518654,2024,381,381,17970,Government of Haiti - Viv Ansanm,Government of Haiti,Viv Ansanm,1,Vant Bef Info,Carrefour de l’aéroport : la nouvelle zone à risque (VAR),Vant Bef Info; traders in the area,1,Delmas town,"airport intersection

Delmas",Ouest department,Port-au-Prince arrondissement,"387,1347222","-208,5506944",POINT (-72.295993 18.556394),156456,Haiti,1,3,2024-04-01 00:00:00.000,2
518655,2024,381,381,17970,Government of Haiti - Viv Ansanm,Government of Haiti,Viv Ansanm,1,Vant Bef Info,Centre-ville de Port-au-Prince : portrait d’une ville chaotique,Vant Bef Info,1,Port-au-Prince city,Downtown Port-au-Prince,Ouest department,Port-au-Prince arrondissement,"375,1736111","-235,6388889",POINT (-72.335 18.53917),156456,Haiti,2,4,2024-04-01 00:00:00.000,2
518750,2024,381,381,17970,Government of Haiti - Viv Ansanm,Government of Haiti,Viv Ansanm,1,Haiti Libre,"Haiti - FLASH : 2nd attack on the National Palace, update on the situation",Haiti Libre,1,Port-au-Prince city,"P-a-P

National Palace",Ouest department,Port-au-Prince arrondissement,"375,1736111","-235,6388889",POINT (-72.335 18.53917),156456,Haiti,1,1,2024-04-01 00:00:00.000,0
518204,2024,381,381,17970,Government of Haiti - Viv Ansanm,Government of Haiti,Viv Ansanm,3,Reuters News;Haiti Libre;BINUH,Panic in Haiti's capital as wild shooting fills streets;Haiti - News : Zapping...;QUARTERLY REPORT ON THE HUMAN RIGHTS SITUATION IN HAITI April - June 2024,media,1,Port-au-Prince city,the capital's Delmas district,Ouest department,Port-au-Prince arrondissement,"375,1736111","-235,6388889",POINT (-72.335 18.53917),156456,Haiti,1,1,2024-04-01 00:00:00.000,0
518205,2024,381,381,17970,Government of Haiti - Viv Ansanm,Government of Haiti,Viv Ansanm,3,EFE News Service;EFE News Service;EFE News Service,"Clashes and shootings between gangs and police in Haiti throughout the day;Haiti's National Palace attacked by gunmen;Clashes between Haitian police, armed gangs continue in center of capital",local media,1,Port-au-Prince city,"gardens of the Champ de Mars, not far from the National Palace, in the heart of Port-au-Prince",Ouest department,Port-au-Prince arrondissement,"375,1736111","-235,6388889",POINT (-72.335 18.53917),156456,Haiti,1,1,2024-04-01 00:00:00.000,2
518759,2024,381,381,17970,Government of Haiti - Viv Ansanm,Government of Haiti,Viv Ansanm,2,Haiti Libre;ICI Haiti,"Haiti - FLASH : After intense fighting, the PNH regains control of the pirated ship «Magalie» (Video);iciHaiti - Insecurity : The «5 Seconds» gang threatens Arcahaie with a massacre",PNH,2,Port-au-Prince city,PaP,Ouest department,Port-au-Prince arrondissement,"375,1736111","-235,6388889",POINT (-72.335 18.53917),156456,Haiti,1,1,2024-04-04 00:00:00.000,3
563753,2024,381,381,17970,Government of Haiti - Viv Ansanm,Government of Haiti,Viv Ansanm,1,National Human Rights Defense Network (RNDDH),"Murders, Rapes, Looting, and Arson in Carrefour and Gressier Under the Indifferent Gaze of the New State Authorities",RNDDH,2,Carrefour commune,Mariani,Ouest department,Port-au-Prince arrondissement,"320,575","-289,1277778",POINT (-72.412024 18.460548),155736,Haiti,1,1,2024-04-15 00:00:00.000,1
562272,2024,381,381,17970,Government of Haiti - Viv Ansanm,Government of Haiti,Viv Ansanm,2,National Human Rights Defense Network (RNDDH);National Human Rights Defense Network (RNDDH),"Survey on the Functioning of the PNH: Police Officers Demand Better Working Conditions;Murders, Rapes, Looting, and Arson in Carrefour and Gressier Under the Indifferent Gaze of the New State Authorities",Police; RNDDH,2,Carrefour commune,"Waney 93, Carrefour.",Ouest department,Port-au-Prince arrondissement,"320,575","-289,1277778",POINT (-72.412024 18.460548),155736,Haiti,1,1,2024-04-18 00:00:00.000,1
565622,2024,381,381,17970,Government of Haiti - Viv Ansanm,Government of Haiti,Viv Ansanm,1,National Human Rights Defense Network (RNDDH),"Murders, Rapes, Looting, and Arson in Carrefour and Gressier Under the Indifferent Gaze of the New State Authorities",RNDDH,2,Gressier commune,at the Gressier Market,Ouest department,Port-au-Prince arrondissement,"382,6944444","-361,7965278",POINT (-72.516667 18.55),156455,Haiti,1,1,2024-05-10 00:00:00.000,1
565623,2024,381,381,17970,Government of Haiti - Viv Ansanm,Government of Haiti,Viv Ansanm,1,National Human Rights Defense Network (RNDDH),"Murders, Rapes, Looting, and Arson in Carrefour and Gressier Under the Indifferent Gaze of the New State Authorities",RNDDH,2,Gressier commune,"Bateau, a locality within the commune of Gressier",Ouest department,Port-au-Prince arrondissement,"382,6944444","-361,7965278",POINT (-72.516667 18.55),156455,Haiti,1,1,2024-05-11 00:00:00.000,1
531228,2024,381,381,17970,Government of Haiti - Viv Ansanm,Government of Haiti,Viv Ansanm,1,Vant Bef Info,Un membre du gang « Kraze Baryè » abattu à Tabarre,PNH facebook page,2,Tabarre commune,Tabarre 42,Ouest department,Port-au-Prince arrondissement,"405,8402778","-188,1875",POINT (-72.26667 18.58333),156456,Haiti,1,1,2024-05-17 00:00:00.000,0
525042,2024,381,381,17970,Government of Haiti - Viv Ansanm,Government of Haiti,Viv Ansanm,1,EFE News Service,Haiti prepares for the arrival of the Multinational Security Support Force,police,2,Gressier commune,Gressier,Ouest department,Port-au-Prince arrondissement,"382,6944444","-361,7965278",POINT (-72.516667 18.55),156455,Haiti,2,2,2024-05-19 00:00:00.000,3
530802,2024,381,381,17970,Government of Haiti - Viv Ansanm,Government of Haiti,Viv Ansanm,3,EFE News Service;Associated Press Newswires;National Human Rights Defense Network (RNDDH),Three agents of Haitian anti-gang police unit killed in ambush;Newly chosen Haitian prime minister discharged from a hospital after spending a night in treatment;Survey on the Functioning of the PNH: Police Officers Demand Better Working Conditions,"Barbecue, SYNAPOHA",1,Port-au-Prince city,"Sans Fil, Delmas 18",Ouest department,Port-au-Prince arrondissement,"375,1736111","-235,6388889",POINT (-72.335 18.53917),156456,Haiti,1,1,2024-06-09 00:00:00.000,3
531216,2024,381,381,17970,Government of Haiti - Viv Ansanm,Government of Haiti,Viv Ansanm,1,Haiti Libre,"Haiti - Security : Bandits routed, Gressier police station taken over",Haiti Libre,2,Gressier commune,Gressier,Ouest department,Port-au-Prince arrondissement,"382,6944444","-361,7965278",POINT (-72.516667 18.55),156455,Haiti,1,1,2024-07-01 00:00:00.000,3
546698,2024,381,381,17970,Government of Haiti - Viv Ansanm,Government of Haiti,Viv Ansanm,1,Haiti Libre,"Haiti - PNH report : 15 dead, 13 arrests, weapons and ammunition seized (Video)","Divisional Commissioner Michel Ange Louis Jeune, Spokesperson for the Haitian National Police (PNH)",2,Tabarre commune,Tabarre,Ouest department,Port-au-Prince arrondissement,"405,8402778","-188,1875",POINT (-72.26667 18.58333),156456,Haiti,1,1,2024-08-15 00:00:00.000,4
539865,2024,381,381,17970,Government of Haiti - Viv Ansanm,Government of Haiti,Viv Ansanm,1,Vant Bèf Info,Gressier: several bandits shot dead during a clash with the police,Vant Bèf Info,2,Gressier commune,"in the locality of Jasmin
Gressier",Ouest department,Port-au-Prince arrondissement,"382,6944444","-361,7965278",POINT (-72.516667 18.55),156455,Haiti,1,1,2024-08-24 00:00:00.000,4
545430,2024,381,381,17970,Government of Haiti - Viv Ansanm,Government of Haiti,Viv Ansanm,1,International Crisis Group,Crisis Watch: Haiti September 2024,,1,Port-au-Prince city,PaP (in and around),Ouest department,Port-au-Prince arrondissement,"375,1736111","-235,6388889",POINT (-72.335 18.53917),156456,Haiti,1,1,2024-09-05 00:00:00.000,0
545429,2024,381,381,17970,Government of Haiti - Viv Ansanm,Government of Haiti,Viv Ansanm,1,International Crisis Group,Crisis Watch: Haiti September 2024,,2,Port-au-Prince city,PaP (in and around),Ouest department,Port-au-Prince arrondissement,"375,1736111","-235,6388889",POINT (-72.335 18.53917),156456,Haiti,1,1,2024-09-08 00:00:00.000,0
552498,2024,381,381,17970,Government of Haiti - Viv Ansanm,Government of Haiti,Viv Ansanm,3,Associated Press Newswires;The Haitian Times;Vant Bef Info,A gang leader in Haiti is injured in a shootout with Haitian and Kenyan police;Haitian and multinational forces kill 20 gang members in Pétion-Ville as calls for stronger international support increase;La Police mène plusieurs opérations pour des fragments de résultats,Haiti National Police,1,Torcelle town,Torcelle,Ouest department,Port-au-Prince arrondissement,"376,3611111","-168,8680556",POINT (-72.23885 18.54088),156456,Haiti,1,1,2024-10-12 00:00:00.000,11
553656,2024,381,381,17970,Government of Haiti - Viv Ansanm,Government of Haiti,Viv Ansanm,3,Vant Bef Info;Associated Press Newswires;The Haitian Times,La Police mène plusieurs opérations pour des fragments de résultats;A gang leader in Haiti is injured in a shootout with Haitian and Kenyan police;Haitian and multinational forces kill 20 gang members in Pétion-Ville as calls for stronger international support increase,Haiti National Police,1,Torcelle town,Torcelle,Ouest department,Port-au-Prince arrondissement,"376,3611111","-168,8680556",POINT (-72.23885 18.54088),156456,Haiti,1,1,2024-10-14 00:00:00.000,10
553043,2024,381,381,17970,Government of Haiti - Viv Ansanm,Government of Haiti,Viv Ansanm,4,BINUH;Associated Press Newswires;Haiti Libre;ICI Haiti,"Quarterly report on the Human Rights Situation in Haiti, October - December 2024;Gangs in Haiti open fire and hit a UN helicopter midair as violence surges;Haiti - News : Zapping...;iciHaiti - Insecurity : The «5 Seconds» gang threatens Arcahaie with a massacre",Wilner Réné from Haiti’s Civil Protection Agency; BINUH,1,Williamson town,"Arcahaie

Williamson town",Ouest department,Arcahaie arrondissement,"583,0763889","-406,2916667",POINT (-72.58074 18.83855),156455,Haiti,2,2,2024-10-21 00:00:00.000,23
553045,2024,381,381,17970,Government of Haiti - Viv Ansanm,Government of Haiti,Viv Ansanm,4,Associated Press Newswires;Haiti Libre;Haiti Libre;Ayibo Post,"Gang coalition in Haiti spreads violence to Port-au-Prince neighborhood, setting fire to homes;Haiti - News : Zapping...;Haiti - News : Zapping...;An early morning attack on Tuesday highlights the ambitions of members of the gang coalition known as Viv Ansanm","SPNH-17, a national police union.",1,Port-au-Prince city,Solino and Nazon,Ouest department,Port-au-Prince arrondissement,"375,1736111","-235,6388889",POINT (-72.335 18.53917),156456,Haiti,1,1,2024-10-26 00:00:00.000,4
554430,2024,381,381,17970,Government of Haiti - Viv Ansanm,Government of Haiti,Viv Ansanm,1,Haiti Libre,Haiti - News : Zapping…,Haiti Libre,1,Port-au-Prince city,Solino,Ouest department,Port-au-Prince arrondissement,"375,1736111","-235,6388889",POINT (-72.335 18.53917),156456,Haiti,1,2,2024-11-14 00:00:00.000,1
554475,2024,381,381,17970,Government of Haiti - Viv Ansanm,Government of Haiti,Viv Ansanm,2,Haiti Libre;Haiti Libre,Haiti - Security : The PNH strengthens its presence in the capital and continues its fight against gangs (Video);Haiti - News : Zapping...,Haiti Libre,1,Port-au-Prince city,"Solino, Bel-Air, Bas-Delmas, Tabarre, Carrefour de l'Aéroport",Ouest department,Port-au-Prince arrondissement,"375,1736111","-235,6388889",POINT (-72.335 18.53917),156456,Haiti,1,1,2024-11-18 00:00:00.000,3
553286,2024,381,381,17970,Government of Haiti - Viv Ansanm,Government of Haiti,Viv Ansanm,3,Ayibo Post;El Nuevo Herald;Haiti Libre,"Gangs are acquiring more territory in Haiti despite the presence of Kenyan forces;La policía y los residentes matan a decenas de pandilleros haitianos tras un ataque en Pétion-Ville  Read more at: https://www.elnuevoherald.com/noticias/america-latina/el-caribe/article295851749.html#storylink=cpy;Haiti - FLASH : Attempted takeover of Pétion-ville, at least 28 bandits killed","Lionel Lazarre, a police spokesperson.",2,Port-au-Prince city,"PaP

from Valle de Bourdon to Petion Ville

Oasis Hotel on Avenida Panamericana",Ouest department,Port-au-Prince arrondissement,"375,1736111","-235,6388889",POINT (-72.335 18.53917),156456,Haiti,1,1,2024-11-19 00:00:00.000,10
553665,2024,381,381,17970,Government of Haiti - Viv Ansanm,Government of Haiti,Viv Ansanm,1,Vant Bef Info,Opération policière à Delmas : plusieurs bandits tués et une arme à feu saisie,The Haitian National Police (PNH),1,Port-au-Prince city,Bas-Delmas,Ouest department,Port-au-Prince arrondissement,"375,1736111","-235,6388889",POINT (-72.335 18.53917),156456,Haiti,1,1,2024-11-22 00:00:00.000,3
554819,2024,381,381,17970,Government of Haiti - Viv Ansanm,Government of Haiti,Viv Ansanm,1,ICI Haiti,iciHaiti - Kenscoff : 4 bandits fatally injured,Police,2,Kenscoff commune,"Viard, located at the entrance to Montcel, more precisely in Belo (Commune of Kenskoff, West Dept.)",Ouest department,Port-au-Prince arrondissement,"313,25","-199,7590278",POINT (-72.283333 18.45),155736,Haiti,1,1,2024-11-23 00:00:00.000,4
556372,2024,381,381,17970,Government of Haiti - Viv Ansanm,Government of Haiti,Viv Ansanm,1,EFE News Service,"Haitian police raid Barbecue's stronghold, killing 20 gang members and seizing weapons",Deputy police spokesman Lionel Lazarre,1,Port-au-Prince city,Bas Delmas,Ouest department,Port-au-Prince arrondissement,"375,1736111","-235,6388889",POINT (-72.335 18.53917),156456,Haiti,1,2,2024-11-26 00:00:00.000,20
561430,2024,381,381,17970,Government of Haiti - Viv Ansanm,Government of Haiti,Viv Ansanm,1,Haiti Libre,Haiti - News : Zapping...,Haiti Libre,1,Port-au-Prince city,"Carrefoour Samida

-> Solino, PaP",Ouest department,Port-au-Prince arrondissement,"375,1736111","-235,6388889",POINT (-72.335 18.53917),156456,Haiti,1,1,2024-12-06 00:00:00.000,2
561582,2024,381,381,17970,Government of Haiti - Viv Ansanm,Government of Haiti,Viv Ansanm,2,Vant Bef Info;El País,Delmas: PNH repels attack on Bernard Mevs hospital;Hospitales bajo fuego: la violencia de las pandillas pone en jaque al sistema de salud en Haití,internal source at the Bernard Mevs hospital; Vant Bef Info,1,Port-au-Prince city,"Bernard Mevs hospital, located in Village Solidarité",Ouest department,Port-au-Prince arrondissement,"375,1736111","-235,6388889",POINT (-72.335 18.53917),156456,Haiti,1,1,2024-12-15 00:00:00.000,3
561382,2024,381,381,17970,Government of Haiti - Viv Ansanm,Government of Haiti,Viv Ansanm,2,Dominican Today;Vant Bef Info,"Haiti - FLASH : Hard blow for «Barbecue», the PNH killed his right arm;Police operation: influential gang leader killed by PNH","Lionel Lazarre, Deputy Spokesperson for the PNH",1,Port-au-Prince city,"PaP

Bas-Delmas and Fort National areas",Ouest department,Port-au-Prince arrondissement,"375,1736111","-235,6388889",POINT (-72.335 18.53917),156456,Haiti,1,1,2024-12-15 00:00:00.000,3
561488,2024,381,381,17970,Government of Haiti - Viv Ansanm,Government of Haiti,Viv Ansanm,1,Haiti Libre,Haiti - News : Zapping...,PNH,1,Port-au-Prince city,"downtown Port-au-Prince, including at Champ-de-Mars, Oswald Durand Street, Monseigneur-Guilloux Street, Portail Léogâne and Bel-Air",Ouest department,Port-au-Prince arrondissement,"375,1736111","-235,6388889",POINT (-72.335 18.53917),156456,Haiti,1,1,2024-12-21 00:00:00.000,3
561383,2024,381,381,17970,Government of Haiti - Viv Ansanm,Government of Haiti,Viv Ansanm,4,ICI Haiti;Reuters;Inquirer.net;Associated Press Newswires,"iciHaiti - Insecurity : Attack on General Hospital, Death Toll rises;Armed men fire on Haiti hospital reopening, killing at least 3;Two journalists killed by gangs in Haiti capital – local media group  Read more: https://globalnation.inquirer.net/259181/two-journalists-killed-by-gangs-in-haiti-capital-local-media-group#ixzz8yBWYeSvO Follow us: @inquirerdotnet on Twitter | inquirerdotnet on Facebook;Haiti’s health minister loses his job after a deadly gang attack on a hospital in the capital","a journalist at the scene who asked not to be named; Leslie Voltaire, who heads Haiti's transitional presidential council; Robest Dimanche, spokesperson for the Online Media Collective; hospital sources",1,Port-au-Prince city,downtown area of the capital Port-au-Prince,Ouest department,Port-au-Prince arrondissement,"375,1736111","-235,6388889",POINT (-72.335 18.53917),156456,Haiti,1,1,2024-12-24 00:00:00.000,4
561489,2024,381,381,17970,Government of Haiti - Viv Ansanm,Government of Haiti,Viv Ansanm,1,ICI Haiti,"iciHaiti - Cité Soleil : Several bandits killed, weapons and ammunition seized",ICI Haiti,1,Cité Soleil town,Sarthe (Commune of Cité-Soleil),Ouest department,Port-au-Prince arrondissement,"402,0395833","-233,4770833",POINT (-72.331887 18.577857),156456,Haiti,1,1,2024-12-26 00:00:00.000,3
516282,2024,9067,16265,17971,Viv Ansanm - Civilians,Viv Ansanm,Civilians,1,ICI Haiti,iciHaiti - FLASH : Situation Monday in Port-au-Prince,ICI Haiti,1,Port-au-Prince city,"Nazon

PaP",Ouest department,Port-au-Prince arrondissement,"375,1736111","-235,6388889",POINT (-72.335 18.53917),156456,Haiti,1,1,2024-03-04 00:00:00.000,1
515901,2024,9067,16265,17971,Viv Ansanm - Civilians,Viv Ansanm,Civilians,1,Vant Bef Info,Consternation à Carrefour suite à la décapitation d’un pasteur,church faithful,2,Carrefour commune,locality of “Do Karyann” in Carrefour,Ouest department,Port-au-Prince arrondissement,"320,575","-289,1277778",POINT (-72.412024 18.460548),155736,Haiti,1,1,2024-03-08 00:00:00.000,1
515902,2024,9067,16265,17971,Viv Ansanm - Civilians,Viv Ansanm,Civilians,2,Vant Bef Info;Réseau National de Défense de Droits Humains - RNDDH,Belle-ville : un enfant de 7 ans tué par balles à la suite d’une attaque armée des hommes de Vitelhomme;RNDDH's position on the chaotic situation in Haiti,"witnesses, neighbors",2,Torcelle town,"Bellevue 13, a district bordering Belle-ville and Torcel",Ouest department,Port-au-Prince arrondissement,"376,3611111","-168,8680556",POINT (-72.23885 18.54088),156456,Haiti,1,1,2024-03-13 00:00:00.000,1
518167,2024,9067,16265,17971,Viv Ansanm - Civilians,Viv Ansanm,Civilians,7,Réseau National de Défense de Droits Humains - RNDDH;Agence France Presse;Associated Press Newswires;EFE News Service;Reuters News;International Crisis Group;Vant Bef Info,"RNDDH's position on the chaotic situation in Haiti;14 bodies found in Haiti capital suburb amid gang violence;Gangs unleash new attacks on upscale areas in Haiti's capital, with at least a dozen killed nearby;Violence continues in Haiti ahead of presidential transition;UPDATE 1-Haiti suspected gang members set on fire as conflict spreads to capital suburb;Will a New Government Halt Haiti’s Nosedive?;Haïti-Insécurité: Environ une dizaine de cadavres découverts à Pétion-Ville",AFP reporter; witnesses,1,Pétion-Ville town,Petion-Ville,Ouest department,Port-au-Prince arrondissement,"356,68125","-201,06875",POINT (-72.285219 18.512541),156456,Haiti,1,1,2024-03-18 00:00:00.000,14
518177,2024,9067,16265,17971,Viv Ansanm - Civilians,Viv Ansanm,Civilians,4,EFE News Service;Reuters News;Haiti Libre;National Human Rights Defense Network (RNDDH),"Bloody scenes give way to day of relative calm in Haiti;UPDATE 1-Haiti suspected gang members set on fire as conflict spreads to capital suburb;Haiti - FLASH : Corpses litter the streets of Pétion-ville;A catastrophic human rights situation from January to March 2024: RNDDH alerts the public April 10,",Haitian National Police,2,Port-au-Prince city,sectors of Laboule and Thomassin,Ouest department,Port-au-Prince arrondissement,"375,1736111","-235,6388889",POINT (-72.335 18.53917),156456,Haiti,1,1,2024-03-18 00:00:00.000,3
563765,2024,9067,16265,17971,Viv Ansanm - Civilians,Viv Ansanm,Civilians,1,National Human Rights Defense Network (RNDDH),"Murders, Rapes, Looting, and Arson in Carrefour and Gressier Under the Indifferent Gaze of the New State Authorities",RNDDH,2,Carrefour commune,Rivière Froide,Ouest department,Port-au-Prince arrondissement,"320,575","-289,1277778",POINT (-72.412024 18.460548),155736,Haiti,1,1,2024-03-21 00:00:00.000,2
518203,2024,9067,16265,17971,Viv Ansanm - Civilians,Viv Ansanm,Civilians,3,Haiti Libre;Reuters News;Vant Bef Info,Haiti - News : Zapping...;Panic in Haiti's capital as wild shooting fills streets;Haïti-insécurité : encore des morts à Pétion Ville,media; Vant Bef Info,1,Pétion-Ville town,"Petion-Ville

corner of Vilate and Metellus streets",Ouest department,Port-au-Prince arrondissement,"356,68125","-201,06875",POINT (-72.285219 18.512541),156456,Haiti,1,2,2024-03-31 00:00:00.000,4
563402,2024,9067,16265,17971,Viv Ansanm - Civilians,Viv Ansanm,Civilians,1,BINUH,QUARTERLY REPORT ON THE HUMAN RIGHTS SITUATION IN HAITI  April - June 2024,BINUH,2,Cité Soleil town,Cité Soleil,Ouest department,Port-au-Prince arrondissement,"402,0395833","-233,4770833",POINT (-72.331887 18.577857),156456,Haiti,2,5,2024-04-01 00:00:00.000,28
563409,2024,9067,16265,17971,Viv Ansanm - Civilians,Viv Ansanm,Civilians,1,BINUH,QUARTERLY REPORT ON THE HUMAN RIGHTS SITUATION IN HAITI  April - June 2024,BINUH,2,Tabarre commune,Tabarre,Ouest department,Port-au-Prince arrondissement,"405,8402778","-188,1875",POINT (-72.26667 18.58333),156456,Haiti,2,5,2024-04-01 00:00:00.000,5
563413,2024,9067,16265,17971,Viv Ansanm - Civilians,Viv Ansanm,Civilians,1,BINUH,QUARTERLY REPORT ON THE HUMAN RIGHTS SITUATION IN HAITI  April - June 2024,BINUH,1,Pétion-Ville town,Petion Ville,Ouest department,Port-au-Prince arrondissement,"356,68125","-201,06875",POINT (-72.285219 18.512541),156456,Haiti,2,5,2024-04-01 00:00:00.000,5
518675,2024,9067,16265,17971,Viv Ansanm - Civilians,Viv Ansanm,Civilians,2,Haiti Libre;Constant Haiti,"Haiti - News : Zapping...;Insécurité : Nouvelle attaque des bandits à Cabaret, plusieurs morts signalés",Haiti Libre,2,Cabaret commune,"public market of Cabaret Archaie, (West Department)",Ouest department,Arcahaie arrondissement,"510,0090278","-292,3520833",POINT (-72.416667 18.733333),156456,Haiti,1,1,2024-04-11 00:00:00.000,9
563757,2024,9067,16265,17971,Viv Ansanm - Civilians,Viv Ansanm,Civilians,2,National Human Rights Defense Network (RNDDH);Telepluriel,"Murders, Rapes, Looting, and Arson in Carrefour and Gressier Under the Indifferent Gaze of the New State Authorities;Actualité à la une : Journée de terreur le jeudi 18 avril 2024 à Carrefour. Les gangs armés ont attaqué le commissariat de police couramment appelé Oméga. Au moins 7 personnes dont deux policiers ont été tuées à Waney 93",RNDDH,2,Carrefour commune,Carrefour,Ouest department,Port-au-Prince arrondissement,"320,575","-289,1277778",POINT (-72.412024 18.460548),155736,Haiti,1,1,2024-04-18 00:00:00.000,6
565632,2024,9067,16265,17971,Viv Ansanm - Civilians,Viv Ansanm,Civilians,1,National Human Rights Defense Network (RNDDH),"Murders, Rapes, Looting, and Arson in Carrefour and Gressier Under the Indifferent Gaze of the New State Authorities",RNDDH,2,Gressier commune,"Bwa Boko, Gressier",Ouest department,Port-au-Prince arrondissement,"382,6944444","-361,7965278",POINT (-72.516667 18.55),156455,Haiti,1,4,2024-05-01 00:00:00.000,1
563771,2024,9067,16265,17971,Viv Ansanm - Civilians,Viv Ansanm,Civilians,1,National Human Rights Defense Network (RNDDH),"Murders, Rapes, Looting, and Arson in Carrefour and Gressier Under the Indifferent Gaze of the New State Authorities",RNDDH,2,Carrefour commune,Mariani,Ouest department,Port-au-Prince arrondissement,"320,575","-289,1277778",POINT (-72.412024 18.460548),155736,Haiti,1,1,2024-05-04 00:00:00.000,1
563726,2024,9067,16265,17971,Viv Ansanm - Civilians,Viv Ansanm,Civilians,1,National Human Rights Defense Network (RNDDH),"Murders, Rapes, Looting, and Arson in Carrefour and Gressier Under the Indifferent Gaze of the New State Authorities",RNDDH; Police,2,Gressier commune,Gressier,Ouest department,Port-au-Prince arrondissement,"382,6944444","-361,7965278",POINT (-72.516667 18.55),156455,Haiti,1,1,2024-05-10 00:00:00.000,6
563732,2024,9067,16265,17971,Viv Ansanm - Civilians,Viv Ansanm,Civilians,1,National Human Rights Defense Network (RNDDH),"Murders, Rapes, Looting, and Arson in Carrefour and Gressier Under the Indifferent Gaze of the New State Authorities","interim executive agent of the commune, Jean Vladimir BERTRAND",2,Gressier commune,Gressier,Ouest department,Port-au-Prince arrondissement,"382,6944444","-361,7965278",POINT (-72.516667 18.55),156455,Haiti,1,1,2024-05-11 00:00:00.000,1
565564,2024,9067,16265,17971,Viv Ansanm - Civilians,Viv Ansanm,Civilians,1,National Human Rights Defense Network (RNDDH),"Murders, Rapes, Looting, and Arson in Carrefour and Gressier Under the Indifferent Gaze of the New State Authorities",RNDDH,2,Gressier commune,commune of Gressier,Ouest department,Port-au-Prince arrondissement,"382,6944444","-361,7965278",POINT (-72.516667 18.55),156455,Haiti,1,1,2024-05-12 00:00:00.000,2
565566,2024,9067,16265,17971,Viv Ansanm - Civilians,Viv Ansanm,Civilians,1,National Human Rights Defense Network (RNDDH),"Murders, Rapes, Looting, and Arson in Carrefour and Gressier Under the Indifferent Gaze of the New State Authorities",RNDDH,2,Gressier commune,"Bwa Boko, near the Gressier Market",Ouest department,Port-au-Prince arrondissement,"382,6944444","-361,7965278",POINT (-72.516667 18.55),156455,Haiti,1,2,2024-05-12 00:00:00.000,1
525023,2024,9067,16265,17971,Viv Ansanm - Civilians,Viv Ansanm,Civilians,1,Associated Press Newswires,"As killings surge, Haitians struggle to bury loved ones and find closure in violent capital","neighbors, community members",1,Port-au-Prince city,Solino,Ouest department,Port-au-Prince arrondissement,"375,1736111","-235,6388889",POINT (-72.335 18.53917),156456,Haiti,1,1,2024-05-12 00:00:00.000,1
565574,2024,9067,16265,17971,Viv Ansanm - Civilians,Viv Ansanm,Civilians,1,National Human Rights Defense Network (RNDDH),"Murders, Rapes, Looting, and Arson in Carrefour and Gressier Under the Indifferent Gaze of the New State Authorities",RNDDH,3,Port-au-Prince arrondissement,Gressier or Carrefour,Ouest department,Port-au-Prince arrondissement,"347,9722222","-257,6319444",POINT (-72.36667 18.5),156456,Haiti,1,1,2024-05-14 00:00:00.000,1
565571,2024,9067,16265,17971,Viv Ansanm - Civilians,Viv Ansanm,Civilians,1,National Human Rights Defense Network (RNDDH),"Murders, Rapes, Looting, and Arson in Carrefour and Gressier Under the Indifferent Gaze of the New State Authorities",RNDDH,2,Gressier commune,Gressier commune,Ouest department,Port-au-Prince arrondissement,"382,6944444","-361,7965278",POINT (-72.516667 18.55),156455,Haiti,1,1,2024-05-15 00:00:00.000,3
565577,2024,9067,16265,17971,Viv Ansanm - Civilians,Viv Ansanm,Civilians,1,National Human Rights Defense Network (RNDDH),"Murders, Rapes, Looting, and Arson in Carrefour and Gressier Under the Indifferent Gaze of the New State Authorities",RNDDH,2,Carrefour commune,Carrefour Market,Ouest department,Port-au-Prince arrondissement,"320,575","-289,1277778",POINT (-72.412024 18.460548),155736,Haiti,1,1,2024-05-16 00:00:00.000,2
565581,2024,9067,16265,17971,Viv Ansanm - Civilians,Viv Ansanm,Civilians,1,National Human Rights Defense Network (RNDDH),"Murders, Rapes, Looting, and Arson in Carrefour and Gressier Under the Indifferent Gaze of the New State Authorities",RNDDH,3,Port-au-Prince arrondissement,Gressier or Carrefour,Ouest department,Port-au-Prince arrondissement,"347,9722222","-257,6319444",POINT (-72.36667 18.5),156456,Haiti,1,1,2024-05-17 00:00:00.000,1
565585,2024,9067,16265,17971,Viv Ansanm - Civilians,Viv Ansanm,Civilians,1,National Human Rights Defense Network (RNDDH),"Murders, Rapes, Looting, and Arson in Carrefour and Gressier Under the Indifferent Gaze of the New State Authorities",RNDDH,2,Gressier commune,"Rue des Quatre Gendarmes, Gressier",Ouest department,Port-au-Prince arrondissement,"382,6944444","-361,7965278",POINT (-72.516667 18.55),156455,Haiti,1,1,2024-05-19 00:00:00.000,1
565607,2024,9067,16265,17971,Viv Ansanm - Civilians,Viv Ansanm,Civilians,1,National Human Rights Defense Network (RNDDH),"Murders, Rapes, Looting, and Arson in Carrefour and Gressier Under the Indifferent Gaze of the New State Authorities",RNDDH,2,Gressier commune,"Kay Mason near the Gressier Police Station

Gressier",Ouest department,Port-au-Prince arrondissement,"382,6944444","-361,7965278",POINT (-72.516667 18.55),156455,Haiti,1,1,2024-05-20 00:00:00.000,1
565612,2024,9067,16265,17971,Viv Ansanm - Civilians,Viv Ansanm,Civilians,1,National Human Rights Defense Network (RNDDH),"Murders, Rapes, Looting, and Arson in Carrefour and Gressier Under the Indifferent Gaze of the New State Authorities",RNDDH,2,Gressier commune,"Gressier

Segressier and Doriam",Ouest department,Port-au-Prince arrondissement,"382,6944444","-361,7965278",POINT (-72.516667 18.55),156455,Haiti,1,1,2024-05-21 00:00:00.000,2
531362,2024,9067,16265,17971,Viv Ansanm - Civilians,Viv Ansanm,Civilians,1,Vant Bef Info,La Direction générale de la PNH réagit suite à l’assassinat de deux américains à Lizon,general management of the PNH,1,Bon Repos town,"Lizon, in the locality of Bon Repos, commune Croix-des-Bouquets",Ouest department,Croix-des-Bouquets arrondissement,"436,7013889","-190,0069444",POINT (-72.26929 18.62777),156456,Haiti,1,1,2024-05-23 00:00:00.000,3
565615,2024,9067,16265,17971,Viv Ansanm - Civilians,Viv Ansanm,Civilians,1,National Human Rights Defense Network (RNDDH),"Murders, Rapes, Looting, and Arson in Carrefour and Gressier Under the Indifferent Gaze of the New State Authorities",RNDDH,2,Gressier commune,near the Gressier Peace Court,Ouest department,Port-au-Prince arrondissement,"382,6944444","-361,7965278",POINT (-72.516667 18.55),156455,Haiti,1,1,2024-05-28 00:00:00.000,1
530807,2024,9067,16265,17971,Viv Ansanm - Civilians,Viv Ansanm,Civilians,2,EFE News Service;Vant Bef Info,Several killed in new attack by armed gangs in Haiti;Gressier : le bilan de la dernière attaque s’alourdit,"Local press; head of the Gressier community, Vladimir Bertrand",2,Gressier commune,"municipality of Gressier, south of Port-au-Prince",Ouest department,Port-au-Prince arrondissement,"382,6944444","-361,7965278",POINT (-72.516667 18.55),156455,Haiti,2,1,2024-06-30 00:00:00.000,26
563737,2024,9067,16265,17971,Viv Ansanm - Civilians,Viv Ansanm,Civilians,2,National Human Rights Defense Network (RNDDH);Haiti Libre,"Murders, Rapes, Looting, and Arson in Carrefour and Gressier Under the Indifferent Gaze of the New State Authorities;Haiti - Security : Bandits routed, Gressier police station taken over",RNDDH,2,Gressier commune,Gressier,Ouest department,Port-au-Prince arrondissement,"382,6944444","-361,7965278",POINT (-72.516667 18.55),156455,Haiti,1,1,2024-07-01 00:00:00.000,1
563442,2024,9067,16265,17971,Viv Ansanm - Civilians,Viv Ansanm,Civilians,1,Haiti Express,Terreur à Cabaret et Arcahaie: 10 personnes tuées par des gangs armés,"Jean Edner Gilles, interim executive agent of Arcahaie",2,Cabaret commune,municipality of Cabaret,Ouest department,Arcahaie arrondissement,"510,0090278","-292,3520833",POINT (-72.416667 18.733333),156456,Haiti,1,1,2024-08-06 00:00:00.000,9
565529,2024,9067,16265,17971,Viv Ansanm - Civilians,Viv Ansanm,Civilians,1,BINUH,"Quarterly report on the Human Rights Situation in Haiti, October - December 2024",BINUH,2,Carrefour commune,"Carrefour, Gressier and Leogane

neighborhoods of Fontamara, La Colline, Mariani, Rivière Froide and Thor",Ouest department,Port-au-Prince arrondissement,"320,575","-289,1277778",POINT (-72.412024 18.460548),155736,Haiti,2,5,2024-10-01 00:00:00.000,33
565530,2024,9067,16265,17971,Viv Ansanm - Civilians,Viv Ansanm,Civilians,1,BINUH,"Quarterly report on the Human Rights Situation in Haiti, October - December 2024",BINUH,1,Léogâne town,"Carrefour, Gressier and Leogane

neighborhoods of Fontamara, La Colline, Mariani, Rivière Froide and Thor",Ouest department,Léogâne arrondissement,"355,6805556","-442,8819444",POINT (-72.63343 18.5111),156455,Haiti,2,5,2024-10-01 00:00:00.000,33
565531,2024,9067,16265,17971,Viv Ansanm - Civilians,Viv Ansanm,Civilians,1,BINUH,"Quarterly report on the Human Rights Situation in Haiti, October - December 2024",BINUH,2,Gressier commune,"Carrefour, Gressier and Leogane

neighborhoods of Fontamara, La Colline, Mariani, Rivière Froide and Thor",Ouest department,Port-au-Prince arrondissement,"382,6944444","-361,7965278",POINT (-72.516667 18.55),156455,Haiti,2,5,2024-10-01 00:00:00.000,33
546697,2024,9067,16265,17971,Viv Ansanm - Civilians,Viv Ansanm,Civilians,2,Haiti Libre;Associated Press Newswires,Haiti - FLASH : Arcahaie attacked by the «Taliban» Gang;Another town in Haiti comes under attack a week after gangs killed at least 115 people,"residents of the area; Lionel Lazarre, deputy police spokesman",2,Arcahaie town,several localities in the Arcahaie commune.,Ouest department,Arcahaie arrondissement,"535,6041667","-358,7361111",POINT (-72.51226 18.77019),156455,Haiti,1,2,2024-10-09 00:00:00.000,3
552520,2024,9067,16265,17971,Viv Ansanm - Civilians,Viv Ansanm,Civilians,4,Associated Press Newswires;EFE News Service;Associated Press Newswires;Haiti Libre,Gangs attack neighborhoods across Haiti's capital in new wave of violence;Dead and displaced in Haiti after new attacks by armed groups in the capital;Police in Haiti battle a gang coalition trying to seize control of the entire capital;Haiti - News : Zapping...,U.N.'s International Organization for Migration,1,Port-au-Prince city,"Solino, St. Michel, Tabarre 27",Ouest department,Port-au-Prince arrondissement,"375,1736111","-235,6388889",POINT (-72.335 18.53917),156456,Haiti,1,1,2024-10-18 00:00:00.000,3
552522,2024,9067,16265,17971,Viv Ansanm - Civilians,Viv Ansanm,Civilians,3,Associated Press Newswires;EFE News Service;Agence France Presse,"Haitians leave their homes in several neighborhoods to escape more gang violence in the capital;Dead and displaced in Haiti after new attacks by armed groups in the capital;Two killed, 5,000 flee as Haiti gangs attack in Port-au-Prince",AFP,1,Port-au-Prince city,Solino,Ouest department,Port-au-Prince arrondissement,"375,1736111","-235,6388889",POINT (-72.335 18.53917),156456,Haiti,2,2,2024-10-19 00:00:00.000,2
565521,2024,9067,16265,17971,Viv Ansanm - Civilians,Viv Ansanm,Civilians,1,BINUH,"Quarterly report on the Human Rights Situation in Haiti, October - December 2024",BINUH,1,Pétion-Ville town,"Petion Ville

Cargo, Pernier and Vivy Mitchell neighborhoods",Ouest department,Port-au-Prince arrondissement,"356,68125","-201,06875",POINT (-72.285219 18.512541),156456,Haiti,2,4,2024-11-01 00:00:00.000,4
565522,2024,9067,16265,17971,Viv Ansanm - Civilians,Viv Ansanm,Civilians,1,BINUH,"Quarterly report on the Human Rights Situation in Haiti, October - December 2024",BINUH,1,Pétion-Ville town,"Petion Ville

Cargo, Pernier and Vivy Mitchell neighborhoods",Ouest department,Port-au-Prince arrondissement,"356,68125","-201,06875",POINT (-72.285219 18.512541),156456,Haiti,2,4,2024-11-01 00:00:00.000,4
565523,2024,9067,16265,17971,Viv Ansanm - Civilians,Viv Ansanm,Civilians,1,BINUH,"Quarterly report on the Human Rights Situation in Haiti, October - December 2024",BINUH,1,Pétion-Ville town,"Petion Ville

Cargo, Pernier and Vivy Mitchell neighborhoods",Ouest department,Port-au-Prince arrondissement,"356,68125","-201,06875",POINT (-72.285219 18.512541),156456,Haiti,2,4,2024-11-01 00:00:00.000,4
565524,2024,9067,16265,17971,Viv Ansanm - Civilians,Viv Ansanm,Civilians,1,BINUH,"Quarterly report on the Human Rights Situation in Haiti, October - December 2024",BINUH,1,Pétion-Ville town,"Petion Ville

Cargo, Pernier and Vivy Mitchell neighborhoods",Ouest department,Port-au-Prince arrondissement,"356,68125","-201,06875",POINT (-72.285219 18.512541),156456,Haiti,2,4,2024-11-01 00:00:00.000,4
554429,2024,9067,16265,17971,Viv Ansanm - Civilians,Viv Ansanm,Civilians,2,Haiti Libre;BINUH,"Haiti - News : Zapping...;Quarterly report on the Human Rights Situation in Haiti, October - December 2024",Haiti Libre; BINUH,2,Cité Soleil town,"Sarthe 45 and Terre-Noire, in the commune of Cité Soleil",Ouest department,Port-au-Prince arrondissement,"402,0395833","-233,4770833",POINT (-72.331887 18.577857),156456,Haiti,1,1,2024-11-11 00:00:00.000,21
553289,2024,9067,16265,17971,Viv Ansanm - Civilians,Viv Ansanm,Civilians,1,Ayibo Post,Gangs are acquiring more territory in Haiti despite the presence of Kenyan forces,witness,1,Port-au-Prince city,"Djobel, a locality near Vallée de Bourdon

PaP",Ouest department,Port-au-Prince arrondissement,"375,1736111","-235,6388889",POINT (-72.335 18.53917),156456,Haiti,1,1,2024-11-19 00:00:00.000,2
565496,2024,9067,16265,17971,Viv Ansanm - Civilians,Viv Ansanm,Civilians,2,Haiti Libre;BINUH,"Haiti - News : Zapping...;Quarterly report on the Human Rights Situation in Haiti, October - December 2024",Haiti Libre; Human Rights Service; BINUH,2,Carrefour commune,Ka Miyay (Carrefour),Ouest department,Port-au-Prince arrondissement,"320,575","-289,1277778",POINT (-72.412024 18.460548),155736,Haiti,1,1,2024-11-29 00:00:00.000,36
561425,2024,9067,16265,17971,Viv Ansanm - Civilians,Viv Ansanm,Civilians,2,Haiti Libre;BINUH,"Haiti - News : Zapping...;Quarterly report on the Human Rights Situation in Haiti, October - December 2024",Haiti Libre; Human Rights Service; BINUH,2,Léogâne town,"Petro, a town located near the 7th section at Easter, in the commune of Léogâne",Ouest department,Léogâne arrondissement,"355,6805556","-442,8819444",POINT (-72.63343 18.5111),156455,Haiti,1,1,2024-11-29 00:00:00.000,14
560859,2024,9067,16265,17971,Viv Ansanm - Civilians,Viv Ansanm,Civilians,4,Primature de la République d’Haïti;International Crisis Group;Associted Press Newswires;Associated Press Newswires,Tweet;Crisis Watch: Haiti December 2024;Haitians demand protection after gang leader massacres dozens of people to avenge son's death;UN publishes new death toll for massacre of older people and Vodou religious leaders in Haiti,Primature de la République d’Haïti; United Nations High Commissioner for Human Rights; non-profit organization Combité pour la Paix et le Développement (CDP-Haiti); U.N. Integrated Office in Haiti,1,Cité Soleil town,"Cite Soleil

Wharf Jeremie",Ouest department,Port-au-Prince arrondissement,"402,0395833","-233,4770833",POINT (-72.331887 18.577857),156456,Haiti,1,2,2024-12-06 00:00:00.000,207
561464,2024,9067,16265,17971,Viv Ansanm - Civilians,Viv Ansanm,Civilians,1,Haiti Libre,Haiti - News : Zapping...,Haiti Libre,1,Port-au-Prince city,Poste-Marchand (Port-au-Prince),Ouest department,Port-au-Prince arrondissement,"375,1736111","-235,6388889",POINT (-72.335 18.53917),156456,Haiti,1,2,2024-12-07 00:00:00.000,1
