id,relid,year,active_year,code_status,type_of_violence,conflict_dset_id,conflict_new_id,conflict_name,dyad_dset_id,dyad_new_id,dyad_name,side_a_dset_id,side_a_new_id,side_a,side_b_dset_id,side_b_new_id,side_b,number_of_sources,source_article,source_office,source_date,source_headline,source_original,where_prec,where_coordinates,where_description,adm_1,adm_2,latitude,longitude,geom_wkt,priogrid_gid,country,iso3,country_id,region,event_clarity,date_prec,date_start,date_end,deaths_a,deaths_b,deaths_civilians,deaths_unknown,best,high,low,gwnoa,gwnob
186123,HAI-1989-1-244-2,1989,true,Clear,1,381,381,Haiti: Government,814,814,Government of Haiti - Military faction (forces of Himmler Rebu and Guy Francois),6,6,Government of Haiti,763,763,Military faction (forces of Himmler Rebu and Guy Francois),-1,"Reuters 4 April 1989 ""Uprising contained, Haitian official says"" /AP 4 April 1989 ""Loyal troops in Haiti clash with rebel units"" /St. Louis Post-Dispatch 4 April 1989 ""LOYALISTS, REBELS CLASH NEarCAPITAL OF HAITI",,,,radio reports /witnesses,1,Port-au-Prince city,"Delmas, near the barracks of the Leopards battalion, Port-au-prince",Ouest department,Port-au-Prince arrondissement,18.539170,-72.335000,POINT (-72.335 18.53917),156456,Haiti,HTI,41,Americas,1,1,1989-04-03 00:00:00.000,1989-04-03 00:00:00.000,1,8,0,0,9,9,9,41,
186122,HAI-1989-1-244-999,1989,true,Clear,1,381,381,Haiti: Government,814,814,Government of Haiti - Military faction (forces of Himmler Rebu and Guy Francois),6,6,Government of Haiti,763,763,Military faction (forces of Himmler Rebu and Guy Francois),-1,"Reuters 6 April 1989 ""REBEL TROOPS STILL DEFY GOVERNMENT.",,,,Radio Haiti and Radio Inter,1,Port-au-Prince city,Port-au-prince,Ouest department,Port-au-Prince arrondissement,18.539170,-72.335000,POINT (-72.335 18.53917),156456,Haiti,HTI,41,Americas,1,1,1989-04-05 00:00:00.000,1989-04-05 00:00:00.000,0,0,0,1,1,1,1,41,
186087,HAI-1989-1-244-998,1989,true,Clear,1,381,381,Haiti: Government,814,814,Government of Haiti - Military faction (forces of Himmler Rebu and Guy Francois),6,6,Government of Haiti,763,763,Military faction (forces of Himmler Rebu and Guy Francois),-1,"Reuters 7 April 1989 ""RADIO SILENCED, CLASHES REPORTED IN HAITI STANDOFF",,,,military sources / rebel sources,1,Port-au-Prince city,Port-au-prince,Ouest department,Port-au-Prince arrondissement,18.539170,-72.335000,POINT (-72.335 18.53917),156456,Haiti,HTI,41,Americas,1,1,1989-04-06 00:00:00.000,1989-04-06 00:00:00.000,0,4,0,0,4,12,4,41,
186124,HAI-1989-1-244-990,1989,true,Clear,1,381,381,Haiti: Government,814,814,Government of Haiti - Military faction (forces of Himmler Rebu and Guy Francois),6,6,Government of Haiti,763,763,Military faction (forces of Himmler Rebu and Guy Francois),-1,"The globe and Mail 8 April 1989 ""Haiti's loyalists battle army rebels at palace"" / St. Louis Post-Dispatch 9 April 1989 ""SOLDIERS OUST MUTINEERS FROM BARRACKS, HAITI SAYS"" /The globe and mail 10 April 1989 ""Haiti's loyalists win shootout with rebel Dessalines Battalion"" / Washington Post 10 April 1989 ""Haitian Military Ruler Quashes Army Mutiny; At Least 30 Troops Said Killed in Fighting"" /The Globe and Mail 11 April 1989 ""President assures Haitians military rebellion now under control",,,,gov source / radio /military source,1,Port-au-Prince city,"in front of the presidential palace, Port-au-prince",Ouest department,Port-au-Prince arrondissement,18.539170,-72.335000,POINT (-72.335 18.53917),156456,Haiti,HTI,41,Americas,1,2,1989-04-07 00:00:00.000,1989-04-08 00:00:00.000,5,25,4,0,34,35,7,41,
186086,HAI-1991-1-251-4,1991,true,Clear,1,381,381,Haiti: Government,815,815,Government of Haiti - Military faction (forces of Raol Cédras),6,6,Government of Haiti,764,764,Military faction (forces of Raol Cédras),-1,"Reuters 1 Oct 1991 ""HAITI AWAKENS TO NEW MILITARY LEADERS, PRESIDENT IN EXILE."" /Reuters 3 Oct 1991 ""HAITIAN MILITARY RULerSAYS HE WILL MEET OAS MISSION."" / The Globe and Mail 4 Oct 1991 ""Junta leaderdefies calls to step down Haitian general agrees to receive OAS mission"" / Kitchener-Waterloo Record 10 Oct 1991 ""Haiti spurns ultimatum, dares West to retaliate"" / The Haitian Centre forRights and Liberties, Chadel, in a report issued on 3rd December""conflicting reports on coup victims - OAS and human rights missions arrive."" /New York Times 4 Nov 1991 ""Haitian General Says Misdeeds Prompted the Coup",,,,officials / witnesses /human rights groups,1,Port-au-Prince city,Port-au-prince,Ouest department,Port-au-Prince arrondissement,18.539170,-72.335000,POINT (-72.335 18.53917),156456,Haiti,HTI,41,Americas,2,2,1991-09-30 00:00:00.000,1991-10-02 00:00:00.000,0,0,0,160,160,359,55,41,
186077,HAI-2004-1-440-37,2004,true,Clear,1,381,381,Haiti: Government,816,816,Government of Haiti - FLRN,6,6,Government of Haiti,765,765,FLRN,-1,Attention-Updates 7/1,,,,Witnesses,1,Port-au-Prince city,Port-au-Prince,Ouest department,Port-au-Prince arrondissement,18.539170,-72.335000,POINT (-72.335 18.53917),156456,Haiti,HTI,41,Americas,1,1,2004-01-07 00:00:00.000,2004-01-07 00:00:00.000,0,0,1,0,1,1,1,41,
186074,HAI-2004-1-440-36,2004,true,Clear,1,381,381,Haiti: Government,816,816,Government of Haiti - FLRN,6,6,Government of Haiti,765,765,FLRN,1,"""Agence France Presse,2004-01-27,One killed in Haiti unrest amid new student protests.""",Agence France Presse,2004-01-27,One killed in Haiti unrest amid new student protests.,Witnesses,1,Gonaives town,,L'Artibonite department,Gonaïves arrondissement,19.447490,-72.689030,POINT (-72.68903 19.44749),157175,Haiti,HTI,41,Americas,1,1,2004-01-24 00:00:00.000,2004-01-24 00:00:00.000,0,0,1,0,1,1,1,41,
186075,HAI-2004-1-440-35,2004,true,Clear,1,381,381,Haiti: Government,816,816,Government of Haiti - FLRN,6,6,Government of Haiti,765,765,FLRN,1,"""Agence France Presse,2004-01-27,11 wounded in mounting anti-government protests in Haiti.""",Agence France Presse,2004-01-27,11 wounded in mounting anti-government protests in Haiti.,Witnesses,1,Gonaives town,Gonaives,L'Artibonite department,Gonaïves arrondissement,19.447490,-72.689030,POINT (-72.68903 19.44749),157175,Haiti,HTI,41,Americas,1,1,2004-01-26 00:00:00.000,2004-01-26 00:00:00.000,0,0,1,0,1,1,1,41,
186101,HAI-2004-1-440-34,2004,true,Clear,1,381,381,Haiti: Government,816,816,Government of Haiti - FLRN,6,6,Government of Haiti,765,765,FLRN,2,"""Associated Press Newswires,2004-02-21,Haiti's police, often brutal and corrupt, fleeing rebels in droves"";""Associated Press Newswires,2004-02-21,Haiti's police, often brutal and corrupt, are fleeing rebels in droves""",Associated Press Newswires;Associated Press Newswires,2004-02-21;2004-02-21,"Haiti's police, often brutal and corrupt, fleeing rebels in droves;Haiti's police, often brutal and corrupt, are fleeing rebels in droves","Press reports, Radio Stations, Hospital officials, witnesses",6,Haiti,"Gonaives at first between February 5 to 7 and then it spread on February 7 to the cities: St. Marc, L'Estere, Anse Rouge and Grand-Goave in the west and Petite Riviere de l'Artibonite, Gros Morne, Trou du Nord, St. Raphael, Ennery and Dondon in the north - at least 9 towns were under rebels control. On February 16 the rebels seized the central town of Hinche in an attack on the police station killing 3.",,,19.000000,-72.416700,POINT (-72.4167 19),157176,Haiti,HTI,41,Americas,2,4,2004-02-05 00:00:00.000,2004-02-18 00:00:00.000,27,0,0,1,28,60,28,41,
186103,HAI-2004-1-440-32,2004,true,Clear,1,381,381,Haiti: Government,816,816,Government of Haiti - FLRN,6,6,Government of Haiti,765,765,FLRN,-1,"Reuters 5/3 2004, AP 15/4 2004",,,,The Pan American health organization,6,Haiti,,,,19.000000,-72.416700,POINT (-72.4167 19),157176,Haiti,HTI,41,Americas,2,4,2004-02-05 00:00:00.000,2004-03-05 00:00:00.000,0,0,0,73,73,200,0,41,
218869,HAI-2004-1-440-39,2004,true,Clear,1,381,381,Haiti: Government,816,816,Government of Haiti - FLRN,6,6,Government of Haiti,765,765,FLRN,13,"""Reuters News,2004-02-06,Four dead in attack on Haitian police station."";""Agence France Presse,2004-02-05,Armed Aristide rivals seize police station in northwestern Haiti."";""Agence France Presse,2004-02-05,Four killed in Haiti attack."";""Associated Press Newswires,2004-02-06,Rebels Vow to Repel Cops in Haitian City"";""Associated Press Newswires,2004-02-07,Militants pledge to repel police in Haiti's fourth-largest city, demand Aristide's ouster"";""Agence France Presse,2004-02-06,Four dead, 20 injured as Aristide rivals torch police station in Haiti."";""Agence France Presse,2004-02-06,Armed rebels seize Haiti's fourth-largest city."";""Agence France Presse,2004-02-06,11 killed in Haiti police station attack - toll."";""Associated Press Newswires,2004-02-08,Scenes of horror as police fight militants for control of Haiti's fourth-largest city"";""Associated Press Newswires,2004-02-08,Scenes of horror as police fight militants for control of Haiti's fourth-largest city"";""Agence France Presse,2004-02-07,Haitian police move into city taken by rebels."";""Agence France Presse,2004-02-07,14 police killed in sweep into rebel-seized city - rebel leader."";""Agence France Presse,2004-02-07,14 dead as Haitian police move into rebel city.""",Reuters News;Agence France Presse;Agence France Presse;Associated Press Newswires;Associated Press Newswires;Agence France Presse;Agence France Presse;Agence France Presse;Associated Press Newswires;Associated Press Newswires;Agence France Presse;Agence France Presse;Agence France Presse,2004-02-06;2004-02-05;2004-02-05;2004-02-06;2004-02-07;2004-02-06;2004-02-06;2004-02-06;2004-02-08;2004-02-08;2004-02-07;2004-02-07;2004-02-07,"Four dead in attack on Haitian police station.;Armed Aristide rivals seize police station in northwestern Haiti.;Four killed in Haiti attack.;Rebels Vow to Repel Cops in Haitian City;Militants pledge to repel police in Haiti's fourth-largest city, demand Aristide's ouster;Four dead, 20 injured as Aristide rivals torch police station in Haiti.;Armed rebels seize Haiti's fourth-largest city.;11 killed in Haiti police station attack - toll.;Scenes of horror as police fight militants for control of Haiti's fourth-largest city;Scenes of horror as police fight militants for control of Haiti's fourth-largest city;Haitian police move into city taken by rebels.;14 police killed in sweep into rebel-seized city - rebel leader.;14 dead as Haitian police move into rebel city.","independent Radio Metropole 
 Haitian Red Cross",1,Gonaives town,northern city of Gonaives,L'Artibonite department,Gonaïves arrondissement,19.447490,-72.689030,POINT (-72.68903 19.44749),157175,Haiti,HTI,41,Americas,1,1,2004-02-05 00:00:00.000,2004-02-05 00:00:00.000,3,0,4,4,11,11,7,41,
218872,HAI-2004-1-440-42,2004,true,Clear,1,381,381,Haiti: Government,816,816,Government of Haiti - FLRN,6,6,Government of Haiti,765,765,FLRN,1,"""Associated Press Newswires,2004-02-09,Uprising spreads in Haiti; death toll rises to 46""",Associated Press Newswires,2004-02-09,Uprising spreads in Haiti; death toll rises to 46,"opposition politician and former coup leader, former army Col. Himler Rebu",4,L'Artibonite department,eight towns in eastern Haiti,L'Artibonite department,,19.333330,-72.500000,POINT (-72.5 19.33333),157176,Haiti,HTI,41,Americas,2,2,2004-02-05 00:00:00.000,2004-02-09 00:00:00.000,0,0,0,0,0,24,0,41,
218871,HAI-2004-1-440-41,2004,true,Clear,1,381,381,Haiti: Government,816,816,Government of Haiti - FLRN,6,6,Government of Haiti,765,765,FLRN,2,"""Associated Press Newswires,2004-02-08,Crowds loot port as uprising spreads in Haiti after bloody battles between police, gunmen"";""Agence France Presse,2004-02-08,Coinflicting death toll as Haitian police move into rebel city.""",Associated Press Newswires;Agence France Presse,2004-02-08;2004-02-08,"Crowds loot port as uprising spreads in Haiti after bloody battles between police, gunmen;Coinflicting death toll as Haitian police move into rebel city.",rebel leader Etienne Winter,1,Gonaives town,,L'Artibonite department,Gonaïves arrondissement,19.447490,-72.689030,POINT (-72.68903 19.44749),157175,Haiti,HTI,41,Americas,1,1,2004-02-07 00:00:00.000,2004-02-07 00:00:00.000,7,0,0,2,9,14,9,41,
218870,HAI-2004-1-440-40,2004,true,Clear,1,381,381,Haiti: Government,816,816,Government of Haiti - FLRN,6,6,Government of Haiti,765,765,FLRN,1,"""Associated Press Newswires,2004-02-09,Crowds Loot Haiti Port; Uprising Spreads""",Associated Press Newswires,2004-02-09,Crowds Loot Haiti Port; Uprising Spreads,,1,Saint-Marc town,,L'Artibonite department,Saint-Marc arrondissement,19.116667,-72.700000,POINT (-72.7 19.116667),157175,Haiti,HTI,41,Americas,1,1,2004-02-08 00:00:00.000,2004-02-08 00:00:00.000,0,0,0,2,2,2,2,41,
218877,HAI-2004-1-440-43,2004,true,Clear,1,381,381,Haiti: Government,816,816,Government of Haiti - FLRN,6,6,Government of Haiti,765,765,FLRN,1,"""Associated Press Newswires,2004-02-10,At Least 41 Die in Haiti Rebellion""",Associated Press Newswires,2004-02-10,At Least 41 Die in Haiti Rebellion,,1,Saint-Marc town,,L'Artibonite department,Saint-Marc arrondissement,19.116667,-72.700000,POINT (-72.7 19.116667),157175,Haiti,HTI,41,Americas,1,1,2004-02-09 00:00:00.000,2004-02-09 00:00:00.000,0,0,0,2,2,2,2,41,
218881,HAI-2004-1-440-44,2004,true,Clear,1,381,381,Haiti: Government,816,816,Government of Haiti - FLRN,6,6,Government of Haiti,765,765,FLRN,1,"""Agence France Presse,2004-02-11,Haiti unrest claims three more lives.""",Agence France Presse,2004-02-11,Haiti unrest claims three more lives.,AFP correspondent.,1,Saint-Marc town,,L'Artibonite department,Saint-Marc arrondissement,19.116667,-72.700000,POINT (-72.7 19.116667),157175,Haiti,HTI,41,Americas,1,1,2004-02-11 00:00:00.000,2004-02-11 00:00:00.000,0,0,0,3,3,3,3,41,
218909,HAI-2004-1-440-46,2004,true,Clear,1,381,381,Haiti: Government,816,816,Government of Haiti - FLRN,6,6,Government of Haiti,765,765,FLRN,2,"""Agence France Presse,2004-02-16,Haiti blood-letting continues as rebel leader renounces use of violence."";""Agence France Presse,2004-02-16,Haiti unrest claims two more lives - death toll creeps past 50.""",Agence France Presse;Agence France Presse,2004-02-16;2004-02-16,Haiti blood-letting continues as rebel leader renounces use of violence.;Haiti unrest claims two more lives - death toll creeps past 50.,"An associate of the dead men, Jodesty Auguste AFP on Monday.",1,Saint-Marc town,,L'Artibonite department,Saint-Marc arrondissement,19.116667,-72.700000,POINT (-72.7 19.116667),157175,Haiti,HTI,41,Americas,1,2,2004-02-15 00:00:00.000,2004-02-16 00:00:00.000,0,2,0,0,2,2,2,41,
218902,HAI-2004-1-440-45,2004,true,Clear,1,381,381,Haiti: Government,816,816,Government of Haiti - FLRN,6,6,Government of Haiti,765,765,FLRN,3,"""Associated Press Newswires,2004-02-17,Haitian rebels aided by former soldiers attack another police station as anarchy spreads in troubled nation"";""Associated Press Newswires,2004-02-16,Haitian Rebels Kill Police Chief"";""Associated Press Newswires,2004-02-16,Haitian Rebels Kill Police Chief""",Associated Press Newswires;Associated Press Newswires;Associated Press Newswires,2004-02-17;2004-02-16;2004-02-16,Haitian rebels aided by former soldiers attack another police station as anarchy spreads in troubled nation;Haitian Rebels Kill Police Chief;Haitian Rebels Kill Police Chief,,1,Hinche town,,Centre department,Hinche arrondissement,19.150000,-72.016667,POINT (-72.016667 19.15),157176,Haiti,HTI,41,Americas,1,1,2004-02-16 00:00:00.000,2004-02-16 00:00:00.000,3,0,0,0,3,3,3,41,
186102,HAI-2004-1-440-33,2004,true,Clear,1,381,381,Haiti: Government,816,816,Government of Haiti - FLRN,6,6,Government of Haiti,765,765,FLRN,2,"""Agence France Presse,2004-02-23,Some 10 civilians dead in Cap Haitien attacks - official."";""Agence France Presse,2004-02-23,Some 10 civilians killed in Cap Haitien - civilian opposition weighs Haiti power-sharing plan.""",Agence France Presse;Agence France Presse,2004-02-23;2004-02-23,Some 10 civilians dead in Cap Haitien attacks - official.;Some 10 civilians killed in Cap Haitien - civilian opposition weighs Haiti power-sharing plan.,Secretary of State of Communications Mario Dupuy and the Red Cross.,1,Cap-Haïtien town,Cap Haiten,Nord department,Cap-Haïtien arrondissement,19.760000,-72.200000,POINT (-72.2 19.76),157896,Haiti,HTI,41,Americas,2,2,2004-02-22 00:00:00.000,2004-02-23 00:00:00.000,0,0,10,0,10,10,10,41,
186104,HAI-2004-1-441-31,2004,true,Clear,1,381,381,Haiti: Government,817,817,Government of Haiti - OP Lavalas,6,6,Government of Haiti,766,766,OP Lavalas,1,"""EFE News Service,2004-08-31,French official narrowly escapes attack in Haitian capital""",EFE News Service,2004-08-31,French official narrowly escapes attack in Haitian capital,An official,1,Port-au-Prince city,Site Soleil Slum,Ouest department,Port-au-Prince arrondissement,18.539170,-72.335000,POINT (-72.335 18.53917),156456,Haiti,HTI,41,Americas,1,1,2004-08-31 00:00:00.000,2004-08-31 00:00:00.000,0,0,0,0,0,1,0,41,
186105,HAI-2004-1-441-30,2004,true,Clear,1,381,381,Haiti: Government,817,817,Government of Haiti - OP Lavalas,6,6,Government of Haiti,766,766,OP Lavalas,-1,"Latin American Weekly Report, 5 October 2004",,,,Authorities,1,Port-au-Prince city,La Saline,Ouest department,Port-au-Prince arrondissement,18.539170,-72.335000,POINT (-72.335 18.53917),156456,Haiti,HTI,41,Americas,2,2,2004-09-29 00:00:00.000,2004-10-02 00:00:00.000,3,5,0,4,12,12,12,41,
186093,HAI-2004-1-441-29,2004,true,Clear,1,381,381,Haiti: Government,817,817,Government of Haiti - OP Lavalas,6,6,Government of Haiti,766,766,OP Lavalas,-1,"Jane's Intelligence Review and Latin American Weekly Report 12 October 2004. Agence France-Presse (AFP) 13/10, Agence France-Presse (AFP) 27/10",,,,Anna Gilmour,1,Port-au-Prince city,Port-au-Prince,Ouest department,Port-au-Prince arrondissement,18.539170,-72.335000,POINT (-72.335 18.53917),156456,Haiti,HTI,41,Americas,2,4,2004-09-30 00:00:00.000,2004-10-26 00:00:00.000,10,0,0,20,30,60,30,41,
186078,HAI-2004-1-441-28,2004,true,Clear,1,381,381,Haiti: Government,817,817,Government of Haiti - OP Lavalas,6,6,Government of Haiti,766,766,OP Lavalas,-1,Reuters 27/10 2004,,,,Residents of Port-au-Prince slum,1,Port-au-Prince city,Port-au-Prince slum,Ouest department,Port-au-Prince arrondissement,18.539170,-72.335000,POINT (-72.335 18.53917),156456,Haiti,HTI,41,Americas,1,1,2004-10-27 00:00:00.000,2004-10-27 00:00:00.000,0,13,0,0,13,97,13,41,
186079,HAI-2004-1-441-27,2004,true,Clear,1,381,381,Haiti: Government,817,817,Government of Haiti - OP Lavalas,6,6,Government of Haiti,766,766,OP Lavalas,-1,Reuters 19/11 2004,,,,Eyewitnesses,1,Port-au-Prince city,Port-au-Prince,Ouest department,Port-au-Prince arrondissement,18.539170,-72.335000,POINT (-72.335 18.53917),156456,Haiti,HTI,41,Americas,1,1,2004-11-19 00:00:00.000,2004-11-19 00:00:00.000,0,6,0,0,6,12,6,41,
193512,HAI-1990-3-41-1,1990,false,Clear,3,6,444,Government of Haiti - Civilians,6,911,Government of Haiti - Civilians,6,6,Government of Haiti,9999,1,Civilians,1,"""Reuters News,1990-06-12,COUNCIL OF STATE CONDEMNS ARMY'S BRUTALITY TOWARDS PEASANTS.""",Reuters News,1990-06-12,COUNCIL OF STATE CONDEMNS ARMY'S BRUTALITY TOWARDS PEASANTS.,eyewitnesses,1,Perodin village,"Perodin village, central Haiti",L'Artibonite department,Dessalines arrondissement,19.100000,-72.300000,POINT (-72.3 19.1),157176,Haiti,HTI,41,Americas,1,1,1990-05-29 00:00:00.000,1990-05-29 00:00:00.000,0,0,2,0,2,2,2,41,
193513,HAI-1990-3-41-2,1990,false,Clear,3,6,444,Government of Haiti - Civilians,6,911,Government of Haiti - Civilians,6,6,Government of Haiti,9999,1,Civilians,1,"""Reuters News,1990-12-17,MILITARY FIRE AT ARISTIDE FOLLOWERS, SHOOT PREGNANT WOMAN.""",Reuters News,1990-12-17,"MILITARY FIRE AT ARISTIDE FOLLOWERS, SHOOT PREGNANT WOMAN.",witnesses,1,Port-au-Prince city,"in front of St. Jean Bosco church, church where Aristide preached, in Port-au-Prince",Ouest department,Port-au-Prince arrondissement,18.539170,-72.335000,POINT (-72.335 18.53917),156456,Haiti,HTI,41,Americas,1,1,1990-12-17 00:00:00.000,1990-12-17 00:00:00.000,0,0,0,0,0,1,0,41,
193517,HAI-1991-3-41-2,1991,true,Clear,3,6,444,Government of Haiti - Civilians,6,911,Government of Haiti - Civilians,6,6,Government of Haiti,9999,1,Civilians,2,"""Reuters News,1991-10-01,STREETS, ONCE SCENE OF CELEBRATIONS, NOW FILLED WITH DEATH."";""Human Rights Watch,1992-01-01,HUMAN RIGHTS WATCH WORLD REPORT 1992""",Reuters News;Human Rights Watch,1991-10-01;1992-01-01,"STREETS, ONCE SCENE OF CELEBRATIONS, NOW FILLED WITH DEATH.;HUMAN RIGHTS WATCH WORLD REPORT 1992","diplomats and residents of the capital (Reuters), Platform of Haitian Organizations for the Defense of Human Rights, a coalition of nine human rights groups monitoring abuses in post-coup Haiti (HRW).",1,Port-au-Prince city,Port-au-Prince,Ouest department,Port-au-Prince arrondissement,18.539170,-72.335000,POINT (-72.335 18.53917),156456,Haiti,HTI,41,Americas,2,2,1991-09-30 00:00:00.000,1991-10-01 00:00:00.000,0,0,2,0,2,218,2,41,
193522,HAI-1991-3-41-7,1991,true,Clear,3,6,444,Government of Haiti - Civilians,6,911,Government of Haiti - Civilians,6,6,Government of Haiti,9999,1,Civilians,1,"""Amnesty International,1991-10-01,Human Rights Violations in the Aftermath of the Coup d'Etat, October 1991""",Amnesty International,1991-10-01,"Human Rights Violations in the Aftermath of the Coup d'Etat, October 1991",Amnesty,1,Gonaives town,Gonaïves,L'Artibonite department,Gonayiv arrondissement,19.447490,-72.689030,POINT (-72.68903 19.44749),157175,Haiti,HTI,41,Americas,1,3,1991-09-30 00:00:00.000,1991-10-06 00:00:00.000,0,0,6,0,6,6,6,41,
193521,HAI-1991-3-41-6,1991,true,Clear,3,6,444,Government of Haiti - Civilians,6,911,Government of Haiti - Civilians,6,6,Government of Haiti,9999,1,Civilians,1,"""Amnesty International,1991-10-01,Human Rights Violations in the Aftermath of the Coup d'Etat, October 1991""",Amnesty International,1991-10-01,"Human Rights Violations in the Aftermath of the Coup d'Etat, October 1991",Amnesty,1,Port-au-Prince city,Lafanmi Selavi orphanage in Port-au-Prince,Ouest department,Port-au-Prince arrondissement,18.539170,-72.335000,POINT (-72.335 18.53917),156456,Haiti,HTI,41,Americas,1,1,1991-10-01 00:00:00.000,1991-10-01 00:00:00.000,0,0,1,0,1,1,1,41,
193520,HAI-1991-3-41-5,1991,true,Clear,3,6,444,Government of Haiti - Civilians,6,911,Government of Haiti - Civilians,6,6,Government of Haiti,9999,1,Civilians,3,"""Amnesty International,1991-10-01,Human Rights Violations in the Aftermath of the Coup d'Etat, October 1991"";""Human Rights Watch,1992-01-01,HUMAN RIGHTS WATCH WORLD REPORT 1992"";""St. Louis Post-Dispatch,1991-10-04,HAITIAN ARMY IMPLICATED IN MASS KILLINGS 150 DEAD, HUNDREDS WOUNDED IN 3 DAYS OF ATTACKS BY SOLDIERS""",Amnesty International;Human Rights Watch;St. Louis Post-Dispatch,1991-10-01;1992-01-01;1991-10-04,"Human Rights Violations in the Aftermath of the Coup d'Etat, October 1991;HUMAN RIGHTS WATCH WORLD REPORT 1992;HAITIAN ARMY IMPLICATED IN MASS KILLINGS 150 DEAD, HUNDREDS WOUNDED IN 3 DAYS OF ATTACKS BY SOLDIERS","Radio Lumiere, HRW",1,Port-au-Prince city,Cite Soleil,Ouest department,Port-au-Prince arrondissement,18.539170,-72.335000,POINT (-72.335 18.53917),156456,Haiti,HTI,41,Americas,1,1,1991-10-02 00:00:00.000,1991-10-02 00:00:00.000,0,0,30,0,30,30,30,41,
193518,HAI-1991-3-41-3,1991,true,Clear,3,6,444,Government of Haiti - Civilians,6,911,Government of Haiti - Civilians,6,6,Government of Haiti,9999,1,Civilians,2,"""Human Rights Watch,1992-01-01,HUMAN RIGHTS WATCH WORLD REPORT 1992"";""St. Louis Post-Dispatch,1991-10-04,HAITIAN ARMY IMPLICATED IN MASS KILLINGS 150 DEAD, HUNDREDS WOUNDED IN 3 DAYS OF ATTACKS BY SOLDIERS""",Human Rights Watch;St. Louis Post-Dispatch,1992-01-01;1991-10-04,"HUMAN RIGHTS WATCH WORLD REPORT 1992;HAITIAN ARMY IMPLICATED IN MASS KILLINGS 150 DEAD, HUNDREDS WOUNDED IN 3 DAYS OF ATTACKS BY SOLDIERS","Platform of Haitian Organizations for the Defense of Human Rights, a coalition of nine human rights groups monitoring abuses in post-coup Haiti.",1,Port-au-Prince city,"Lamentin 54 neighborhood, Port-au-Prince",Ouest department,Port-au-Prince arrondissement,18.539170,-72.335000,POINT (-72.335 18.53917),156456,Haiti,HTI,41,Americas,1,1,1991-10-02 00:00:00.000,1991-10-02 00:00:00.000,0,0,0,30,30,40,30,41,
193519,HAI-1991-3-41-4,1991,true,Clear,3,6,444,Government of Haiti - Civilians,6,911,Government of Haiti - Civilians,6,6,Government of Haiti,9999,1,Civilians,1,"""The Toronto Star,1991-10-06,Haitian families claim dead""",The Toronto Star,1991-10-06,Haitian families claim dead,Eyewitnesses,1,Port-au-Prince city,Fontamara on the city's west side.,Ouest department,Port-au-Prince arrondissement,18.539170,-72.335000,POINT (-72.335 18.53917),156456,Haiti,HTI,41,Americas,1,1,1991-10-04 00:00:00.000,1991-10-04 00:00:00.000,0,0,1,0,1,1,1,41,
193528,HAI-1993-3-41-2,1993,true,Clear,3,6,444,Government of Haiti - Civilians,6,911,Government of Haiti - Civilians,6,6,Government of Haiti,9999,1,Civilians,1,"""USSD Report 1994,1994-01-01,.""",USSD Report 1994,1994-01-01,.,United Nations/Organization of American States International Civilian Mission (ICM),6,Haiti,Haiti,,,19.000000,-72.416700,POINT (-72.4167 19),157176,Haiti,HTI,41,Americas,2,5,1993-06-01 00:00:00.000,1993-09-30 00:00:00.000,0,0,0,0,0,100,0,41,
193527,HAI-1993-3-41-1,1993,true,Clear,3,6,444,Government of Haiti - Civilians,6,911,Government of Haiti - Civilians,6,6,Government of Haiti,9999,1,Civilians,1,"""Reuters,1995-08-24,.""",Reuters,1995-08-24,.,Haitian court,1,Port-au-Prince city,Sacre Coeur church in central Port-au-Prince,Ouest department,Port-au-Prince arrondissement,18.539170,-72.335000,POINT (-72.335 18.53917),156456,Haiti,HTI,41,Americas,1,1,1993-09-11 00:00:00.000,1993-09-11 00:00:00.000,0,0,1,0,1,1,1,41,
193529,HAI-1993-3-41-3,1993,true,Clear,3,6,444,Government of Haiti - Civilians,6,911,Government of Haiti - Civilians,6,6,Government of Haiti,9999,1,Civilians,1,"""Human Rights Watch,1995-01-01,HUMAN RIGHTS WATCH WORLD REPORT 1995 Haiti""",Human Rights Watch,1995-01-01,HUMAN RIGHTS WATCH WORLD REPORT 1995 Haiti,Human Rights Watch,1,Port-au-Prince city,Cite Soleil,Ouest department,Port-au-Prince arrondissement,18.539170,-72.335000,POINT (-72.335 18.53917),156456,Haiti,HTI,41,Americas,1,1,1993-12-27 00:00:00.000,1993-12-27 00:00:00.000,0,0,0,36,36,36,36,41,
193532,HAI-1994-3-41-2,1994,true,Clear,3,6,444,Government of Haiti - Civilians,6,911,Government of Haiti - Civilians,6,6,Government of Haiti,9999,1,Civilians,1,"""USSD Report 1994,1994-12-31,USSD Report 1994""",USSD Report 1994,1994-12-31,USSD Report 1994,United Nations/Organization of American States International Civilian Mission (ICM),6,Haiti,Haiti,,,19.000000,-72.416700,POINT (-72.4167 19),157176,Haiti,HTI,41,Americas,2,5,1994-01-01 00:00:00.000,1994-09-30 00:00:00.000,0,0,0,0,0,419,0,41,
193533,HAI-1994-3-41-3,1994,true,Clear,3,6,444,Government of Haiti - Civilians,6,911,Government of Haiti - Civilians,6,6,Government of Haiti,9999,1,Civilians,1,"""USSD Report 1994,1994-12-31,USSD Report 1994""",USSD Report 1994,1994-12-31,USSD Report 1994,United Nations/Organization of American States International Civilian Mission (ICM),1,Port-au-Prince city,Cite Soleil neighborhood of Port-au-Prince.,Ouest department,Port-au-Prince arrondissement,18.539170,-72.335000,POINT (-72.335 18.53917),156456,Haiti,HTI,41,Americas,1,4,1994-02-01 00:00:00.000,1994-02-28 00:00:00.000,0,0,6,0,6,6,6,41,
193531,HAI-1994-3-41-1,1994,true,Clear,3,6,444,Government of Haiti - Civilians,6,911,Government of Haiti - Civilians,6,6,Government of Haiti,9999,1,Civilians,2,"""Human Rights Watch,1995-01-01,HUMAN RIGHTS WATCH WORLD REPORT 1995 Haiti"";""USSD Report 1994,1994-12-31,USSD Report 1994""",Human Rights Watch;USSD Report 1994,1995-01-01;1994-12-31,HUMAN RIGHTS WATCH WORLD REPORT 1995 Haiti;USSD Report 1994,Human Rights Watch,1,Gonaives town,"Raboteau, a poor neighborhood of Gonaives",L'Artibonite department,Gonayiv arrondissement,19.447490,-72.689030,POINT (-72.68903 19.44749),157175,Haiti,HTI,41,Americas,1,1,1994-04-23 00:00:00.000,1994-04-23 00:00:00.000,0,0,26,0,26,26,26,41,
193534,HAI-1994-3-41-4,1994,true,Clear,3,6,444,Government of Haiti - Civilians,6,911,Government of Haiti - Civilians,6,6,Government of Haiti,9999,1,Civilians,1,"""USSD Report 1994,1994-12-31,USSD Report 1994""",USSD Report 1994,1994-12-31,USSD Report 1994,United Nations/Organization of American States International Civilian Mission (ICM),1,Gressiers town,"Gressiers, near Leogane",Ouest department,Port-au-Prince arrondissement,18.550000,-72.516667,POINT (-72.516667 18.55),156455,Haiti,HTI,41,Americas,1,4,1994-07-01 00:00:00.000,1994-07-31 00:00:00.000,0,0,0,12,12,12,12,41,
193536,HAI-1995-3-41-0,1995,false,Clear,3,6,444,Government of Haiti - Civilians,6,911,Government of Haiti - Civilians,6,6,Government of Haiti,9999,1,Civilians,1,"""Reuters,1995-11-23,.""",Reuters,1995-11-23,.,"officials, witnesses and local radio reports",1,Port-au-Prince city,Cite Soleil,Ouest department,Port-au-Prince arrondissement,18.539170,-72.335000,POINT (-72.335 18.53917),156456,Haiti,HTI,41,Americas,1,1,1995-11-23 00:00:00.000,1995-11-23 00:00:00.000,0,0,1,0,1,1,1,41,
193541,HAI-1999-3-41-1,1999,false,Clear,3,6,444,Government of Haiti - Civilians,6,911,Government of Haiti - Civilians,6,6,Government of Haiti,9999,1,Civilians,1,"""Reuters,1999-04-20,.""",Reuters,1999-04-20,.,witnesses,1,Port-au-Prince city,"Belair, a slum in Haiti's capital",Ouest department,Port-au-Prince arrondissement,18.539170,-72.335000,POINT (-72.335 18.53917),156456,Haiti,HTI,41,Americas,1,1,1999-04-20 00:00:00.000,1999-04-20 00:00:00.000,0,0,0,0,0,1,0,41,
193540,HAI-1999-3-41-0,1999,false,Clear,3,6,444,Government of Haiti - Civilians,6,911,Government of Haiti - Civilians,6,6,Government of Haiti,9999,1,Civilians,1,"""Reuters,1999-06-01,.""",Reuters,1999-06-01,.,"MICIVIH, police, relatives",1,Port-au-Prince city,"Carresour Seuilles neighborhood, Carrefour Feuilles shantytown, Port-au-Prince",Ouest department,Port-au-Prince arrondissement,18.539170,-72.335000,POINT (-72.335 18.53917),156456,Haiti,HTI,41,Americas,1,1,1999-05-28 00:00:00.000,1999-05-28 00:00:00.000,0,0,0,11,11,11,11,41,
193548,HAI-2004-3-41-10,2004,false,Clear,3,6,444,Government of Haiti - Civilians,6,911,Government of Haiti - Civilians,6,6,Government of Haiti,9999,1,Civilians,1,"""Human Rights Watch,2005-01-01,Human Rights Watch Annual Report 2005 Haiti""",Human Rights Watch,2005-01-01,Human Rights Watch Annual Report 2005 Haiti,Family members of the dead,1,Saint-Marc town,"Saint Marc, a town an hour south of Gonaives",L'Artibonite department,Saint-Marc arrondissement,19.116667,-72.700000,POINT (-72.7 19.116667),157175,Haiti,HTI,41,Americas,2,4,2004-02-01 00:00:00.000,2004-02-29 00:00:00.000,0,0,0,21,21,21,21,41,
219011,HAI-2004-3-41-7,2004,false,Clear,3,6,444,Government of Haiti - Civilians,6,911,Government of Haiti - Civilians,6,6,Government of Haiti,9999,1,Civilians,1,"""Associated Press Newswires,2004-02-20,Foreigners leave Haiti as police flee new outposts in rebellion; Aristide militants torch homes in St. Marc""",Associated Press Newswires,2004-02-20,Foreigners leave Haiti as police flee new outposts in rebellion; Aristide militants torch homes in St. Marc,independent Radio Galaxie,1,Saint-Marc town,,L'Artibonite department,Saint-Marc arrondissement,19.116667,-72.700000,POINT (-72.7 19.116667),157175,Haiti,HTI,41,Americas,1,2,2004-02-19 00:00:00.000,2004-02-20 00:00:00.000,0,0,0,3,3,3,3,41,
193551,HAI-2004-3-41-4,2004,false,Clear,3,6,444,Government of Haiti - Civilians,6,911,Government of Haiti - Civilians,6,6,Government of Haiti,9999,1,Civilians,1,"""Human Rights Watch,2005-01-01,Human Rights Watch Annual Report 2005 Haiti""",Human Rights Watch,2005-01-01,Human Rights Watch Annual Report 2005 Haiti,"National
Coalition for Haitian Rights",1,Port-au-Prince city,"Fort National, a poor area of Port-au-Prince",Ouest department,Port-au-Prince arrondissement,18.539170,-72.335000,POINT (-72.335 18.53917),156456,Haiti,HTI,41,Americas,1,1,2004-10-26 00:00:00.000,2004-10-26 00:00:00.000,0,0,0,0,0,7,0,41,
107907,HAI-2005-3-41-0,2005,true,Clear,3,6,444,Government of Haiti - Civilians,6,911,Government of Haiti - Civilians,6,6,Government of Haiti,9999,1,Civilians,1,"""Reuters,2005-01-20,Haitians accuse police of killing radio journalist""",Reuters,2005-01-20,Haitians accuse police of killing radio journalist,witnesses and a human rights group,1,Port-au-Prince city,"Village de Dieu, a Port-au-Prince shantytown believed to be a bastion of gangs loyal to former President Jean-Bertrand Aristide",Ouest department,Port-au-Prince arrondissement,18.539170,-72.335000,POINT (-72.335 18.53917),156456,Haiti,HTI,41,Americas,1,1,2005-01-20 00:00:00.000,2005-01-20 00:00:00.000,0,0,4,0,4,8,4,41,
186130,HAI-2005-3-41-1,2005,true,Clear,3,6,444,Government of Haiti - Civilians,6,911,Government of Haiti - Civilians,6,6,Government of Haiti,9999,1,Civilians,1,"""ICG,2005-05-31,Spoiling Security in Haiti""",ICG,2005-05-31,Spoiling Security in Haiti,Victima,1,Port-au-Prince city,"Rue St Martin and Rue Tiremasse, Bel Air, Port-au-Prince",Ouest department,Port-au-Prince arrondissement,18.539170,-72.335000,POINT (-72.335 18.53917),156456,Haiti,HTI,41,Americas,1,1,2005-02-25 00:00:00.000,2005-02-25 00:00:00.000,0,0,6,0,6,6,6,41,
186131,HAI-2005-3-41-2,2005,true,Clear,3,6,444,Government of Haiti - Civilians,6,911,Government of Haiti - Civilians,6,6,Government of Haiti,9999,1,Civilians,1,"""Reuters,2005-02-28,Police open fire during Haiti protest, one killed""",Reuters,2005-02-28,"Police open fire during Haiti protest, one killed",witnesses,1,Port-au-Prince city,"Bel Air, Port-au-Prince slum",Ouest department,Port-au-Prince arrondissement,18.539170,-72.335000,POINT (-72.335 18.53917),156456,Haiti,HTI,41,Americas,1,1,2005-02-28 00:00:00.000,2005-02-28 00:00:00.000,0,0,3,0,3,3,3,41,
186132,HAI-2005-3-41-3,2005,true,Clear,3,6,444,Government of Haiti - Civilians,6,911,Government of Haiti - Civilians,6,6,Government of Haiti,9999,1,Civilians,1,"""Reuters,2005-04-27,At least five die in gunfire at Haiti demo""",Reuters,2005-04-27,At least five die in gunfire at Haiti demo,"Renan Etienne, central director for Haiti's administrative police AND 21-year-old Romel Dorisma giving different views of what happen.",1,Port-au-Prince city,Port-au-Prince,Ouest department,Port-au-Prince arrondissement,18.539170,-72.335000,POINT (-72.335 18.53917),156456,Haiti,HTI,41,Americas,1,1,2005-04-27 00:00:00.000,2005-04-27 00:00:00.000,0,0,5,0,5,5,5,41,
186134,HAI-2005-3-41-5,2005,true,Clear,3,6,444,Government of Haiti - Civilians,6,911,Government of Haiti - Civilians,6,6,Government of Haiti,9999,1,Civilians,1,"""Dow Jones International News ,2005-04-29,""Gunfire Erupts As Police,Peacekeepers Move Into Haiti Slum""""",Dow Jones International News,2005-04-29,"""Gunfire Erupts As Police,Peacekeepers Move Into Haiti Slum""",Residents and victims wife,1,Port-au-Prince city,Port-au-Prince slum of Bel Air,Ouest department,Port-au-Prince arrondissement,18.539170,-72.335000,POINT (-72.335 18.53917),156456,Haiti,HTI,41,Americas,1,1,2005-04-28 00:00:00.000,2005-04-28 00:00:00.000,0,0,1,0,1,1,1,41,
186133,HAI-2005-3-41-4,2005,true,Clear,3,6,444,Government of Haiti - Civilians,6,911,Government of Haiti - Civilians,6,6,Government of Haiti,9999,1,Civilians,1,"""Dow Jones International News ,2005-08-09,Hundreds Of UN Troops Raid Slum In Haiti's Capital""",Dow Jones International News,2005-08-09,Hundreds Of UN Troops Raid Slum In Haiti's Capital,residents,1,Port-au-Prince city,slums of Port-au-Prince,Ouest department,Port-au-Prince arrondissement,18.539170,-72.335000,POINT (-72.335 18.53917),156456,Haiti,HTI,41,Americas,1,1,2005-08-06 00:00:00.000,2005-08-06 00:00:00.000,0,0,0,1,1,1,1,41,
186135,HAI-2005-3-41-6,2005,true,Clear,3,6,444,Government of Haiti - Civilians,6,911,Government of Haiti - Civilians,6,6,Government of Haiti,9999,1,Civilians,1,"""Reuters,2005-08-25,U.N. to investigate Haiti slum lynchings"", San Fransisco Bay View""",Reuters,2005-08-25,"U.N. to investigate Haiti slum lynchings"", San Fransisco Bay View","Lionel Mondestin, community leader,",1,Port-au-Prince city,Port-au-Prince,Ouest department,Port-au-Prince arrondissement,18.539170,-72.335000,POINT (-72.335 18.53917),156456,Haiti,HTI,41,Americas,2,2,2005-08-19 00:00:00.000,2005-08-21 00:00:00.000,0,0,20,0,20,50,20,41,
387853,HAI-2017-3-911-1,2017,false,Clear,3,6,444,Government of Haiti - Civilians,6,911,Government of Haiti - Civilians,6,6,Government of Haiti,9999,1,Civilians,2,"""RNDDH,2017-11-29,Opération du 13 novembre 2017 : de l’intervention policière à l’exécution sommaire"";""The Intercept,2018-01-10,A U.N.-BACKED POLICE FORCE CARRIED OUT A MASSACRE IN HAITI. THE KILLINGS HAVE BEEN ALMOST ENTIRELY IGNORED. """,RNDDH;The Intercept,2017-11-29;2018-01-10,Opération du 13 novembre 2017 : de l’intervention policière à l’exécution sommaire;A U.N.-BACKED POLICE FORCE CARRIED OUT A MASSACRE IN HAITI. THE KILLINGS HAVE BEEN ALMOST ENTIRELY IGNORED.,witnesses,1,Port-au-Prince city,,Ouest department,Port-au-Prince arrondissement,18.539170,-72.335000,POINT (-72.335 18.53917),156456,Haiti,HTI,41,Americas,1,1,2017-11-13 00:00:00.000,2017-11-13 00:00:00.000,0,0,8,0,8,8,8,41,
277540,HAI-2018-3-911-4,2018,true,Clear,3,6,444,Government of Haiti - Civilians,6,911,Government of Haiti - Civilians,6,6,Government of Haiti,9999,1,Civilians,3,"""US Department of the Treasury,2020-12-10,Treasury Sanctions Serious Human Rights Abusers on International Human Rights Day"";""National Human Rights Defense Network (RNDDH),2020-08-13,Assassinations, Ambushes, Hostage-taking, Rape, Fires, Raids: The authorities in power have installed terror in Cité Soleil"";""National Human Rights Defense Network (RNDDH),2020-06-23,Attacks on deprived neighborhoods: The RNDDH demands the end of the protection of armed gangs by the authorities in power""",US Department of the Treasury;National Human Rights Defense Network (RNDDH);National Human Rights Defense Network (RNDDH),2020-12-10;2020-08-13;2020-06-23,"Treasury Sanctions Serious Human Rights Abusers on International Human Rights Day;Assassinations, Ambushes, Hostage-taking, Rape, Fires, Raids: The authorities in power have installed terror in Cité Soleil;Attacks on deprived neighborhoods: The RNDDH demands the end of the protection of armed gangs by the authorities in power","official sources, witnesses",1,Cité Soleil town,La Saline neighbourhood,Ouest department,Port-au-Prince arrondissement,18.577857,-72.331887,POINT (-72.331887 18.577857),156456,Haiti,HTI,41,Americas,1,2,2018-11-13 00:00:00.000,2018-11-14 00:00:00.000,0,0,0,71,71,71,71,41,
392624,HAI-2019-3-911-0,2019,false,Clear,3,6,444,Government of Haiti - Civilians,6,911,Government of Haiti - Civilians,6,6,Government of Haiti,9999,1,Civilians,1,"""Van Bef Info,2019-11-25,Haïti/ Sécurité Des policiers accusés d’avoir tué un jeune homme à Mirebalais""",Van Bef Info,2019-11-25,Haïti/ Sécurité Des policiers accusés d’avoir tué un jeune homme à Mirebalais,witnesses,1,Mirebalais town,"in Mirebalais, commune of the Center department, in a locality called ""Dèyè Kwa""",Centre department,Mirebalais arrondissement,18.834550,-72.104800,POINT (-72.1048 18.83455),156456,Haiti,HTI,41,Americas,1,1,2019-11-25 00:00:00.000,2019-11-25 00:00:00.000,0,0,1,0,1,1,1,41,
359682,HAI-2020-3-911-0,2020,false,Clear,3,6,444,Government of Haiti - Civilians,6,911,Government of Haiti - Civilians,6,6,Government of Haiti,9999,1,Civilians,1,"""Haiti Libre,2020-10-04,A student shot dead, smear of the Palace security officers ?""",Haiti Libre,2020-10-04,"A student shot dead, smear of the Palace security officers ?",Students,1,Port-au-Prince city,,Ouest department,Port-au-Prince arrondissement,18.539170,-72.335000,POINT (-72.335 18.53917),156456,Haiti,HTI,41,Americas,1,1,2020-10-03 00:00:00.000,2020-10-03 00:00:00.000,0,0,1,0,1,1,1,41,
375633,HAI-2021-3-911-0,2021,false,Clear,3,6,444,Government of Haiti - Civilians,6,911,Government of Haiti - Civilians,6,6,Government of Haiti,9999,1,Civilians,1,"""Haiti Pros Info,2021-01-11,A young man shot dead by a security guard for the mayor of Port-de-Paix""",Haiti Pros Info,2021-01-11,A young man shot dead by a security guard for the mayor of Port-de-Paix,witnesses,1,Port-de-Paix town,,Nord-Ouest department,Port-de-Paix arrondissement,19.934889,-72.830869,POINT (-72.830869 19.934889),157895,Haiti,HTI,41,Americas,1,1,2021-01-10 00:00:00.000,2021-01-10 00:00:00.000,0,0,1,0,1,1,1,41,
392786,HAI-2021-3-911-2,2021,false,Clear,3,6,444,Government of Haiti - Civilians,6,911,Government of Haiti - Civilians,6,6,Government of Haiti,9999,1,Civilians,1,"""Haiti Infos Pro,2021-03-11,Police operation: at least three corpses identified at Portail Léogane""",Haiti Infos Pro,2021-03-11,Police operation: at least three corpses identified at Portail Léogane,witnesses,1,Port-au-Prince city,"Portail Léogane, Port-au-Prince 

>>There is another Portail Leogane near Jacmel in the Sud department, but this event took place in Port-au-Prince",Ouest department,Port-au-Prince arrondissement,18.539170,-72.335000,POINT (-72.335 18.53917),156456,Haiti,HTI,41,Americas,1,1,2021-03-11 00:00:00.000,2021-03-11 00:00:00.000,0,0,3,0,3,3,3,41,
404464,HAI-2021-3-911-6,2021,false,Clear,3,6,444,Government of Haiti - Civilians,6,911,Government of Haiti - Civilians,6,6,Government of Haiti,9999,1,Civilians,1,"""Van Bef Info,2021-05-08,A mechanic shot dead in the city center, a soldier pointed out""",Van Bef Info,2021-05-08,"A mechanic shot dead in the city center, a soldier pointed out",eyewitnesses,1,Port-au-Prince city,"rue du Champ-de-Mars, in downtown Montreal, P-a-P",Ouest department,Port-au-Prince arrondissement,18.539170,-72.335000,POINT (-72.335 18.53917),156456,Haiti,HTI,41,Americas,1,1,2021-05-08 00:00:00.000,2021-05-08 00:00:00.000,0,0,1,0,1,1,1,41,
432892,HAI-2022-3-911-2,2022,false,Clear,3,6,444,Government of Haiti - Civilians,6,911,Government of Haiti - Civilians,6,6,Government of Haiti,9999,1,Civilians,3,"""Haiti Libre,2022-02-24,Haiti - FLASH : Demonstration, 4 journalists injured including one fatally"";""Haiti Libre,2022-02-25,Haiti - Justice : Death of Journalist Maxihen Lazzare, police could be involved"";""Reuters,2022-02-24,Haiti police open fire on demonstrators, one journalist killed""",Haiti Libre;Haiti Libre;Reuters,2022-02-24;2022-02-25;2022-02-24,"Haiti - FLASH : Demonstration, 4 journalists injured including one fatally;Haiti - Justice : Death of Journalist Maxihen Lazzare, police could be involved;Haiti police open fire on demonstrators, one journalist killed",,1,Port-au-Prince city,Port-au-Prince,Ouest department,Port-au-Prince arrondissement,18.539170,-72.335000,POINT (-72.335 18.53917),156456,Haiti,HTI,41,Americas,1,1,2022-02-23 00:00:00.000,2022-02-23 00:00:00.000,0,0,1,0,1,1,1,41,
510189,HAI-2023-3-911-8,2023,true,Clear,3,6,444,Government of Haiti - Civilians,6,911,Government of Haiti - Civilians,6,6,Government of Haiti,9999,1,Civilians,1,"""The National Human Rights Defense Network (RNDDH),2023-05-09,The reign of Prime Minister Ariel HENRY Or The fury of the armed gangs""",The National Human Rights Defense Network (RNDDH),2023-05-09,The reign of Prime Minister Ariel HENRY Or The fury of the armed gangs,RNDDH,1,Port-au-Prince city,Bel-Air,Ouest department,Port-au-Prince arrondissement,18.539170,-72.335000,POINT (-72.335 18.53917),156456,Haiti,HTI,41,Americas,2,4,2023-02-27 00:00:00.000,2023-03-12 00:00:00.000,0,0,7,0,7,9,7,41,
510159,HAI-2023-3-911-1,2023,true,Clear,3,6,444,Government of Haiti - Civilians,6,911,Government of Haiti - Civilians,6,6,Government of Haiti,9999,1,Civilians,1,"""The National Human Rights Defense Network (RNDDH),2023-05-09,The reign of Prime Minister Ariel HENRY Or The fury of the armed gangs""",The National Human Rights Defense Network (RNDDH),2023-05-09,The reign of Prime Minister Ariel HENRY Or The fury of the armed gangs,RNDDH,1,Port-au-Prince city,Bel-Air,Ouest department,Port-au-Prince arrondissement,18.539170,-72.335000,POINT (-72.335 18.53917),156456,Haiti,HTI,41,Americas,1,1,2023-02-28 00:00:00.000,2023-02-28 00:00:00.000,0,0,20,0,20,20,20,41,
510179,HAI-2023-3-911-5,2023,true,Clear,3,6,444,Government of Haiti - Civilians,6,911,Government of Haiti - Civilians,6,6,Government of Haiti,9999,1,Civilians,1,"""The National Human Rights Defense Network (RNDDH),2023-05-09,The reign of Prime Minister Ariel HENRY Or The fury of the armed gangs""",The National Human Rights Defense Network (RNDDH),2023-05-09,The reign of Prime Minister Ariel HENRY Or The fury of the armed gangs,RNDDH,1,Port-au-Prince city,Bel-Air,Ouest department,Port-au-Prince arrondissement,18.539170,-72.335000,POINT (-72.335 18.53917),156456,Haiti,HTI,41,Americas,1,1,2023-03-01 00:00:00.000,2023-03-01 00:00:00.000,0,0,9,0,9,9,9,41,
510182,HAI-2023-3-911-6,2023,true,Clear,3,6,444,Government of Haiti - Civilians,6,911,Government of Haiti - Civilians,6,6,Government of Haiti,9999,1,Civilians,1,"""The National Human Rights Defense Network (RNDDH),2023-05-09,The reign of Prime Minister Ariel HENRY Or The fury of the armed gangs""",The National Human Rights Defense Network (RNDDH),2023-05-09,The reign of Prime Minister Ariel HENRY Or The fury of the armed gangs,RNDDH,1,Port-au-Prince city,Bel-Air,Ouest department,Port-au-Prince arrondissement,18.539170,-72.335000,POINT (-72.335 18.53917),156456,Haiti,HTI,41,Americas,1,1,2023-03-02 00:00:00.000,2023-03-02 00:00:00.000,0,0,3,0,3,3,3,41,
510164,HAI-2023-3-911-3,2023,true,Clear,3,6,444,Government of Haiti - Civilians,6,911,Government of Haiti - Civilians,6,6,Government of Haiti,9999,1,Civilians,1,"""The National Human Rights Defense Network (RNDDH),2023-05-09,The reign of Prime Minister Ariel HENRY Or The fury of the armed gangs""",The National Human Rights Defense Network (RNDDH),2023-05-09,The reign of Prime Minister Ariel HENRY Or The fury of the armed gangs,RNDDH,1,Port-au-Prince city,Upper Bel-Air,Ouest department,Port-au-Prince arrondissement,18.539170,-72.335000,POINT (-72.335 18.53917),156456,Haiti,HTI,41,Americas,1,1,2023-03-03 00:00:00.000,2023-03-03 00:00:00.000,0,0,20,0,20,20,20,41,
510166,HAI-2023-3-911-4,2023,true,Clear,3,6,444,Government of Haiti - Civilians,6,911,Government of Haiti - Civilians,6,6,Government of Haiti,9999,1,Civilians,1,"""The National Human Rights Defense Network (RNDDH),2023-05-09,The reign of Prime Minister Ariel HENRY Or The fury of the armed gangs""",The National Human Rights Defense Network (RNDDH),2023-05-09,The reign of Prime Minister Ariel HENRY Or The fury of the armed gangs,RNDDH,2,Port-au-Prince city,Domòn and on Rue Saint Martin Extended.,Ouest department,Port-au-Prince arrondissement,18.539170,-72.335000,POINT (-72.335 18.53917),156456,Haiti,HTI,41,Americas,1,1,2023-03-05 00:00:00.000,2023-03-05 00:00:00.000,0,0,20,0,20,20,20,41,
510184,HAI-2023-3-911-7.1,2023,true,Clear,3,6,444,Government of Haiti - Civilians,6,911,Government of Haiti - Civilians,6,6,Government of Haiti,9999,1,Civilians,1,"""The National Human Rights Defense Network (RNDDH),2023-05-09,The reign of Prime Minister Ariel HENRY Or The fury of the armed gangs""",The National Human Rights Defense Network (RNDDH),2023-05-09,The reign of Prime Minister Ariel HENRY Or The fury of the armed gangs,RNDDH,1,Port-au-Prince city,Bel-Air,Ouest department,Port-au-Prince arrondissement,18.539170,-72.335000,POINT (-72.335 18.53917),156456,Haiti,HTI,41,Americas,1,1,2023-03-06 00:00:00.000,2023-03-06 00:00:00.000,0,0,1,0,1,1,1,41,
510185,HAI-2023-3-911-7.2,2023,true,Clear,3,6,444,Government of Haiti - Civilians,6,911,Government of Haiti - Civilians,6,6,Government of Haiti,9999,1,Civilians,1,"""The National Human Rights Defense Network (RNDDH),2023-05-09,The reign of Prime Minister Ariel HENRY Or The fury of the armed gangs""",The National Human Rights Defense Network (RNDDH),2023-05-09,The reign of Prime Minister Ariel HENRY Or The fury of the armed gangs,RNDDH,1,Port-au-Prince city,Bel-Air,Ouest department,Port-au-Prince arrondissement,18.539170,-72.335000,POINT (-72.335 18.53917),156456,Haiti,HTI,41,Americas,1,1,2023-03-07 00:00:00.000,2023-03-07 00:00:00.000,0,0,1,0,1,1,1,41,
510186,HAI-2023-3-911-7.3,2023,true,Clear,3,6,444,Government of Haiti - Civilians,6,911,Government of Haiti - Civilians,6,6,Government of Haiti,9999,1,Civilians,1,"""The National Human Rights Defense Network (RNDDH),2023-05-09,The reign of Prime Minister Ariel HENRY Or The fury of the armed gangs""",The National Human Rights Defense Network (RNDDH),2023-05-09,The reign of Prime Minister Ariel HENRY Or The fury of the armed gangs,RNDDH,1,Port-au-Prince city,Bel-Air,Ouest department,Port-au-Prince arrondissement,18.539170,-72.335000,POINT (-72.335 18.53917),156456,Haiti,HTI,41,Americas,1,1,2023-03-08 00:00:00.000,2023-03-08 00:00:00.000,0,0,1,0,1,1,1,41,
510187,HAI-2023-3-911-7.4,2023,true,Clear,3,6,444,Government of Haiti - Civilians,6,911,Government of Haiti - Civilians,6,6,Government of Haiti,9999,1,Civilians,1,"""The National Human Rights Defense Network (RNDDH),2023-05-09,The reign of Prime Minister Ariel HENRY Or The fury of the armed gangs""",The National Human Rights Defense Network (RNDDH),2023-05-09,The reign of Prime Minister Ariel HENRY Or The fury of the armed gangs,RNDDH,1,Port-au-Prince city,Bel-Air,Ouest department,Port-au-Prince arrondissement,18.539170,-72.335000,POINT (-72.335 18.53917),156456,Haiti,HTI,41,Americas,1,1,2023-03-08 00:00:00.000,2023-03-08 00:00:00.000,0,0,1,0,1,1,1,41,
510188,HAI-2023-3-911-7.5,2023,true,Clear,3,6,444,Government of Haiti - Civilians,6,911,Government of Haiti - Civilians,6,6,Government of Haiti,9999,1,Civilians,1,"""The National Human Rights Defense Network (RNDDH),2023-05-09,The reign of Prime Minister Ariel HENRY Or The fury of the armed gangs""",The National Human Rights Defense Network (RNDDH),2023-05-09,The reign of Prime Minister Ariel HENRY Or The fury of the armed gangs,RNDDH,1,Port-au-Prince city,Bel-Air,Ouest department,Port-au-Prince arrondissement,18.539170,-72.335000,POINT (-72.335 18.53917),156456,Haiti,HTI,41,Americas,1,1,2023-03-12 00:00:00.000,2023-03-12 00:00:00.000,0,0,1,0,1,1,1,41,
510426,HAI-2023-3-911-9.1,2023,true,Clear,3,6,444,Government of Haiti - Civilians,6,911,Government of Haiti - Civilians,6,6,Government of Haiti,9999,1,Civilians,1,"""RNDDH,2023-07-13,The resurgence of acts against lives and property: RNDDH urges police authorities to act.""",RNDDH,2023-07-13,The resurgence of acts against lives and property: RNDDH urges police authorities to act.,"RNDDH, residents",5,Croix-des-Bouquets commune,Lilavois 11,Ouest department,Croix-des-Bouquets arrondissement,18.606567,-72.222182,POINT (-72.222182 18.606567),156456,Haiti,HTI,41,Americas,1,1,2023-07-06 00:00:00.000,2023-07-06 00:00:00.000,0,0,0,0,0,1,0,41,
563134,HAI-2024-3-911-3,2024,true,Clear,3,6,444,Government of Haiti - Civilians,6,911,Government of Haiti - Civilians,6,6,Government of Haiti,9999,1,Civilians,1,"""UN Integrated Office in Haiti (BINUH),2024-04-19,QUARTERLY REPORT ON THE HUMAN RIGHTS SITUATION IN HAITI""",UN Integrated Office in Haiti (BINUH),2024-04-19,QUARTERLY REPORT ON THE HUMAN RIGHTS SITUATION IN HAITI,BINUH,1,Cité Soleil town,Drouillard neighborhood (Cité Soleil),Ouest department,Port-au-Prince arrondissement,18.577857,-72.331887,POINT (-72.331887 18.577857),156456,Haiti,HTI,41,Americas,1,1,2024-03-14 00:00:00.000,2024-03-14 00:00:00.000,0,0,0,0,0,2,0,41,
563429,HAI-2024-3-911-4,2024,true,Clear,3,6,444,Government of Haiti - Civilians,6,911,Government of Haiti - Civilians,6,6,Government of Haiti,9999,1,Civilians,1,"""BINUH,2024-06-30,QUARTERLY REPORT ON THE HUMAN RIGHTS SITUATION IN HAITI  April - June 2024 """,BINUH,2024-06-30,QUARTERLY REPORT ON THE HUMAN RIGHTS SITUATION IN HAITI  April - June 2024,BINUH,6,Haiti,Haiti,,,19.000000,-72.416700,POINT (-72.4167 19),157176,Haiti,HTI,41,Americas,2,5,2024-04-01 00:00:00.000,2024-06-30 00:00:00.000,0,0,45,0,45,45,45,41,
193462,HAI-1991-2-376-2,1991,true,Clear,2,5508,4898,Supporters of Jean-Bertrand Aristide - Supporters of Roger Lafontant,5508,5508,Supporters of Jean-Bertrand Aristide - Supporters of Roger Lafontant,850,850,Supporters of Jean-Bertrand Aristide,851,851,Supporters of Roger Lafontant,4,"""Reuters,1991-01-09,CURFEW CLAMPED ON TENSE HAITIAN CAPITAL AFTER ABORTED COUP."";""The Globe and Mail,1991-01-08,Haitian army foils coup attempt Feared Duvalier loyalist arrested after hiding in elevator"";""The Globe and Mail,1991-01-09,Calm returns to Haiti after failed coup attempt 40 people shot, stoned or hacked to death by vengeful mobs"";""Keesing's record of World Events News Digest ,1991-01-31,Keesing's record of World Events News Digest for January 1991""",Reuters;The Globe and Mail;The Globe and Mail;Keesing's record of World Events News Digest,1991-01-09;1991-01-08;1991-01-09;1991-01-31,"CURFEW CLAMPED ON TENSE HAITIAN CAPITAL AFTER ABORTED COUP.;Haitian army foils coup attempt Feared Duvalier loyalist arrested after hiding in elevator;Calm returns to Haiti after failed coup attempt 40 people shot, stoned or hacked to death by vengeful mobs;Keesing's record of World Events News Digest for January 1991",local radio / witnesses / independent TV station /diplomats,1,Port-au-Prince city,Port-au-prince,Ouest department,Port-au-Prince arrondissement,18.539170,-72.335000,POINT (-72.335 18.53917),156456,Haiti,HTI,41,Americas,1,1,1991-01-07 00:00:00.000,1991-01-07 00:00:00.000,0,0,0,40,40,50,37,,
354746,HAI-2020-3-16462-9,2020,true,Clear,3,7793,15080,G9 - Civilians,7793,16462,G9 - Civilians,7793,7793,G9,9999,1,Civilians,1,"""National Human Rights Defense Network (RNDDH),2020-08-13,Assassinations, Ambushes, Hostage-taking, Rape, Fires, Raids: The authorities in power have installed terror in Cité Soleil""",National Human Rights Defense Network (RNDDH),2020-08-13,"Assassinations, Ambushes, Hostage-taking, Rape, Fires, Raids: The authorities in power have installed terror in Cité Soleil","Several official sources, as well as testimony from witnesses",1,Cité Soleil town,"Cité Soleil, Port-au-Prince",Ouest department,Port-au-Prince arrondissement,18.577857,-72.331887,POINT (-72.331887 18.577857),156456,Haiti,HTI,41,Americas,2,4,2020-06-01 00:00:00.000,2020-06-30 00:00:00.000,0,0,1,0,1,1,1,,
354692,HAI-2020-3-16462-2,2020,true,Clear,3,7793,15080,G9 - Civilians,7793,16462,G9 - Civilians,7793,7793,G9,9999,1,Civilians,1,"""National Human Rights Defense Network (RNDDH),2020-08-13,Assassinations, Ambushes, Hostage-taking, Rape, Fires, Raids: The authorities in power have installed terror in Cité Soleil""",National Human Rights Defense Network (RNDDH),2020-08-13,"Assassinations, Ambushes, Hostage-taking, Rape, Fires, Raids: The authorities in power have installed terror in Cité Soleil","Several official sources, as well as testimony from witnesses.",1,Cité Soleil town,"Cité Soleil, Port-au-Prince",Ouest department,Port-au-Prince arrondissement,18.577857,-72.331887,POINT (-72.331887 18.577857),156456,Haiti,HTI,41,Americas,1,1,2020-06-03 00:00:00.000,2020-06-03 00:00:00.000,0,0,3,0,3,3,3,,
354695,HAI-2020-3-16462-3,2020,true,Clear,3,7793,15080,G9 - Civilians,7793,16462,G9 - Civilians,7793,7793,G9,9999,1,Civilians,1,"""National Human Rights Defense Network (RNDDH),2020-08-13,Assassinations, Ambushes, Hostage-taking, Rape, Fires, Raids: The authorities in power have installed terror in Cité Soleil""",National Human Rights Defense Network (RNDDH),2020-08-13,"Assassinations, Ambushes, Hostage-taking, Rape, Fires, Raids: The authorities in power have installed terror in Cité Soleil","Several official sources, as well as testimony from witnesses.",1,Cité Soleil town,"Cité Soleil, Port-au-Prince",Ouest department,Port-au-Prince arrondissement,18.577857,-72.331887,POINT (-72.331887 18.577857),156456,Haiti,HTI,41,Americas,1,1,2020-06-10 00:00:00.000,2020-06-10 00:00:00.000,0,0,1,0,1,1,1,,
354696,HAI-2020-3-16462-4,2020,true,Clear,3,7793,15080,G9 - Civilians,7793,16462,G9 - Civilians,7793,7793,G9,9999,1,Civilians,1,"""National Human Rights Defense Network (RNDDH),2020-08-13,Assassinations, Ambushes, Hostage-taking, Rape, Fires, Raids: The authorities in power have installed terror in Cité Soleil""",National Human Rights Defense Network (RNDDH),2020-08-13,"Assassinations, Ambushes, Hostage-taking, Rape, Fires, Raids: The authorities in power have installed terror in Cité Soleil","Several official sources, as well as testimony from witnesses.",1,Cité Soleil town,"Cité Soleil, Port-au-Prince",Ouest department,Port-au-Prince arrondissement,18.577857,-72.331887,POINT (-72.331887 18.577857),156456,Haiti,HTI,41,Americas,1,1,2020-06-13 00:00:00.000,2020-06-13 00:00:00.000,0,0,1,0,1,1,1,,
354738,HAI-2020-3-16462-5,2020,true,Clear,3,7793,15080,G9 - Civilians,7793,16462,G9 - Civilians,7793,7793,G9,9999,1,Civilians,1,"""National Human Rights Defense Network (RNDDH),2020-08-13,Assassinations, Ambushes, Hostage-taking, Rape, Fires, Raids: The authorities in power have installed terror in Cité Soleil""",National Human Rights Defense Network (RNDDH),2020-08-13,"Assassinations, Ambushes, Hostage-taking, Rape, Fires, Raids: The authorities in power have installed terror in Cité Soleil","Several official sources, as well as testimony from witnesses",1,Cité Soleil town,"Cité Soleil, Port-au-Prince",Ouest department,Port-au-Prince arrondissement,18.577857,-72.331887,POINT (-72.331887 18.577857),156456,Haiti,HTI,41,Americas,1,1,2020-06-16 00:00:00.000,2020-06-16 00:00:00.000,0,0,3,0,3,3,3,,
354739,HAI-2020-3-16462-6,2020,true,Clear,3,7793,15080,G9 - Civilians,7793,16462,G9 - Civilians,7793,7793,G9,9999,1,Civilians,1,"""National Human Rights Defense Network (RNDDH),2020-08-13,Assassinations, Ambushes, Hostage-taking, Rape, Fires, Raids: The authorities in power have installed terror in Cité Soleil""",National Human Rights Defense Network (RNDDH),2020-08-13,"Assassinations, Ambushes, Hostage-taking, Rape, Fires, Raids: The authorities in power have installed terror in Cité Soleil","Several official sources, as well as testimony from witnesses.",1,Cité Soleil town,"Cité Soleil, Port-au-Prince",Ouest department,Port-au-Prince arrondissement,18.577857,-72.331887,POINT (-72.331887 18.577857),156456,Haiti,HTI,41,Americas,1,1,2020-06-25 00:00:00.000,2020-06-25 00:00:00.000,0,0,1,0,1,1,1,,
354742,HAI-2020-3-16462-7,2020,true,Clear,3,7793,15080,G9 - Civilians,7793,16462,G9 - Civilians,7793,7793,G9,9999,1,Civilians,1,"""National Human Rights Defense Network (RNDDH),2020-08-13,Assassinations, Ambushes, Hostage-taking, Rape, Fires, Raids: The authorities in power have installed terror in Cité Soleil""",National Human Rights Defense Network (RNDDH),2020-08-13,"Assassinations, Ambushes, Hostage-taking, Rape, Fires, Raids: The authorities in power have installed terror in Cité Soleil","Several official sources, as well as testimony from witnesses.",1,Cité Soleil town,"Cité Soleil, Port-au-Prince",Ouest department,Port-au-Prince arrondissement,18.577857,-72.331887,POINT (-72.331887 18.577857),156456,Haiti,HTI,41,Americas,1,1,2020-06-26 00:00:00.000,2020-06-26 00:00:00.000,0,0,2,0,2,2,2,,
354745,HAI-2020-3-16462-8,2020,true,Clear,3,7793,15080,G9 - Civilians,7793,16462,G9 - Civilians,7793,7793,G9,9999,1,Civilians,1,"""National Human Rights Defense Network (RNDDH),2020-08-13,Assassinations, Ambushes, Hostage-taking, Rape, Fires, Raids: The authorities in power have installed terror in Cité Soleil""",National Human Rights Defense Network (RNDDH),2020-08-13,"Assassinations, Ambushes, Hostage-taking, Rape, Fires, Raids: The authorities in power have installed terror in Cité Soleil","Several official sources, as well as testimony from witnesses.",1,Cité Soleil town,"Cité Soleil, Port-au-Prince",Ouest department,Port-au-Prince arrondissement,18.577857,-72.331887,POINT (-72.331887 18.577857),156456,Haiti,HTI,41,Americas,1,1,2020-06-28 00:00:00.000,2020-06-28 00:00:00.000,0,0,1,0,1,1,1,,
354751,HAI-2020-3-16462-12,2020,true,Clear,3,7793,15080,G9 - Civilians,7793,16462,G9 - Civilians,7793,7793,G9,9999,1,Civilians,1,"""National Human Rights Defense Network (RNDDH),2020-08-13,Assassinations, Ambushes, Hostage-taking, Rape, Fires, Raids: The authorities in power have installed terror in Cité Soleil""",National Human Rights Defense Network (RNDDH),2020-08-13,"Assassinations, Ambushes, Hostage-taking, Rape, Fires, Raids: The authorities in power have installed terror in Cité Soleil","Several official sources, as well as testimony from witnesses",1,Cité Soleil town,"Cité Soleil, Port-au-Prince",Ouest department,Port-au-Prince arrondissement,18.577857,-72.331887,POINT (-72.331887 18.577857),156456,Haiti,HTI,41,Americas,1,1,2020-07-01 00:00:00.000,2020-07-01 00:00:00.000,0,0,3,0,3,3,3,,
354809,HAI-2020-3-16462-31,2020,true,Clear,3,7793,15080,G9 - Civilians,7793,16462,G9 - Civilians,7793,7793,G9,9999,1,Civilians,1,"""National Human Rights Defense Network (RNDDH),2020-08-13,Assassinations, Ambushes, Hostage-taking, Rape, Fires, Raids: The authorities in power have installed terror in Cité Soleil""",National Human Rights Defense Network (RNDDH),2020-08-13,"Assassinations, Ambushes, Hostage-taking, Rape, Fires, Raids: The authorities in power have installed terror in Cité Soleil","Several official sources, as well as testimony from witnesses.",1,Cité Soleil town,Cité Soleil,Ouest department,Port-au-Prince arrondissement,18.577857,-72.331887,POINT (-72.331887 18.577857),156456,Haiti,HTI,41,Americas,2,4,2020-07-01 00:00:00.000,2020-07-31 00:00:00.000,0,0,39,0,39,39,39,,
354750,HAI-2020-3-16462-11,2020,true,Clear,3,7793,15080,G9 - Civilians,7793,16462,G9 - Civilians,7793,7793,G9,9999,1,Civilians,1,"""National Human Rights Defense Network (RNDDH),2020-08-13,Assassinations, Ambushes, Hostage-taking, Rape, Fires, Raids: The authorities in power have installed terror in Cité Soleil""",National Human Rights Defense Network (RNDDH),2020-08-13,"Assassinations, Ambushes, Hostage-taking, Rape, Fires, Raids: The authorities in power have installed terror in Cité Soleil","Several official sources, as well as testimony from witnesses.",1,Cité Soleil town,"Cité Soleil, Port-au-Prince",Ouest department,Port-au-Prince arrondissement,18.577857,-72.331887,POINT (-72.331887 18.577857),156456,Haiti,HTI,41,Americas,1,1,2020-07-02 00:00:00.000,2020-07-02 00:00:00.000,0,0,2,0,2,2,2,,
354753,HAI-2020-3-16462-13,2020,true,Clear,3,7793,15080,G9 - Civilians,7793,16462,G9 - Civilians,7793,7793,G9,9999,1,Civilians,1,"""National Human Rights Defense Network (RNDDH),2020-08-13,Assassinations, Ambushes, Hostage-taking, Rape, Fires, Raids: The authorities in power have installed terror in Cité Soleil""",National Human Rights Defense Network (RNDDH),2020-08-13,"Assassinations, Ambushes, Hostage-taking, Rape, Fires, Raids: The authorities in power have installed terror in Cité Soleil","Several official sources, as well as testimony from witnesses",1,Cité Soleil town,"Cité Soleil, Port-au-Prince",Ouest department,Port-au-Prince arrondissement,18.577857,-72.331887,POINT (-72.331887 18.577857),156456,Haiti,HTI,41,Americas,1,1,2020-07-03 00:00:00.000,2020-07-03 00:00:00.000,0,0,11,0,11,11,11,,
354755,HAI-2020-3-16462-14,2020,true,Clear,3,7793,15080,G9 - Civilians,7793,16462,G9 - Civilians,7793,7793,G9,9999,1,Civilians,1,"""National Human Rights Defense Network (RNDDH),2020-08-13,Assassinations, Ambushes, Hostage-taking, Rape, Fires, Raids: The authorities in power have installed terror in Cité Soleil""",National Human Rights Defense Network (RNDDH),2020-08-13,"Assassinations, Ambushes, Hostage-taking, Rape, Fires, Raids: The authorities in power have installed terror in Cité Soleil","Several official sources, as well as testimony from witnesses.",1,Cité Soleil town,"Cité Soleil, Port-au-Prince",Ouest department,Port-au-Prince arrondissement,18.577857,-72.331887,POINT (-72.331887 18.577857),156456,Haiti,HTI,41,Americas,1,1,2020-07-04 00:00:00.000,2020-07-04 00:00:00.000,0,0,7,0,7,7,7,,
354760,HAI-2020-3-16462-16,2020,true,Clear,3,7793,15080,G9 - Civilians,7793,16462,G9 - Civilians,7793,7793,G9,9999,1,Civilians,1,"""National Human Rights Defense Network (RNDDH),2020-08-13,Assassinations, Ambushes, Hostage-taking, Rape, Fires, Raids: The authorities in power have installed terror in Cité Soleil""",National Human Rights Defense Network (RNDDH),2020-08-13,"Assassinations, Ambushes, Hostage-taking, Rape, Fires, Raids: The authorities in power have installed terror in Cité Soleil","Several official sources, as well as testimony from witnesses.",1,Cité Soleil town,"Cité Soleil, Port-au-Prince",Ouest department,Port-au-Prince arrondissement,18.577857,-72.331887,POINT (-72.331887 18.577857),156456,Haiti,HTI,41,Americas,1,1,2020-07-06 00:00:00.000,2020-07-06 00:00:00.000,0,0,1,0,1,1,1,,
354761,HAI-2020-3-16462-17,2020,true,Clear,3,7793,15080,G9 - Civilians,7793,16462,G9 - Civilians,7793,7793,G9,9999,1,Civilians,1,"""National Human Rights Defense Network (RNDDH),2020-08-13,Assassinations, Ambushes, Hostage-taking, Rape, Fires, Raids: The authorities in power have installed terror in Cité Soleil""",National Human Rights Defense Network (RNDDH),2020-08-13,"Assassinations, Ambushes, Hostage-taking, Rape, Fires, Raids: The authorities in power have installed terror in Cité Soleil","Several official sources, as well as testimony from witnesses.",1,Cité Soleil town,Cité Soleil,Ouest department,Port-au-Prince arrondissement,18.577857,-72.331887,POINT (-72.331887 18.577857),156456,Haiti,HTI,41,Americas,1,1,2020-07-07 00:00:00.000,2020-07-07 00:00:00.000,0,0,2,0,2,2,2,,
354762,HAI-2020-3-16462-18,2020,true,Clear,3,7793,15080,G9 - Civilians,7793,16462,G9 - Civilians,7793,7793,G9,9999,1,Civilians,1,"""National Human Rights Defense Network (RNDDH),2020-08-13,Assassinations, Ambushes, Hostage-taking, Rape, Fires, Raids: The authorities in power have installed terror in Cité Soleil""",National Human Rights Defense Network (RNDDH),2020-08-13,"Assassinations, Ambushes, Hostage-taking, Rape, Fires, Raids: The authorities in power have installed terror in Cité Soleil","Several official sources, as well as testimony from witnesses.",1,Cité Soleil town,Cité Soleil,Ouest department,Port-au-Prince arrondissement,18.577857,-72.331887,POINT (-72.331887 18.577857),156456,Haiti,HTI,41,Americas,1,1,2020-07-08 00:00:00.000,2020-07-08 00:00:00.000,0,0,1,0,1,1,1,,
354763,HAI-2020-3-16462-19,2020,true,Clear,3,7793,15080,G9 - Civilians,7793,16462,G9 - Civilians,7793,7793,G9,9999,1,Civilians,1,"""National Human Rights Defense Network (RNDDH),2020-08-13,Assassinations, Ambushes, Hostage-taking, Rape, Fires, Raids: The authorities in power have installed terror in Cité Soleil""",National Human Rights Defense Network (RNDDH),2020-08-13,"Assassinations, Ambushes, Hostage-taking, Rape, Fires, Raids: The authorities in power have installed terror in Cité Soleil","Several official sources, as well as testimony from witnesses.",1,Cité Soleil town,Cité Soleil,Ouest department,Port-au-Prince arrondissement,18.577857,-72.331887,POINT (-72.331887 18.577857),156456,Haiti,HTI,41,Americas,1,1,2020-07-10 00:00:00.000,2020-07-10 00:00:00.000,0,0,1,0,1,1,1,,
354764,HAI-2020-3-16462-20,2020,true,Clear,3,7793,15080,G9 - Civilians,7793,16462,G9 - Civilians,7793,7793,G9,9999,1,Civilians,1,"""National Human Rights Defense Network (RNDDH),2020-08-13,Assassinations, Ambushes, Hostage-taking, Rape, Fires, Raids: The authorities in power have installed terror in Cité Soleil""",National Human Rights Defense Network (RNDDH),2020-08-13,"Assassinations, Ambushes, Hostage-taking, Rape, Fires, Raids: The authorities in power have installed terror in Cité Soleil","Several official sources, as well as testimony from witnesses.",1,Cité Soleil town,Cité Soleil,Ouest department,Port-au-Prince arrondissement,18.577857,-72.331887,POINT (-72.331887 18.577857),156456,Haiti,HTI,41,Americas,2,1,2020-07-11 00:00:00.000,2020-07-11 00:00:00.000,0,0,4,0,4,4,4,,
354765,HAI-2020-3-16462-21,2020,true,Clear,3,7793,15080,G9 - Civilians,7793,16462,G9 - Civilians,7793,7793,G9,9999,1,Civilians,1,"""National Human Rights Defense Network (RNDDH),2020-08-13,Assassinations, Ambushes, Hostage-taking, Rape, Fires, Raids: The authorities in power have installed terror in Cité Soleil""",National Human Rights Defense Network (RNDDH),2020-08-13,"Assassinations, Ambushes, Hostage-taking, Rape, Fires, Raids: The authorities in power have installed terror in Cité Soleil","Several official sources, as well as testimony from witnesses",1,Cité Soleil town,Cité Soleil,Ouest department,Port-au-Prince arrondissement,18.577857,-72.331887,POINT (-72.331887 18.577857),156456,Haiti,HTI,41,Americas,1,1,2020-07-12 00:00:00.000,2020-07-12 00:00:00.000,0,0,6,0,6,6,6,,
354767,HAI-2020-3-16462-23,2020,true,Clear,3,7793,15080,G9 - Civilians,7793,16462,G9 - Civilians,7793,7793,G9,9999,1,Civilians,1,"""National Human Rights Defense Network (RNDDH),2020-08-13,Assassinations, Ambushes, Hostage-taking, Rape, Fires, Raids: The authorities in power have installed terror in Cité Soleil""",National Human Rights Defense Network (RNDDH),2020-08-13,"Assassinations, Ambushes, Hostage-taking, Rape, Fires, Raids: The authorities in power have installed terror in Cité Soleil","Several official sources, as well as testimony from witnesses.",1,Cité Soleil town,Cité Soleil,Ouest department,Port-au-Prince arrondissement,18.577857,-72.331887,POINT (-72.331887 18.577857),156456,Haiti,HTI,41,Americas,1,1,2020-07-16 00:00:00.000,2020-07-16 00:00:00.000,0,0,1,0,1,1,1,,
354771,HAI-2020-3-16462-25,2020,true,Clear,3,7793,15080,G9 - Civilians,7793,16462,G9 - Civilians,7793,7793,G9,9999,1,Civilians,1,"""National Human Rights Defense Network (RNDDH),2020-08-13,Assassinations, Ambushes, Hostage-taking, Rape, Fires, Raids: The authorities in power have installed terror in Cité Soleil""",National Human Rights Defense Network (RNDDH),2020-08-13,"Assassinations, Ambushes, Hostage-taking, Rape, Fires, Raids: The authorities in power have installed terror in Cité Soleil","Several official sources, as well as testimony from witnesses.",1,Cité Soleil town,Cité Soleil,Ouest department,Port-au-Prince arrondissement,18.577857,-72.331887,POINT (-72.331887 18.577857),156456,Haiti,HTI,41,Americas,1,1,2020-07-19 00:00:00.000,2020-07-19 00:00:00.000,0,0,2,2,4,4,4,,
354772,HAI-2020-3-16462-26,2020,true,Clear,3,7793,15080,G9 - Civilians,7793,16462,G9 - Civilians,7793,7793,G9,9999,1,Civilians,1,"""National Human Rights Defense Network (RNDDH),2020-08-13,Assassinations, Ambushes, Hostage-taking, Rape, Fires, Raids: The authorities in power have installed terror in Cité Soleil""",National Human Rights Defense Network (RNDDH),2020-08-13,"Assassinations, Ambushes, Hostage-taking, Rape, Fires, Raids: The authorities in power have installed terror in Cité Soleil","Several official sources, as well as testimony from witnesses.",1,Cité Soleil town,Cité Soleil,Ouest department,Port-au-Prince arrondissement,18.577857,-72.331887,POINT (-72.331887 18.577857),156456,Haiti,HTI,41,Americas,1,1,2020-07-20 00:00:00.000,2020-07-20 00:00:00.000,0,0,3,0,3,3,3,,
354774,HAI-2020-3-16462-27,2020,true,Clear,3,7793,15080,G9 - Civilians,7793,16462,G9 - Civilians,7793,7793,G9,9999,1,Civilians,1,"""National Human Rights Defense Network (RNDDH),2020-08-13,Assassinations, Ambushes, Hostage-taking, Rape, Fires, Raids: The authorities in power have installed terror in Cité Soleil""",National Human Rights Defense Network (RNDDH),2020-08-13,"Assassinations, Ambushes, Hostage-taking, Rape, Fires, Raids: The authorities in power have installed terror in Cité Soleil","Several official sources, as well as testimony from witnesses.",1,Cité Soleil town,Cité Soleil,Ouest department,Port-au-Prince arrondissement,18.577857,-72.331887,POINT (-72.331887 18.577857),156456,Haiti,HTI,41,Americas,1,1,2020-07-23 00:00:00.000,2020-07-23 00:00:00.000,0,0,1,0,1,1,1,,
354775,HAI-2020-3-16462-28,2020,true,Clear,3,7793,15080,G9 - Civilians,7793,16462,G9 - Civilians,7793,7793,G9,9999,1,Civilians,1,"""National Human Rights Defense Network (RNDDH),2020-08-13,Assassinations, Ambushes, Hostage-taking, Rape, Fires, Raids: The authorities in power have installed terror in Cité Soleil""",National Human Rights Defense Network (RNDDH),2020-08-13,"Assassinations, Ambushes, Hostage-taking, Rape, Fires, Raids: The authorities in power have installed terror in Cité Soleil","Several official sources, as well as testimony from witnesses.",1,Cité Soleil town,Cité Soleil,Ouest department,Port-au-Prince arrondissement,18.577857,-72.331887,POINT (-72.331887 18.577857),156456,Haiti,HTI,41,Americas,1,1,2020-07-25 00:00:00.000,2020-07-25 00:00:00.000,0,0,1,0,1,1,1,,
354778,HAI-2020-3-16462-29,2020,true,Clear,3,7793,15080,G9 - Civilians,7793,16462,G9 - Civilians,7793,7793,G9,9999,1,Civilians,1,"""National Human Rights Defense Network (RNDDH),2020-08-13,Assassinations, Ambushes, Hostage-taking, Rape, Fires, Raids: The authorities in power have installed terror in Cité Soleil""",National Human Rights Defense Network (RNDDH),2020-08-13,"Assassinations, Ambushes, Hostage-taking, Rape, Fires, Raids: The authorities in power have installed terror in Cité Soleil","Several official sources, as well as testimony from witnesses.",1,Cité Soleil town,Cité Soleil,Ouest department,Port-au-Prince arrondissement,18.577857,-72.331887,POINT (-72.331887 18.577857),156456,Haiti,HTI,41,Americas,1,1,2020-07-27 00:00:00.000,2020-07-27 00:00:00.000,0,0,1,0,1,1,1,,
354780,HAI-2020-3-16462-30,2020,true,Clear,3,7793,15080,G9 - Civilians,7793,16462,G9 - Civilians,7793,7793,G9,9999,1,Civilians,1,"""National Human Rights Defense Network (RNDDH),2020-08-13,Assassinations, Ambushes, Hostage-taking, Rape, Fires, Raids: The authorities in power have installed terror in Cité Soleil""",National Human Rights Defense Network (RNDDH),2020-08-13,"Assassinations, Ambushes, Hostage-taking, Rape, Fires, Raids: The authorities in power have installed terror in Cité Soleil","Several official sources, as well as testimony from witnesses.",1,Cité Soleil town,Cité Soleil,Ouest department,Port-au-Prince arrondissement,18.577857,-72.331887,POINT (-72.331887 18.577857),156456,Haiti,HTI,41,Americas,1,1,2020-07-28 00:00:00.000,2020-07-28 00:00:00.000,0,0,1,0,1,1,1,,
407045,HAI-2020-3-16462-35,2020,true,Clear,3,7793,15080,G9 - Civilians,7793,16462,G9 - Civilians,7793,7793,G9,9999,1,Civilians,1,"""RNDDH,2021-05-20,MASSACRES IN BEL-AIR AND CITÉ SOLEIL UNDER THE INDIFFERENT GAZE OF STATE AUTHORITIES""",RNDDH,2021-05-20,MASSACRES IN BEL-AIR AND CITÉ SOLEIL UNDER THE INDIFFERENT GAZE OF STATE AUTHORITIES,RNDDH report,1,Port-au-Prince city,Bel Air,Ouest department,Port-au-Prince arrondissement,18.539170,-72.335000,POINT (-72.335 18.53917),156456,Haiti,HTI,41,Americas,1,1,2020-08-27 00:00:00.000,2020-08-27 00:00:00.000,0,0,1,0,1,1,1,,
407047,HAI-2020-3-16462-36,2020,true,Clear,3,7793,15080,G9 - Civilians,7793,16462,G9 - Civilians,7793,7793,G9,9999,1,Civilians,1,"""RNDDH,2021-05-20,MASSACRES IN BEL-AIR AND CITÉ SOLEIL UNDER THE INDIFFERENT GAZE OF STATE AUTHORITIES""",RNDDH,2021-05-20,MASSACRES IN BEL-AIR AND CITÉ SOLEIL UNDER THE INDIFFERENT GAZE OF STATE AUTHORITIES,RNDDH report,1,Port-au-Prince city,Bel Air,Ouest department,Port-au-Prince arrondissement,18.539170,-72.335000,POINT (-72.335 18.53917),156456,Haiti,HTI,41,Americas,1,1,2020-08-27 00:00:00.000,2020-08-27 00:00:00.000,0,0,3,0,3,3,3,,
407052,HAI-2020-3-16462-39,2020,true,Clear,3,7793,15080,G9 - Civilians,7793,16462,G9 - Civilians,7793,7793,G9,9999,1,Civilians,1,"""RNDDH,2021-05-20,MASSACRES IN BEL-AIR AND CITÉ SOLEIL UNDER THE INDIFFERENT GAZE OF STATE AUTHORITIES""",RNDDH,2021-05-20,MASSACRES IN BEL-AIR AND CITÉ SOLEIL UNDER THE INDIFFERENT GAZE OF STATE AUTHORITIES,RNDDH report,1,Port-au-Prince city,Bel Air,Ouest department,Port-au-Prince arrondissement,18.539170,-72.335000,POINT (-72.335 18.53917),156456,Haiti,HTI,41,Americas,1,1,2020-09-03 00:00:00.000,2020-09-03 00:00:00.000,0,0,1,0,1,1,1,,
380959,HAI-2020-3-16462-34,2020,true,Clear,3,7793,15080,G9 - Civilians,7793,16462,G9 - Civilians,7793,7793,G9,9999,1,Civilians,1,"""Vant Bef Info,2020-09-19,Haiti / Security: Tension in Bel-Air: At least two dead and several houses set on fire""",Vant Bef Info,2020-09-19,Haiti / Security: Tension in Bel-Air: At least two dead and several houses set on fire,,1,Port-au-Prince city,"Bel-Air district, in downtown Port-au-Prince.",Ouest department,Port-au-Prince arrondissement,18.539170,-72.335000,POINT (-72.335 18.53917),156456,Haiti,HTI,41,Americas,1,1,2020-09-19 00:00:00.000,2020-09-19 00:00:00.000,0,0,2,0,2,2,2,,
407054,HAI-2020-3-16462-40,2020,true,Clear,3,7793,15080,G9 - Civilians,7793,16462,G9 - Civilians,7793,7793,G9,9999,1,Civilians,1,"""RNDDH,2021-05-20,MASSACRES IN BEL-AIR AND CITÉ SOLEIL UNDER THE INDIFFERENT GAZE OF STATE AUTHORITIES""",RNDDH,2021-05-20,MASSACRES IN BEL-AIR AND CITÉ SOLEIL UNDER THE INDIFFERENT GAZE OF STATE AUTHORITIES,RNDDH report,1,Port-au-Prince city,Bel Air,Ouest department,Port-au-Prince arrondissement,18.539170,-72.335000,POINT (-72.335 18.53917),156456,Haiti,HTI,41,Americas,1,1,2020-10-04 00:00:00.000,2020-10-04 00:00:00.000,0,0,1,0,1,1,1,,
407055,HAI-2020-3-16462-41,2020,true,Clear,3,7793,15080,G9 - Civilians,7793,16462,G9 - Civilians,7793,7793,G9,9999,1,Civilians,1,"""RNDDH,2021-05-20,MASSACRES IN BEL-AIR AND CITÉ SOLEIL UNDER THE INDIFFERENT GAZE OF STATE AUTHORITIES""",RNDDH,2021-05-20,MASSACRES IN BEL-AIR AND CITÉ SOLEIL UNDER THE INDIFFERENT GAZE OF STATE AUTHORITIES,RNDDH report,1,Port-au-Prince city,Bel Air,Ouest department,Port-au-Prince arrondissement,18.539170,-72.335000,POINT (-72.335 18.53917),156456,Haiti,HTI,41,Americas,1,1,2020-10-05 00:00:00.000,2020-10-05 00:00:00.000,0,0,1,0,1,1,1,,
407056,HAI-2020-3-16462-42,2020,true,Clear,3,7793,15080,G9 - Civilians,7793,16462,G9 - Civilians,7793,7793,G9,9999,1,Civilians,1,"""RNDDH,2021-05-20,MASSACRES IN BEL-AIR AND CITÉ SOLEIL UNDER THE INDIFFERENT GAZE OF STATE AUTHORITIES""",RNDDH,2021-05-20,MASSACRES IN BEL-AIR AND CITÉ SOLEIL UNDER THE INDIFFERENT GAZE OF STATE AUTHORITIES,RNDDH report,1,Port-au-Prince city,Bel Air,Ouest department,Port-au-Prince arrondissement,18.539170,-72.335000,POINT (-72.335 18.53917),156456,Haiti,HTI,41,Americas,1,1,2020-10-09 00:00:00.000,2020-10-09 00:00:00.000,0,0,2,0,2,2,2,,
407057,HAI-2020-3-16462-43,2020,true,Clear,3,7793,15080,G9 - Civilians,7793,16462,G9 - Civilians,7793,7793,G9,9999,1,Civilians,1,"""RNDDH,2021-05-20,MASSACRES IN BEL-AIR AND CITÉ SOLEIL UNDER THE INDIFFERENT GAZE OF STATE AUTHORITIES""",RNDDH,2021-05-20,MASSACRES IN BEL-AIR AND CITÉ SOLEIL UNDER THE INDIFFERENT GAZE OF STATE AUTHORITIES,RNDDH report,1,Port-au-Prince city,Bel Air,Ouest department,Port-au-Prince arrondissement,18.539170,-72.335000,POINT (-72.335 18.53917),156456,Haiti,HTI,41,Americas,1,1,2020-10-16 00:00:00.000,2020-10-16 00:00:00.000,0,0,3,0,3,3,3,,
407058,HAI-2020-3-16462-44,2020,true,Clear,3,7793,15080,G9 - Civilians,7793,16462,G9 - Civilians,7793,7793,G9,9999,1,Civilians,1,"""RNDDH,2021-05-20,MASSACRES IN BEL-AIR AND CITÉ SOLEIL UNDER THE INDIFFERENT GAZE OF STATE AUTHORITIES""",RNDDH,2021-05-20,MASSACRES IN BEL-AIR AND CITÉ SOLEIL UNDER THE INDIFFERENT GAZE OF STATE AUTHORITIES,RNDDH report,1,Port-au-Prince city,Bel Air,Ouest department,Port-au-Prince arrondissement,18.539170,-72.335000,POINT (-72.335 18.53917),156456,Haiti,HTI,41,Americas,1,1,2020-10-20 00:00:00.000,2020-10-20 00:00:00.000,0,0,3,0,3,3,3,,
407059,HAI-2020-3-16462-45,2020,true,Clear,3,7793,15080,G9 - Civilians,7793,16462,G9 - Civilians,7793,7793,G9,9999,1,Civilians,1,"""RNDDH,2021-05-20,MASSACRES IN BEL-AIR AND CITÉ SOLEIL UNDER THE INDIFFERENT GAZE OF STATE AUTHORITIES""",RNDDH,2021-05-20,MASSACRES IN BEL-AIR AND CITÉ SOLEIL UNDER THE INDIFFERENT GAZE OF STATE AUTHORITIES,RNDDH,1,Port-au-Prince city,Bel Air,Ouest department,Port-au-Prince arrondissement,18.539170,-72.335000,POINT (-72.335 18.53917),156456,Haiti,HTI,41,Americas,1,1,2020-10-21 00:00:00.000,2020-10-21 00:00:00.000,0,0,4,0,4,4,4,,
372171,HAI-2020-3-16462-32,2020,true,Clear,3,7793,15080,G9 - Civilians,7793,16462,G9 - Civilians,7793,7793,G9,9999,1,Civilians,3,"""Haiti Libre,2020-11-02,Haiti - FLASH : Kidnapped, tortured, raped and killed the young student Sincère found in a landfill"";""ICI Haiti,2020-11-11,iciHaiti - Insecurity : The RNDDH denounces the involvement of the G9 in the assassination of Evelyne Sincère"";""ICI Haiti,2020-11-06,iciHaiti - Assassination of Evelyne Sincère : G9 thugs collaborate with the PNH and arrest «Kiki»""",Haiti Libre;ICI Haiti;ICI Haiti,2020-11-02;2020-11-11;2020-11-06,"Haiti - FLASH : Kidnapped, tortured, raped and killed the young student Sincère found in a landfill;iciHaiti - Insecurity : The RNDDH denounces the involvement of the G9 in the assassination of Evelyne Sincère;iciHaiti - Assassination of Evelyne Sincère : G9 thugs collaborate with the PNH and arrest «Kiki»","Family members, RNDDH (Human Rights NGO in Haiti)",2,Port-au-Prince city,Port au Prince or Delmas,Ouest department,Port-au-Prince arrondissement,18.539170,-72.335000,POINT (-72.335 18.53917),156456,Haiti,HTI,41,Americas,1,2,2020-10-29 00:00:00.000,2020-11-02 00:00:00.000,0,0,1,0,1,1,1,,
372172,HAI-2020-3-16462-33,2020,true,Clear,3,7793,15080,G9 - Civilians,7793,16462,G9 - Civilians,7793,7793,G9,9999,1,Civilians,1,"""Haiti Pros Info,2020-12-15,A young schoolboy and an adult murdered in Bel-Air by the '' Krache dife '' gang""",Haiti Pros Info,2020-12-15,A young schoolboy and an adult murdered in Bel-Air by the '' Krache dife '' gang,Witnesses,1,Port-au-Prince city,Bel-Air,Ouest department,Port-au-Prince arrondissement,18.539170,-72.335000,POINT (-72.335 18.53917),156456,Haiti,HTI,41,Americas,1,1,2020-12-15 00:00:00.000,2020-12-15 00:00:00.000,0,0,2,0,2,2,2,,
407061,HAI-2020-3-16462-46,2020,true,Clear,3,7793,15080,G9 - Civilians,7793,16462,G9 - Civilians,7793,7793,G9,9999,1,Civilians,1,"""RNDDH,2021-05-20,MASSACRES IN BEL-AIR AND CITÉ SOLEIL UNDER THE INDIFFERENT GAZE OF STATE AUTHORITIES""",RNDDH,2021-05-20,MASSACRES IN BEL-AIR AND CITÉ SOLEIL UNDER THE INDIFFERENT GAZE OF STATE AUTHORITIES,RNDDH report,1,Port-au-Prince city,Bel Air,Ouest department,Port-au-Prince arrondissement,18.539170,-72.335000,POINT (-72.335 18.53917),156456,Haiti,HTI,41,Americas,1,1,2020-12-15 00:00:00.000,2020-12-15 00:00:00.000,0,0,2,0,2,2,2,,
407063,HAI-2021-3-16462-0,2021,true,Clear,3,7793,15080,G9 - Civilians,7793,16462,G9 - Civilians,7793,7793,G9,9999,1,Civilians,1,"""RNDDH,2021-05-20,MASSACRES IN BEL-AIR AND CITÉ SOLEIL UNDER THE INDIFFERENT GAZE OF STATE AUTHORITIES""",RNDDH,2021-05-20,MASSACRES IN BEL-AIR AND CITÉ SOLEIL UNDER THE INDIFFERENT GAZE OF STATE AUTHORITIES,RNDDH report,1,Port-au-Prince city,Bel Air,Ouest department,Port-au-Prince arrondissement,18.539170,-72.335000,POINT (-72.335 18.53917),156456,Haiti,HTI,41,Americas,1,1,2021-04-01 00:00:00.000,2021-04-01 00:00:00.000,0,0,8,0,8,8,8,,
407422,HAI-2021-3-16462-3,2021,true,Clear,3,7793,15080,G9 - Civilians,7793,16462,G9 - Civilians,7793,7793,G9,9999,1,Civilians,1,"""RNDDH,2021-05-20,MASSACRES IN BEL-AIR AND CITÉ SOLEIL UNDER THE INDIFFERENT GAZE OF STATE AUTHORITIES""",RNDDH,2021-05-20,MASSACRES IN BEL-AIR AND CITÉ SOLEIL UNDER THE INDIFFERENT GAZE OF STATE AUTHORITIES,RNDDH report,1,Cité Soleil town,Cité Soleil,Ouest department,Port-au-Prince arrondissement,18.577857,-72.331887,POINT (-72.331887 18.577857),156456,Haiti,HTI,41,Americas,1,1,2021-04-26 00:00:00.000,2021-04-26 00:00:00.000,0,0,21,1,22,22,22,,
407423,HAI-2021-3-16462-4,2021,true,Clear,3,7793,15080,G9 - Civilians,7793,16462,G9 - Civilians,7793,7793,G9,9999,1,Civilians,1,"""RNDDH,2021-05-20,MASSACRES IN BEL-AIR AND CITÉ SOLEIL UNDER THE INDIFFERENT GAZE OF STATE AUTHORITIES""",RNDDH,2021-05-20,MASSACRES IN BEL-AIR AND CITÉ SOLEIL UNDER THE INDIFFERENT GAZE OF STATE AUTHORITIES,RNDDH report,1,Cité Soleil town,Cité Soleil,Ouest department,Port-au-Prince arrondissement,18.577857,-72.331887,POINT (-72.331887 18.577857),156456,Haiti,HTI,41,Americas,1,1,2021-05-01 00:00:00.000,2021-05-01 00:00:00.000,0,0,14,0,14,14,14,,
407065,HAI-2021-3-16462-1,2021,true,Clear,3,7793,15080,G9 - Civilians,7793,16462,G9 - Civilians,7793,7793,G9,9999,1,Civilians,1,"""RNDDH,2021-05-20,MASSACRES IN BEL-AIR AND CITÉ SOLEIL UNDER THE INDIFFERENT GAZE OF STATE AUTHORITIES""",RNDDH,2021-05-20,MASSACRES IN BEL-AIR AND CITÉ SOLEIL UNDER THE INDIFFERENT GAZE OF STATE AUTHORITIES,RNDDH report,1,Port-au-Prince city,Bel Air,Ouest department,Port-au-Prince arrondissement,18.539170,-72.335000,POINT (-72.335 18.53917),156456,Haiti,HTI,41,Americas,1,1,2021-05-10 00:00:00.000,2021-05-10 00:00:00.000,0,0,7,0,7,7,7,,
407619,HAI-2021-3-16462-5,2021,true,Clear,3,7793,15080,G9 - Civilians,7793,16462,G9 - Civilians,7793,7793,G9,9999,1,Civilians,2,"""RNDDH,2021-07-02,DARK NIGHT IN PORT-AU-PRINCE AND DELMAS: RNDDH CALLS FOR POPULAR MOBILIZATION"";""Vant Bef Info,2021-06-30,Des cadavres éparpillés à Port-au-Prince""",RNDDH;Vant Bef Info,2021-07-02;2021-06-30,DARK NIGHT IN PORT-AU-PRINCE AND DELMAS: RNDDH CALLS FOR POPULAR MOBILIZATION;Des cadavres éparpillés à Port-au-Prince,RNDDH report,1,Delmas town,Delmas 32,Ouest department,Port-au-Prince arrondissement,18.556394,-72.295993,POINT (-72.295993 18.556394),156456,Haiti,HTI,41,Americas,1,1,2021-06-29 00:00:00.000,2021-06-29 00:00:00.000,0,0,15,0,15,15,15,,
407620,HAI-2021-3-16462-6,2021,true,Clear,3,7793,15080,G9 - Civilians,7793,16462,G9 - Civilians,7793,7793,G9,9999,1,Civilians,3,"""Vant Bef Info,2021-06-30,Des cadavres éparpillés à Port-au-Prince"";""Vant Bef Info,2021-06-30,Le journaliste Diego Charles et la militante Antoinette Duclair abattus à Christ-Roi"";""RNDDH,2021-07-02,DARK NIGHT IN PORT-AU-PRINCE AND DELMAS: RNDDH CALLS FOR POPULAR MOBILIZATION""",Vant Bef Info;Vant Bef Info;RNDDH,2021-06-30;2021-06-30;2021-07-02,Des cadavres éparpillés à Port-au-Prince;Le journaliste Diego Charles et la militante Antoinette Duclair abattus à Christ-Roi;DARK NIGHT IN PORT-AU-PRINCE AND DELMAS: RNDDH CALLS FOR POPULAR MOBILIZATION,RNDDH report,1,Port-au-Prince city,"Acacia Street, Christ-Roi",Ouest department,Port-au-Prince arrondissement,18.539170,-72.335000,POINT (-72.335 18.53917),156456,Haiti,HTI,41,Americas,1,1,2021-06-29 00:00:00.000,2021-06-29 00:00:00.000,0,0,3,0,3,3,3,,
445215,HAI-2022-3-16462-1,2022,true,Clear,3,7793,15080,G9 - Civilians,7793,16462,G9 - Civilians,7793,7793,G9,9999,1,Civilians,1,"""Vant Bef Info,2022-04-06,Port-au-Prince: Une personne tuée suite à une tentative de kidnapping""",Vant Bef Info,2022-04-06,Port-au-Prince: Une personne tuée suite à une tentative de kidnapping,police,1,Port-au-Prince city,"rue du Quai, not far from the Banque République d'Haiti (BRH)",Ouest department,Port-au-Prince arrondissement,18.539170,-72.335000,POINT (-72.335 18.53917),156456,Haiti,HTI,41,Americas,1,1,2022-04-06 00:00:00.000,2022-04-06 00:00:00.000,0,0,1,0,1,1,1,,
467267,HAI-2022-3-16462-6,2022,true,Clear,3,7793,15080,G9 - Civilians,7793,16462,G9 - Civilians,7793,7793,G9,9999,1,Civilians,1,"""National Human Rights Defense Network (RNDDH),2022-06-27,Carnage at la Plaine du Cul-de-Sac: The survivors demand the support of the authorities""",National Human Rights Defense Network (RNDDH),2022-06-27,Carnage at la Plaine du Cul-de-Sac: The survivors demand the support of the authorities,,5,Croix-des-Bouquets commune,Carrefour Shada,Ouest department,Croix-des-Bouquets arrondissement,18.606567,-72.222182,POINT (-72.222182 18.606567),156456,Haiti,HTI,41,Americas,1,1,2022-04-24 00:00:00.000,2022-04-24 00:00:00.000,0,0,1,0,1,1,1,,
467268,HAI-2022-3-16462-7,2022,true,Clear,3,7793,15080,G9 - Civilians,7793,16462,G9 - Civilians,7793,7793,G9,9999,1,Civilians,1,"""National Human Rights Defense Network (RNDDH),2022-06-27,Carnage at la Plaine du Cul-de-Sac: The survivors demand the support of the authorities""",National Human Rights Defense Network (RNDDH),2022-06-27,Carnage at la Plaine du Cul-de-Sac: The survivors demand the support of the authorities,,1,Croix-des-Missions town,Croix-des-Missions,Ouest department,Port-au-Prince arrondissement,18.596790,-72.285180,POINT (-72.28518 18.59679),156456,Haiti,HTI,41,Americas,1,1,2022-04-24 00:00:00.000,2022-04-24 00:00:00.000,0,0,2,0,2,2,2,,
467269,HAI-2022-3-16462-8,2022,true,Clear,3,7793,15080,G9 - Civilians,7793,16462,G9 - Civilians,7793,7793,G9,9999,1,Civilians,1,"""National Human Rights Defense Network (RNDDH),2022-06-27,Carnage at la Plaine du Cul-de-Sac: The survivors demand the support of the authorities""",National Human Rights Defense Network (RNDDH),2022-06-27,Carnage at la Plaine du Cul-de-Sac: The survivors demand the support of the authorities,,1,Croix-des-Missions town,Croix-des-Missions,Ouest department,Port-au-Prince arrondissement,18.596790,-72.285180,POINT (-72.28518 18.59679),156456,Haiti,HTI,41,Americas,1,1,2022-04-24 00:00:00.000,2022-04-24 00:00:00.000,0,0,1,0,1,1,1,,
467271,HAI-2022-3-16462-9,2022,true,Clear,3,7793,15080,G9 - Civilians,7793,16462,G9 - Civilians,7793,7793,G9,9999,1,Civilians,1,"""National Human Rights Defense Network (RNDDH),2022-06-27,Carnage at la Plaine du Cul-de-Sac: The survivors demand the support of the authorities""",National Human Rights Defense Network (RNDDH),2022-06-27,Carnage at la Plaine du Cul-de-Sac: The survivors demand the support of the authorities,,1,Croix-des-Missions town,Croix-des-Missions,Ouest department,Port-au-Prince arrondissement,18.596790,-72.285180,POINT (-72.28518 18.59679),156456,Haiti,HTI,41,Americas,1,1,2022-04-24 00:00:00.000,2022-04-24 00:00:00.000,0,0,1,0,1,1,1,,
467094,HAI-2022-3-16462-5,2022,true,Clear,3,7793,15080,G9 - Civilians,7793,16462,G9 - Civilians,7793,7793,G9,9999,1,Civilians,2,"""National Human Rights Defense Network (RNDDH),2022-06-27,Carnage at la Plaine du Cul-de-Sac: The survivors demand the support of the authorities"";""National Human Rights Defense Network (RNDDH),2022-05-10,Violent clashes between armed gangs: RNDDH demands protection of the Haitian population""",National Human Rights Defense Network (RNDDH);National Human Rights Defense Network (RNDDH),2022-06-27;2022-05-10,Carnage at la Plaine du Cul-de-Sac: The survivors demand the support of the authorities;Violent clashes between armed gangs: RNDDH demands protection of the Haitian population,,5,Croix-des-Bouquets commune,Croix-des-mission,Ouest department,Croix-des-Bouquets arrondissement,18.606567,-72.222182,POINT (-72.222182 18.606567),156456,Haiti,HTI,41,Americas,2,4,2022-04-24 00:00:00.000,2022-05-05 00:00:00.000,0,0,0,27,27,27,27,,
467063,HAI-2022-3-16462-3,2022,true,Clear,3,7793,15080,G9 - Civilians,7793,16462,G9 - Civilians,7793,7793,G9,9999,1,Civilians,1,"""National Human Rights Defense Network (RNDDH),2022-06-27,Carnage at la Plaine du Cul-de-Sac: The survivors demand the support of the authorities""",National Human Rights Defense Network (RNDDH),2022-06-27,Carnage at la Plaine du Cul-de-Sac: The survivors demand the support of the authorities,,5,Croix-des-Bouquets commune,"Wout te is in Shada, croix-des-bouquets",Ouest department,Croix-des-Bouquets arrondissement,18.606567,-72.222182,POINT (-72.222182 18.606567),156456,Haiti,HTI,41,Americas,1,1,2022-04-25 00:00:00.000,2022-04-25 00:00:00.000,0,0,1,0,1,1,1,,
467292,HAI-2022-3-16462-10,2022,true,Clear,3,7793,15080,G9 - Civilians,7793,16462,G9 - Civilians,7793,7793,G9,9999,1,Civilians,1,"""National Human Rights Defense Network (RNDDH),2022-06-27,Carnage at la Plaine du Cul-de-Sac: The survivors demand the support of the authorities""",National Human Rights Defense Network (RNDDH),2022-06-27,Carnage at la Plaine du Cul-de-Sac: The survivors demand the support of the authorities,,5,Croix-des-Bouquets commune,"Korido Djo, Shada",Ouest department,Croix-des-Bouquets arrondissement,18.606567,-72.222182,POINT (-72.222182 18.606567),156456,Haiti,HTI,41,Americas,1,1,2022-04-25 00:00:00.000,2022-04-25 00:00:00.000,0,0,1,0,1,1,1,,
467293,HAI-2022-3-16462-11,2022,true,Clear,3,7793,15080,G9 - Civilians,7793,16462,G9 - Civilians,7793,7793,G9,9999,1,Civilians,1,"""National Human Rights Defense Network (RNDDH),2022-06-27,Carnage at la Plaine du Cul-de-Sac: The survivors demand the support of the authorities""",National Human Rights Defense Network (RNDDH),2022-06-27,Carnage at la Plaine du Cul-de-Sac: The survivors demand the support of the authorities,,1,Butte Boyer town,Butte Boyer,Ouest department,Port-au-Prince arrondissement,18.595747,-72.276809,POINT (-72.276809 18.595747),156456,Haiti,HTI,41,Americas,1,1,2022-04-25 00:00:00.000,2022-04-25 00:00:00.000,0,0,1,0,1,1,1,,
467064,HAI-2022-3-16462-4,2022,true,Clear,3,7793,15080,G9 - Civilians,7793,16462,G9 - Civilians,7793,7793,G9,9999,1,Civilians,1,"""National Human Rights Defense Network (RNDDH),2022-06-27,Carnage at la Plaine du Cul-de-Sac: The survivors demand the support of the authorities""",National Human Rights Defense Network (RNDDH),2022-06-27,Carnage at la Plaine du Cul-de-Sac: The survivors demand the support of the authorities,,5,Croix-des-Bouquets commune,Croix-des-bouquets,Ouest department,Croix-des-Bouquets arrondissement,18.606567,-72.222182,POINT (-72.222182 18.606567),156456,Haiti,HTI,41,Americas,1,1,2022-04-26 00:00:00.000,2022-04-26 00:00:00.000,0,0,2,0,2,2,2,,
467294,HAI-2022-3-16462-12,2022,true,Clear,3,7793,15080,G9 - Civilians,7793,16462,G9 - Civilians,7793,7793,G9,9999,1,Civilians,1,"""National Human Rights Defense Network (RNDDH),2022-06-27,Carnage at la Plaine du Cul-de-Sac: The survivors demand the support of the authorities""",National Human Rights Defense Network (RNDDH),2022-06-27,Carnage at la Plaine du Cul-de-Sac: The survivors demand the support of the authorities,,5,Croix-des-Bouquets commune,Shada,Ouest department,Croix-des-Bouquets arrondissement,18.606567,-72.222182,POINT (-72.222182 18.606567),156456,Haiti,HTI,41,Americas,1,1,2022-04-27 00:00:00.000,2022-04-27 00:00:00.000,0,0,1,0,1,1,1,,
445209,HAI-2022-3-16462-0,2022,true,Clear,3,7793,15080,G9 - Civilians,7793,16462,G9 - Civilians,7793,7793,G9,9999,1,Civilians,1,"""Vant Bef Info,2022-05-11,Haïti : Protestation à Solino contre l’assassinat de deux personnes""",Vant Bef Info,2022-05-11,Haïti : Protestation à Solino contre l’assassinat de deux personnes,"neighbors, witnesses",1,Cité Soleil town,"district of Drouillard, commune of Cité-Soleil",Ouest department,Port-au-Prince arrondissement,18.577857,-72.331887,POINT (-72.331887 18.577857),156456,Haiti,HTI,41,Americas,1,1,2022-05-10 00:00:00.000,2022-05-10 00:00:00.000,0,0,2,0,2,2,2,,
450906,HAI-2022-3-16462-2,2022,true,Clear,3,7793,15080,G9 - Civilians,7793,16462,G9 - Civilians,7793,7793,G9,9999,1,Civilians,1,"""Haiti Libre,2022-09-13,Haiti - FLASH : Two young journalists killed in Cité-Soleil""",Haiti Libre,2022-09-13,Haiti - FLASH : Two young journalists killed in Cité-Soleil,,1,Cité Soleil town,Cite Soleil,Ouest department,Port-au-Prince arrondissement,18.577857,-72.331887,POINT (-72.331887 18.577857),156456,Haiti,HTI,41,Americas,1,1,2022-09-11 00:00:00.000,2022-09-11 00:00:00.000,0,0,2,0,2,2,2,,
563084,HAI-2024-3-16462-0,2024,true,Clear,3,7793,15080,G9 - Civilians,7793,16462,G9 - Civilians,7793,7793,G9,9999,1,Civilians,1,"""UN Integrated Office in Haiti (BINUH),2024-03-11,QUARTERLY REPORT ON THE HUMAN RIGHTS SITUATION IN HAITI""",UN Integrated Office in Haiti (BINUH),2024-03-11,QUARTERLY REPORT ON THE HUMAN RIGHTS SITUATION IN HAITI,BINUH,1,Cité Soleil town,Brooklyn neighborhood,Ouest department,Port-au-Prince arrondissement,18.577857,-72.331887,POINT (-72.331887 18.577857),156456,Haiti,HTI,41,Americas,2,4,2024-02-01 00:00:00.000,2024-02-28 00:00:00.000,0,0,66,0,66,66,66,,
375642,HAI-2020-3-16572-0,2020,false,Clear,3,7863,15163,Gran Grif - Civilians,7863,16572,Gran Grif - Civilians,7863,7863,Gran Grif,9999,1,Civilians,1,"""Vant Bef Info,2020-12-23,Haiti: Woman shot in the head in an armed attack on vehicles""",Vant Bef Info,2020-12-23,Haiti: Woman shot in the head in an armed attack on vehicles,witnesses,2,Liancourt commune,"Liancourt, in the Artibonite department of Haiti",L'Artibonite department,Saint-Marc arrondissement,19.128711,-72.559859,POINT (-72.559859 19.128711),157175,Haiti,HTI,41,Americas,1,1,2020-12-22 00:00:00.000,2020-12-22 00:00:00.000,0,0,1,0,1,1,1,,
380771,HAI-2021-3-16572-0,2021,false,Clear,3,7863,15163,Gran Grif - Civilians,7863,16572,Gran Grif - Civilians,7863,7863,Gran Grif,9999,1,Civilians,1,"""Vant Bef Info,2021-02-04,Artibonite-Insecurity: Five members of the population of Savien killed by bandits""",Vant Bef Info,2021-02-04,Artibonite-Insecurity: Five members of the population of Savien killed by bandits,Witnesses,1,Petite Riviere de l'Artibonite commune,"Savien in Petite Rivière, commune of the Artibonite department.",L'Artibonite department,Dessalines arrondissement,19.121582,-72.474162,POINT (-72.474162 19.121582),157176,Haiti,HTI,41,Americas,1,1,2021-02-04 00:00:00.000,2021-02-04 00:00:00.000,0,0,5,0,5,5,5,,
380939,HAI-2021-3-16572-1,2021,false,Clear,3,7863,15163,Gran Grif - Civilians,7863,16572,Gran Grif - Civilians,7863,7863,Gran Grif,9999,1,Civilians,1,"""Haiti Standard,2021-02-09,Artibonite: 2 dead and several wounded, assessment of the reprisals orchestrated by the gang of ""Savien""""",Haiti Standard,2021-02-09,"Artibonite: 2 dead and several wounded, assessment of the reprisals orchestrated by the gang of ""Savien""",,1,Petite Riviere de l'Artibonite commune,"Maugé and Préval, at the level of the town of Petite-Rivière de l'Artibonite.",L'Artibonite department,Dessalines arrondissement,19.121582,-72.474162,POINT (-72.474162 19.121582),157176,Haiti,HTI,41,Americas,1,1,2021-02-09 00:00:00.000,2021-02-09 00:00:00.000,0,0,2,0,2,2,2,,
392820,HAI-2021-3-16572-2,2021,false,Clear,3,7863,15163,Gran Grif - Civilians,7863,16572,Gran Grif - Civilians,7863,7863,Gran Grif,9999,1,Civilians,1,"""Haiti Infos Pro,2021-03-29,Artibonite: A driver and a witness killed by armed gangs""",Haiti Infos Pro,2021-03-29,Artibonite: A driver and a witness killed by armed gangs,witnesses,1,Saint-Marc town,"Pont-Sondé, Artibonite",L'Artibonite department,Saint-Marc arrondissement,19.116667,-72.700000,POINT (-72.7 19.116667),157175,Haiti,HTI,41,Americas,1,1,2021-03-28 00:00:00.000,2021-03-28 00:00:00.000,0,0,2,0,2,2,2,,
491664,HAI-2023-3-16572-0,2023,false,Clear,3,7863,15163,Gran Grif - Civilians,7863,16572,Gran Grif - Civilians,7863,7863,Gran Grif,9999,1,Civilians,1,"""Vant Bef Info,2023-07-23,Matinée de terreur à Liancourt: Au moins trois personnes assassinées, des maisons incendiées""",Vant Bef Info,2023-07-23,"Matinée de terreur à Liancourt: Au moins trois personnes assassinées, des maisons incendiées",,2,Liancourt commune,Commune of Liancourt in the Artibonite department,L'Artibonite department,Saint-Marc arrondissement,19.128711,-72.559859,POINT (-72.559859 19.128711),157175,Haiti,HTI,41,Americas,1,1,2023-07-23 00:00:00.000,2023-07-23 00:00:00.000,0,0,3,0,3,3,3,,
491688,HAI-2023-3-16572-8,2023,false,Clear,3,7863,15163,Gran Grif - Civilians,7863,16572,Gran Grif - Civilians,7863,7863,Gran Grif,9999,1,Civilians,1,"""Vant Bef Info,2023-07-28,Petite-Rivière de l’Artibonite/ Violence des gangs armés : Au moins trois morts et plusieurs maisons incendiées""",Vant Bef Info,2023-07-28,Petite-Rivière de l’Artibonite/ Violence des gangs armés : Au moins trois morts et plusieurs maisons incendiées,"the interim executive agent of Petite-Rivière, Me Lereste Dort.",2,Petite Riviere de l'Artibonite commune,"locality of Mirault, 3rd section of Petite-Rivière de l'Artibonite",L'Artibonite department,Dessalines arrondissement,19.121582,-72.474162,POINT (-72.474162 19.121582),157176,Haiti,HTI,41,Americas,1,1,2023-07-28 00:00:00.000,2023-07-28 00:00:00.000,0,0,3,0,3,3,0,,
510461,HAI-2023-3-16572-9,2023,false,Clear,3,7863,15163,Gran Grif - Civilians,7863,16572,Gran Grif - Civilians,7863,7863,Gran Grif,9999,1,Civilians,1,"""RNDDH,2023-08-18,The Increasing violence in the West and Artibonite departments: RNDDH denounces the complicity of the CSPN.""",RNDDH,2023-08-18,The Increasing violence in the West and Artibonite departments: RNDDH denounces the complicity of the CSPN.,RNDDH,1,Savien hamlet,"Savien, in the Artibonite department",L'Artibonite department,Dessalines arrondissement,19.153260,-72.537220,POINT (-72.53722 19.15326),157175,Haiti,HTI,41,Americas,1,1,2023-08-16 00:00:00.000,2023-08-16 00:00:00.000,0,0,3,0,3,3,3,,
498569,HAI-2023-3-16572-1,2023,false,Clear,3,7863,15163,Gran Grif - Civilians,7863,16572,Gran Grif - Civilians,7863,7863,Gran Grif,9999,1,Civilians,2,"""Haiti Libre,2023-10-25,Zapping"";""Vant Bef Info,2023-10-24,Shooting in Carrefour-Peigne: 3 dead and several injured""",Haiti Libre;Vant Bef Info,2023-10-25;2023-10-24,Zapping;Shooting in Carrefour-Peigne: 3 dead and several injured,,4,L'Artibonite department,Carrefour Peigne (Dept. Artibonite),L'Artibonite department,,19.333330,-72.500000,POINT (-72.5 19.33333),157176,Haiti,HTI,41,Americas,1,1,2023-10-24 00:00:00.000,2023-10-24 00:00:00.000,0,0,4,0,4,4,4,,
502934,HAI-2023-3-16572-5,2023,false,Clear,3,7863,15163,Gran Grif - Civilians,7863,16572,Gran Grif - Civilians,7863,7863,Gran Grif,9999,1,Civilians,1,"""Vant Bef Info,2023-11-15,Artibonite : Un chauffeur de camion abattu par des membres d’un gang à Savien""",Vant Bef Info,2023-11-15,Artibonite : Un chauffeur de camion abattu par des membres d’un gang à Savien,,1,Savien hamlet,"""Mowo""

Savien, in the Artibonite department",L'Artibonite department,Dessalines arrondissement,19.153260,-72.537220,POINT (-72.53722 19.15326),157175,Haiti,HTI,41,Americas,1,1,2023-11-15 00:00:00.000,2023-11-15 00:00:00.000,0,0,1,0,1,1,1,,
507694,HAI-2023-3-16572-2,2023,false,Clear,3,7863,15163,Gran Grif - Civilians,7863,16572,Gran Grif - Civilians,7863,7863,Gran Grif,9999,1,Civilians,1,"""Vant Bef Info,2023-12-14,Nouvelle attaque armée à Savien: Au moins deux personnes tuées, plusieurs autres enlevées""",Vant Bef Info,2023-12-14,"Nouvelle attaque armée à Savien: Au moins deux personnes tuées, plusieurs autres enlevées",police,1,Saint-Marc town,"Moreau-Carrefour Peille, on national road number 1

Artibonite",L'Artibonite department,Saint-Marc arrondissement,19.116667,-72.700000,POINT (-72.7 19.116667),157175,Haiti,HTI,41,Americas,1,2,2023-12-13 00:00:00.000,2023-12-14 00:00:00.000,0,0,2,0,2,2,2,,
507704,HAI-2023-3-16572-4,2023,false,Clear,3,7863,15163,Gran Grif - Civilians,7863,16572,Gran Grif - Civilians,7863,7863,Gran Grif,9999,1,Civilians,2,"""Vant Bef Info,2023-12-20,Artibonite: Au moins deux morts et plusieurs blessés par balles"";""Haiti Libre,2023-12-20,Haiti - News : Zapping…""",Vant Bef Info;Haiti Libre,2023-12-20;2023-12-20,Artibonite: Au moins deux morts et plusieurs blessés par balles;Haiti - News : Zapping…,police,1,Saint-Marc town,Saint Marc,L'Artibonite department,Saint-Marc arrondissement,19.116667,-72.700000,POINT (-72.7 19.116667),157175,Haiti,HTI,41,Americas,1,1,2023-12-19 00:00:00.000,2023-12-19 00:00:00.000,0,0,2,0,2,2,2,,
508642,HAI-2023-3-16572-6,2023,false,Clear,3,7863,15163,Gran Grif - Civilians,7863,16572,Gran Grif - Civilians,7863,7863,Gran Grif,9999,1,Civilians,1,"""Haiti Libre,2023-12-20,Haiti - News : Zapping…""",Haiti Libre,2023-12-20,Haiti - News : Zapping…,Association of Haitian Owners and Drivers ( APCH).,2,Liancourt commune,Liancourt commune,L'Artibonite department,Saint-Marc arrondissement,19.128711,-72.559859,POINT (-72.559859 19.128711),157175,Haiti,HTI,41,Americas,1,1,2023-12-19 00:00:00.000,2023-12-19 00:00:00.000,0,0,1,0,1,1,1,,
515944,HAI-2024-3-16572-0,2024,true,Clear,3,7863,15163,Gran Grif - Civilians,7863,16572,Gran Grif - Civilians,7863,7863,Gran Grif,9999,1,Civilians,1,"""Haiti Libre,2024-02-19,Haiti - News : Zapping...""",Haiti Libre,2024-02-19,Haiti - News : Zapping...,"witnesses, Association of Owners and Drivers of Haiti (APCH)",2,Savien hamlet,,L'Artibonite department,Dessalines arrondissement,19.153260,-72.537220,POINT (-72.53722 19.15326),157175,Haiti,HTI,41,Americas,1,1,2024-02-17 00:00:00.000,2024-02-17 00:00:00.000,0,0,2,0,2,2,0,,
518760,HAI-2024-3-16572-1,2024,true,Clear,3,7863,15163,Gran Grif - Civilians,7863,16572,Gran Grif - Civilians,7863,7863,Gran Grif,9999,1,Civilians,1,"""Haiti Libre,2024-04-08,Haiti - News : Zapping...""",Haiti Libre,2024-04-08,Haiti - News : Zapping...,Haiti Libre,1,Drouet town,"locality of Drouet (Artibonite department), on the main road to Liancourt",L'Artibonite department,Saint-Marc arrondissement,19.144120,-72.596200,POINT (-72.5962 19.14412),157175,Haiti,HTI,41,Americas,1,1,2024-04-05 00:00:00.000,2024-04-05 00:00:00.000,0,0,4,0,4,9,4,,
545405,HAI-2024-3-16572-2,2024,true,Clear,3,7863,15163,Gran Grif - Civilians,7863,16572,Gran Grif - Civilians,7863,7863,Gran Grif,9999,1,Civilians,5,"""Associated Press Newswires,2024-10-04,A gang in Haiti has killed more than 20 and injured dozens after raiding a small town, official says"";""EFE News Service,2024-10-04,UN raises death toll in Haitian gang attack in Artibonite to 70"";""Agence France Presse,2024-10-04,Haiti reeling after 70 killed in gang attack"";""Haiti Libre,2024-10-10,Haiti - FLASH : The partial death toll from the Pont-Sondé massacre now stands at 115"";""BINUH,2025-02-04,Quarterly report on the Human Rights Situation in Haiti, October - December 2024""",Associated Press Newswires;EFE News Service;Agence France Presse;Haiti Libre;BINUH,2024-10-04;2024-10-04;2024-10-04;2024-10-10;2025-02-04,"A gang in Haiti has killed more than 20 and injured dozens after raiding a small town, official says;UN raises death toll in Haitian gang attack in Artibonite to 70;Haiti reeling after 70 killed in gang attack;Haiti - FLASH : The partial death toll from the Pont-Sondé massacre now stands at 115;Quarterly report on the Human Rights Situation in Haiti, October - December 2024","Radio Kiskeya; Venson François, a government prosecutor based in Saint-Marc; Bertide Harace, spokeswoman for the Commission for Dialogue, Reconciliation and Awareness to Save the Artibonite; UN Human Rights Office spokesman Thameen Al-Kheetan; Myriam Fièvre, the mayor of Saint-Marc.",1,Pont-Sondé town,town of Pont-Sondé,L'Artibonite department,Saint-Marc arrondissement,19.149300,-72.614000,POINT (-72.614 19.1493),157175,Haiti,HTI,41,Americas,1,2,2024-10-02 00:00:00.000,2024-10-03 00:00:00.000,0,0,100,0,100,115,100,,
554821,HAI-2024-3-16572-3,2024,true,Clear,3,7863,15163,Gran Grif - Civilians,7863,16572,Gran Grif - Civilians,7863,7863,Gran Grif,9999,1,Civilians,1,"""Haiti Libre,2024-11-28,Haiti - News : Zapping...""",Haiti Libre,2024-11-28,Haiti - News : Zapping...,Haiti Libre,2,Marchand Dessalines town,Savane Boulée in the 4th communal section of Dessalines (Dept. Artibonite),L'Artibonite department,Dessalines arrondissement,19.261549,-72.519025,POINT (-72.519025 19.261549),157175,Haiti,HTI,41,Americas,1,1,2024-11-27 00:00:00.000,2024-11-27 00:00:00.000,0,0,3,0,3,3,3,,
561381,HAI-2024-3-16572-4,2024,true,Clear,3,7863,15163,Gran Grif - Civilians,7863,16572,Gran Grif - Civilians,7863,7863,Gran Grif,9999,1,Civilians,1,"""France 24,2024-12-11,Nine killed in Haiti in latest gang attack""",France 24,2024-12-11,Nine killed in Haiti in latest gang attack,"Bertide Horace, a spokeswoman for a community association in the surrounding Artibonite region; André Saint-Louis, Coordinator of the Peace Initiative Committee in Artibonite",1,Petite Riviere de l'Artibonite commune,town of Petite-Riviere in central Haiti,L'Artibonite department,Dessalines arrondissement,19.121582,-72.474162,POINT (-72.474162 19.121582),157176,Haiti,HTI,41,Americas,1,2,2024-12-10 00:00:00.000,2024-12-11 00:00:00.000,0,0,70,0,70,70,70,,
354735,HAI-2020-3-16576-5,2020,true,Clear,3,7886,15167,"Delmas 19 gang , Delmas 6 gang, Delmas 95 gang, Nan Barozi gang, Nan Belekou gang, Nan Boston gang, Nan Chabón, Nan Ti Bwa gang, Pilate Base gang, Simon Pele gang, Wharf de Jeremie gang - Civilians",7886,16576,"Delmas 19 gang , Delmas 6 gang, Delmas 95 gang, Nan Barozi gang, Nan Belekou gang, Nan Boston gang, Nan Chabón, Nan Ti Bwa gang, Pilate Base gang, Simon Pele gang, Wharf de Jeremie gang - Civilians",7886,7886,"Delmas 19 gang , Delmas 6 gang, Delmas 95 gang, Nan Barozi gang, Nan Belekou gang, Nan Boston gang, Nan Chabón, Nan Ti Bwa gang, Pilate Base gang, Simon Pele gang, Wharf de Jeremie gang",9999,1,Civilians,1,"""National Human Rights Defense Network (RNDDH),2020-06-23,Attacks on deprived neighborhoods: The RNDDH demands the end of the protection of armed gangs by the authorities in power""",National Human Rights Defense Network (RNDDH),2020-06-23,Attacks on deprived neighborhoods: The RNDDH demands the end of the protection of armed gangs by the authorities in power,"Several official sources, as well as testimony from witnesses.",1,Cité Soleil town,"Cité Soleil, Port-au-Prince",Ouest department,Port-au-Prince arrondissement,18.577857,-72.331887,POINT (-72.331887 18.577857),156456,Haiti,HTI,41,Americas,2,2,2020-05-23 00:00:00.000,2020-05-27 00:00:00.000,0,0,5,0,5,5,5,,
354717,HAI-2020-3-16576-0,2020,true,Clear,3,7886,15167,"Delmas 19 gang , Delmas 6 gang, Delmas 95 gang, Nan Barozi gang, Nan Belekou gang, Nan Boston gang, Nan Chabón, Nan Ti Bwa gang, Pilate Base gang, Simon Pele gang, Wharf de Jeremie gang - Civilians",7886,16576,"Delmas 19 gang , Delmas 6 gang, Delmas 95 gang, Nan Barozi gang, Nan Belekou gang, Nan Boston gang, Nan Chabón, Nan Ti Bwa gang, Pilate Base gang, Simon Pele gang, Wharf de Jeremie gang - Civilians",7886,7886,"Delmas 19 gang , Delmas 6 gang, Delmas 95 gang, Nan Barozi gang, Nan Belekou gang, Nan Boston gang, Nan Chabón, Nan Ti Bwa gang, Pilate Base gang, Simon Pele gang, Wharf de Jeremie gang",9999,1,Civilians,1,"""National Human Rights Defense Network (RNDDH),2020-06-23,Attacks on deprived neighborhoods: The RNDDH demands the end of the protection of armed gangs by the authorities in power""",National Human Rights Defense Network (RNDDH),2020-06-23,Attacks on deprived neighborhoods: The RNDDH demands the end of the protection of armed gangs by the authorities in power,"Several official sources, as well as testimony from witnesses.",1,Cité Soleil town,"Fort Dimanche in Cité Soleil, Port-au-Prince",Ouest department,Port-au-Prince arrondissement,18.577857,-72.331887,POINT (-72.331887 18.577857),156456,Haiti,HTI,41,Americas,1,1,2020-05-23 00:00:00.000,2020-05-23 00:00:00.000,0,0,1,0,1,1,1,,
354727,HAI-2020-3-16576-1,2020,true,Clear,3,7886,15167,"Delmas 19 gang , Delmas 6 gang, Delmas 95 gang, Nan Barozi gang, Nan Belekou gang, Nan Boston gang, Nan Chabón, Nan Ti Bwa gang, Pilate Base gang, Simon Pele gang, Wharf de Jeremie gang - Civilians",7886,16576,"Delmas 19 gang , Delmas 6 gang, Delmas 95 gang, Nan Barozi gang, Nan Belekou gang, Nan Boston gang, Nan Chabón, Nan Ti Bwa gang, Pilate Base gang, Simon Pele gang, Wharf de Jeremie gang - Civilians",7886,7886,"Delmas 19 gang , Delmas 6 gang, Delmas 95 gang, Nan Barozi gang, Nan Belekou gang, Nan Boston gang, Nan Chabón, Nan Ti Bwa gang, Pilate Base gang, Simon Pele gang, Wharf de Jeremie gang",9999,1,Civilians,1,"""National Human Rights Defense Network (RNDDH),2020-06-23,Attacks on deprived neighborhoods: The RNDDH demands the end of the protection of armed gangs by the authorities in power""",National Human Rights Defense Network (RNDDH),2020-06-23,Attacks on deprived neighborhoods: The RNDDH demands the end of the protection of armed gangs by the authorities in power,"Several official sources, as well as testimony from witnesses.",1,Cité Soleil town,"Cité Soleil, Port-au-Prince",Ouest department,Port-au-Prince arrondissement,18.577857,-72.331887,POINT (-72.331887 18.577857),156456,Haiti,HTI,41,Americas,1,1,2020-05-24 00:00:00.000,2020-05-24 00:00:00.000,0,0,18,0,18,18,18,,
354732,HAI-2020-3-16576-2,2020,true,Clear,3,7886,15167,"Delmas 19 gang , Delmas 6 gang, Delmas 95 gang, Nan Barozi gang, Nan Belekou gang, Nan Boston gang, Nan Chabón, Nan Ti Bwa gang, Pilate Base gang, Simon Pele gang, Wharf de Jeremie gang - Civilians",7886,16576,"Delmas 19 gang , Delmas 6 gang, Delmas 95 gang, Nan Barozi gang, Nan Belekou gang, Nan Boston gang, Nan Chabón, Nan Ti Bwa gang, Pilate Base gang, Simon Pele gang, Wharf de Jeremie gang - Civilians",7886,7886,"Delmas 19 gang , Delmas 6 gang, Delmas 95 gang, Nan Barozi gang, Nan Belekou gang, Nan Boston gang, Nan Chabón, Nan Ti Bwa gang, Pilate Base gang, Simon Pele gang, Wharf de Jeremie gang",9999,1,Civilians,1,"""National Human Rights Defense Network (RNDDH),2020-06-23,Attacks on deprived neighborhoods: The RNDDH demands the end of the protection of armed gangs by the authorities in power""",National Human Rights Defense Network (RNDDH),2020-06-23,Attacks on deprived neighborhoods: The RNDDH demands the end of the protection of armed gangs by the authorities in power,"Several official sources, as well as testimony from witnesses.",1,Cité Soleil town,"Cité Soleil, Port-au-Prince",Ouest department,Port-au-Prince arrondissement,18.577857,-72.331887,POINT (-72.331887 18.577857),156456,Haiti,HTI,41,Americas,1,1,2020-05-25 00:00:00.000,2020-05-25 00:00:00.000,0,0,1,0,1,1,1,,
354733,HAI-2020-3-16576-3,2020,true,Clear,3,7886,15167,"Delmas 19 gang , Delmas 6 gang, Delmas 95 gang, Nan Barozi gang, Nan Belekou gang, Nan Boston gang, Nan Chabón, Nan Ti Bwa gang, Pilate Base gang, Simon Pele gang, Wharf de Jeremie gang - Civilians",7886,16576,"Delmas 19 gang , Delmas 6 gang, Delmas 95 gang, Nan Barozi gang, Nan Belekou gang, Nan Boston gang, Nan Chabón, Nan Ti Bwa gang, Pilate Base gang, Simon Pele gang, Wharf de Jeremie gang - Civilians",7886,7886,"Delmas 19 gang , Delmas 6 gang, Delmas 95 gang, Nan Barozi gang, Nan Belekou gang, Nan Boston gang, Nan Chabón, Nan Ti Bwa gang, Pilate Base gang, Simon Pele gang, Wharf de Jeremie gang",9999,1,Civilians,1,"""National Human Rights Defense Network (RNDDH),2020-06-23,Attacks on deprived neighborhoods: The RNDDH demands the end of the protection of armed gangs by the authorities in power""",National Human Rights Defense Network (RNDDH),2020-06-23,Attacks on deprived neighborhoods: The RNDDH demands the end of the protection of armed gangs by the authorities in power,"Several official sources, as well as testimony from witnesses.",1,Cité Soleil town,"Nan Brooklyn in Cité Soleil, Port-au-Prince",Ouest department,Port-au-Prince arrondissement,18.577857,-72.331887,POINT (-72.331887 18.577857),156456,Haiti,HTI,41,Americas,1,1,2020-05-26 00:00:00.000,2020-05-26 00:00:00.000,0,0,5,0,5,5,5,,
354734,HAI-2020-3-16576-4,2020,true,Clear,3,7886,15167,"Delmas 19 gang , Delmas 6 gang, Delmas 95 gang, Nan Barozi gang, Nan Belekou gang, Nan Boston gang, Nan Chabón, Nan Ti Bwa gang, Pilate Base gang, Simon Pele gang, Wharf de Jeremie gang - Civilians",7886,16576,"Delmas 19 gang , Delmas 6 gang, Delmas 95 gang, Nan Barozi gang, Nan Belekou gang, Nan Boston gang, Nan Chabón, Nan Ti Bwa gang, Pilate Base gang, Simon Pele gang, Wharf de Jeremie gang - Civilians",7886,7886,"Delmas 19 gang , Delmas 6 gang, Delmas 95 gang, Nan Barozi gang, Nan Belekou gang, Nan Boston gang, Nan Chabón, Nan Ti Bwa gang, Pilate Base gang, Simon Pele gang, Wharf de Jeremie gang",9999,1,Civilians,1,"""National Human Rights Defense Network (RNDDH),2020-06-23,Attacks on deprived neighborhoods: The RNDDH demands the end of the protection of armed gangs by the authorities in power""",National Human Rights Defense Network (RNDDH),2020-06-23,Attacks on deprived neighborhoods: The RNDDH demands the end of the protection of armed gangs by the authorities in power,"Several official sources, as well as testimony from witnesses",1,Cité Soleil town,"Nan Brooklyn in Cité Soleil, Port-au-Prince",Ouest department,Port-au-Prince arrondissement,18.577857,-72.331887,POINT (-72.331887 18.577857),156456,Haiti,HTI,41,Americas,1,1,2020-05-27 00:00:00.000,2020-05-27 00:00:00.000,0,0,4,0,4,4,4,,
407194,HAI-2020-3-16737-0,2020,false,Clear,3,7889,15300,400 Mawozo  - Civilians,7889,16737,400 Mawozo  - Civilians,7889,7889,400 Mawozo,9999,1,Civilians,1,"""Haiti Press Network,2020-08-03,Haïti-Sécurité : Une fusillade à Ganthier fait deux morts dont un nourrisson""",Haiti Press Network,2020-08-03,Haïti-Sécurité : Une fusillade à Ganthier fait deux morts dont un nourrisson,witnesses,1,Ganthier town,in the town of Ganthier,Ouest department,Croix-des-Bouquets arrondissement,18.530172,-72.062905,POINT (-72.062905 18.530172),156456,Haiti,HTI,41,Americas,1,1,2020-08-03 00:00:00.000,2020-08-03 00:00:00.000,0,0,2,0,2,2,2,,
395045,HAI-2021-3-16737-0,2021,false,Clear,3,7889,15300,400 Mawozo  - Civilians,7889,16737,400 Mawozo  - Civilians,7889,7889,400 Mawozo,9999,1,Civilians,1,"""Haiti Infos Pro,2021-05-03,New operation of the ""400 mawozo"" in Croix-des-Bouquets, one dead, one kidnapped""",Haiti Infos Pro,2021-05-03,"New operation of the ""400 mawozo"" in Croix-des-Bouquets, one dead, one kidnapped",witnesses,5,Morne a Cabrit mountain,"Croix-des-Bouquets, at the bottom of Morne à Cabri.",Ouest department,Croix-des-Bouquets arrondissement,18.819099,-72.330881,POINT (-72.330881 18.819099),156456,Haiti,HTI,41,Americas,1,1,2021-05-03 00:00:00.000,2021-05-03 00:00:00.000,0,0,1,0,1,1,1,,
422107,HAI-2021-3-16737-1,2021,false,Clear,3,7889,15300,400 Mawozo  - Civilians,7889,16737,400 Mawozo  - Civilians,7889,7889,400 Mawozo,9999,1,Civilians,2,"""Haiti Standard,2021-09-09,Croix-des-Bouquets (West): entrepreneur Jose Pablo Sylvain shot dead in Santo"";""Vant Bef Info,2021-09-09,Haiti-Insecurity: A businessman killed in Croix-des-Bouquets""",Haiti Standard;Vant Bef Info,2021-09-09;2021-09-09,Croix-des-Bouquets (West): entrepreneur Jose Pablo Sylvain shot dead in Santo;Haiti-Insecurity: A businessman killed in Croix-des-Bouquets,police,2,Croix-des-Bouquets town,Santo in the commune of Croix-des-Bouquets,Ouest department,Croix-des-Bouquets arrondissement,18.580740,-72.230291,POINT (-72.230291 18.58074),156456,Haiti,HTI,41,Americas,1,1,2021-09-09 00:00:00.000,2021-09-09 00:00:00.000,0,0,1,0,1,1,1,,
423416,HAI-2021-3-16737-2,2021,false,Clear,3,7889,15300,400 Mawozo  - Civilians,7889,16737,400 Mawozo  - Civilians,7889,7889,400 Mawozo,9999,1,Civilians,2,"""Haiti Libre,2021-10-14,Haiti - FLASH : The renowned sculptor Anderson Belony assassinated in the Village of Noailles"";""Vant Bef Info,2021-10-13,Haiti: The artistic village of Noailles invaded by armed individuals""",Haiti Libre;Vant Bef Info,2021-10-14;2021-10-13,Haiti - FLASH : The renowned sculptor Anderson Belony assassinated in the Village of Noailles;Haiti: The artistic village of Noailles invaded by armed individuals,,1,Noailles village,artisanal village of Noailles (Croix-des-Bouquets),Ouest department,Croix-des-Bouquets arrondissement,18.571485,-72.229697,POINT (-72.2296977 18.571485),156456,Haiti,HTI,41,Americas,1,1,2021-10-12 00:00:00.000,2021-10-12 00:00:00.000,0,0,1,0,1,1,1,,
423667,HAI-2021-3-16737-3,2021,false,Clear,3,7889,15300,400 Mawozo  - Civilians,7889,16737,400 Mawozo  - Civilians,7889,7889,400 Mawozo,9999,1,Civilians,1,"""ICI Haiti,2021-11-09,iciHaiti - Croix-des-Bouquets : A family targeted, a 7-year-old American child killed""",ICI Haiti,2021-11-09,"iciHaiti - Croix-des-Bouquets : A family targeted, a 7-year-old American child killed",,5,Croix-des-Bouquets commune,Croix-des-Bouquets,Ouest department,Croix-des-Bouquets arrondissement,18.606567,-72.222182,POINT (-72.222182 18.606567),156456,Haiti,HTI,41,Americas,1,1,2021-11-09 00:00:00.000,2021-11-09 00:00:00.000,0,0,1,0,1,1,1,,
423668,HAI-2021-3-16737-4,2021,false,Clear,3,7889,15300,400 Mawozo  - Civilians,7889,16737,400 Mawozo  - Civilians,7889,7889,400 Mawozo,9999,1,Civilians,1,"""ICI Haiti,2021-11-09,iciHaiti - Croix-des-Bouquets : A family targeted, a 7-year-old American child killed""",ICI Haiti,2021-11-09,"iciHaiti - Croix-des-Bouquets : A family targeted, a 7-year-old American child killed",,5,Croix-des-Bouquets commune,Croix-des-Bouquet,Ouest department,Croix-des-Bouquets arrondissement,18.606567,-72.222182,POINT (-72.222182 18.606567),156456,Haiti,HTI,41,Americas,1,1,2021-11-09 00:00:00.000,2021-11-09 00:00:00.000,0,0,1,0,1,1,1,,
432883,HAI-2022-3-16737-0,2022,true,Clear,3,7889,15300,400 Mawozo  - Civilians,7889,16737,400 Mawozo  - Civilians,7889,7889,400 Mawozo,9999,1,Civilians,1,"""ICIHaiti,2022-02-10,iciHaiti - PNH : Arrests of two individuals including an active member of the «400 Mawozo» gang""",ICIHaiti,2022-02-10,iciHaiti - PNH : Arrests of two individuals including an active member of the «400 Mawozo» gang,Mirebalais Police,2,Hinche town,"first section Joanarya, locality of Savane Alaine, municipality of Hinche,",Centre department,Hinche arrondissement,19.150000,-72.016667,POINT (-72.016667 19.15),157176,Haiti,HTI,41,Americas,1,1,2022-02-06 00:00:00.000,2022-02-06 00:00:00.000,0,0,1,0,1,1,1,,
467275,HAI-2022-3-16737-38,2022,true,Clear,3,7889,15300,400 Mawozo  - Civilians,7889,16737,400 Mawozo  - Civilians,7889,7889,400 Mawozo,9999,1,Civilians,1,"""National Human Rights Defense Network (RNDDH),2022-06-27,Carnage at la Plaine du Cul-de-Sac: The survivors demand the support of the authorities""",National Human Rights Defense Network (RNDDH),2022-06-27,Carnage at la Plaine du Cul-de-Sac: The survivors demand the support of the authorities,,1,Croix-des-Missions town,"Croix-des-Missions, Anba Mapou area # 3.",Ouest department,Port-au-Prince arrondissement,18.596790,-72.285180,POINT (-72.28518 18.59679),156456,Haiti,HTI,41,Americas,1,1,2022-04-24 00:00:00.000,2022-04-24 00:00:00.000,0,0,1,0,1,1,1,,
467272,HAI-2022-3-16737-37,2022,true,Clear,3,7889,15300,400 Mawozo  - Civilians,7889,16737,400 Mawozo  - Civilians,7889,7889,400 Mawozo,9999,1,Civilians,1,"""National Human Rights Defense Network (RNDDH),2022-06-27,Carnage at la Plaine du Cul-de-Sac: The survivors demand the support of the authorities""",National Human Rights Defense Network (RNDDH),2022-06-27,Carnage at la Plaine du Cul-de-Sac: The survivors demand the support of the authorities,,1,Croix-des-Missions town,Croix-des-Missions,Ouest department,Port-au-Prince arrondissement,18.596790,-72.285180,POINT (-72.28518 18.59679),156456,Haiti,HTI,41,Americas,1,1,2022-04-24 00:00:00.000,2022-04-24 00:00:00.000,0,0,1,0,1,1,1,,
467237,HAI-2022-3-16737-30,2022,true,Clear,3,7889,15300,400 Mawozo  - Civilians,7889,16737,400 Mawozo  - Civilians,7889,7889,400 Mawozo,9999,1,Civilians,1,"""National Human Rights Defense Network (RNDDH),2022-06-27,Carnage at la Plaine du Cul-de-Sac: The survivors demand the support of the authorities""",National Human Rights Defense Network (RNDDH),2022-06-27,Carnage at la Plaine du Cul-de-Sac: The survivors demand the support of the authorities,,1,Croix-des-Missions town,"Croix-des-Missions, Anba Mapou area;",Ouest department,Port-au-Prince arrondissement,18.596790,-72.285180,POINT (-72.28518 18.59679),156456,Haiti,HTI,41,Americas,1,1,2022-04-24 00:00:00.000,2022-04-24 00:00:00.000,0,0,1,0,1,1,1,,
467202,HAI-2022-3-16737-28,2022,true,Clear,3,7889,15300,400 Mawozo  - Civilians,7889,16737,400 Mawozo  - Civilians,7889,7889,400 Mawozo,9999,1,Civilians,1,"""National Human Rights Defense Network (RNDDH),2022-06-27,Carnage at la Plaine du Cul-de-Sac: The survivors demand the support of the authorities""",National Human Rights Defense Network (RNDDH),2022-06-27,Carnage at la Plaine du Cul-de-Sac: The survivors demand the support of the authorities,,1,Croix-des-Missions town,Croix-des-Missions,Ouest department,Port-au-Prince arrondissement,18.596790,-72.285180,POINT (-72.28518 18.59679),156456,Haiti,HTI,41,Americas,1,1,2022-04-24 00:00:00.000,2022-04-24 00:00:00.000,0,0,2,0,2,2,2,,
467206,HAI-2022-3-16737-29,2022,true,Clear,3,7889,15300,400 Mawozo  - Civilians,7889,16737,400 Mawozo  - Civilians,7889,7889,400 Mawozo,9999,1,Civilians,1,"""National Human Rights Defense Network (RNDDH),2022-06-27,Carnage at la Plaine du Cul-de-Sac: The survivors demand the support of the authorities""",National Human Rights Defense Network (RNDDH),2022-06-27,Carnage at la Plaine du Cul-de-Sac: The survivors demand the support of the authorities,,1,Croix-des-Missions town,Croix-des-Missions,Ouest department,Port-au-Prince arrondissement,18.596790,-72.285180,POINT (-72.28518 18.59679),156456,Haiti,HTI,41,Americas,1,1,2022-04-24 00:00:00.000,2022-04-24 00:00:00.000,0,0,2,0,2,2,2,,
467296,HAI-2022-3-16737-40,2022,true,Clear,3,7889,15300,400 Mawozo  - Civilians,7889,16737,400 Mawozo  - Civilians,7889,7889,400 Mawozo,9999,1,Civilians,1,"""National Human Rights Defense Network (RNDDH),2022-06-27,Carnage at la Plaine du Cul-de-Sac: The survivors demand the support of the authorities""",National Human Rights Defense Network (RNDDH),2022-06-27,Carnage at la Plaine du Cul-de-Sac: The survivors demand the support of the authorities,,1,Croix-des-Missions town,"# 12, Ti Ginen, Croix-des-Missions",Ouest department,Port-au-Prince arrondissement,18.596790,-72.285180,POINT (-72.28518 18.59679),156456,Haiti,HTI,41,Americas,1,1,2022-04-24 00:00:00.000,2022-04-24 00:00:00.000,0,0,1,0,1,1,1,,
467297,HAI-2022-3-16737-41,2022,true,Clear,3,7889,15300,400 Mawozo  - Civilians,7889,16737,400 Mawozo  - Civilians,7889,7889,400 Mawozo,9999,1,Civilians,1,"""National Human Rights Defense Network (RNDDH),2022-06-27,Carnage at la Plaine du Cul-de-Sac: The survivors demand the support of the authorities""",National Human Rights Defense Network (RNDDH),2022-06-27,Carnage at la Plaine du Cul-de-Sac: The survivors demand the support of the authorities,RNDDH,1,Croix-des-Missions town,"Mission Cross, Anba Mapou area, #3",Ouest department,Port-au-Prince arrondissement,18.596790,-72.285180,POINT (-72.28518 18.59679),156456,Haiti,HTI,41,Americas,1,1,2022-04-24 00:00:00.000,2022-04-24 00:00:00.000,0,0,1,0,1,1,1,,
467057,HAI-2022-3-16737-2,2022,true,Clear,3,7889,15300,400 Mawozo  - Civilians,7889,16737,400 Mawozo  - Civilians,7889,7889,400 Mawozo,9999,1,Civilians,1,"""National Human Rights Defense Network (RNDDH),2022-06-27,Carnage at la Plaine du Cul-de-Sac: The survivors demand the support of the authorities""",National Human Rights Defense Network (RNDDH),2022-06-27,Carnage at la Plaine du Cul-de-Sac: The survivors demand the support of the authorities,,1,Butte Boyer town,Butte Boyer,Ouest department,Port-au-Prince arrondissement,18.595747,-72.276809,POINT (-72.276809 18.595747),156456,Haiti,HTI,41,Americas,1,1,2022-04-24 00:00:00.000,2022-04-24 00:00:00.000,0,0,1,0,1,1,1,,
467058,HAI-2022-3-16737-3,2022,true,Clear,3,7889,15300,400 Mawozo  - Civilians,7889,16737,400 Mawozo  - Civilians,7889,7889,400 Mawozo,9999,1,Civilians,1,"""National Human Rights Defense Network (RNDDH),2022-06-27,Carnage at la Plaine du Cul-de-Sac: The survivors demand the support of the authorities""",National Human Rights Defense Network (RNDDH),2022-06-27,Carnage at la Plaine du Cul-de-Sac: The survivors demand the support of the authorities,,1,Croix-des-Missions town,croix-des-missions,Ouest department,Port-au-Prince arrondissement,18.596790,-72.285180,POINT (-72.28518 18.59679),156456,Haiti,HTI,41,Americas,1,1,2022-04-24 00:00:00.000,2022-04-24 00:00:00.000,0,0,0,0,0,1,0,,
467059,HAI-2022-3-16737-4,2022,true,Clear,3,7889,15300,400 Mawozo  - Civilians,7889,16737,400 Mawozo  - Civilians,7889,7889,400 Mawozo,9999,1,Civilians,1,"""National Human Rights Defense Network (RNDDH),2022-06-27,Carnage at la Plaine du Cul-de-Sac: The survivors demand the support of the authorities""",National Human Rights Defense Network (RNDDH),2022-06-27,Carnage at la Plaine du Cul-de-Sac: The survivors demand the support of the authorities,,2,Tabarre commune,grey river,Ouest department,Port-au-Prince arrondissement,18.583330,-72.266670,POINT (-72.26667 18.58333),156456,Haiti,HTI,41,Americas,1,1,2022-04-24 00:00:00.000,2022-04-24 00:00:00.000,0,0,2,0,2,2,2,,
467062,HAI-2022-3-16737-7,2022,true,Clear,3,7889,15300,400 Mawozo  - Civilians,7889,16737,400 Mawozo  - Civilians,7889,7889,400 Mawozo,9999,1,Civilians,1,"""National Human Rights Defense Network (RNDDH),2022-06-27,Carnage at la Plaine du Cul-de-Sac: The survivors demand the support of the authorities""",National Human Rights Defense Network (RNDDH),2022-06-27,Carnage at la Plaine du Cul-de-Sac: The survivors demand the support of the authorities,,5,Croix-des-Bouquets commune,Shada,Ouest department,Croix-des-Bouquets arrondissement,18.606567,-72.222182,POINT (-72.222182 18.606567),156456,Haiti,HTI,41,Americas,2,4,2022-04-24 00:00:00.000,2022-05-04 00:00:00.000,0,0,1,0,1,1,1,,
467066,HAI-2022-3-16737-9,2022,true,Clear,3,7889,15300,400 Mawozo  - Civilians,7889,16737,400 Mawozo  - Civilians,7889,7889,400 Mawozo,9999,1,Civilians,1,"""National Human Rights Defense Network (RNDDH),2022-06-27,Carnage at la Plaine du Cul-de-Sac: The survivors demand the support of the authorities""",National Human Rights Defense Network (RNDDH),2022-06-27,Carnage at la Plaine du Cul-de-Sac: The survivors demand the support of the authorities,,1,Butte Boyer town,Butte Boyer,Ouest department,Port-au-Prince arrondissement,18.595747,-72.276809,POINT (-72.276809 18.595747),156456,Haiti,HTI,41,Americas,1,1,2022-04-24 00:00:00.000,2022-04-24 00:00:00.000,0,0,1,0,1,1,1,,
467067,HAI-2022-3-16737-10,2022,true,Clear,3,7889,15300,400 Mawozo  - Civilians,7889,16737,400 Mawozo  - Civilians,7889,7889,400 Mawozo,9999,1,Civilians,1,"""National Human Rights Defense Network (RNDDH),2022-06-27,Carnage at la Plaine du Cul-de-Sac: The survivors demand the support of the authorities""",National Human Rights Defense Network (RNDDH),2022-06-27,Carnage at la Plaine du Cul-de-Sac: The survivors demand the support of the authorities,,1,Butte Boyer town,Butte Boyer,Ouest department,Port-au-Prince arrondissement,18.595747,-72.276809,POINT (-72.276809 18.595747),156456,Haiti,HTI,41,Americas,1,1,2022-04-24 00:00:00.000,2022-04-24 00:00:00.000,0,0,1,0,1,1,1,,
467068,HAI-2022-3-16737-11,2022,true,Clear,3,7889,15300,400 Mawozo  - Civilians,7889,16737,400 Mawozo  - Civilians,7889,7889,400 Mawozo,9999,1,Civilians,1,"""National Human Rights Defense Network (RNDDH),2022-06-27,Carnage at la Plaine du Cul-de-Sac: The survivors demand the support of the authorities""",National Human Rights Defense Network (RNDDH),2022-06-27,Carnage at la Plaine du Cul-de-Sac: The survivors demand the support of the authorities,,1,Butte Boyer town,Butte Boyer,Ouest department,Port-au-Prince arrondissement,18.595747,-72.276809,POINT (-72.276809 18.595747),156456,Haiti,HTI,41,Americas,1,1,2022-04-24 00:00:00.000,2022-04-24 00:00:00.000,0,0,2,0,2,2,2,,
467069,HAI-2022-3-16737-12,2022,true,Clear,3,7889,15300,400 Mawozo  - Civilians,7889,16737,400 Mawozo  - Civilians,7889,7889,400 Mawozo,9999,1,Civilians,1,"""National Human Rights Defense Network (RNDDH),2022-06-27,Carnage at la Plaine du Cul-de-Sac: The survivors demand the support of the authorities""",National Human Rights Defense Network (RNDDH),2022-06-27,Carnage at la Plaine du Cul-de-Sac: The survivors demand the support of the authorities,,1,Butte Boyer town,Butte Boyer,Ouest department,Port-au-Prince arrondissement,18.595747,-72.276809,POINT (-72.276809 18.595747),156456,Haiti,HTI,41,Americas,1,1,2022-04-24 00:00:00.000,2022-04-24 00:00:00.000,0,0,2,0,2,2,2,,
467070,HAI-2022-3-16737-13,2022,true,Clear,3,7889,15300,400 Mawozo  - Civilians,7889,16737,400 Mawozo  - Civilians,7889,7889,400 Mawozo,9999,1,Civilians,1,"""National Human Rights Defense Network (RNDDH),2022-06-27,Carnage at la Plaine du Cul-de-Sac: The survivors demand the support of the authorities""",National Human Rights Defense Network (RNDDH),2022-06-27,Carnage at la Plaine du Cul-de-Sac: The survivors demand the support of the authorities,,1,Butte Boyer town,BUTTE BOYER,Ouest department,Port-au-Prince arrondissement,18.595747,-72.276809,POINT (-72.276809 18.595747),156456,Haiti,HTI,41,Americas,1,1,2022-04-24 00:00:00.000,2022-04-24 00:00:00.000,0,0,1,0,1,1,1,,
467071,HAI-2022-3-16737-14,2022,true,Clear,3,7889,15300,400 Mawozo  - Civilians,7889,16737,400 Mawozo  - Civilians,7889,7889,400 Mawozo,9999,1,Civilians,1,"""National Human Rights Defense Network (RNDDH),2022-06-27,Carnage at la Plaine du Cul-de-Sac: The survivors demand the support of the authorities""",National Human Rights Defense Network (RNDDH),2022-06-27,Carnage at la Plaine du Cul-de-Sac: The survivors demand the support of the authorities,,1,Butte Boyer town,Butte Boyer,Ouest department,Port-au-Prince arrondissement,18.595747,-72.276809,POINT (-72.276809 18.595747),156456,Haiti,HTI,41,Americas,1,1,2022-04-24 00:00:00.000,2022-04-24 00:00:00.000,0,0,1,0,1,1,1,,
467072,HAI-2022-3-16737-15,2022,true,Clear,3,7889,15300,400 Mawozo  - Civilians,7889,16737,400 Mawozo  - Civilians,7889,7889,400 Mawozo,9999,1,Civilians,1,"""National Human Rights Defense Network (RNDDH),2022-06-27,Carnage at la Plaine du Cul-de-Sac: The survivors demand the support of the authorities""",National Human Rights Defense Network (RNDDH),2022-06-27,Carnage at la Plaine du Cul-de-Sac: The survivors demand the support of the authorities,,1,Butte Boyer town,Butte Boyer,Ouest department,Port-au-Prince arrondissement,18.595747,-72.276809,POINT (-72.276809 18.595747),156456,Haiti,HTI,41,Americas,1,1,2022-04-24 00:00:00.000,2022-04-24 00:00:00.000,0,0,1,0,1,1,1,,
467073,HAI-2022-3-16737-16,2022,true,Clear,3,7889,15300,400 Mawozo  - Civilians,7889,16737,400 Mawozo  - Civilians,7889,7889,400 Mawozo,9999,1,Civilians,1,"""National Human Rights Defense Network (RNDDH),2022-06-27,Carnage at la Plaine du Cul-de-Sac: The survivors demand the support of the authorities""",National Human Rights Defense Network (RNDDH),2022-06-27,Carnage at la Plaine du Cul-de-Sac: The survivors demand the support of the authorities,,1,Butte Boyer town,Butte Boyer,Ouest department,Port-au-Prince arrondissement,18.595747,-72.276809,POINT (-72.276809 18.595747),156456,Haiti,HTI,41,Americas,1,1,2022-04-25 00:00:00.000,2022-04-25 00:00:00.000,0,0,1,0,1,1,1,,
467074,HAI-2022-3-16737-17,2022,true,Clear,3,7889,15300,400 Mawozo  - Civilians,7889,16737,400 Mawozo  - Civilians,7889,7889,400 Mawozo,9999,1,Civilians,1,"""National Human Rights Defense Network (RNDDH),2022-06-27,Carnage at la Plaine du Cul-de-Sac: The survivors demand the support of the authorities""",National Human Rights Defense Network (RNDDH),2022-06-27,Carnage at la Plaine du Cul-de-Sac: The survivors demand the support of the authorities,,1,Butte Boyer town,Butte Boyer,Ouest department,Port-au-Prince arrondissement,18.595747,-72.276809,POINT (-72.276809 18.595747),156456,Haiti,HTI,41,Americas,1,1,2022-04-25 00:00:00.000,2022-04-25 00:00:00.000,0,0,4,0,4,4,4,,
467075,HAI-2022-3-16737-18,2022,true,Clear,3,7889,15300,400 Mawozo  - Civilians,7889,16737,400 Mawozo  - Civilians,7889,7889,400 Mawozo,9999,1,Civilians,1,"""National Human Rights Defense Network (RNDDH),2022-06-27,Carnage at la Plaine du Cul-de-Sac: The survivors demand the support of the authorities""",National Human Rights Defense Network (RNDDH),2022-06-27,Carnage at la Plaine du Cul-de-Sac: The survivors demand the support of the authorities,,1,Butte Boyer town,Butte Boyer,Ouest department,Port-au-Prince arrondissement,18.595747,-72.276809,POINT (-72.276809 18.595747),156456,Haiti,HTI,41,Americas,1,1,2022-04-25 00:00:00.000,2022-04-25 00:00:00.000,0,0,1,0,1,1,1,,
467076,HAI-2022-3-16737-19,2022,true,Clear,3,7889,15300,400 Mawozo  - Civilians,7889,16737,400 Mawozo  - Civilians,7889,7889,400 Mawozo,9999,1,Civilians,1,"""National Human Rights Defense Network (RNDDH),2022-06-27,Carnage at la Plaine du Cul-de-Sac: The survivors demand the support of the authorities""",National Human Rights Defense Network (RNDDH),2022-06-27,Carnage at la Plaine du Cul-de-Sac: The survivors demand the support of the authorities,,1,Butte Boyer town,Butte Boyer,Ouest department,Port-au-Prince arrondissement,18.595747,-72.276809,POINT (-72.276809 18.595747),156456,Haiti,HTI,41,Americas,1,1,2022-04-25 00:00:00.000,2022-04-25 00:00:00.000,0,0,1,0,1,1,1,,
467060,HAI-2022-3-16737-5,2022,true,Clear,3,7889,15300,400 Mawozo  - Civilians,7889,16737,400 Mawozo  - Civilians,7889,7889,400 Mawozo,9999,1,Civilians,1,"""National Human Rights Defense Network (RNDDH),2022-06-27,Carnage at la Plaine du Cul-de-Sac: The survivors demand the support of the authorities""",National Human Rights Defense Network (RNDDH),2022-06-27,Carnage at la Plaine du Cul-de-Sac: The survivors demand the support of the authorities,,4,Ouest department,,Ouest department,,18.663810,-72.291410,POINT (-72.29141 18.66381),156456,Haiti,HTI,41,Americas,1,1,2022-04-25 00:00:00.000,2022-04-25 00:00:00.000,0,0,1,0,1,1,1,,
467061,HAI-2022-3-16737-6,2022,true,Clear,3,7889,15300,400 Mawozo  - Civilians,7889,16737,400 Mawozo  - Civilians,7889,7889,400 Mawozo,9999,1,Civilians,1,"""National Human Rights Defense Network (RNDDH),2022-06-27,Carnage at la Plaine du Cul-de-Sac: The survivors demand the support of the authorities""",National Human Rights Defense Network (RNDDH),2022-06-27,Carnage at la Plaine du Cul-de-Sac: The survivors demand the support of the authorities,,5,Croix-des-Bouquets commune,Shada near the National gas pump.,Ouest department,Croix-des-Bouquets arrondissement,18.606567,-72.222182,POINT (-72.222182 18.606567),156456,Haiti,HTI,41,Americas,1,1,2022-04-25 00:00:00.000,2022-04-25 00:00:00.000,0,0,1,0,1,1,1,,
467245,HAI-2022-3-16737-31,2022,true,Clear,3,7889,15300,400 Mawozo  - Civilians,7889,16737,400 Mawozo  - Civilians,7889,7889,400 Mawozo,9999,1,Civilians,1,"""National Human Rights Defense Network (RNDDH),2022-06-27,Carnage at la Plaine du Cul-de-Sac: The survivors demand the support of the authorities""",National Human Rights Defense Network (RNDDH),2022-06-27,Carnage at la Plaine du Cul-de-Sac: The survivors demand the support of the authorities,,4,Ouest department,,Ouest department,,18.663810,-72.291410,POINT (-72.29141 18.66381),156456,Haiti,HTI,41,Americas,1,1,2022-04-25 00:00:00.000,2022-04-25 00:00:00.000,0,0,1,0,1,1,1,,
467250,HAI-2022-3-16737-32,2022,true,Clear,3,7889,15300,400 Mawozo  - Civilians,7889,16737,400 Mawozo  - Civilians,7889,7889,400 Mawozo,9999,1,Civilians,1,"""National Human Rights Defense Network (RNDDH),2022-06-27,Carnage at la Plaine du Cul-de-Sac: The survivors demand the support of the authorities""",National Human Rights Defense Network (RNDDH),2022-06-27,Carnage at la Plaine du Cul-de-Sac: The survivors demand the support of the authorities,,1,Croix-des-Missions town,"Croix-des-Missions, Mapou",Ouest department,Port-au-Prince arrondissement,18.596790,-72.285180,POINT (-72.28518 18.59679),156456,Haiti,HTI,41,Americas,1,1,2022-04-25 00:00:00.000,2022-04-25 00:00:00.000,0,0,1,0,1,1,1,,
467254,HAI-2022-3-16737-33,2022,true,Clear,3,7889,15300,400 Mawozo  - Civilians,7889,16737,400 Mawozo  - Civilians,7889,7889,400 Mawozo,9999,1,Civilians,1,"""National Human Rights Defense Network (RNDDH),2022-06-27,Carnage at la Plaine du Cul-de-Sac: The survivors demand the support of the authorities""",National Human Rights Defense Network (RNDDH),2022-06-27,Carnage at la Plaine du Cul-de-Sac: The survivors demand the support of the authorities,,1,Croix-des-Missions town,"Lakou 7 kout kouto, in the Croix-des-Missions",Ouest department,Port-au-Prince arrondissement,18.596790,-72.285180,POINT (-72.28518 18.59679),156456,Haiti,HTI,41,Americas,1,1,2022-04-25 00:00:00.000,2022-04-25 00:00:00.000,0,0,2,0,2,2,2,,
467256,HAI-2022-3-16737-34,2022,true,Clear,3,7889,15300,400 Mawozo  - Civilians,7889,16737,400 Mawozo  - Civilians,7889,7889,400 Mawozo,9999,1,Civilians,1,"""National Human Rights Defense Network (RNDDH),2022-06-27,Carnage at la Plaine du Cul-de-Sac: The survivors demand the support of the authorities""",National Human Rights Defense Network (RNDDH),2022-06-27,Carnage at la Plaine du Cul-de-Sac: The survivors demand the support of the authorities,,1,Croix-des-Missions town,Croix-des-Missions,Ouest department,Port-au-Prince arrondissement,18.596790,-72.285180,POINT (-72.28518 18.59679),156456,Haiti,HTI,41,Americas,1,1,2022-04-25 00:00:00.000,2022-04-25 00:00:00.000,0,0,1,0,1,1,1,,
467259,HAI-2022-3-16737-35,2022,true,Clear,3,7889,15300,400 Mawozo  - Civilians,7889,16737,400 Mawozo  - Civilians,7889,7889,400 Mawozo,9999,1,Civilians,1,"""National Human Rights Defense Network (RNDDH),2022-06-27,Carnage at la Plaine du Cul-de-Sac: The survivors demand the support of the authorities""",National Human Rights Defense Network (RNDDH),2022-06-27,Carnage at la Plaine du Cul-de-Sac: The survivors demand the support of the authorities,,5,Croix-des-Bouquets commune,Shada,Ouest department,Croix-des-Bouquets arrondissement,18.606567,-72.222182,POINT (-72.222182 18.606567),156456,Haiti,HTI,41,Americas,1,1,2022-04-25 00:00:00.000,2022-04-25 00:00:00.000,0,0,1,0,1,1,1,,
467262,HAI-2022-3-16737-36,2022,true,Clear,3,7889,15300,400 Mawozo  - Civilians,7889,16737,400 Mawozo  - Civilians,7889,7889,400 Mawozo,9999,1,Civilians,1,"""National Human Rights Defense Network (RNDDH),2022-06-27,Carnage at la Plaine du Cul-de-Sac: The survivors demand the support of the authorities""",National Human Rights Defense Network (RNDDH),2022-06-27,Carnage at la Plaine du Cul-de-Sac: The survivors demand the support of the authorities,,5,Croix-des-Bouquets commune,,Ouest department,Croix-des-Bouquets arrondissement,18.606567,-72.222182,POINT (-72.222182 18.606567),156456,Haiti,HTI,41,Americas,1,1,2022-04-26 00:00:00.000,2022-04-26 00:00:00.000,0,0,2,0,2,2,2,,
467295,HAI-2022-3-16737-39,2022,true,Clear,3,7889,15300,400 Mawozo  - Civilians,7889,16737,400 Mawozo  - Civilians,7889,7889,400 Mawozo,9999,1,Civilians,1,"""National Human Rights Defense Network (RNDDH),2022-06-27,Carnage at la Plaine du Cul-de-Sac: The survivors demand the support of the authorities""",National Human Rights Defense Network (RNDDH),2022-06-27,Carnage at la Plaine du Cul-de-Sac: The survivors demand the support of the authorities,,1,Croix-des-Missions town,Croix-des-Missions,Ouest department,Port-au-Prince arrondissement,18.596790,-72.285180,POINT (-72.28518 18.59679),156456,Haiti,HTI,41,Americas,1,1,2022-05-02 00:00:00.000,2022-05-02 00:00:00.000,0,0,1,0,1,1,1,,
467091,HAI-2022-3-16737-26,2022,true,Clear,3,7889,15300,400 Mawozo  - Civilians,7889,16737,400 Mawozo  - Civilians,7889,7889,400 Mawozo,9999,1,Civilians,1,"""National Human Rights Defense Network (RNDDH),2022-06-27,Carnage at la Plaine du Cul-de-Sac: The survivors demand the support of the authorities""",National Human Rights Defense Network (RNDDH),2022-06-27,Carnage at la Plaine du Cul-de-Sac: The survivors demand the support of the authorities,,5,Croix-des-Bouquets commune,Shada,Ouest department,Croix-des-Bouquets arrondissement,18.606567,-72.222182,POINT (-72.222182 18.606567),156456,Haiti,HTI,41,Americas,1,1,2022-05-02 00:00:00.000,2022-05-02 00:00:00.000,0,0,1,0,1,1,1,,
467092,HAI-2022-3-16737-27,2022,true,Clear,3,7889,15300,400 Mawozo  - Civilians,7889,16737,400 Mawozo  - Civilians,7889,7889,400 Mawozo,9999,1,Civilians,1,"""National Human Rights Defense Network (RNDDH),2022-06-27,Carnage at la Plaine du Cul-de-Sac: The survivors demand the support of the authorities""",National Human Rights Defense Network (RNDDH),2022-06-27,Carnage at la Plaine du Cul-de-Sac: The survivors demand the support of the authorities,,5,Croix-des-Bouquets commune,Shada,Ouest department,Croix-des-Bouquets arrondissement,18.606567,-72.222182,POINT (-72.222182 18.606567),156456,Haiti,HTI,41,Americas,1,1,2022-05-02 00:00:00.000,2022-05-02 00:00:00.000,0,0,1,0,1,1,1,,
467077,HAI-2022-3-16737-20,2022,true,Clear,3,7889,15300,400 Mawozo  - Civilians,7889,16737,400 Mawozo  - Civilians,7889,7889,400 Mawozo,9999,1,Civilians,1,"""National Human Rights Defense Network (RNDDH),2022-06-27,Carnage at la Plaine du Cul-de-Sac: The survivors demand the support of the authorities""",National Human Rights Defense Network (RNDDH),2022-06-27,Carnage at la Plaine du Cul-de-Sac: The survivors demand the support of the authorities,,5,Croix-des-Bouquets commune,Shada,Ouest department,Croix-des-Bouquets arrondissement,18.606567,-72.222182,POINT (-72.222182 18.606567),156456,Haiti,HTI,41,Americas,1,1,2022-05-02 00:00:00.000,2022-05-02 00:00:00.000,0,0,1,0,1,1,1,,
467078,HAI-2022-3-16737-21,2022,true,Clear,3,7889,15300,400 Mawozo  - Civilians,7889,16737,400 Mawozo  - Civilians,7889,7889,400 Mawozo,9999,1,Civilians,1,"""National Human Rights Defense Network (RNDDH),2022-06-27,Carnage at la Plaine du Cul-de-Sac: The survivors demand the support of the authorities""",National Human Rights Defense Network (RNDDH),2022-06-27,Carnage at la Plaine du Cul-de-Sac: The survivors demand the support of the authorities,,5,Croix-des-Bouquets commune,Shada,Ouest department,Croix-des-Bouquets arrondissement,18.606567,-72.222182,POINT (-72.222182 18.606567),156456,Haiti,HTI,41,Americas,1,1,2022-05-02 00:00:00.000,2022-05-02 00:00:00.000,0,0,1,0,1,1,1,,
467081,HAI-2022-3-16737-22,2022,true,Clear,3,7889,15300,400 Mawozo  - Civilians,7889,16737,400 Mawozo  - Civilians,7889,7889,400 Mawozo,9999,1,Civilians,1,"""National Human Rights Defense Network (RNDDH),2022-06-27,Carnage at la Plaine du Cul-de-Sac: The survivors demand the support of the authorities""",National Human Rights Defense Network (RNDDH),2022-06-27,Carnage at la Plaine du Cul-de-Sac: The survivors demand the support of the authorities,,1,Croix-des-Missions town,"Croix-des-Missions, Barbancourt area.",Ouest department,Port-au-Prince arrondissement,18.596790,-72.285180,POINT (-72.28518 18.59679),156456,Haiti,HTI,41,Americas,1,1,2022-05-03 00:00:00.000,2022-05-03 00:00:00.000,0,0,2,0,2,2,2,,
467082,HAI-2022-3-16737-23,2022,true,Clear,3,7889,15300,400 Mawozo  - Civilians,7889,16737,400 Mawozo  - Civilians,7889,7889,400 Mawozo,9999,1,Civilians,1,"""National Human Rights Defense Network (RNDDH),2022-06-27,Carnage at la Plaine du Cul-de-Sac: The survivors demand the support of the authorities""",National Human Rights Defense Network (RNDDH),2022-06-27,Carnage at la Plaine du Cul-de-Sac: The survivors demand the support of the authorities,,4,Ouest department,,Ouest department,,18.663810,-72.291410,POINT (-72.29141 18.66381),156456,Haiti,HTI,41,Americas,1,1,2022-05-05 00:00:00.000,2022-05-05 00:00:00.000,0,0,2,0,2,2,2,,
467083,HAI-2022-3-16737-24,2022,true,Clear,3,7889,15300,400 Mawozo  - Civilians,7889,16737,400 Mawozo  - Civilians,7889,7889,400 Mawozo,9999,1,Civilians,1,"""National Human Rights Defense Network (RNDDH),2022-06-27,Carnage at la Plaine du Cul-de-Sac: The survivors demand the support of the authorities""",National Human Rights Defense Network (RNDDH),2022-06-27,Carnage at la Plaine du Cul-de-Sac: The survivors demand the support of the authorities,,5,Croix-des-Bouquets commune,"# 40, Wout Tè, Shada",Ouest department,Croix-des-Bouquets arrondissement,18.606567,-72.222182,POINT (-72.222182 18.606567),156456,Haiti,HTI,41,Americas,1,1,2022-05-05 00:00:00.000,2022-05-05 00:00:00.000,0,0,1,0,1,1,1,,
467084,HAI-2022-3-16737-25,2022,true,Clear,3,7889,15300,400 Mawozo  - Civilians,7889,16737,400 Mawozo  - Civilians,7889,7889,400 Mawozo,9999,1,Civilians,1,"""National Human Rights Defense Network (RNDDH),2022-06-27,Carnage at la Plaine du Cul-de-Sac: The survivors demand the support of the authorities""",National Human Rights Defense Network (RNDDH),2022-06-27,Carnage at la Plaine du Cul-de-Sac: The survivors demand the support of the authorities,,5,Croix-des-Bouquets commune,Shada,Ouest department,Croix-des-Bouquets arrondissement,18.606567,-72.222182,POINT (-72.222182 18.606567),156456,Haiti,HTI,41,Americas,1,1,2022-05-05 00:00:00.000,2022-05-05 00:00:00.000,0,0,1,0,1,1,1,,
467065,HAI-2022-3-16737-8,2022,true,Clear,3,7889,15300,400 Mawozo  - Civilians,7889,16737,400 Mawozo  - Civilians,7889,7889,400 Mawozo,9999,1,Civilians,1,"""National Human Rights Defense Network (RNDDH),2022-06-27,Carnage at la Plaine du Cul-de-Sac: The survivors demand the support of the authorities""",National Human Rights Defense Network (RNDDH),2022-06-27,Carnage at la Plaine du Cul-de-Sac: The survivors demand the support of the authorities,,1,Butte Boyer town,"#58, Butte Boyer 11",Ouest department,Port-au-Prince arrondissement,18.595747,-72.276809,POINT (-72.276809 18.595747),156456,Haiti,HTI,41,Americas,1,1,2022-05-06 00:00:00.000,2022-05-06 00:00:00.000,0,0,1,0,1,1,1,,
446310,HAI-2022-3-16737-1,2022,true,Clear,3,7889,15300,400 Mawozo  - Civilians,7889,16737,400 Mawozo  - Civilians,7889,7889,400 Mawozo,9999,1,Civilians,2,"""Reseau National de Défense des Droits Humains (RNDDH),2022-08-23,Deadly morning at the entrance of Cité Doudoune: The RNDDH presents its sympathies to the victims"";""ICI Haiti,2022-08-21,iciHaiti - Cité doudoune : Savage shooting at least 8 innocent citizens killed""",Reseau National de Défense des Droits Humains (RNDDH);ICI Haiti,2022-08-23;2022-08-21,Deadly morning at the entrance of Cité Doudoune: The RNDDH presents its sympathies to the victims;iciHaiti - Cité doudoune : Savage shooting at least 8 innocent citizens killed,"RNDDH report, witnesses",3,Croix-des-Bouquets arrondissement,"Cité Doudoune, in the commune of Croix-des-Bouquets",Ouest department,Croix-des-Bouquets arrondissement,18.497278,-72.069109,POINT (-72.069109 18.497278),155736,Haiti,HTI,41,Americas,1,1,2022-08-20 00:00:00.000,2022-08-20 00:00:00.000,0,0,9,0,9,9,9,,
491659,HAI-2023-3-16737-0,2023,false,Clear,3,7889,15300,400 Mawozo  - Civilians,7889,16737,400 Mawozo  - Civilians,7889,7889,400 Mawozo,9999,1,Civilians,1,"""Vant Bef Info,2023-07-22,Insécurité : Rhum Bakara attaqué, 2 employés tués, d’autres kidnappés""",Vant Bef Info,2023-07-22,"Insécurité : Rhum Bakara attaqué, 2 employés tués, d’autres kidnappés",Radio Metronome,5,Croix-des-Bouquets commune,"premises of Rhum Bakara, located in the commune of Croix des Bouquets",Ouest department,Croix-des-Bouquets arrondissement,18.606567,-72.222182,POINT (-72.222182 18.606567),156456,Haiti,HTI,41,Americas,1,1,2023-07-22 00:00:00.000,2023-07-22 00:00:00.000,0,0,2,0,2,2,2,,
502935,HAI-2023-3-16737-1.2,2023,false,Clear,3,7889,15300,400 Mawozo  - Civilians,7889,16737,400 Mawozo  - Civilians,7889,7889,400 Mawozo,9999,1,Civilians,2,"""Vant Bef Info,2023-11-18,« Thomazeau : Plusieurs personnes assassinées, le domicile de l’ex-député Price Cyprien incendié »"";""Haiti Libre,2023-11-19,Haiti - News : Zapping...""",Vant Bef Info;Haiti Libre,2023-11-18;2023-11-19,"« Thomazeau : Plusieurs personnes assassinées, le domicile de l’ex-député Price Cyprien incendié »;Haiti - News : Zapping...",police,1,L'Étang town,Letang (commune of Thomazeau),Ouest department,Croix-des-Bouquets arrondissement,18.644610,-72.065980,POINT (-72.06598 18.64461),156456,Haiti,HTI,41,Americas,1,1,2023-11-17 00:00:00.000,2023-11-17 00:00:00.000,0,0,3,0,3,3,3,,
502889,HAI-2023-3-16737-1.1,2023,false,Clear,3,7889,15300,400 Mawozo  - Civilians,7889,16737,400 Mawozo  - Civilians,7889,7889,400 Mawozo,9999,1,Civilians,2,"""Vant Bef Info,2023-11-18,« Thomazeau : Plusieurs personnes assassinées, le domicile de l’ex-député Price Cyprien incendié »"";""Haiti Libre,2023-11-19,Haiti - News : Zapping...""",Vant Bef Info;Haiti Libre,2023-11-18;2023-11-19,"« Thomazeau : Plusieurs personnes assassinées, le domicile de l’ex-député Price Cyprien incendié »;Haiti - News : Zapping...",police,1,Durand town,Durand (commune of Thomazeau),Ouest department,Croix-des-Bouquets arrondissement,18.650000,-72.066670,POINT (-72.06667 18.65),156456,Haiti,HTI,41,Americas,1,1,2023-11-17 00:00:00.000,2023-11-17 00:00:00.000,0,0,2,0,2,2,2,,
508638,HAI-2023-3-16737-2,2023,false,Clear,3,7889,15300,400 Mawozo  - Civilians,7889,16737,400 Mawozo  - Civilians,7889,7889,400 Mawozo,9999,1,Civilians,1,"""ICI Haiti,2023-12-20,iciHaiti - Insecurity : The «400 Mawozo» gang sows terror in Ganthier""",ICI Haiti,2023-12-20,iciHaiti - Insecurity : The «400 Mawozo» gang sows terror in Ganthier,,1,Ganthier town,"Ganthier, Croix-des-Bouquets",Ouest department,Croix-des-Bouquets arrondissement,18.530172,-72.062905,POINT (-72.062905 18.530172),156456,Haiti,HTI,41,Americas,1,2,2023-12-17 00:00:00.000,2023-12-18 00:00:00.000,0,0,0,8,8,8,8,,
508650,HAI-2023-3-16737-3,2023,false,Clear,3,7889,15300,400 Mawozo  - Civilians,7889,16737,400 Mawozo  - Civilians,7889,7889,400 Mawozo,9999,1,Civilians,1,"""Haiti Libre,2023-12-27,Haiti - Insecurity : Two little girls killed on Christmas Day""",Haiti Libre,2023-12-27,Haiti - Insecurity : Two little girls killed on Christmas Day,UNICEF,3,Croix-des-Bouquets arrondissement,"outskirts of Port-au-Prince, in the Croix-des-Bouquets district.",Ouest department,Croix-des-Bouquets arrondissement,18.497278,-72.069109,POINT (-72.069109 18.497278),155736,Haiti,HTI,41,Americas,1,1,2023-12-25 00:00:00.000,2023-12-25 00:00:00.000,0,0,4,0,4,4,4,,
515885,HAI-2024-3-16737-0,2024,false,Clear,3,7889,15300,400 Mawozo  - Civilians,7889,16737,400 Mawozo  - Civilians,7889,7889,400 Mawozo,9999,1,Civilians,5,"""Haiti Libre,2024-02-19,Haiti - News : Zapping..."";""Gazette Haiti,2024-02-19,A Morne-Cabrit, une fusillade sur un minibus fait au moins 10 morts dont le chauffeur surnommé « Ti Blan »"";""Vant Bef Info,2024-02-18,Encore des victimes à Morne à Cabris et à Liancourt"";""National Human Rights Defense Network (RNDDH),2024-04-10,A catastrophic human rights situation from January to March 2024: RNDDH alerts the public April 10,"";""Réseau National de Défense de Droits Humains - RNDDH,2024-03-06,RNDDH's position on the chaotic situation in Haiti""",Haiti Libre;Gazette Haiti;Vant Bef Info;National Human Rights Defense Network (RNDDH);Réseau National de Défense de Droits Humains - RNDDH,2024-02-19;2024-02-19;2024-02-18;2024-04-10;2024-03-06,"Haiti - News : Zapping...;A Morne-Cabrit, une fusillade sur un minibus fait au moins 10 morts dont le chauffeur surnommé « Ti Blan »;Encore des victimes à Morne à Cabris et à Liancourt;A catastrophic human rights situation from January to March 2024: RNDDH alerts the public April 10,;RNDDH's position on the chaotic situation in Haiti",Association of Owners and Drivers of Haiti APCH,2,Port-au-Prince city,"Morne-Cabrit: mountain/town??

on the Port-au-Prince / Mirebalais route;",Ouest department,Port-au-Prince arrondissement,18.539170,-72.335000,POINT (-72.335 18.53917),156456,Haiti,HTI,41,Americas,1,1,2024-02-18 00:00:00.000,2024-02-18 00:00:00.000,0,0,9,0,9,10,9,,
562846,HAI-2024-3-16737-1,2024,false,Clear,3,7889,15300,400 Mawozo  - Civilians,7889,16737,400 Mawozo  - Civilians,7889,7889,400 Mawozo,9999,1,Civilians,1,"""National Human Rights Defense Network (RNDDH),2024-04-10,A catastrophic human rights situation from January to March 2024: RNDDH alerts the public""",National Human Rights Defense Network (RNDDH),2024-04-10,A catastrophic human rights situation from January to March 2024: RNDDH alerts the public,RNDDH,2,Ganthier commune,Ganthier,Ouest department,Croix-des-Bouquets arrondissement,18.496730,-72.013380,POINT (-72.01338 18.49673),155736,Haiti,HTI,41,Americas,1,1,2024-03-08 00:00:00.000,2024-03-08 00:00:00.000,0,0,0,11,11,11,11,,
407418,HAI-2021-2-16812-1,2021,true,Clear,2,16812,15353,G9 - G-Pep,16812,16812,G9 - G-Pep,7793,7793,G9,8104,8104,G-Pep,1,"""RNDDH,2021-05-20,MASSACRES IN BEL-AIR AND CITÉ SOLEIL UNDER THE INDIFFERENT GAZE OF STATE AUTHORITIES""",RNDDH,2021-05-20,MASSACRES IN BEL-AIR AND CITÉ SOLEIL UNDER THE INDIFFERENT GAZE OF STATE AUTHORITIES,RNDDH report,1,Cité Soleil town,Cité Soleil,Ouest department,Port-au-Prince arrondissement,18.577857,-72.331887,POINT (-72.331887 18.577857),156456,Haiti,HTI,41,Americas,1,1,2021-01-28 00:00:00.000,2021-01-28 00:00:00.000,0,0,2,0,2,2,2,,
407419,HAI-2021-2-16812-2,2021,true,Clear,2,16812,15353,G9 - G-Pep,16812,16812,G9 - G-Pep,7793,7793,G9,8104,8104,G-Pep,1,"""RNDDH,2021-05-20,MASSACRES IN BEL-AIR AND CITÉ SOLEIL UNDER THE INDIFFERENT GAZE OF STATE AUTHORITIES""",RNDDH,2021-05-20,MASSACRES IN BEL-AIR AND CITÉ SOLEIL UNDER THE INDIFFERENT GAZE OF STATE AUTHORITIES,RNDDH report,1,Cité Soleil town,Cité Soleil,Ouest department,Port-au-Prince arrondissement,18.577857,-72.331887,POINT (-72.331887 18.577857),156456,Haiti,HTI,41,Americas,1,1,2021-02-03 00:00:00.000,2021-02-03 00:00:00.000,0,0,0,1,1,1,1,,
407420,HAI-2021-2-16812-3,2021,true,Clear,2,16812,15353,G9 - G-Pep,16812,16812,G9 - G-Pep,7793,7793,G9,8104,8104,G-Pep,1,"""RNDDH,2021-05-20,MASSACRES IN BEL-AIR AND CITÉ SOLEIL UNDER THE INDIFFERENT GAZE OF STATE AUTHORITIES""",RNDDH,2021-05-20,MASSACRES IN BEL-AIR AND CITÉ SOLEIL UNDER THE INDIFFERENT GAZE OF STATE AUTHORITIES,RNDDH report,1,Cité Soleil town,Cité Soleil,Ouest department,Port-au-Prince arrondissement,18.577857,-72.331887,POINT (-72.331887 18.577857),156456,Haiti,HTI,41,Americas,1,1,2021-02-25 00:00:00.000,2021-02-25 00:00:00.000,0,0,2,1,3,3,3,,
407421,HAI-2021-2-16812-4,2021,true,Clear,2,16812,15353,G9 - G-Pep,16812,16812,G9 - G-Pep,7793,7793,G9,8104,8104,G-Pep,1,"""RNDDH,2021-05-20,MASSACRES IN BEL-AIR AND CITÉ SOLEIL UNDER THE INDIFFERENT GAZE OF STATE AUTHORITIES""",RNDDH,2021-05-20,MASSACRES IN BEL-AIR AND CITÉ SOLEIL UNDER THE INDIFFERENT GAZE OF STATE AUTHORITIES,RNDDH report,1,Cité Soleil town,Cité Soleil,Ouest department,Port-au-Prince arrondissement,18.577857,-72.331887,POINT (-72.331887 18.577857),156456,Haiti,HTI,41,Americas,1,1,2021-04-25 00:00:00.000,2021-04-25 00:00:00.000,0,0,0,1,1,1,1,,
395047,HAI-2021-2-16812-8,2021,true,Clear,2,16812,15353,G9 - G-Pep,16812,16812,G9 - G-Pep,7793,7793,G9,8104,8104,G-Pep,1,"""Vant Bef Info,2021-04-27,Armed violence in Cité Soleil: At least 3 dead and several injured""",Vant Bef Info,2021-04-27,Armed violence in Cité Soleil: At least 3 dead and several injured,official sources,1,Cité Soleil town,Cité Soleil,Ouest department,Port-au-Prince arrondissement,18.577857,-72.331887,POINT (-72.331887 18.577857),156456,Haiti,HTI,41,Americas,1,1,2021-04-26 00:00:00.000,2021-04-26 00:00:00.000,0,0,0,3,3,3,3,,
407424,HAI-2021-2-16812-5,2021,true,Clear,2,16812,15353,G9 - G-Pep,16812,16812,G9 - G-Pep,7793,7793,G9,8104,8104,G-Pep,2,"""RNDDH,2021-05-20,MASSACRES IN BEL-AIR AND CITÉ SOLEIL UNDER THE INDIFFERENT GAZE OF STATE AUTHORITIES"";""Haiti Infos Pro,2021-05-12,Cité-Soleil and the armed gangs, a marriage that still lasts""",RNDDH;Haiti Infos Pro,2021-05-20;2021-05-12,"MASSACRES IN BEL-AIR AND CITÉ SOLEIL UNDER THE INDIFFERENT GAZE OF STATE AUTHORITIES;Cité-Soleil and the armed gangs, a marriage that still lasts",RNDDH report,1,Cité Soleil town,Cité Soleil,Ouest department,Port-au-Prince arrondissement,18.577857,-72.331887,POINT (-72.331887 18.577857),156456,Haiti,HTI,41,Americas,1,1,2021-05-12 00:00:00.000,2021-05-12 00:00:00.000,3,2,10,0,15,15,15,,
407429,HAI-2021-2-16812-6,2021,true,Clear,2,16812,15353,G9 - G-Pep,16812,16812,G9 - G-Pep,7793,7793,G9,8104,8104,G-Pep,1,"""Vant Bef Info,2021-05-30,Haiti / Insecurity: 2 people die during a clash between armed gangs in Cité Soleil""",Vant Bef Info,2021-05-30,Haiti / Insecurity: 2 people die during a clash between armed gangs in Cité Soleil,,1,Cité Soleil town,Cité Soleil,Ouest department,Port-au-Prince arrondissement,18.577857,-72.331887,POINT (-72.331887 18.577857),156456,Haiti,HTI,41,Americas,1,1,2021-05-29 00:00:00.000,2021-05-29 00:00:00.000,0,0,1,1,2,2,2,,
407841,HAI-2021-2-16812-7,2021,true,Clear,2,16812,15353,G9 - G-Pep,16812,16812,G9 - G-Pep,7793,7793,G9,8104,8104,G-Pep,1,"""Fondasyon Je Klere,2021-07-01,Communiqué / Situation de terreur dans la région métropolitaine : La FJKL appelle les autorités au respect de leur obligation de protéger les droits des citoyens/citoyennes""",Fondasyon Je Klere,2021-07-01,Communiqué / Situation de terreur dans la région métropolitaine : La FJKL appelle les autorités au respect de leur obligation de protéger les droits des citoyens/citoyennes,,1,Cité Soleil town,"Brooklyn neighborhood, Cité Soleil",Ouest department,Port-au-Prince arrondissement,18.577857,-72.331887,POINT (-72.331887 18.577857),156456,Haiti,HTI,41,Americas,1,1,2021-06-25 00:00:00.000,2021-06-25 00:00:00.000,10,15,0,0,25,40,25,,
445973,HAI-2022-2-16812-0.1,2022,true,Clear,2,16812,15353,G9 - G-Pep,16812,16812,G9 - G-Pep,7793,7793,G9,8104,8104,G-Pep,2,"""Reseau National de Défense des Droits Humains (RNDDH),2022-07-13,A new war in Cité Soleil: The RNDDH requires the immediate intervention of the police institution"";""Vant Bef Info,2022-07-09,Haiti: Resumption of armed clashes in Cité Soleil""",Reseau National de Défense des Droits Humains (RNDDH);Vant Bef Info,2022-07-13;2022-07-09,A new war in Cité Soleil: The RNDDH requires the immediate intervention of the police institution;Haiti: Resumption of armed clashes in Cité Soleil,RNDDH report,1,Cité Soleil town,"Nan Brooklyn, Cité Soleil 

-> Bois-9, Cité Lumière, Cité Gérard, the Linthau project, Wharf, Brooklyn and Soleil 17 strongholds of GPep",Ouest department,Port-au-Prince arrondissement,18.577857,-72.331887,POINT (-72.331887 18.577857),156456,Haiti,HTI,41,Americas,1,1,2022-07-07 00:00:00.000,2022-07-07 00:00:00.000,0,0,8,0,8,8,8,,
445974,HAI-2022-2-16812-0.2,2022,true,Clear,2,16812,15353,G9 - G-Pep,16812,16812,G9 - G-Pep,7793,7793,G9,8104,8104,G-Pep,2,"""Vant Bef Info,2022-07-09,Haiti: Resumption of armed clashes in Cité Soleil"";""Reseau National de Défense des Droits Humains (RNDDH),2022-07-13,A new war in Cité Soleil: The RNDDH requires the immediate intervention of the police institution""",Vant Bef Info;Reseau National de Défense des Droits Humains (RNDDH),2022-07-09;2022-07-13,Haiti: Resumption of armed clashes in Cité Soleil;A new war in Cité Soleil: The RNDDH requires the immediate intervention of the police institution,RNDDH report,1,Cité Soleil town,"Nan Brooklyn, Cité Soleil 

->-> Bois-9, Cité Lumière, Cité Gérard, the Linthau project, Wharf, Brooklyn and Soleil 17 strongholds of GPep",Ouest department,Port-au-Prince arrondissement,18.577857,-72.331887,POINT (-72.331887 18.577857),156456,Haiti,HTI,41,Americas,1,1,2022-07-08 00:00:00.000,2022-07-08 00:00:00.000,0,16,31,0,47,47,47,,
445975,HAI-2022-2-16812-0.3,2022,true,Clear,2,16812,15353,G9 - G-Pep,16812,16812,G9 - G-Pep,7793,7793,G9,8104,8104,G-Pep,2,"""Reseau National de Défense des Droits Humains (RNDDH),2022-07-13,A new war in Cité Soleil: The RNDDH requires the immediate intervention of the police institution"";""Vant Bef Info,2022-07-09,Haiti: Resumption of armed clashes in Cité Soleil""",Reseau National de Défense des Droits Humains (RNDDH);Vant Bef Info,2022-07-13;2022-07-09,A new war in Cité Soleil: The RNDDH requires the immediate intervention of the police institution;Haiti: Resumption of armed clashes in Cité Soleil,RNDDH report,1,Cité Soleil town,"Nan Brooklyn, Cité Soleil 

-> Bois-9, Cité Lumière, Cité Gérard, the Linthau project, Wharf, Brooklyn and Soleil 17 strongholds of GPep",Ouest department,Port-au-Prince arrondissement,18.577857,-72.331887,POINT (-72.331887 18.577857),156456,Haiti,HTI,41,Americas,1,1,2022-07-09 00:00:00.000,2022-07-09 00:00:00.000,0,0,0,23,23,23,23,,
445976,HAI-2022-2-16812-0.4,2022,true,Clear,2,16812,15353,G9 - G-Pep,16812,16812,G9 - G-Pep,7793,7793,G9,8104,8104,G-Pep,1,"""Reseau National de Défense des Droits Humains (RNDDH),2022-07-13,A new war in Cité Soleil: The RNDDH requires the immediate intervention of the police institution""",Reseau National de Défense des Droits Humains (RNDDH),2022-07-13,A new war in Cité Soleil: The RNDDH requires the immediate intervention of the police institution,RNDDH report,1,Cité Soleil town,"Nan Brooklyn, Cité Soleil 

-> Bois-9, Cité Lumière, Cité Gérard, the Linthau project, Wharf, Brooklyn and Soleil 17 strongholds of GPep",Ouest department,Port-au-Prince arrondissement,18.577857,-72.331887,POINT (-72.331887 18.577857),156456,Haiti,HTI,41,Americas,1,1,2022-07-10 00:00:00.000,2022-07-10 00:00:00.000,8,0,3,0,11,11,11,,
446029,HAI-2022-2-16812-1,2022,true,Clear,2,16812,15353,G9 - G-Pep,16812,16812,G9 - G-Pep,7793,7793,G9,8104,8104,G-Pep,2,"""United Nations Office for the Coordination of Humanitarian Affairs (OCHA),2022-07-15,Daily Noon Briefing Highlights –   15 July 2022  Haiti"";""Haiti Libre,2022-07-16,Haiti - Humanitarian : Insecurity prevents UN agencies from providing relief in Cité Soleil""",United Nations Office for the Coordination of Humanitarian Affairs (OCHA);Haiti Libre,2022-07-15;2022-07-16,Daily Noon Briefing Highlights –   15 July 2022  Haiti;Haiti - Humanitarian : Insecurity prevents UN agencies from providing relief in Cité Soleil,OCHA,1,Cité Soleil town,Cite Soleil,Ouest department,Port-au-Prince arrondissement,18.577857,-72.331887,POINT (-72.331887 18.577857),156456,Haiti,HTI,41,Americas,2,2,2022-07-14 00:00:00.000,2022-07-15 00:00:00.000,0,0,0,10,10,10,10,,
450904,HAI-2022-2-16812-2,2022,true,Clear,2,16812,15353,G9 - G-Pep,16812,16812,G9 - G-Pep,7793,7793,G9,8104,8104,G-Pep,1,"""Haiti Libre,2022-09-12,Haiti - News : Zapping...""",Haiti Libre,2022-09-12,Haiti - News : Zapping...,,1,Cité Soleil town,Cite Soleil,Ouest department,Port-au-Prince arrondissement,18.577857,-72.331887,POINT (-72.331887 18.577857),156456,Haiti,HTI,41,Americas,1,1,2022-09-11 00:00:00.000,2022-09-11 00:00:00.000,0,0,5,0,5,5,5,,
510101,HAI-2023-2-16812-3.2,2023,true,Clear,2,16812,15353,G9 - G-Pep,16812,16812,G9 - G-Pep,7793,7793,G9,8104,8104,G-Pep,1,"""United Nations Security Council,2023-09-15,S/2023/674""",United Nations Security Council,2023-09-15,S/2023/674,UN Security council,1,Cité Soleil town,"Nan Belekou

Cite Soleil commune",Ouest department,Port-au-Prince arrondissement,18.577857,-72.331887,POINT (-72.331887 18.577857),156456,Haiti,HTI,41,Americas,1,1,2023-04-07 00:00:00.000,2023-04-07 00:00:00.000,3,0,0,0,3,3,2,,
475466,HAI-2023-2-16812-0,2023,true,Clear,2,16812,15353,G9 - G-Pep,16812,16812,G9 - G-Pep,7793,7793,G9,8104,8104,G-Pep,3,"""Vant Bef Info,2023-04-24,Conflit armé à Cité Soleil: Au moins 70 morts selon l’ONU, plus d’une centaine selon un notable"";""RNDDH,2023-04-24,Intensification of armed attacks: RNDDH demands explanations from the government authorities."";""Fondasyon Je Klere,2023-05-02,R A P P O R T Situation de terreur en Haïti, les chiffres noirs du gouvernement d’Ariel HENRY""",Vant Bef Info;RNDDH;Fondasyon Je Klere,2023-04-24;2023-04-24;2023-05-02,"Conflit armé à Cité Soleil: Au moins 70 morts selon l’ONU, plus d’une centaine selon un notable;Intensification of armed attacks: RNDDH demands explanations from the government authorities.;R A P P O R T Situation de terreur en Haïti, les chiffres noirs du gouvernement d’Ariel HENRY",OCHA,1,Cité Soleil town,Cité Soleil,Ouest department,Port-au-Prince arrondissement,18.577857,-72.331887,POINT (-72.331887 18.577857),156456,Haiti,HTI,41,Americas,2,2,2023-04-14 00:00:00.000,2023-04-19 00:00:00.000,0,0,21,49,70,74,70,,
502844,HAI-2023-2-16812-2,2023,true,Clear,2,16812,15353,G9 - G-Pep,16812,16812,G9 - G-Pep,7793,7793,G9,8104,8104,G-Pep,2,"""Haiti Libre,2023-11-16,Haiti - FLASH : Emergency evacuation of the Fontaine Hospital Center in Cité Soleil in the midst of urban guerrilla warfare"";""Haiti Libre,2023-11-16,Haiti - News : Zapping...""",Haiti Libre;Haiti Libre,2023-11-16;2023-11-16,Haiti - FLASH : Emergency evacuation of the Fontaine Hospital Center in Cité Soleil in the midst of urban guerrilla warfare;Haiti - News : Zapping...,authirities from the Fontaine Hospital Center,1,Cité Soleil town,Cite Soleil,Ouest department,Port-au-Prince arrondissement,18.577857,-72.331887,POINT (-72.331887 18.577857),156456,Haiti,HTI,41,Americas,1,1,2023-11-15 00:00:00.000,2023-11-15 00:00:00.000,0,0,0,3,3,3,2,,
515950,HAI-2024-2-16812-1,2024,true,Clear,2,16812,15353,G9 - G-Pep,16812,16812,G9 - G-Pep,7793,7793,G9,8104,8104,G-Pep,3,"""Haiti Libre,2024-02-01,Haiti - News : Zapping..."";""UN Integrated Office in Haiti (BINUH),2024-03-11,QUARTERLY REPORT ON THE HUMAN RIGHTS SITUATION IN HAITI"";""UN Security Council,2024-03-29,S/2024/253: Interim report of the Panel of Experts on Haiti submitted pursuant to resolution 2700 (2023)""",Haiti Libre;UN Integrated Office in Haiti (BINUH);UN Security Council,2024-02-01;2024-03-11;2024-03-29,Haiti - News : Zapping...;QUARTERLY REPORT ON THE HUMAN RIGHTS SITUATION IN HAITI;S/2024/253: Interim report of the Panel of Experts on Haiti submitted pursuant to resolution 2700 (2023),Haiti Libre; UN Security Council,2,Cité Soleil town,La Saline and the surroundings of Wharf Jérémie,Ouest department,Port-au-Prince arrondissement,18.577857,-72.331887,POINT (-72.331887 18.577857),156456,Haiti,HTI,41,Americas,2,2,2024-01-27 00:00:00.000,2024-01-31 00:00:00.000,10,10,10,0,30,30,30,,
514867,HAI-2024-2-16812-0.1,2024,true,Clear,2,16812,15353,G9 - G-Pep,16812,16812,G9 - G-Pep,7793,7793,G9,8104,8104,G-Pep,2,"""EFE News Service,2024-02-13,Hundreds of Haitians flee gang war"";""UN Integrated Office in Haiti (BINUH),2024-04-19,QUARTERLY REPORT ON THE HUMAN RIGHTS SITUATION IN HAITI""",EFE News Service;UN Integrated Office in Haiti (BINUH),2024-02-13;2024-04-19,Hundreds of Haitians flee gang war;QUARTERLY REPORT ON THE HUMAN RIGHTS SITUATION IN HAITI,BINUH,2,Cité Soleil town,"La Plaine (Blanchard, Duvivier, Fourgy, Sibert, Marin (Cité Soleil) and Croix-des-Missions (Tabarre)",Ouest department,Port-au-Prince arrondissement,18.577857,-72.331887,POINT (-72.331887 18.577857),156456,Haiti,HTI,41,Americas,2,2,2024-02-08 00:00:00.000,2024-02-12 00:00:00.000,0,0,64,0,64,64,64,,
563049,HAI-2024-2-16812-0.2,2024,true,Clear,2,16812,15353,G9 - G-Pep,16812,16812,G9 - G-Pep,7793,7793,G9,8104,8104,G-Pep,2,"""EFE News Service,2024-02-13,Hundreds of Haitians flee gang war"";""UN Integrated Office in Haiti (BINUH),2024-04-19,QUARTERLY REPORT ON THE HUMAN RIGHTS SITUATION IN HAITI""",EFE News Service;UN Integrated Office in Haiti (BINUH),2024-02-13;2024-04-19,Hundreds of Haitians flee gang war;QUARTERLY REPORT ON THE HUMAN RIGHTS SITUATION IN HAITI,BINUH,2,Tabarre commune,"La Plaine (Blanchard, Duvivier, Fourgy, Sibert, Marin (Cité Soleil) and Croix-des-Missions (Tabarre)",Ouest department,Port-au-Prince arrondissement,18.583330,-72.266670,POINT (-72.26667 18.58333),156456,Haiti,HTI,41,Americas,2,2,2024-02-08 00:00:00.000,2024-02-12 00:00:00.000,0,0,65,0,65,65,65,,
454102,HAI-2022-2-17300-0.1,2022,true,Clear,2,17300,15736,400 Mawozo  - Kraze Baryè,17300,17300,400 Mawozo  - Kraze Baryè,7889,7889,400 Mawozo,8417,8417,Kraze Baryè,6,"""Haiti Libre,2022-10-21,Haiti - FLASH :The village of Noailles victim of the gang war at least 15 dead"";""ICI Haiti,2022-10-24,iciHaiti - Croix-des-Bouquets : Resumption of gang warfare at least 12 dead"";""Fondation Afriamérica,2022-10-19,Appel aux instances concernées"";""Haiti24.net,2022-10-11,Affrontements entre le gang de Vitelhomme et 400 Mawozo : Les habitants de la Croix-des-Bouquets aux abois"";""Haiti24.net,2022-10-15,Croix-des-Bouquets-Affrontements entre les gangs de Vitelhomme et 400 Mawozo : La population à bout de souffle"";""Prensa Latina,2022-10-20,Gang clashes in Haiti leave 15 dead""",Haiti Libre;ICI Haiti;Fondation Afriamérica;Haiti24.net;Haiti24.net;Prensa Latina,2022-10-21;2022-10-24;2022-10-19;2022-10-11;2022-10-15;2022-10-20,Haiti - FLASH :The village of Noailles victim of the gang war at least 15 dead;iciHaiti - Croix-des-Bouquets : Resumption of gang warfare at least 12 dead;Appel aux instances concernées;Affrontements entre le gang de Vitelhomme et 400 Mawozo : Les habitants de la Croix-des-Bouquets aux abois;Croix-des-Bouquets-Affrontements entre les gangs de Vitelhomme et 400 Mawozo : La population à bout de souffle;Gang clashes in Haiti leave 15 dead,witnesses,1,Noailles village,village of Noailles (Commune of Croix-des-Bouquets),Ouest department,Croix-des-Bouquets arrondissement,18.571485,-72.229697,POINT (-72.2296977 18.571485),156456,Haiti,HTI,41,Americas,2,4,2022-10-12 00:00:00.000,2022-10-19 00:00:00.000,0,0,0,8,8,8,8,,
454151,HAI-2022-2-17300-0.2,2022,true,Clear,2,17300,15736,400 Mawozo  - Kraze Baryè,17300,17300,400 Mawozo  - Kraze Baryè,7889,7889,400 Mawozo,8417,8417,Kraze Baryè,4,"""Haiti Libre,2022-10-21,Haiti - FLASH :The village of Noailles victim of the gang war at least 15 dead"";""ICI Haiti,2022-10-24,iciHaiti - Croix-des-Bouquets : Resumption of gang warfare at least 12 dead"";""Fondation Afriamérica,2022-10-19,Appel aux instances concernées"";""Haiti24.net,2022-10-11,Affrontements entre le gang de Vitelhomme et 400 Mawozo : Les habitants de la Croix-des-Bouquets aux abois""",Haiti Libre;ICI Haiti;Fondation Afriamérica;Haiti24.net,2022-10-21;2022-10-24;2022-10-19;2022-10-11,Haiti - FLASH :The village of Noailles victim of the gang war at least 15 dead;iciHaiti - Croix-des-Bouquets : Resumption of gang warfare at least 12 dead;Appel aux instances concernées;Affrontements entre le gang de Vitelhomme et 400 Mawozo : Les habitants de la Croix-des-Bouquets aux abois,witnesses,1,Noailles village,village of Noailles (Commune of Croix-des-Bouquets),Ouest department,Croix-des-Bouquets arrondissement,18.571485,-72.229697,POINT (-72.2296977 18.571485),156456,Haiti,HTI,41,Americas,1,1,2022-10-17 00:00:00.000,2022-10-17 00:00:00.000,0,0,0,7,7,7,7,,
455824,HAI-2022-2-17300-1,2022,true,Clear,2,17300,15736,400 Mawozo  - Kraze Baryè,17300,17300,400 Mawozo  - Kraze Baryè,7889,7889,400 Mawozo,8417,8417,Kraze Baryè,1,"""ICI Haiti,2022-10-24,iciHaiti - Croix-des-Bouquets : Resumption of gang warfare at least 12 dead""",ICI Haiti,2022-10-24,iciHaiti - Croix-des-Bouquets : Resumption of gang warfare at least 12 dead,,5,Croix-des-Bouquets commune,Croix-des-Bouquets,Ouest department,Croix-des-Bouquets arrondissement,18.606567,-72.222182,POINT (-72.222182 18.606567),156456,Haiti,HTI,41,Americas,2,2,2022-10-22 00:00:00.000,2022-10-24 00:00:00.000,0,0,0,12,12,12,12,,
515948,HAI-2024-2-17300-1,2024,false,Clear,2,17300,15736,400 Mawozo  - Kraze Baryè,17300,17300,400 Mawozo  - Kraze Baryè,7889,7889,400 Mawozo,8417,8417,Kraze Baryè,3,"""National Human Rights Defense Network (RNDDH),2024-04-10,A catastrophic human rights situation from January to March 2024: RNDDH alerts the public"";""Haiti Libre,2024-01-31,Haiti - News : Zapping..."";""Vant Bef Info,2024-01-30,Pernier : affrontements armés sanglants entre les hommes de Lanmò San Jou et ceux de Vitelomme""",National Human Rights Defense Network (RNDDH);Haiti Libre;Vant Bef Info,2024-04-10;2024-01-31;2024-01-30,A catastrophic human rights situation from January to March 2024: RNDDH alerts the public;Haiti - News : Zapping...;Pernier : affrontements armés sanglants entre les hommes de Lanmò San Jou et ceux de Vitelomme,RNDDH,2,Pétion-Ville town,Pernier,Ouest department,Port-au-Prince arrondissement,18.512541,-72.285219,POINT (-72.285219 18.512541),156456,Haiti,HTI,41,Americas,1,1,2024-01-30 00:00:00.000,2024-01-30 00:00:00.000,0,0,0,4,4,4,4,,
487575,HAI-2023-3-17576-3,2023,true,Clear,3,8746,15962,"5 Segond, Taliban - Civilians",8746,17576,"5 Segond, Taliban - Civilians",8746,8746,"5 Segond, Taliban",9999,1,Civilians,2,"""RNDDH,2023-04-24,Intensification of armed attacks: RNDDH demands explanations from the government authorities."";""Fondasyon Je Klere,2023-05-02,R A P P O R T Situation de terreur en Haïti, les chiffres noirs du gouvernement d’Ariel HENRY""",RNDDH;Fondasyon Je Klere,2023-04-24;2023-05-02,"Intensification of armed attacks: RNDDH demands explanations from the government authorities.;R A P P O R T Situation de terreur en Haïti, les chiffres noirs du gouvernement d’Ariel HENRY","RNDDH, FJKL, BINUH",2,Cabaret commune,"cabaret commune

source matelas",Ouest department,Arcahaie arrondissement,18.733333,-72.416667,POINT (-72.416667 18.733333),156456,Haiti,HTI,41,Americas,2,2,2023-04-19 00:00:00.000,2023-04-24 00:00:00.000,0,0,13,57,70,70,70,,
491402,HAI-2023-3-17597-0,2023,true,Clear,3,7849,15979,Grand Ravine - Civilians,7849,17597,Grand Ravine - Civilians,7849,7849,Grand Ravine,9999,1,Civilians,2,"""Vant Bef Info,2023-05-24,Carrefour-Feuilles : Un écolier tué, plusieurs résidents blessés lors d’une attaque armée des bandits de Gran-Ravin"";""RNDDH,2023-07-13,The resurgence of acts against lives and property: RNDDH urges police authorities to act.""",Vant Bef Info;RNDDH,2023-05-24;2023-07-13,"Carrefour-Feuilles : Un écolier tué, plusieurs résidents blessés lors d’une attaque armée des bandits de Gran-Ravin;The resurgence of acts against lives and property: RNDDH urges police authorities to act.",RNDDH,1,Port-au-Prince city,"Carrefour-Feuilles

P-a-P",Ouest department,Port-au-Prince arrondissement,18.539170,-72.335000,POINT (-72.335 18.53917),156456,Haiti,HTI,41,Americas,1,1,2023-05-24 00:00:00.000,2023-05-24 00:00:00.000,0,0,1,0,1,1,1,,
511106,HAI-2023-3-17597-5,2023,true,Clear,3,7849,15979,Grand Ravine - Civilians,7849,17597,Grand Ravine - Civilians,7849,7849,Grand Ravine,9999,1,Civilians,3,"""RNDDH,2023-08-18,The Increasing violence in the West and Artibonite departments: RNDDH denounces the complicity of the CSPN."";""Haiti Libre,2023-08-18,Haiti - FLASH : More than 30 dead in the attacks in Carrefour-Feuilles"";""Haiti Libre,2023-08-21,Haiti - Insecurity : Dead, injured kidnappings the daily hell of Haitians""",RNDDH;Haiti Libre;Haiti Libre,2023-08-18;2023-08-18;2023-08-21,"The Increasing violence in the West and Artibonite departments: RNDDH denounces the complicity of the CSPN.;Haiti - FLASH : More than 30 dead in the attacks in Carrefour-Feuilles;Haiti - Insecurity : Dead, injured kidnappings the daily hell of Haitians",RNDDH,1,Port-au-Prince city,Savane Pistache,Ouest department,Port-au-Prince arrondissement,18.539170,-72.335000,POINT (-72.335 18.53917),156456,Haiti,HTI,41,Americas,1,1,2023-08-07 00:00:00.000,2023-08-07 00:00:00.000,0,0,1,0,1,1,1,,
511107,HAI-2023-3-17597-6,2023,true,Clear,3,7849,15979,Grand Ravine - Civilians,7849,17597,Grand Ravine - Civilians,7849,7849,Grand Ravine,9999,1,Civilians,3,"""Haiti Libre,2023-08-21,Haiti - Insecurity : Dead, injured kidnappings the daily hell of Haitians"";""Haiti Libre,2023-08-18,Haiti - FLASH : More than 30 dead in the attacks in Carrefour-Feuilles"";""RNDDH,2023-08-18,The Increasing violence in the West and Artibonite departments: RNDDH denounces the complicity of the CSPN.""",Haiti Libre;Haiti Libre;RNDDH,2023-08-21;2023-08-18;2023-08-18,"Haiti - Insecurity : Dead, injured kidnappings the daily hell of Haitians;Haiti - FLASH : More than 30 dead in the attacks in Carrefour-Feuilles;The Increasing violence in the West and Artibonite departments: RNDDH denounces the complicity of the CSPN.",RNDDH,1,Port-au-Prince city,"Carrefour-Feuilles, Impasse Beauboeuf",Ouest department,Port-au-Prince arrondissement,18.539170,-72.335000,POINT (-72.335 18.53917),156456,Haiti,HTI,41,Americas,1,1,2023-08-08 00:00:00.000,2023-08-08 00:00:00.000,0,0,1,0,1,1,1,,
511109,HAI-2023-3-17597-7,2023,true,Clear,3,7849,15979,Grand Ravine - Civilians,7849,17597,Grand Ravine - Civilians,7849,7849,Grand Ravine,9999,1,Civilians,3,"""RNDDH,2023-08-18,The Increasing violence in the West and Artibonite departments: RNDDH denounces the complicity of the CSPN."";""Haiti Libre,2023-08-18,Haiti - FLASH : More than 30 dead in the attacks in Carrefour-Feuilles"";""Haiti Libre,2023-08-21,Haiti - Insecurity : Dead, injured kidnappings the daily hell of Haitians""",RNDDH;Haiti Libre;Haiti Libre,2023-08-18;2023-08-18;2023-08-21,"The Increasing violence in the West and Artibonite departments: RNDDH denounces the complicity of the CSPN.;Haiti - FLASH : More than 30 dead in the attacks in Carrefour-Feuilles;Haiti - Insecurity : Dead, injured kidnappings the daily hell of Haitians",RNDDH,1,Port-au-Prince city,Decayette,Ouest department,Port-au-Prince arrondissement,18.539170,-72.335000,POINT (-72.335 18.53917),156456,Haiti,HTI,41,Americas,1,1,2023-08-12 00:00:00.000,2023-08-12 00:00:00.000,0,0,1,0,1,1,1,,
511115,HAI-2023-3-17597-8,2023,true,Clear,3,7849,15979,Grand Ravine - Civilians,7849,17597,Grand Ravine - Civilians,7849,7849,Grand Ravine,9999,1,Civilians,3,"""RNDDH,2023-08-18,The Increasing violence in the West and Artibonite departments: RNDDH denounces the complicity of the CSPN."";""Haiti Libre,2023-08-21,Haiti - Insecurity : Dead, injured kidnappings the daily hell of Haitians"";""Haiti Libre,2023-08-18,Haiti - FLASH : More than 30 dead in the attacks in Carrefour-Feuilles""",RNDDH;Haiti Libre;Haiti Libre,2023-08-18;2023-08-21;2023-08-18,"The Increasing violence in the West and Artibonite departments: RNDDH denounces the complicity of the CSPN.;Haiti - Insecurity : Dead, injured kidnappings the daily hell of Haitians;Haiti - FLASH : More than 30 dead in the attacks in Carrefour-Feuilles",RNDDH,1,Port-au-Prince city,"Savane Pistache, Carrefour-Feuilles",Ouest department,Port-au-Prince arrondissement,18.539170,-72.335000,POINT (-72.335 18.53917),156456,Haiti,HTI,41,Americas,1,1,2023-08-13 00:00:00.000,2023-08-13 00:00:00.000,0,0,25,0,25,25,25,,
511117,HAI-2023-3-17597-9,2023,true,Clear,3,7849,15979,Grand Ravine - Civilians,7849,17597,Grand Ravine - Civilians,7849,7849,Grand Ravine,9999,1,Civilians,3,"""Haiti Libre,2023-08-18,Haiti - FLASH : More than 30 dead in the attacks in Carrefour-Feuilles"";""Haiti Libre,2023-08-21,Haiti - Insecurity : Dead, injured kidnappings the daily hell of Haitians"";""RNDDH,2023-08-18,The Increasing violence in the West and Artibonite departments: RNDDH denounces the complicity of the CSPN.""",Haiti Libre;Haiti Libre;RNDDH,2023-08-18;2023-08-21;2023-08-18,"Haiti - FLASH : More than 30 dead in the attacks in Carrefour-Feuilles;Haiti - Insecurity : Dead, injured kidnappings the daily hell of Haitians;The Increasing violence in the West and Artibonite departments: RNDDH denounces the complicity of the CSPN.",RNDDH,1,Port-au-Prince city,"Savanne Pistache

Carrefour-Feuilles",Ouest department,Port-au-Prince arrondissement,18.539170,-72.335000,POINT (-72.335 18.53917),156456,Haiti,HTI,41,Americas,1,2,2023-08-13 00:00:00.000,2023-08-14 00:00:00.000,0,0,2,0,2,2,2,,
511121,HAI-2023-3-17597-10,2023,true,Clear,3,7849,15979,Grand Ravine - Civilians,7849,17597,Grand Ravine - Civilians,7849,7849,Grand Ravine,9999,1,Civilians,3,"""RNDDH,2023-08-18,The Increasing violence in the West and Artibonite departments: RNDDH denounces the complicity of the CSPN."";""Haiti Libre,2023-08-21,Haiti - Insecurity : Dead, injured kidnappings the daily hell of Haitians"";""Haiti Libre,2023-08-18,Haiti - FLASH : More than 30 dead in the attacks in Carrefour-Feuilles""",RNDDH;Haiti Libre;Haiti Libre,2023-08-18;2023-08-21;2023-08-18,"The Increasing violence in the West and Artibonite departments: RNDDH denounces the complicity of the CSPN.;Haiti - Insecurity : Dead, injured kidnappings the daily hell of Haitians;Haiti - FLASH : More than 30 dead in the attacks in Carrefour-Feuilles",RNDDH,1,Port-au-Prince city,"Savane Pistache
Carrefour-Feuilles",Ouest department,Port-au-Prince arrondissement,18.539170,-72.335000,POINT (-72.335 18.53917),156456,Haiti,HTI,41,Americas,1,1,2023-08-14 00:00:00.000,2023-08-14 00:00:00.000,0,0,18,0,18,18,18,,
510924,HAI-2023-3-17597-4,2023,true,Clear,3,7849,15979,Grand Ravine - Civilians,7849,17597,Grand Ravine - Civilians,7849,7849,Grand Ravine,9999,1,Civilians,3,"""Haiti Libre,2023-08-21,Haiti - Insecurity : Dead, injured kidnappings the daily hell of Haitians"";""RNDDH,2023-08-18,The Increasing violence in the West and Artibonite departments: RNDDH denounces the complicity of the CSPN."";""Haiti Libre,2023-08-18,Haiti - FLASH : More than 30 dead in the attacks in Carrefour-Feuilles""",Haiti Libre;RNDDH;Haiti Libre,2023-08-21;2023-08-18;2023-08-18,"Haiti - Insecurity : Dead, injured kidnappings the daily hell of Haitians;The Increasing violence in the West and Artibonite departments: RNDDH denounces the complicity of the CSPN.;Haiti - FLASH : More than 30 dead in the attacks in Carrefour-Feuilles",,1,Port-au-Prince city,Decayette neighbourhood of Port-au-Prince,Ouest department,Port-au-Prince arrondissement,18.539170,-72.335000,POINT (-72.335 18.53917),156456,Haiti,HTI,41,Americas,1,2,2023-08-14 00:00:00.000,2023-08-15 00:00:00.000,0,0,3,0,3,3,3,,
492458,HAI-2023-3-17597-2,2023,true,Clear,3,7849,15979,Grand Ravine - Civilians,7849,17597,Grand Ravine - Civilians,7849,7849,Grand Ravine,9999,1,Civilians,3,"""Haiti Libre,2023-08-21,Haiti - Insecurity : Dead, injured kidnappings the daily hell of Haitians"";""Haiti Libre,2023-08-18,Haiti - FLASH : More than 30 dead in the attacks in Carrefour-Feuilles"";""RNDDH,2023-08-18,The Increasing violence in the West and Artibonite departments: RNDDH denounces the complicity of the CSPN.""",Haiti Libre;Haiti Libre;RNDDH,2023-08-21;2023-08-18;2023-08-18,"Haiti - Insecurity : Dead, injured kidnappings the daily hell of Haitians;Haiti - FLASH : More than 30 dead in the attacks in Carrefour-Feuilles;The Increasing violence in the West and Artibonite departments: RNDDH denounces the complicity of the CSPN.",,1,Port-au-Prince city,Carrefour-Feuilles,Ouest department,Port-au-Prince arrondissement,18.539170,-72.335000,POINT (-72.335 18.53917),156456,Haiti,HTI,41,Americas,1,1,2023-08-14 00:00:00.000,2023-08-14 00:00:00.000,0,0,7,0,7,7,7,,
502904,HAI-2023-3-17597-3,2023,true,Clear,3,7849,15979,Grand Ravine - Civilians,7849,17597,Grand Ravine - Civilians,7849,7849,Grand Ravine,9999,1,Civilians,1,"""Haiti Libre,2023-11-28,Haiti - News : Zapping...""",Haiti Libre,2023-11-28,Haiti - News : Zapping...,,1,Port-au-Prince city,Carrefour Feuilles,Ouest department,Port-au-Prince arrondissement,18.539170,-72.335000,POINT (-72.335 18.53917),156456,Haiti,HTI,41,Americas,1,2,2023-11-25 00:00:00.000,2023-11-26 00:00:00.000,0,0,6,0,6,6,6,,
563117,HAI-2024-3-17597-0,2024,true,Clear,3,7849,15979,Grand Ravine - Civilians,7849,17597,Grand Ravine - Civilians,7849,7849,Grand Ravine,9999,1,Civilians,1,"""UN Integrated Office in Haiti (BINUH),2024-04-19,QUARTERLY REPORT ON THE HUMAN RIGHTS SITUATION IN HAITI""",UN Integrated Office in Haiti (BINUH),2024-04-19,QUARTERLY REPORT ON THE HUMAN RIGHTS SITUATION IN HAITI,BINUH,3,Port-au-Prince arrondissement,Carrefour and Gressier communes,Ouest department,Port-au-Prince arrondissement,18.500000,-72.366670,POINT (-72.36667 18.5),156456,Haiti,HTI,41,Americas,2,5,2024-01-01 00:00:00.000,2024-03-31 00:00:00.000,0,0,3,0,3,3,2,,
563118,HAI-2024-3-17597-1,2024,true,Clear,3,7849,15979,Grand Ravine - Civilians,7849,17597,Grand Ravine - Civilians,7849,7849,Grand Ravine,9999,1,Civilians,1,"""UN Integrated Office in Haiti (BINUH),2024-04-19,QUARTERLY REPORT ON THE HUMAN RIGHTS SITUATION IN HAITI""",UN Integrated Office in Haiti (BINUH),2024-04-19,QUARTERLY REPORT ON THE HUMAN RIGHTS SITUATION IN HAITI,BINUH,5,RN2 between Carrefour and Gressier,National Road 2,Ouest department,Port-au-Prince arrondissement,18.546332,-72.468455,POINT (-72.468455 18.546332),156456,Haiti,HTI,41,Americas,2,5,2024-01-01 00:00:00.000,2024-03-31 00:00:00.000,0,0,24,0,24,24,24,,
510177,HAI-2023-3-17720-20,2023,true,Clear,3,8104,16081,G-Pep - Civilians,8104,17720,G-Pep - Civilians,8104,8104,G-Pep,9999,1,Civilians,1,"""The National Human Rights Defense Network (RNDDH),2023-05-09,The reign of Prime Minister Ariel HENRY Or The fury of the armed gangs""",The National Human Rights Defense Network (RNDDH),2023-05-09,The reign of Prime Minister Ariel HENRY Or The fury of the armed gangs,RNDDH,2,Port-au-Prince city,Corridor Bastia,Ouest department,Port-au-Prince arrondissement,18.539170,-72.335000,POINT (-72.335 18.53917),156456,Haiti,HTI,41,Americas,2,4,2023-02-27 00:00:00.000,2023-03-12 00:00:00.000,0,0,3,0,3,3,3,,
510168,HAI-2023-3-17720-15,2023,true,Clear,3,8104,16081,G-Pep - Civilians,8104,17720,G-Pep - Civilians,8104,8104,G-Pep,9999,1,Civilians,1,"""The National Human Rights Defense Network (RNDDH),2023-05-09,The reign of Prime Minister Ariel HENRY Or The fury of the armed gangs""",The National Human Rights Defense Network (RNDDH),2023-05-09,The reign of Prime Minister Ariel HENRY Or The fury of the armed gangs,RNDDH,2,Port-au-Prince city,Delmas 24,Ouest department,Port-au-Prince arrondissement,18.539170,-72.335000,POINT (-72.335 18.53917),156456,Haiti,HTI,41,Americas,1,1,2023-03-01 00:00:00.000,2023-03-01 00:00:00.000,0,0,1,0,1,1,1,,
510160,HAI-2023-3-17720-21,2023,true,Clear,3,8104,16081,G-Pep - Civilians,8104,17720,G-Pep - Civilians,8104,8104,G-Pep,9999,1,Civilians,1,"""The National Human Rights Defense Network (RNDDH),2023-05-09,The reign of Prime Minister Ariel HENRY Or The fury of the armed gangs""",The National Human Rights Defense Network (RNDDH),2023-05-09,The reign of Prime Minister Ariel HENRY Or The fury of the armed gangs,RNDDH,2,Port-au-Prince city,Corridor Bastia,Ouest department,Port-au-Prince arrondissement,18.539170,-72.335000,POINT (-72.335 18.53917),156456,Haiti,HTI,41,Americas,1,1,2023-03-01 00:00:00.000,2023-03-01 00:00:00.000,0,0,5,0,5,5,5,,
510161,HAI-2023-3-17720-12,2023,true,Clear,3,8104,16081,G-Pep - Civilians,8104,17720,G-Pep - Civilians,8104,8104,G-Pep,9999,1,Civilians,1,"""The National Human Rights Defense Network (RNDDH),2023-05-09,The reign of Prime Minister Ariel HENRY Or The fury of the armed gangs""",The National Human Rights Defense Network (RNDDH),2023-05-09,The reign of Prime Minister Ariel HENRY Or The fury of the armed gangs,RNDDH,2,Port-au-Prince city,refugee shelter located in Corridor Bastia in front of the Saint-Michel Church,Ouest department,Port-au-Prince arrondissement,18.539170,-72.335000,POINT (-72.335 18.53917),156456,Haiti,HTI,41,Americas,1,1,2023-03-02 00:00:00.000,2023-03-02 00:00:00.000,0,0,15,0,15,15,15,,
510170,HAI-2023-3-17720-16,2023,true,Clear,3,8104,16081,G-Pep - Civilians,8104,17720,G-Pep - Civilians,8104,8104,G-Pep,9999,1,Civilians,1,"""The National Human Rights Defense Network (RNDDH),2023-05-09,The reign of Prime Minister Ariel HENRY Or The fury of the armed gangs""",The National Human Rights Defense Network (RNDDH),2023-05-09,The reign of Prime Minister Ariel HENRY Or The fury of the armed gangs,RNDDH,2,Port-au-Prince city,"Sans Fil across the street from the Church of Saint Michel

Corridor Bastia",Ouest department,Port-au-Prince arrondissement,18.539170,-72.335000,POINT (-72.335 18.53917),156456,Haiti,HTI,41,Americas,1,1,2023-03-03 00:00:00.000,2023-03-03 00:00:00.000,0,0,2,0,2,2,2,,
510174,HAI-2023-3-17720-18,2023,true,Clear,3,8104,16081,G-Pep - Civilians,8104,17720,G-Pep - Civilians,8104,8104,G-Pep,9999,1,Civilians,1,"""The National Human Rights Defense Network (RNDDH),2023-05-09,The reign of Prime Minister Ariel HENRY Or The fury of the armed gangs""",The National Human Rights Defense Network (RNDDH),2023-05-09,The reign of Prime Minister Ariel HENRY Or The fury of the armed gangs,RNDDH,2,Port-au-Prince city,Corridor Bastia,Ouest department,Port-au-Prince arrondissement,18.539170,-72.335000,POINT (-72.335 18.53917),156456,Haiti,HTI,41,Americas,1,1,2023-03-05 00:00:00.000,2023-03-05 00:00:00.000,0,0,1,0,1,1,1,,
510172,HAI-2023-3-17720-17,2023,true,Clear,3,8104,16081,G-Pep - Civilians,8104,17720,G-Pep - Civilians,8104,8104,G-Pep,9999,1,Civilians,1,"""The National Human Rights Defense Network (RNDDH),2023-05-09,The reign of Prime Minister Ariel HENRY Or The fury of the armed gangs""",The National Human Rights Defense Network (RNDDH),2023-05-09,The reign of Prime Minister Ariel HENRY Or The fury of the armed gangs,RNDDH,2,Port-au-Prince city,Corridor Bastia,Ouest department,Port-au-Prince arrondissement,18.539170,-72.335000,POINT (-72.335 18.53917),156456,Haiti,HTI,41,Americas,1,1,2023-03-07 00:00:00.000,2023-03-07 00:00:00.000,0,0,1,0,1,1,1,,
510175,HAI-2023-3-17720-19,2023,true,Clear,3,8104,16081,G-Pep - Civilians,8104,17720,G-Pep - Civilians,8104,8104,G-Pep,9999,1,Civilians,1,"""The National Human Rights Defense Network (RNDDH),2023-05-09,The reign of Prime Minister Ariel HENRY Or The fury of the armed gangs""",The National Human Rights Defense Network (RNDDH),2023-05-09,The reign of Prime Minister Ariel HENRY Or The fury of the armed gangs,RNDDH,2,Port-au-Prince city,Montagne des Oliviers church,Ouest department,Port-au-Prince arrondissement,18.539170,-72.335000,POINT (-72.335 18.53917),156456,Haiti,HTI,41,Americas,1,1,2023-03-09 00:00:00.000,2023-03-09 00:00:00.000,0,0,2,0,2,2,2,,
510446,HAI-2023-3-17720-22,2023,true,Clear,3,8104,16081,G-Pep - Civilians,8104,17720,G-Pep - Civilians,8104,8104,G-Pep,9999,1,Civilians,1,"""BINUH,2023-10-27,Situation des droits de l’homme Principales tendances Rapport trimestriel : Juillet - Septembre 2023""",BINUH,2023-10-27,Situation des droits de l’homme Principales tendances Rapport trimestriel : Juillet - Septembre 2023,BINUH,1,Cité Soleil town,"Nan Brooklyn neighborhood, Cite Soleil",Ouest department,Port-au-Prince arrondissement,18.577857,-72.331887,POINT (-72.331887 18.577857),156456,Haiti,HTI,41,Americas,2,5,2023-08-01 00:00:00.000,2023-09-30 00:00:00.000,0,0,19,0,19,19,19,,
563103,HAI-2024-3-17720-3,2024,false,Clear,3,8104,16081,G-Pep - Civilians,8104,17720,G-Pep - Civilians,8104,8104,G-Pep,9999,1,Civilians,1,"""UN Integrated Office in Haiti (BINUH),2024-04-19,QUARTERLY REPORT ON THE HUMAN RIGHTS SITUATION IN HAITI""",UN Integrated Office in Haiti (BINUH),2024-04-19,QUARTERLY REPORT ON THE HUMAN RIGHTS SITUATION IN HAITI,BINUH,2,Cité Soleil town,Wharf Jérémie neighborhood,Ouest department,Port-au-Prince arrondissement,18.577857,-72.331887,POINT (-72.331887 18.577857),156456,Haiti,HTI,41,Americas,1,1,2024-01-15 00:00:00.000,2024-01-15 00:00:00.000,0,0,5,0,5,5,5,,
508686,HAI-2024-3-17720-0,2024,false,Clear,3,8104,16081,G-Pep - Civilians,8104,17720,G-Pep - Civilians,8104,8104,G-Pep,9999,1,Civilians,4,"""The Guardian,2024-01-18,Haiti: residents trapped as armed gangs target key pocket of Port-au-Prince"";""Haiti Libre,2024-01-17,Haiti - News : Zapping..."";""Haiti Libre,2024-01-17,Haiti - News : Zapping..."";""UN Integrated Office in Haiti (BINUH),2024-04-19,QUARTERLY REPORT ON THE HUMAN RIGHTS SITUATION IN HAITI""",The Guardian;Haiti Libre;Haiti Libre;UN Integrated Office in Haiti (BINUH),2024-01-18;2024-01-17;2024-01-17;2024-04-19,Haiti: residents trapped as armed gangs target key pocket of Port-au-Prince;Haiti - News : Zapping...;Haiti - News : Zapping...;QUARTERLY REPORT ON THE HUMAN RIGHTS SITUATION IN HAITI,Haiti Libre,1,Port-au-Prince city,"Solino neighborhood

P-a-P",Ouest department,Port-au-Prince arrondissement,18.539170,-72.335000,POINT (-72.335 18.53917),156456,Haiti,HTI,41,Americas,1,1,2024-01-16 00:00:00.000,2024-01-16 00:00:00.000,0,0,2,0,2,3,2,,
511239,HAI-2024-3-17720-1,2024,false,Clear,3,8104,16081,G-Pep - Civilians,8104,17720,G-Pep - Civilians,8104,8104,G-Pep,9999,1,Civilians,2,"""Associated Press Newswires,2024-01-18,Gangs in Haiti have attacked a community for 4 days and residents fear the violence could spread"";""UN Integrated Office in Haiti (BINUH),2024-03-11,QUARTERLY REPORT ON THE HUMAN RIGHTS SITUATION IN HAITI""",Associated Press Newswires;UN Integrated Office in Haiti (BINUH),2024-01-18;2024-03-11,Gangs in Haiti have attacked a community for 4 days and residents fear the violence could spread;QUARTERLY REPORT ON THE HUMAN RIGHTS SITUATION IN HAITI,witness; BINUH,1,Port-au-Prince city,Solino,Ouest department,Port-au-Prince arrondissement,18.539170,-72.335000,POINT (-72.335 18.53917),156456,Haiti,HTI,41,Americas,1,1,2024-01-18 00:00:00.000,2024-01-18 00:00:00.000,0,0,0,6,6,6,6,,
510100,HAI-2023-3-17733-0,2023,true,Clear,3,8876,16094,Terre Noire - Civilians,8876,17733,Terre Noire - Civilians,8876,8876,Terre Noire,9999,1,Civilians,1,"""United Nations Security Council,2023-09-15,S/2023/674""",United Nations Security Council,2023-09-15,S/2023/674,UN Security council,2,Cité Soleil town,Terre Noire,Ouest department,Port-au-Prince arrondissement,18.577857,-72.331887,POINT (-72.331887 18.577857),156456,Haiti,HTI,41,Americas,1,1,2023-04-08 00:00:00.000,2023-04-08 00:00:00.000,0,0,72,0,72,72,72,,
515144,HAI-2024-1-17970-60,2024,true,Clear,1,381,381,Haiti: Government,17970,17970,Government of Haiti - Viv Ansanm,6,6,Government of Haiti,9067,9067,Viv Ansanm,11,"""Reuters News,2024-03-01,Violence rocks Haiti as prime minister visits Kenya"";""Agence France Presse,2024-03-01,Gun battles rage in Haiti as gang leader pushes for PM's ouster"";""Agence France Presse,2024-03-01,Four officers dead in Haiti gang attacks: police union"";""Reuters News,2024-03-01,UPDATE 3-Violence rocks Haiti as prime minister visits Kenya"";""EFE News Service,2024-03-02,Haitian government condemns 'acts of terror,' six deaths"";""EFE News Service,2024-03-02,Haitian government condemns 'acts of terror,' six deaths"";""Vant Bef Info,2024-02-29,Attaque armée contre le sous-commissariat de Bon-Repos : plusieurs policiers tués, un véhicule blindé volé par des bandits"";""Haiti Libre,2024-03-01,Haiti - FLASH : The metropolitan area under attacks"";""Haiti Libre,2024-03-02,Haiti - News : Zapping..."";""Libre,2024-04-09,Haiti - News : Zapping..."";""Réseau National de Défense de Droits Humains - RNDDH,2024-03-06,RNDDH's position on the chaotic situation in Haiti""",Reuters News;Agence France Presse;Agence France Presse;Reuters News;EFE News Service;EFE News Service;Vant Bef Info;Haiti Libre;Haiti Libre;Libre;Réseau National de Défense de Droits Humains - RNDDH,2024-03-01;2024-03-01;2024-03-01;2024-03-01;2024-03-02;2024-03-02;2024-02-29;2024-03-01;2024-03-02;2024-04-09;2024-03-06,"Violence rocks Haiti as prime minister visits Kenya;Gun battles rage in Haiti as gang leader pushes for PM's ouster;Four officers dead in Haiti gang attacks: police union;UPDATE 3-Violence rocks Haiti as prime minister visits Kenya;Haitian government condemns 'acts of terror,' six deaths;Haitian government condemns 'acts of terror,' six deaths;Attaque armée contre le sous-commissariat de Bon-Repos : plusieurs policiers tués, un véhicule blindé volé par des bandits;Haiti - FLASH : The metropolitan area under attacks;Haiti - News : Zapping...;Haiti - News : Zapping...;RNDDH's position on the chaotic situation in Haiti",national police trade union SYNAPOHA,1,Bon Repos town,Bon Repos sub-police station,Ouest department,Croix-des-Bouquets arrondissement,18.627770,-72.269290,POINT (-72.26929 18.62777),156456,Haiti,HTI,41,Americas,2,1,2024-02-29 00:00:00.000,2024-02-29 00:00:00.000,6,0,0,0,6,6,0,41,
515164,HAI-2024-1-17970-25,2024,true,Clear,1,381,381,Haiti: Government,17970,17970,Government of Haiti - Viv Ansanm,6,6,Government of Haiti,9067,9067,Viv Ansanm,5,"""EFE News Service,2024-03-04,Some 3,600 prisoners fled Haitian prison in attack by armed gangs, NGO says"";""Reuters News,2024-03-04,UPDATE 4-Haiti declares state of emergency amid violence, inmates on the run"";""Agence France Presse,2024-03-03,At least a dozen dead in massive Haiti jailbreak: AFP reporter"";""EFE News Service,2024-03-03,Several killed after armed assailants overran Haiti's largest prison"";""Haiti Libre,2024-03-03,Haiti - FLASH : The National Penitentiary stormed, many prisoners escape, chaos in the capital (Video)""",EFE News Service;Reuters News;Agence France Presse;EFE News Service;Haiti Libre,2024-03-04;2024-03-04;2024-03-03;2024-03-03;2024-03-03,"Some 3,600 prisoners fled Haitian prison in attack by armed gangs, NGO says;UPDATE 4-Haiti declares state of emergency amid violence, inmates on the run;At least a dozen dead in massive Haiti jailbreak: AFP reporter;Several killed after armed assailants overran Haiti's largest prison;Haiti - FLASH : The National Penitentiary stormed, many prisoners escape, chaos in the capital (Video)",AFP reporter,1,Port-au-Prince city,PaP prison,Ouest department,Port-au-Prince arrondissement,18.539170,-72.335000,POINT (-72.335 18.53917),156456,Haiti,HTI,41,Americas,1,2,2024-03-02 00:00:00.000,2024-03-03 00:00:00.000,0,0,0,10,10,12,10,41,
515220,HAI-2024-1-17970-8,2024,true,Clear,1,381,381,Haiti: Government,17970,17970,Government of Haiti - Viv Ansanm,6,6,Government of Haiti,9067,9067,Viv Ansanm,1,"""Agence France Presse,2024-03-09,Gunshots ring out as gang crisis brings Haiti to 'standstill'""",Agence France Presse,2024-03-09,Gunshots ring out as gang crisis brings Haiti to 'standstill',family of deceased,1,Port-au-Prince city,PaP,Ouest department,Port-au-Prince arrondissement,18.539170,-72.335000,POINT (-72.335 18.53917),156456,Haiti,HTI,41,Americas,2,4,2024-03-02 00:00:00.000,2024-03-09 00:00:00.000,0,0,1,0,1,1,1,41,
562608,HAI-2024-1-17970-62,2024,true,Clear,1,381,381,Haiti: Government,17970,17970,Government of Haiti - Viv Ansanm,6,6,Government of Haiti,9067,9067,Viv Ansanm,1,"""Reuters News,2024-03-04,UPDATE 4-Haiti declares state of emergency amid violence, inmates on the run""",Reuters News,2024-03-04,"UPDATE 4-Haiti declares state of emergency amid violence, inmates on the run",,1,Port-au-Prince city,PaP prison,Ouest department,Port-au-Prince arrondissement,18.539170,-72.335000,POINT (-72.335 18.53917),156456,Haiti,HTI,41,Americas,1,2,2024-03-02 00:00:00.000,2024-03-03 00:00:00.000,0,0,0,3,3,3,3,41,
516264,HAI-2024-1-17970-9,2024,true,Clear,1,381,381,Haiti: Government,17970,17970,Government of Haiti - Viv Ansanm,6,6,Government of Haiti,9067,9067,Viv Ansanm,1,"""Haiti Libre,2024-02-25,Haiti - News : Zapping...""",Haiti Libre,2024-02-25,Haiti - News : Zapping...,Haiti Libre,1,Port-au-Prince city,International Toussaint Louverture airport,Ouest department,Port-au-Prince arrondissement,18.539170,-72.335000,POINT (-72.335 18.53917),156456,Haiti,HTI,41,Americas,1,2,2024-03-05 00:00:00.000,2024-03-06 00:00:00.000,6,0,0,0,6,7,6,41,
515223,HAI-2024-1-17970-7,2024,true,Clear,1,381,381,Haiti: Government,17970,17970,Government of Haiti - Viv Ansanm,6,6,Government of Haiti,9067,9067,Viv Ansanm,4,"""EFE News Service,2024-03-09,CARICOM holds meeting in Kingston on Monday to ease Haiti crisis"";""Agence France Presse,2024-03-09,Haiti capital a 'city under siege' amid spasm of gang violence"";""Haiti Libre,2024-03-10,Haiti - FLASH : Bloody failure of an attempt to take the National Palace"";""Agence France Presse,2024-03-11,Emergency Caribbean summit to address Haiti gang crisis""",EFE News Service;Agence France Presse;Haiti Libre;Agence France Presse,2024-03-09;2024-03-09;2024-03-10;2024-03-11,CARICOM holds meeting in Kingston on Monday to ease Haiti crisis;Haiti capital a 'city under siege' amid spasm of gang violence;Haiti - FLASH : Bloody failure of an attempt to take the National Palace;Emergency Caribbean summit to address Haiti gang crisis,Lionel Lazarre of the Haitian police union,1,Port-au-Prince city,PaP,Ouest department,Port-au-Prince arrondissement,18.539170,-72.335000,POINT (-72.335 18.53917),156456,Haiti,HTI,41,Americas,1,1,2024-03-08 00:00:00.000,2024-03-08 00:00:00.000,0,3,0,0,3,3,2,41,
518161,HAI-2024-1-17970-5,2024,true,Clear,1,381,381,Haiti: Government,17970,17970,Government of Haiti - Viv Ansanm,6,6,Government of Haiti,9067,9067,Viv Ansanm,4,"""Agence France Presse,2024-03-16,Police operation in Haiti capital against 'Barbecue' gang"";""Vant Bef Info,2024-03-16,Opération de la PNH à Delmas 6: plusieurs morts dans le fief du chef de gang « Barbecue »"";""EFE News Service,2024-03-16,Haitian police say it killed several members of Barbecue's gangs"";""Haiti Libre,2024-03-17,Haiti - FLASH : Strong operation of the PNH in the territory of «Barbecue»""",Agence France Presse;Vant Bef Info;EFE News Service;Haiti Libre,2024-03-16;2024-03-16;2024-03-16;2024-03-17,Police operation in Haiti capital against 'Barbecue' gang;Opération de la PNH à Delmas 6: plusieurs morts dans le fief du chef de gang « Barbecue »;Haitian police say it killed several members of Barbecue's gangs;Haiti - FLASH : Strong operation of the PNH in the territory of «Barbecue»,Lionel Lazarre of the Haitian police union (SYNAPOHA),1,Port-au-Prince city,Delmas neighborhood,Ouest department,Port-au-Prince arrondissement,18.539170,-72.335000,POINT (-72.335 18.53917),156456,Haiti,HTI,41,Americas,1,1,2024-03-15 00:00:00.000,2024-03-15 00:00:00.000,0,3,0,0,3,3,2,41,
518194,HAI-2024-1-17970-13,2024,true,Clear,1,381,381,Haiti: Government,17970,17970,Government of Haiti - Viv Ansanm,6,6,Government of Haiti,9067,9067,Viv Ansanm,3,"""EFE News Service,2024-03-21,More bodies found in streets of Port-au-Prince"";""Vant Bef Info,2024-03-20,Haïti-Insécurité : un policier affecté à la Primature tué par balles à Delmas"";""Haiti Libre,2024-03-21,Haiti - News : Zapping...""",EFE News Service;Vant Bef Info;Haiti Libre,2024-03-21;2024-03-20;2024-03-21,More bodies found in streets of Port-au-Prince;Haïti-Insécurité : un policier affecté à la Primature tué par balles à Delmas;Haiti - News : Zapping...,national police union (Synapoha).,1,Port-au-Prince city,Delmas 72,Ouest department,Port-au-Prince arrondissement,18.539170,-72.335000,POINT (-72.335 18.53917),156456,Haiti,HTI,41,Americas,1,1,2024-03-20 00:00:00.000,2024-03-20 00:00:00.000,1,0,0,0,1,1,1,41,
518201,HAI-2024-1-17970-26,2024,true,Clear,1,381,381,Haiti: Government,17970,17970,Government of Haiti - Viv Ansanm,6,6,Government of Haiti,9067,9067,Viv Ansanm,3,"""EFE News Service,2024-03-22,Another 12 killed in clashes in Haiti on the night names of interim council announced"";""Haiti Libre,2024-03-23,Haiti - FLASH : Between 30 and 40 killed in Pétion-ville in 5 days"";""Reuters News,2024-03-22,Haiti gang leader killed as transition council nears completion""",EFE News Service;Haiti Libre;Reuters News,2024-03-22;2024-03-23;2024-03-22,Another 12 killed in clashes in Haiti on the night names of interim council announced;Haiti - FLASH : Between 30 and 40 killed in Pétion-ville in 5 days;Haiti gang leader killed as transition council nears completion,Haiti Libre,1,Pétion-Ville town,Petion-Ville,Ouest department,Port-au-Prince arrondissement,18.512541,-72.285219,POINT (-72.285219 18.512541),156456,Haiti,HTI,41,Americas,1,2,2024-03-21 00:00:00.000,2024-03-22 00:00:00.000,0,12,0,0,12,12,12,41,
518673,HAI-2024-1-17970-3,2024,true,Clear,1,381,381,Haiti: Government,17970,17970,Government of Haiti - Viv Ansanm,6,6,Government of Haiti,9067,9067,Viv Ansanm,1,"""Haiti Libre,2024-03-26,Haiti - News : Zapping...""",Haiti Libre,2024-03-26,Haiti - News : Zapping...,Haiti Libre,1,Cité Soleil town,Carrefour Vincent (Commune of Cité-Soleil),Ouest department,Port-au-Prince arrondissement,18.577857,-72.331887,POINT (-72.331887 18.577857),156456,Haiti,HTI,41,Americas,1,1,2024-03-25 00:00:00.000,2024-03-25 00:00:00.000,1,0,0,0,1,1,1,41,
518651,HAI-2024-1-17970-54,2024,true,Clear,1,381,381,Haiti: Government,17970,17970,Government of Haiti - Viv Ansanm,6,6,Government of Haiti,9067,9067,Viv Ansanm,1,"""Vant Bef Info,2024-03-27,Des membres du gang « kraze Baryè » tués à Pétion-Ville""",Vant Bef Info,2024-03-27,Des membres du gang « kraze Baryè » tués à Pétion-Ville,Vant Bef Info,2,Pétion-Ville town,"Colette area, commune of Pétion-Ville, West department.",Ouest department,Port-au-Prince arrondissement,18.512541,-72.285219,POINT (-72.285219 18.512541),156456,Haiti,HTI,41,Americas,1,2,2024-03-26 00:00:00.000,2024-03-27 00:00:00.000,0,5,0,0,5,5,5,41,
518653,HAI-2024-1-17970-44,2024,true,Clear,1,381,381,Haiti: Government,17970,17970,Government of Haiti - Viv Ansanm,6,6,Government of Haiti,9067,9067,Viv Ansanm,2,"""Vant Bef Info,2024-04-01,Quatre bandits abattus à Pétion-Ville"";""Haiti Libre,2024-04-03,Haiti - News : Zapping...""",Vant Bef Info;Haiti Libre,2024-04-01;2024-04-03,Quatre bandits abattus à Pétion-Ville;Haiti - News : Zapping...,"Vant Bef Info, Haiti Libre",2,Pétion-Ville town,"Meyotte

commune of Pétion-Ville, in the West department.",Ouest department,Port-au-Prince arrondissement,18.512541,-72.285219,POINT (-72.285219 18.512541),156456,Haiti,HTI,41,Americas,1,1,2024-04-01 00:00:00.000,2024-04-01 00:00:00.000,0,4,0,0,4,4,4,41,
518654,HAI-2024-1-17970-43,2024,true,Clear,1,381,381,Haiti: Government,17970,17970,Government of Haiti - Viv Ansanm,6,6,Government of Haiti,9067,9067,Viv Ansanm,1,"""Vant Bef Info,2024-04-08,Carrefour de l’aéroport : la nouvelle zone à risque (VAR)""",Vant Bef Info,2024-04-08,Carrefour de l’aéroport : la nouvelle zone à risque (VAR),Vant Bef Info; traders in the area,1,Delmas town,"airport intersection

Delmas",Ouest department,Port-au-Prince arrondissement,18.556394,-72.295993,POINT (-72.295993 18.556394),156456,Haiti,HTI,41,Americas,1,3,2024-04-01 00:00:00.000,2024-04-07 00:00:00.000,0,0,0,2,2,2,2,41,
518655,HAI-2024-1-17970-24,2024,true,Clear,1,381,381,Haiti: Government,17970,17970,Government of Haiti - Viv Ansanm,6,6,Government of Haiti,9067,9067,Viv Ansanm,1,"""Vant Bef Info,2024-04-09,Centre-ville de Port-au-Prince : portrait d’une ville chaotique""",Vant Bef Info,2024-04-09,Centre-ville de Port-au-Prince : portrait d’une ville chaotique,Vant Bef Info,1,Port-au-Prince city,Downtown Port-au-Prince,Ouest department,Port-au-Prince arrondissement,18.539170,-72.335000,POINT (-72.335 18.53917),156456,Haiti,HTI,41,Americas,2,4,2024-04-01 00:00:00.000,2024-04-09 00:00:00.000,1,0,0,1,2,2,2,41,
518750,HAI-2024-1-17970-2,2024,true,Clear,1,381,381,Haiti: Government,17970,17970,Government of Haiti - Viv Ansanm,6,6,Government of Haiti,9067,9067,Viv Ansanm,1,"""Haiti Libre,2024-04-02,Haiti - FLASH : 2nd attack on the National Palace, update on the situation""",Haiti Libre,2024-04-02,"Haiti - FLASH : 2nd attack on the National Palace, update on the situation",Haiti Libre,1,Port-au-Prince city,"P-a-P

National Palace",Ouest department,Port-au-Prince arrondissement,18.539170,-72.335000,POINT (-72.335 18.53917),156456,Haiti,HTI,41,Americas,1,1,2024-04-01 00:00:00.000,2024-04-01 00:00:00.000,0,0,0,0,0,1,0,41,
518204,HAI-2024-1-17970-66,2024,true,Clear,1,381,381,Haiti: Government,17970,17970,Government of Haiti - Viv Ansanm,6,6,Government of Haiti,9067,9067,Viv Ansanm,3,"""Reuters News,2024-04-01,Panic in Haiti's capital as wild shooting fills streets"";""Haiti Libre,2024-04-02,Haiti - News : Zapping..."";""BINUH,2024-06-30,QUARTERLY REPORT ON THE HUMAN RIGHTS SITUATION IN HAITI April - June 2024""",Reuters News;Haiti Libre;BINUH,2024-04-01;2024-04-02;2024-06-30,Panic in Haiti's capital as wild shooting fills streets;Haiti - News : Zapping...;QUARTERLY REPORT ON THE HUMAN RIGHTS SITUATION IN HAITI April - June 2024,media,1,Port-au-Prince city,the capital's Delmas district,Ouest department,Port-au-Prince arrondissement,18.539170,-72.335000,POINT (-72.335 18.53917),156456,Haiti,HTI,41,Americas,1,1,2024-04-01 00:00:00.000,2024-04-01 00:00:00.000,0,0,0,0,0,1,0,41,
518205,HAI-2024-1-17970-15,2024,true,Clear,1,381,381,Haiti: Government,17970,17970,Government of Haiti - Viv Ansanm,6,6,Government of Haiti,9067,9067,Viv Ansanm,3,"""EFE News Service,2024-04-01,Clashes and shootings between gangs and police in Haiti throughout the day"";""EFE News Service,2024-04-01,Haiti's National Palace attacked by gunmen"";""EFE News Service,2024-04-03,Clashes between Haitian police, armed gangs continue in center of capital""",EFE News Service;EFE News Service;EFE News Service,2024-04-01;2024-04-01;2024-04-03,"Clashes and shootings between gangs and police in Haiti throughout the day;Haiti's National Palace attacked by gunmen;Clashes between Haitian police, armed gangs continue in center of capital",local media,1,Port-au-Prince city,"gardens of the Champ de Mars, not far from the National Palace, in the heart of Port-au-Prince",Ouest department,Port-au-Prince arrondissement,18.539170,-72.335000,POINT (-72.335 18.53917),156456,Haiti,HTI,41,Americas,1,1,2024-04-01 00:00:00.000,2024-04-01 00:00:00.000,0,0,0,2,2,2,2,41,
518759,HAI-2024-1-17970-71,2024,true,Clear,1,381,381,Haiti: Government,17970,17970,Government of Haiti - Viv Ansanm,6,6,Government of Haiti,9067,9067,Viv Ansanm,2,"""Haiti Libre,2024-04-08,Haiti - FLASH : After intense fighting, the PNH regains control of the pirated ship «Magalie» (Video)"";""ICI Haiti,2024-10-27,iciHaiti - Insecurity : The «5 Seconds» gang threatens Arcahaie with a massacre""",Haiti Libre;ICI Haiti,2024-04-08;2024-10-27,"Haiti - FLASH : After intense fighting, the PNH regains control of the pirated ship «Magalie» (Video);iciHaiti - Insecurity : The «5 Seconds» gang threatens Arcahaie with a massacre",PNH,2,Port-au-Prince city,PaP,Ouest department,Port-au-Prince arrondissement,18.539170,-72.335000,POINT (-72.335 18.53917),156456,Haiti,HTI,41,Americas,1,1,2024-04-04 00:00:00.000,2024-04-04 00:00:00.000,0,3,0,0,3,3,0,41,
563753,HAI-2024-1-17970-73,2024,true,Clear,1,381,381,Haiti: Government,17970,17970,Government of Haiti - Viv Ansanm,6,6,Government of Haiti,9067,9067,Viv Ansanm,1,"""National Human Rights Defense Network (RNDDH),2024-08-15,Murders, Rapes, Looting, and Arson in Carrefour and Gressier Under the Indifferent Gaze of the New State Authorities""",National Human Rights Defense Network (RNDDH),2024-08-15,"Murders, Rapes, Looting, and Arson in Carrefour and Gressier Under the Indifferent Gaze of the New State Authorities",RNDDH,2,Carrefour commune,Mariani,Ouest department,Port-au-Prince arrondissement,18.460548,-72.412024,POINT (-72.412024 18.460548),155736,Haiti,HTI,41,Americas,1,1,2024-04-15 00:00:00.000,2024-04-15 00:00:00.000,0,0,1,0,1,1,1,41,
562272,HAI-2024-1-17970-72,2024,true,Clear,1,381,381,Haiti: Government,17970,17970,Government of Haiti - Viv Ansanm,6,6,Government of Haiti,9067,9067,Viv Ansanm,2,"""National Human Rights Defense Network (RNDDH),2024-06-12,Survey on the Functioning of the PNH: Police Officers Demand Better Working Conditions"";""National Human Rights Defense Network (RNDDH),2024-08-15,Murders, Rapes, Looting, and Arson in Carrefour and Gressier Under the Indifferent Gaze of the New State Authorities""",National Human Rights Defense Network (RNDDH);National Human Rights Defense Network (RNDDH),2024-06-12;2024-08-15,"Survey on the Functioning of the PNH: Police Officers Demand Better Working Conditions;Murders, Rapes, Looting, and Arson in Carrefour and Gressier Under the Indifferent Gaze of the New State Authorities",Police; RNDDH,2,Carrefour commune,"Waney 93, Carrefour.",Ouest department,Port-au-Prince arrondissement,18.460548,-72.412024,POINT (-72.412024 18.460548),155736,Haiti,HTI,41,Americas,1,1,2024-04-18 00:00:00.000,2024-04-18 00:00:00.000,1,0,0,0,1,1,1,41,
565622,HAI-2024-1-17970-76,2024,true,Clear,1,381,381,Haiti: Government,17970,17970,Government of Haiti - Viv Ansanm,6,6,Government of Haiti,9067,9067,Viv Ansanm,1,"""National Human Rights Defense Network (RNDDH),2024-08-15,Murders, Rapes, Looting, and Arson in Carrefour and Gressier Under the Indifferent Gaze of the New State Authorities""",National Human Rights Defense Network (RNDDH),2024-08-15,"Murders, Rapes, Looting, and Arson in Carrefour and Gressier Under the Indifferent Gaze of the New State Authorities",RNDDH,2,Gressier commune,at the Gressier Market,Ouest department,Port-au-Prince arrondissement,18.550000,-72.516667,POINT (-72.516667 18.55),156455,Haiti,HTI,41,Americas,1,1,2024-05-10 00:00:00.000,2024-05-10 00:00:00.000,0,0,1,0,1,1,1,41,
565623,HAI-2024-1-17970-77,2024,true,Clear,1,381,381,Haiti: Government,17970,17970,Government of Haiti - Viv Ansanm,6,6,Government of Haiti,9067,9067,Viv Ansanm,1,"""National Human Rights Defense Network (RNDDH),2024-08-15,Murders, Rapes, Looting, and Arson in Carrefour and Gressier Under the Indifferent Gaze of the New State Authorities""",National Human Rights Defense Network (RNDDH),2024-08-15,"Murders, Rapes, Looting, and Arson in Carrefour and Gressier Under the Indifferent Gaze of the New State Authorities",RNDDH,2,Gressier commune,"Bateau, a locality within the commune of Gressier",Ouest department,Port-au-Prince arrondissement,18.550000,-72.516667,POINT (-72.516667 18.55),156455,Haiti,HTI,41,Americas,1,1,2024-05-11 00:00:00.000,2024-05-11 00:00:00.000,0,0,1,0,1,1,1,41,
531228,HAI-2024-1-17970-55,2024,true,Clear,1,381,381,Haiti: Government,17970,17970,Government of Haiti - Viv Ansanm,6,6,Government of Haiti,9067,9067,Viv Ansanm,1,"""Vant Bef Info,2024-05-17,Un membre du gang « Kraze Baryè » abattu à Tabarre""",Vant Bef Info,2024-05-17,Un membre du gang « Kraze Baryè » abattu à Tabarre,PNH facebook page,2,Tabarre commune,Tabarre 42,Ouest department,Port-au-Prince arrondissement,18.583330,-72.266670,POINT (-72.26667 18.58333),156456,Haiti,HTI,41,Americas,1,1,2024-05-17 00:00:00.000,2024-05-17 00:00:00.000,0,0,0,0,0,1,0,41,
525042,HAI-2024-1-17970-67,2024,true,Clear,1,381,381,Haiti: Government,17970,17970,Government of Haiti - Viv Ansanm,6,6,Government of Haiti,9067,9067,Viv Ansanm,1,"""EFE News Service,2024-05-21,Haiti prepares for the arrival of the Multinational Security Support Force""",EFE News Service,2024-05-21,Haiti prepares for the arrival of the Multinational Security Support Force,police,2,Gressier commune,Gressier,Ouest department,Port-au-Prince arrondissement,18.550000,-72.516667,POINT (-72.516667 18.55),156455,Haiti,HTI,41,Americas,2,2,2024-05-19 00:00:00.000,2024-05-21 00:00:00.000,0,3,0,0,3,3,2,41,
530802,HAI-2024-1-17970-16,2024,true,Clear,1,381,381,Haiti: Government,17970,17970,Government of Haiti - Viv Ansanm,6,6,Government of Haiti,9067,9067,Viv Ansanm,3,"""EFE News Service,2024-06-09,Three agents of Haitian anti-gang police unit killed in ambush"";""Associated Press Newswires,2024-06-10,Newly chosen Haitian prime minister discharged from a hospital after spending a night in treatment"";""National Human Rights Defense Network (RNDDH),2024-06-12,Survey on the Functioning of the PNH: Police Officers Demand Better Working Conditions""",EFE News Service;Associated Press Newswires;National Human Rights Defense Network (RNDDH),2024-06-09;2024-06-10;2024-06-12,Three agents of Haitian anti-gang police unit killed in ambush;Newly chosen Haitian prime minister discharged from a hospital after spending a night in treatment;Survey on the Functioning of the PNH: Police Officers Demand Better Working Conditions,"Barbecue, SYNAPOHA",1,Port-au-Prince city,"Sans Fil, Delmas 18",Ouest department,Port-au-Prince arrondissement,18.539170,-72.335000,POINT (-72.335 18.53917),156456,Haiti,HTI,41,Americas,1,1,2024-06-09 00:00:00.000,2024-06-09 00:00:00.000,3,0,0,0,3,3,3,41,
531216,HAI-2024-1-17970-68,2024,true,Clear,1,381,381,Haiti: Government,17970,17970,Government of Haiti - Viv Ansanm,6,6,Government of Haiti,9067,9067,Viv Ansanm,1,"""Haiti Libre,2024-07-02,Haiti - Security : Bandits routed, Gressier police station taken over""",Haiti Libre,2024-07-02,"Haiti - Security : Bandits routed, Gressier police station taken over",Haiti Libre,2,Gressier commune,Gressier,Ouest department,Port-au-Prince arrondissement,18.550000,-72.516667,POINT (-72.516667 18.55),156455,Haiti,HTI,41,Americas,1,1,2024-07-01 00:00:00.000,2024-07-01 00:00:00.000,0,3,0,0,3,3,2,41,
546698,HAI-2024-1-17970-27,2024,true,Clear,1,381,381,Haiti: Government,17970,17970,Government of Haiti - Viv Ansanm,6,6,Government of Haiti,9067,9067,Viv Ansanm,1,"""Haiti Libre,2024-08-17,Haiti - PNH report : 15 dead, 13 arrests, weapons and ammunition seized (Video)""",Haiti Libre,2024-08-17,"Haiti - PNH report : 15 dead, 13 arrests, weapons and ammunition seized (Video)","Divisional Commissioner Michel Ange Louis Jeune, Spokesperson for the Haitian National Police (PNH)",2,Tabarre commune,Tabarre,Ouest department,Port-au-Prince arrondissement,18.583330,-72.266670,POINT (-72.26667 18.58333),156456,Haiti,HTI,41,Americas,1,1,2024-08-15 00:00:00.000,2024-08-15 00:00:00.000,0,1,0,3,4,4,4,41,
539865,HAI-2024-1-17970-74,2024,true,Clear,1,381,381,Haiti: Government,17970,17970,Government of Haiti - Viv Ansanm,6,6,Government of Haiti,9067,9067,Viv Ansanm,1,"""Vant Bèf Info,2024-08-24,Gressier: several bandits shot dead during a clash with the police """,Vant Bèf Info,2024-08-24,Gressier: several bandits shot dead during a clash with the police,Vant Bèf Info,2,Gressier commune,"in the locality of Jasmin
Gressier",Ouest department,Port-au-Prince arrondissement,18.550000,-72.516667,POINT (-72.516667 18.55),156455,Haiti,HTI,41,Americas,1,1,2024-08-24 00:00:00.000,2024-08-24 00:00:00.000,0,4,0,0,4,4,4,41,
545430,HAI-2024-1-17970-42,2024,true,Clear,1,381,381,Haiti: Government,17970,17970,Government of Haiti - Viv Ansanm,6,6,Government of Haiti,9067,9067,Viv Ansanm,1,"""International Crisis Group,2024-10-01,Crisis Watch: Haiti September 2024""",International Crisis Group,2024-10-01,Crisis Watch: Haiti September 2024,,1,Port-au-Prince city,PaP (in and around),Ouest department,Port-au-Prince arrondissement,18.539170,-72.335000,POINT (-72.335 18.53917),156456,Haiti,HTI,41,Americas,1,1,2024-09-05 00:00:00.000,2024-09-05 00:00:00.000,0,0,0,0,0,1,0,41,
545429,HAI-2024-1-17970-46,2024,true,Clear,1,381,381,Haiti: Government,17970,17970,Government of Haiti - Viv Ansanm,6,6,Government of Haiti,9067,9067,Viv Ansanm,1,"""International Crisis Group,2024-10-01,Crisis Watch: Haiti September 2024""",International Crisis Group,2024-10-01,Crisis Watch: Haiti September 2024,,2,Port-au-Prince city,PaP (in and around),Ouest department,Port-au-Prince arrondissement,18.539170,-72.335000,POINT (-72.335 18.53917),156456,Haiti,HTI,41,Americas,1,1,2024-09-08 00:00:00.000,2024-09-08 00:00:00.000,0,0,0,0,0,1,0,41,
552498,HAI-2024-1-17970-65,2024,true,Clear,1,381,381,Haiti: Government,17970,17970,Government of Haiti - Viv Ansanm,6,6,Government of Haiti,9067,9067,Viv Ansanm,3,"""Associated Press Newswires,2024-10-15,A gang leader in Haiti is injured in a shootout with Haitian and Kenyan police"";""The Haitian Times,2024-10-15,Haitian and multinational forces kill 20 gang members in Pétion-Ville as calls for stronger international support increase"";""Vant Bef Info,2024-10-16,La Police mène plusieurs opérations pour des fragments de résultats""",Associated Press Newswires;The Haitian Times;Vant Bef Info,2024-10-15;2024-10-15;2024-10-16,A gang leader in Haiti is injured in a shootout with Haitian and Kenyan police;Haitian and multinational forces kill 20 gang members in Pétion-Ville as calls for stronger international support increase;La Police mène plusieurs opérations pour des fragments de résultats,Haiti National Police,1,Torcelle town,Torcelle,Ouest department,Port-au-Prince arrondissement,18.540880,-72.238850,POINT (-72.23885 18.54088),156456,Haiti,HTI,41,Americas,1,1,2024-10-12 00:00:00.000,2024-10-12 00:00:00.000,0,11,0,0,11,11,11,41,
553656,HAI-2024-1-17970-75,2024,true,Clear,1,381,381,Haiti: Government,17970,17970,Government of Haiti - Viv Ansanm,6,6,Government of Haiti,9067,9067,Viv Ansanm,3,"""Vant Bef Info,2024-10-16,La Police mène plusieurs opérations pour des fragments de résultats"";""Associated Press Newswires,2024-10-15,A gang leader in Haiti is injured in a shootout with Haitian and Kenyan police"";""The Haitian Times,2024-10-15,Haitian and multinational forces kill 20 gang members in Pétion-Ville as calls for stronger international support increase""",Vant Bef Info;Associated Press Newswires;The Haitian Times,2024-10-16;2024-10-15;2024-10-15,La Police mène plusieurs opérations pour des fragments de résultats;A gang leader in Haiti is injured in a shootout with Haitian and Kenyan police;Haitian and multinational forces kill 20 gang members in Pétion-Ville as calls for stronger international support increase,Haiti National Police,1,Torcelle town,Torcelle,Ouest department,Port-au-Prince arrondissement,18.540880,-72.238850,POINT (-72.23885 18.54088),156456,Haiti,HTI,41,Americas,1,1,2024-10-14 00:00:00.000,2024-10-14 00:00:00.000,0,10,0,0,10,10,10,41,
553043,HAI-2024-1-17970-70,2024,true,Clear,1,381,381,Haiti: Government,17970,17970,Government of Haiti - Viv Ansanm,6,6,Government of Haiti,9067,9067,Viv Ansanm,4,"""BINUH,2025-02-04,Quarterly report on the Human Rights Situation in Haiti, October - December 2024"";""Associated Press Newswires,2024-10-25,Gangs in Haiti open fire and hit a UN helicopter midair as violence surges"";""Haiti Libre,2024-10-25,Haiti - News : Zapping..."";""ICI Haiti,2024-10-27,iciHaiti - Insecurity : The «5 Seconds» gang threatens Arcahaie with a massacre""",BINUH;Associated Press Newswires;Haiti Libre;ICI Haiti,2025-02-04;2024-10-25;2024-10-25;2024-10-27,"Quarterly report on the Human Rights Situation in Haiti, October - December 2024;Gangs in Haiti open fire and hit a UN helicopter midair as violence surges;Haiti - News : Zapping...;iciHaiti - Insecurity : The «5 Seconds» gang threatens Arcahaie with a massacre",Wilner Réné from Haiti’s Civil Protection Agency; BINUH,1,Williamson town,"Arcahaie

Williamson town",Ouest department,Arcahaie arrondissement,18.838550,-72.580740,POINT (-72.58074 18.83855),156455,Haiti,HTI,41,Americas,2,2,2024-10-21 00:00:00.000,2024-10-25 00:00:00.000,0,23,0,0,23,29,23,41,
553045,HAI-2024-1-17970-33,2024,true,Clear,1,381,381,Haiti: Government,17970,17970,Government of Haiti - Viv Ansanm,6,6,Government of Haiti,9067,9067,Viv Ansanm,4,"""Associated Press Newswires,2024-10-26,Gang coalition in Haiti spreads violence to Port-au-Prince neighborhood, setting fire to homes"";""Haiti Libre,2024-10-27,Haiti - News : Zapping..."";""Haiti Libre,2024-10-30,Haiti - News : Zapping..."";""Ayibo Post,2024-11-19,An early morning attack on Tuesday highlights the ambitions of members of the gang coalition known as Viv Ansanm""",Associated Press Newswires;Haiti Libre;Haiti Libre;Ayibo Post,2024-10-26;2024-10-27;2024-10-30;2024-11-19,"Gang coalition in Haiti spreads violence to Port-au-Prince neighborhood, setting fire to homes;Haiti - News : Zapping...;Haiti - News : Zapping...;An early morning attack on Tuesday highlights the ambitions of members of the gang coalition known as Viv Ansanm","SPNH-17, a national police union.",1,Port-au-Prince city,Solino and Nazon,Ouest department,Port-au-Prince arrondissement,18.539170,-72.335000,POINT (-72.335 18.53917),156456,Haiti,HTI,41,Americas,1,1,2024-10-26 00:00:00.000,2024-10-26 00:00:00.000,1,0,3,0,4,4,3,41,
554430,HAI-2024-1-17970-36,2024,true,Clear,1,381,381,Haiti: Government,17970,17970,Government of Haiti - Viv Ansanm,6,6,Government of Haiti,9067,9067,Viv Ansanm,1,"""Haiti Libre,2024-11-15,Haiti - News : Zapping…""",Haiti Libre,2024-11-15,Haiti - News : Zapping…,Haiti Libre,1,Port-au-Prince city,Solino,Ouest department,Port-au-Prince arrondissement,18.539170,-72.335000,POINT (-72.335 18.53917),156456,Haiti,HTI,41,Americas,1,2,2024-11-14 00:00:00.000,2024-11-15 00:00:00.000,1,0,0,0,1,1,1,41,
554475,HAI-2024-1-17970-37,2024,true,Clear,1,381,381,Haiti: Government,17970,17970,Government of Haiti - Viv Ansanm,6,6,Government of Haiti,9067,9067,Viv Ansanm,2,"""Haiti Libre,2024-11-19,Haiti - Security : The PNH strengthens its presence in the capital and continues its fight against gangs (Video)"";""Haiti Libre,2024-11-19,Haiti - News : Zapping...""",Haiti Libre;Haiti Libre,2024-11-19;2024-11-19,Haiti - Security : The PNH strengthens its presence in the capital and continues its fight against gangs (Video);Haiti - News : Zapping...,Haiti Libre,1,Port-au-Prince city,"Solino, Bel-Air, Bas-Delmas, Tabarre, Carrefour de l'Aéroport",Ouest department,Port-au-Prince arrondissement,18.539170,-72.335000,POINT (-72.335 18.53917),156456,Haiti,HTI,41,Americas,1,1,2024-11-18 00:00:00.000,2024-11-18 00:00:00.000,0,3,0,0,3,3,2,41,
553286,HAI-2024-1-17970-32,2024,true,Clear,1,381,381,Haiti: Government,17970,17970,Government of Haiti - Viv Ansanm,6,6,Government of Haiti,9067,9067,Viv Ansanm,3,"""Ayibo Post,2024-11-20,Gangs are acquiring more territory in Haiti despite the presence of Kenyan forces"";""El Nuevo Herald,2024-11-20,La policía y los residentes matan a decenas de pandilleros haitianos tras un ataque en Pétion-Ville  Read more at: https://www.elnuevoherald.com/noticias/america-latina/el-caribe/article295851749.html#storylink=cpy"";""Haiti Libre,2024-11-20,Haiti - FLASH : Attempted takeover of Pétion-ville, at least 28 bandits killed""",Ayibo Post;El Nuevo Herald;Haiti Libre,2024-11-20;2024-11-20;2024-11-20,"Gangs are acquiring more territory in Haiti despite the presence of Kenyan forces;La policía y los residentes matan a decenas de pandilleros haitianos tras un ataque en Pétion-Ville  Read more at: https://www.elnuevoherald.com/noticias/america-latina/el-caribe/article295851749.html#storylink=cpy;Haiti - FLASH : Attempted takeover of Pétion-ville, at least 28 bandits killed","Lionel Lazarre, a police spokesperson.",2,Port-au-Prince city,"PaP

from Valle de Bourdon to Petion Ville

Oasis Hotel on Avenida Panamericana",Ouest department,Port-au-Prince arrondissement,18.539170,-72.335000,POINT (-72.335 18.53917),156456,Haiti,HTI,41,Americas,1,1,2024-11-19 00:00:00.000,2024-11-19 00:00:00.000,0,10,0,0,10,10,10,41,
553665,HAI-2024-1-17970-34,2024,true,Clear,1,381,381,Haiti: Government,17970,17970,Government of Haiti - Viv Ansanm,6,6,Government of Haiti,9067,9067,Viv Ansanm,1,"""Vant Bef Info,2024-11-22,Opération policière à Delmas : plusieurs bandits tués et une arme à feu saisie""",Vant Bef Info,2024-11-22,Opération policière à Delmas : plusieurs bandits tués et une arme à feu saisie,The Haitian National Police (PNH),1,Port-au-Prince city,Bas-Delmas,Ouest department,Port-au-Prince arrondissement,18.539170,-72.335000,POINT (-72.335 18.53917),156456,Haiti,HTI,41,Americas,1,1,2024-11-22 00:00:00.000,2024-11-22 00:00:00.000,0,3,0,0,3,3,2,41,
554819,HAI-2024-1-17970-39,2024,true,Clear,1,381,381,Haiti: Government,17970,17970,Government of Haiti - Viv Ansanm,6,6,Government of Haiti,9067,9067,Viv Ansanm,1,"""ICI Haiti,2024-11-25,iciHaiti - Kenscoff : 4 bandits fatally injured""",ICI Haiti,2024-11-25,iciHaiti - Kenscoff : 4 bandits fatally injured,Police,2,Kenscoff commune,"Viard, located at the entrance to Montcel, more precisely in Belo (Commune of Kenskoff, West Dept.)",Ouest department,Port-au-Prince arrondissement,18.450000,-72.283333,POINT (-72.283333 18.45),155736,Haiti,HTI,41,Americas,1,1,2024-11-23 00:00:00.000,2024-11-23 00:00:00.000,0,4,0,0,4,4,4,41,
556372,HAI-2024-1-17970-45,2024,true,Clear,1,381,381,Haiti: Government,17970,17970,Government of Haiti - Viv Ansanm,6,6,Government of Haiti,9067,9067,Viv Ansanm,1,"""EFE News Service,2024-11-29,Haitian police raid Barbecue's stronghold, killing 20 gang members and seizing weapons""",EFE News Service,2024-11-29,"Haitian police raid Barbecue's stronghold, killing 20 gang members and seizing weapons",Deputy police spokesman Lionel Lazarre,1,Port-au-Prince city,Bas Delmas,Ouest department,Port-au-Prince arrondissement,18.539170,-72.335000,POINT (-72.335 18.53917),156456,Haiti,HTI,41,Americas,1,2,2024-11-26 00:00:00.000,2024-11-29 00:00:00.000,0,20,0,0,20,20,20,41,
561430,HAI-2024-1-17970-49,2024,true,Clear,1,381,381,Haiti: Government,17970,17970,Government of Haiti - Viv Ansanm,6,6,Government of Haiti,9067,9067,Viv Ansanm,1,"""Haiti Libre,2024-12-08,Haiti - News : Zapping...""",Haiti Libre,2024-12-08,Haiti - News : Zapping...,Haiti Libre,1,Port-au-Prince city,"Carrefoour Samida

-> Solino, PaP",Ouest department,Port-au-Prince arrondissement,18.539170,-72.335000,POINT (-72.335 18.53917),156456,Haiti,HTI,41,Americas,1,1,2024-12-06 00:00:00.000,2024-12-06 00:00:00.000,2,0,0,0,2,2,2,41,
561582,HAI-2024-1-17970-52,2024,true,Clear,1,381,381,Haiti: Government,17970,17970,Government of Haiti - Viv Ansanm,6,6,Government of Haiti,9067,9067,Viv Ansanm,2,"""Vant Bef Info,2024-12-16,Delmas: PNH repels attack on Bernard Mevs hospital"";""El País,2024-12-28,Hospitales bajo fuego: la violencia de las pandillas pone en jaque al sistema de salud en Haití""",Vant Bef Info;El País,2024-12-16;2024-12-28,Delmas: PNH repels attack on Bernard Mevs hospital;Hospitales bajo fuego: la violencia de las pandillas pone en jaque al sistema de salud en Haití,internal source at the Bernard Mevs hospital; Vant Bef Info,1,Port-au-Prince city,"Bernard Mevs hospital, located in Village Solidarité",Ouest department,Port-au-Prince arrondissement,18.539170,-72.335000,POINT (-72.335 18.53917),156456,Haiti,HTI,41,Americas,1,1,2024-12-15 00:00:00.000,2024-12-15 00:00:00.000,0,3,0,0,3,3,2,41,
561382,HAI-2024-1-17970-47,2024,true,Clear,1,381,381,Haiti: Government,17970,17970,Government of Haiti - Viv Ansanm,6,6,Government of Haiti,9067,9067,Viv Ansanm,2,"""Dominican Today,2024-12-16,Haiti - FLASH : Hard blow for «Barbecue», the PNH killed his right arm"";""Vant Bef Info,2024-12-15,Police operation: influential gang leader killed by PNH""",Dominican Today;Vant Bef Info,2024-12-16;2024-12-15,"Haiti - FLASH : Hard blow for «Barbecue», the PNH killed his right arm;Police operation: influential gang leader killed by PNH","Lionel Lazarre, Deputy Spokesperson for the PNH",1,Port-au-Prince city,"PaP

Bas-Delmas and Fort National areas",Ouest department,Port-au-Prince arrondissement,18.539170,-72.335000,POINT (-72.335 18.53917),156456,Haiti,HTI,41,Americas,1,1,2024-12-15 00:00:00.000,2024-12-15 00:00:00.000,0,3,0,0,3,3,2,41,
561591,HAI-2024-1-17970-53,2024,true,Clear,1,381,381,Haiti: Government,17970,17970,Government of Haiti - Viv Ansanm,6,6,Government of Haiti,9067,9067,Viv Ansanm,1,"""Vant Bef Info,2024-12-19,Haiti: Alleged member of Vitelhomme gang shot dead by Commissioner Jean Ernest Muscadin""",Vant Bef Info,2024-12-19,Haiti: Alleged member of Vitelhomme gang shot dead by Commissioner Jean Ernest Muscadin,Vant Bef Info,1,Les Cayes town,Les Cayes,Sud department,Les Cayes arrondissement,18.194827,-73.749849,POINT (-73.749849 18.194827),155733,Haiti,HTI,41,Americas,1,1,2024-12-19 00:00:00.000,2024-12-19 00:00:00.000,0,1,0,0,1,1,1,41,
561488,HAI-2024-1-17970-50,2024,true,Clear,1,381,381,Haiti: Government,17970,17970,Government of Haiti - Viv Ansanm,6,6,Government of Haiti,9067,9067,Viv Ansanm,1,"""Haiti Libre,2024-12-26,Haiti - News : Zapping...""",Haiti Libre,2024-12-26,Haiti - News : Zapping...,PNH,1,Port-au-Prince city,"downtown Port-au-Prince, including at Champ-de-Mars, Oswald Durand Street, Monseigneur-Guilloux Street, Portail Léogâne and Bel-Air",Ouest department,Port-au-Prince arrondissement,18.539170,-72.335000,POINT (-72.335 18.53917),156456,Haiti,HTI,41,Americas,1,1,2024-12-21 00:00:00.000,2024-12-21 00:00:00.000,0,3,0,0,3,3,2,41,
561383,HAI-2024-1-17970-48,2024,true,Clear,1,381,381,Haiti: Government,17970,17970,Government of Haiti - Viv Ansanm,6,6,Government of Haiti,9067,9067,Viv Ansanm,4,"""ICI Haiti,2024-12-29,iciHaiti - Insecurity : Attack on General Hospital, Death Toll rises"";""Reuters,2024-12-24,Armed men fire on Haiti hospital reopening, killing at least 3"";""Inquirer.net,2024-12-24,Two journalists killed by gangs in Haiti capital – local media group  Read more: https://globalnation.inquirer.net/259181/two-journalists-killed-by-gangs-in-haiti-capital-local-media-group#ixzz8yBWYeSvO Follow us: @inquirerdotnet on Twitter | inquirerdotnet on Facebook"";""Associated Press Newswires,2024-12-27,Haiti’s health minister loses his job after a deadly gang attack on a hospital in the capital""",ICI Haiti;Reuters;Inquirer.net;Associated Press Newswires,2024-12-29;2024-12-24;2024-12-24;2024-12-27,"iciHaiti - Insecurity : Attack on General Hospital, Death Toll rises;Armed men fire on Haiti hospital reopening, killing at least 3;Two journalists killed by gangs in Haiti capital – local media group  Read more: https://globalnation.inquirer.net/259181/two-journalists-killed-by-gangs-in-haiti-capital-local-media-group#ixzz8yBWYeSvO Follow us: @inquirerdotnet on Twitter | inquirerdotnet on Facebook;Haiti’s health minister loses his job after a deadly gang attack on a hospital in the capital","a journalist at the scene who asked not to be named; Leslie Voltaire, who heads Haiti's transitional presidential council; Robest Dimanche, spokesperson for the Online Media Collective; hospital sources",1,Port-au-Prince city,downtown area of the capital Port-au-Prince,Ouest department,Port-au-Prince arrondissement,18.539170,-72.335000,POINT (-72.335 18.53917),156456,Haiti,HTI,41,Americas,1,1,2024-12-24 00:00:00.000,2024-12-24 00:00:00.000,1,0,2,1,4,4,4,41,
561489,HAI-2024-1-17970-51,2024,true,Clear,1,381,381,Haiti: Government,17970,17970,Government of Haiti - Viv Ansanm,6,6,Government of Haiti,9067,9067,Viv Ansanm,1,"""ICI Haiti,2024-12-27,iciHaiti - Cité Soleil : Several bandits killed, weapons and ammunition seized""",ICI Haiti,2024-12-27,"iciHaiti - Cité Soleil : Several bandits killed, weapons and ammunition seized",ICI Haiti,1,Cité Soleil town,Sarthe (Commune of Cité-Soleil),Ouest department,Port-au-Prince arrondissement,18.577857,-72.331887,POINT (-72.331887 18.577857),156456,Haiti,HTI,41,Americas,1,1,2024-12-26 00:00:00.000,2024-12-26 00:00:00.000,0,3,0,0,3,3,3,41,
516282,HAI-2024-3-17971-1,2024,true,Clear,3,9067,16265,Viv Ansanm - Civilians,9067,17971,Viv Ansanm - Civilians,9067,9067,Viv Ansanm,9999,1,Civilians,1,"""ICI Haiti,2024-03-05,iciHaiti - FLASH : Situation Monday in Port-au-Prince""",ICI Haiti,2024-03-05,iciHaiti - FLASH : Situation Monday in Port-au-Prince,ICI Haiti,1,Port-au-Prince city,"Nazon

PaP",Ouest department,Port-au-Prince arrondissement,18.539170,-72.335000,POINT (-72.335 18.53917),156456,Haiti,HTI,41,Americas,1,1,2024-03-04 00:00:00.000,2024-03-04 00:00:00.000,0,0,0,1,1,1,1,,
515901,HAI-2024-3-17971-29,2024,true,Clear,3,9067,16265,Viv Ansanm - Civilians,9067,17971,Viv Ansanm - Civilians,9067,9067,Viv Ansanm,9999,1,Civilians,1,"""Vant Bef Info,2024-03-11,Consternation à Carrefour suite à la décapitation d’un pasteur""",Vant Bef Info,2024-03-11,Consternation à Carrefour suite à la décapitation d’un pasteur,church faithful,2,Carrefour commune,locality of “Do Karyann” in Carrefour,Ouest department,Port-au-Prince arrondissement,18.460548,-72.412024,POINT (-72.412024 18.460548),155736,Haiti,HTI,41,Americas,1,1,2024-03-08 00:00:00.000,2024-03-08 00:00:00.000,0,0,1,0,1,1,1,,
515902,HAI-2024-3-17971-17,2024,true,Clear,3,9067,16265,Viv Ansanm - Civilians,9067,17971,Viv Ansanm - Civilians,9067,9067,Viv Ansanm,9999,1,Civilians,2,"""Vant Bef Info,2024-03-14,Belle-ville : un enfant de 7 ans tué par balles à la suite d’une attaque armée des hommes de Vitelhomme"";""Réseau National de Défense de Droits Humains - RNDDH,2024-03-06,RNDDH's position on the chaotic situation in Haiti""",Vant Bef Info;Réseau National de Défense de Droits Humains - RNDDH,2024-03-14;2024-03-06,Belle-ville : un enfant de 7 ans tué par balles à la suite d’une attaque armée des hommes de Vitelhomme;RNDDH's position on the chaotic situation in Haiti,"witnesses, neighbors",2,Torcelle town,"Bellevue 13, a district bordering Belle-ville and Torcel",Ouest department,Port-au-Prince arrondissement,18.540880,-72.238850,POINT (-72.23885 18.54088),156456,Haiti,HTI,41,Americas,1,1,2024-03-13 00:00:00.000,2024-03-13 00:00:00.000,0,0,1,0,1,1,1,,
518167,HAI-2024-3-17971-0,2024,true,Clear,3,9067,16265,Viv Ansanm - Civilians,9067,17971,Viv Ansanm - Civilians,9067,9067,Viv Ansanm,9999,1,Civilians,7,"""Réseau National de Défense de Droits Humains - RNDDH,2024-03-06,RNDDH's position on the chaotic situation in Haiti"";""Agence France Presse,2024-03-18,14 bodies found in Haiti capital suburb amid gang violence"";""Associated Press Newswires,2024-03-19,Gangs unleash new attacks on upscale areas in Haiti's capital, with at least a dozen killed nearby"";""EFE News Service,2024-03-19,Violence continues in Haiti ahead of presidential transition"";""Reuters News,2024-03-21,UPDATE 1-Haiti suspected gang members set on fire as conflict spreads to capital suburb"";""International Crisis Group,2024-03-21,Will a New Government Halt Haiti’s Nosedive?"";""Vant Bef Info,2024-03-18,Haïti-Insécurité: Environ une dizaine de cadavres découverts à Pétion-Ville""",Réseau National de Défense de Droits Humains - RNDDH;Agence France Presse;Associated Press Newswires;EFE News Service;Reuters News;International Crisis Group;Vant Bef Info,2024-03-06;2024-03-18;2024-03-19;2024-03-19;2024-03-21;2024-03-21;2024-03-18,"RNDDH's position on the chaotic situation in Haiti;14 bodies found in Haiti capital suburb amid gang violence;Gangs unleash new attacks on upscale areas in Haiti's capital, with at least a dozen killed nearby;Violence continues in Haiti ahead of presidential transition;UPDATE 1-Haiti suspected gang members set on fire as conflict spreads to capital suburb;Will a New Government Halt Haiti’s Nosedive?;Haïti-Insécurité: Environ une dizaine de cadavres découverts à Pétion-Ville",AFP reporter; witnesses,1,Pétion-Ville town,Petion-Ville,Ouest department,Port-au-Prince arrondissement,18.512541,-72.285219,POINT (-72.285219 18.512541),156456,Haiti,HTI,41,Americas,1,1,2024-03-18 00:00:00.000,2024-03-18 00:00:00.000,0,0,0,14,14,14,14,,
518177,HAI-2024-3-17971-2,2024,true,Clear,3,9067,16265,Viv Ansanm - Civilians,9067,17971,Viv Ansanm - Civilians,9067,9067,Viv Ansanm,9999,1,Civilians,4,"""EFE News Service,2024-03-20,Bloody scenes give way to day of relative calm in Haiti"";""Reuters News,2024-03-21,UPDATE 1-Haiti suspected gang members set on fire as conflict spreads to capital suburb"";""Haiti Libre,2024-03-19,Haiti - FLASH : Corpses litter the streets of Pétion-ville"";""National Human Rights Defense Network (RNDDH),2024-04-10,A catastrophic human rights situation from January to March 2024: RNDDH alerts the public April 10,""",EFE News Service;Reuters News;Haiti Libre;National Human Rights Defense Network (RNDDH),2024-03-20;2024-03-21;2024-03-19;2024-04-10,"Bloody scenes give way to day of relative calm in Haiti;UPDATE 1-Haiti suspected gang members set on fire as conflict spreads to capital suburb;Haiti - FLASH : Corpses litter the streets of Pétion-ville;A catastrophic human rights situation from January to March 2024: RNDDH alerts the public April 10,",Haitian National Police,2,Port-au-Prince city,sectors of Laboule and Thomassin,Ouest department,Port-au-Prince arrondissement,18.539170,-72.335000,POINT (-72.335 18.53917),156456,Haiti,HTI,41,Americas,1,1,2024-03-18 00:00:00.000,2024-03-18 00:00:00.000,0,0,0,3,3,3,2,,
563765,HAI-2024-3-17971-30,2024,true,Clear,3,9067,16265,Viv Ansanm - Civilians,9067,17971,Viv Ansanm - Civilians,9067,9067,Viv Ansanm,9999,1,Civilians,1,"""National Human Rights Defense Network (RNDDH),2024-08-15,Murders, Rapes, Looting, and Arson in Carrefour and Gressier Under the Indifferent Gaze of the New State Authorities""",National Human Rights Defense Network (RNDDH),2024-08-15,"Murders, Rapes, Looting, and Arson in Carrefour and Gressier Under the Indifferent Gaze of the New State Authorities",RNDDH,2,Carrefour commune,Rivière Froide,Ouest department,Port-au-Prince arrondissement,18.460548,-72.412024,POINT (-72.412024 18.460548),155736,Haiti,HTI,41,Americas,1,1,2024-03-21 00:00:00.000,2024-03-21 00:00:00.000,0,0,2,0,2,2,2,,
518203,HAI-2024-3-17971-25,2024,true,Clear,3,9067,16265,Viv Ansanm - Civilians,9067,17971,Viv Ansanm - Civilians,9067,9067,Viv Ansanm,9999,1,Civilians,3,"""Haiti Libre,2024-04-02,Haiti - News : Zapping..."";""Reuters News,2024-04-01,Panic in Haiti's capital as wild shooting fills streets"";""Vant Bef Info,2024-04-01,Haïti-insécurité : encore des morts à Pétion Ville""",Haiti Libre;Reuters News;Vant Bef Info,2024-04-02;2024-04-01;2024-04-01,Haiti - News : Zapping...;Panic in Haiti's capital as wild shooting fills streets;Haïti-insécurité : encore des morts à Pétion Ville,media; Vant Bef Info,1,Pétion-Ville town,"Petion-Ville

corner of Vilate and Metellus streets",Ouest department,Port-au-Prince arrondissement,18.512541,-72.285219,POINT (-72.285219 18.512541),156456,Haiti,HTI,41,Americas,1,2,2024-03-31 00:00:00.000,2024-04-01 00:00:00.000,0,0,0,4,4,4,4,,
563402,HAI-2024-3-17971-18,2024,true,Clear,3,9067,16265,Viv Ansanm - Civilians,9067,17971,Viv Ansanm - Civilians,9067,9067,Viv Ansanm,9999,1,Civilians,1,"""BINUH,2024-06-30,QUARTERLY REPORT ON THE HUMAN RIGHTS SITUATION IN HAITI  April - June 2024 """,BINUH,2024-06-30,QUARTERLY REPORT ON THE HUMAN RIGHTS SITUATION IN HAITI  April - June 2024,BINUH,2,Cité Soleil town,Cité Soleil,Ouest department,Port-au-Prince arrondissement,18.577857,-72.331887,POINT (-72.331887 18.577857),156456,Haiti,HTI,41,Americas,2,5,2024-04-01 00:00:00.000,2024-06-30 00:00:00.000,0,0,0,28,28,28,28,,
563409,HAI-2024-3-17971-19.1,2024,true,Clear,3,9067,16265,Viv Ansanm - Civilians,9067,17971,Viv Ansanm - Civilians,9067,9067,Viv Ansanm,9999,1,Civilians,1,"""BINUH,2024-06-30,QUARTERLY REPORT ON THE HUMAN RIGHTS SITUATION IN HAITI  April - June 2024 """,BINUH,2024-06-30,QUARTERLY REPORT ON THE HUMAN RIGHTS SITUATION IN HAITI  April - June 2024,BINUH,2,Tabarre commune,Tabarre,Ouest department,Port-au-Prince arrondissement,18.583330,-72.266670,POINT (-72.26667 18.58333),156456,Haiti,HTI,41,Americas,2,5,2024-04-01 00:00:00.000,2024-06-30 00:00:00.000,0,0,5,0,5,5,5,,
563413,HAI-2024-3-17971-19.2,2024,true,Clear,3,9067,16265,Viv Ansanm - Civilians,9067,17971,Viv Ansanm - Civilians,9067,9067,Viv Ansanm,9999,1,Civilians,1,"""BINUH,2024-06-30,QUARTERLY REPORT ON THE HUMAN RIGHTS SITUATION IN HAITI  April - June 2024 """,BINUH,2024-06-30,QUARTERLY REPORT ON THE HUMAN RIGHTS SITUATION IN HAITI  April - June 2024,BINUH,1,Pétion-Ville town,Petion Ville,Ouest department,Port-au-Prince arrondissement,18.512541,-72.285219,POINT (-72.285219 18.512541),156456,Haiti,HTI,41,Americas,2,5,2024-04-01 00:00:00.000,2024-06-30 00:00:00.000,0,0,5,0,5,5,5,,
518675,HAI-2024-3-17971-24,2024,true,Clear,3,9067,16265,Viv Ansanm - Civilians,9067,17971,Viv Ansanm - Civilians,9067,9067,Viv Ansanm,9999,1,Civilians,2,"""Haiti Libre,2024-04-13,Haiti - News : Zapping..."";""Constant Haiti,2024-04-11,Insécurité : Nouvelle attaque des bandits à Cabaret, plusieurs morts signalés""",Haiti Libre;Constant Haiti,2024-04-13;2024-04-11,"Haiti - News : Zapping...;Insécurité : Nouvelle attaque des bandits à Cabaret, plusieurs morts signalés",Haiti Libre,2,Cabaret commune,"public market of Cabaret Archaie, (West Department)",Ouest department,Arcahaie arrondissement,18.733333,-72.416667,POINT (-72.416667 18.733333),156456,Haiti,HTI,41,Americas,1,1,2024-04-11 00:00:00.000,2024-04-11 00:00:00.000,0,0,0,9,9,9,0,,
563757,HAI-2024-3-17971-28,2024,true,Clear,3,9067,16265,Viv Ansanm - Civilians,9067,17971,Viv Ansanm - Civilians,9067,9067,Viv Ansanm,9999,1,Civilians,2,"""National Human Rights Defense Network (RNDDH),2024-08-15,Murders, Rapes, Looting, and Arson in Carrefour and Gressier Under the Indifferent Gaze of the New State Authorities"";""Telepluriel,2024-04-19,Actualité à la une : Journée de terreur le jeudi 18 avril 2024 à Carrefour. Les gangs armés ont attaqué le commissariat de police couramment appelé Oméga. Au moins 7 personnes dont deux policiers ont été tuées à Waney 93""",National Human Rights Defense Network (RNDDH);Telepluriel,2024-08-15;2024-04-19,"Murders, Rapes, Looting, and Arson in Carrefour and Gressier Under the Indifferent Gaze of the New State Authorities;Actualité à la une : Journée de terreur le jeudi 18 avril 2024 à Carrefour. Les gangs armés ont attaqué le commissariat de police couramment appelé Oméga. Au moins 7 personnes dont deux policiers ont été tuées à Waney 93",RNDDH,2,Carrefour commune,Carrefour,Ouest department,Port-au-Prince arrondissement,18.460548,-72.412024,POINT (-72.412024 18.460548),155736,Haiti,HTI,41,Americas,1,1,2024-04-18 00:00:00.000,2024-04-18 00:00:00.000,0,0,0,6,6,6,6,,
565632,HAI-2024-3-17971-47,2024,true,Clear,3,9067,16265,Viv Ansanm - Civilians,9067,17971,Viv Ansanm - Civilians,9067,9067,Viv Ansanm,9999,1,Civilians,1,"""National Human Rights Defense Network (RNDDH),2024-08-15,Murders, Rapes, Looting, and Arson in Carrefour and Gressier Under the Indifferent Gaze of the New State Authorities""",National Human Rights Defense Network (RNDDH),2024-08-15,"Murders, Rapes, Looting, and Arson in Carrefour and Gressier Under the Indifferent Gaze of the New State Authorities",RNDDH,2,Gressier commune,"Bwa Boko, Gressier",Ouest department,Port-au-Prince arrondissement,18.550000,-72.516667,POINT (-72.516667 18.55),156455,Haiti,HTI,41,Americas,1,4,2024-05-01 00:00:00.000,2024-05-31 00:00:00.000,0,0,1,0,1,1,1,,
563771,HAI-2024-3-17971-31,2024,true,Clear,3,9067,16265,Viv Ansanm - Civilians,9067,17971,Viv Ansanm - Civilians,9067,9067,Viv Ansanm,9999,1,Civilians,1,"""National Human Rights Defense Network (RNDDH),2024-08-15,Murders, Rapes, Looting, and Arson in Carrefour and Gressier Under the Indifferent Gaze of the New State Authorities""",National Human Rights Defense Network (RNDDH),2024-08-15,"Murders, Rapes, Looting, and Arson in Carrefour and Gressier Under the Indifferent Gaze of the New State Authorities",RNDDH,2,Carrefour commune,Mariani,Ouest department,Port-au-Prince arrondissement,18.460548,-72.412024,POINT (-72.412024 18.460548),155736,Haiti,HTI,41,Americas,1,1,2024-05-04 00:00:00.000,2024-05-04 00:00:00.000,0,0,1,0,1,1,0,,
563726,HAI-2024-3-17971-32,2024,true,Clear,3,9067,16265,Viv Ansanm - Civilians,9067,17971,Viv Ansanm - Civilians,9067,9067,Viv Ansanm,9999,1,Civilians,1,"""National Human Rights Defense Network (RNDDH),2024-08-15,Murders, Rapes, Looting, and Arson in Carrefour and Gressier Under the Indifferent Gaze of the New State Authorities""",National Human Rights Defense Network (RNDDH),2024-08-15,"Murders, Rapes, Looting, and Arson in Carrefour and Gressier Under the Indifferent Gaze of the New State Authorities",RNDDH; Police,2,Gressier commune,Gressier,Ouest department,Port-au-Prince arrondissement,18.550000,-72.516667,POINT (-72.516667 18.55),156455,Haiti,HTI,41,Americas,1,1,2024-05-10 00:00:00.000,2024-05-10 00:00:00.000,0,0,6,0,6,6,6,,
563732,HAI-2024-3-17971-26,2024,true,Clear,3,9067,16265,Viv Ansanm - Civilians,9067,17971,Viv Ansanm - Civilians,9067,9067,Viv Ansanm,9999,1,Civilians,1,"""National Human Rights Defense Network (RNDDH),2024-08-15,Murders, Rapes, Looting, and Arson in Carrefour and Gressier Under the Indifferent Gaze of the New State Authorities""",National Human Rights Defense Network (RNDDH),2024-08-15,"Murders, Rapes, Looting, and Arson in Carrefour and Gressier Under the Indifferent Gaze of the New State Authorities","interim executive agent of the commune, Jean Vladimir BERTRAND",2,Gressier commune,Gressier,Ouest department,Port-au-Prince arrondissement,18.550000,-72.516667,POINT (-72.516667 18.55),156455,Haiti,HTI,41,Americas,1,1,2024-05-11 00:00:00.000,2024-05-11 00:00:00.000,0,0,1,0,1,1,1,,
565564,HAI-2024-3-17971-37,2024,true,Clear,3,9067,16265,Viv Ansanm - Civilians,9067,17971,Viv Ansanm - Civilians,9067,9067,Viv Ansanm,9999,1,Civilians,1,"""National Human Rights Defense Network (RNDDH),2024-08-15,Murders, Rapes, Looting, and Arson in Carrefour and Gressier Under the Indifferent Gaze of the New State Authorities""",National Human Rights Defense Network (RNDDH),2024-08-15,"Murders, Rapes, Looting, and Arson in Carrefour and Gressier Under the Indifferent Gaze of the New State Authorities",RNDDH,2,Gressier commune,commune of Gressier,Ouest department,Port-au-Prince arrondissement,18.550000,-72.516667,POINT (-72.516667 18.55),156455,Haiti,HTI,41,Americas,1,1,2024-05-12 00:00:00.000,2024-05-12 00:00:00.000,0,0,2,0,2,2,2,,
565566,HAI-2024-3-17971-38,2024,true,Clear,3,9067,16265,Viv Ansanm - Civilians,9067,17971,Viv Ansanm - Civilians,9067,9067,Viv Ansanm,9999,1,Civilians,1,"""National Human Rights Defense Network (RNDDH),2024-08-15,Murders, Rapes, Looting, and Arson in Carrefour and Gressier Under the Indifferent Gaze of the New State Authorities""",National Human Rights Defense Network (RNDDH),2024-08-15,"Murders, Rapes, Looting, and Arson in Carrefour and Gressier Under the Indifferent Gaze of the New State Authorities",RNDDH,2,Gressier commune,"Bwa Boko, near the Gressier Market",Ouest department,Port-au-Prince arrondissement,18.550000,-72.516667,POINT (-72.516667 18.55),156455,Haiti,HTI,41,Americas,1,2,2024-05-12 00:00:00.000,2024-05-13 00:00:00.000,0,0,1,0,1,1,1,,
525023,HAI-2024-3-17971-11,2024,true,Clear,3,9067,16265,Viv Ansanm - Civilians,9067,17971,Viv Ansanm - Civilians,9067,9067,Viv Ansanm,9999,1,Civilians,1,"""Associated Press Newswires,2024-05-19,As killings surge, Haitians struggle to bury loved ones and find closure in violent capital""",Associated Press Newswires,2024-05-19,"As killings surge, Haitians struggle to bury loved ones and find closure in violent capital","neighbors, community members",1,Port-au-Prince city,Solino,Ouest department,Port-au-Prince arrondissement,18.539170,-72.335000,POINT (-72.335 18.53917),156456,Haiti,HTI,41,Americas,1,1,2024-05-12 00:00:00.000,2024-05-12 00:00:00.000,0,0,1,0,1,1,1,,
565574,HAI-2024-3-17971-40,2024,true,Clear,3,9067,16265,Viv Ansanm - Civilians,9067,17971,Viv Ansanm - Civilians,9067,9067,Viv Ansanm,9999,1,Civilians,1,"""National Human Rights Defense Network (RNDDH),2024-08-15,Murders, Rapes, Looting, and Arson in Carrefour and Gressier Under the Indifferent Gaze of the New State Authorities""",National Human Rights Defense Network (RNDDH),2024-08-15,"Murders, Rapes, Looting, and Arson in Carrefour and Gressier Under the Indifferent Gaze of the New State Authorities",RNDDH,3,Port-au-Prince arrondissement,Gressier or Carrefour,Ouest department,Port-au-Prince arrondissement,18.500000,-72.366670,POINT (-72.36667 18.5),156456,Haiti,HTI,41,Americas,1,1,2024-05-14 00:00:00.000,2024-05-14 00:00:00.000,0,0,1,0,1,1,1,,
565571,HAI-2024-3-17971-39,2024,true,Clear,3,9067,16265,Viv Ansanm - Civilians,9067,17971,Viv Ansanm - Civilians,9067,9067,Viv Ansanm,9999,1,Civilians,1,"""National Human Rights Defense Network (RNDDH),2024-08-15,Murders, Rapes, Looting, and Arson in Carrefour and Gressier Under the Indifferent Gaze of the New State Authorities""",National Human Rights Defense Network (RNDDH),2024-08-15,"Murders, Rapes, Looting, and Arson in Carrefour and Gressier Under the Indifferent Gaze of the New State Authorities",RNDDH,2,Gressier commune,Gressier commune,Ouest department,Port-au-Prince arrondissement,18.550000,-72.516667,POINT (-72.516667 18.55),156455,Haiti,HTI,41,Americas,1,1,2024-05-15 00:00:00.000,2024-05-15 00:00:00.000,0,0,3,0,3,3,3,,
565577,HAI-2024-3-17971-41,2024,true,Clear,3,9067,16265,Viv Ansanm - Civilians,9067,17971,Viv Ansanm - Civilians,9067,9067,Viv Ansanm,9999,1,Civilians,1,"""National Human Rights Defense Network (RNDDH),2024-08-15,Murders, Rapes, Looting, and Arson in Carrefour and Gressier Under the Indifferent Gaze of the New State Authorities""",National Human Rights Defense Network (RNDDH),2024-08-15,"Murders, Rapes, Looting, and Arson in Carrefour and Gressier Under the Indifferent Gaze of the New State Authorities",RNDDH,2,Carrefour commune,Carrefour Market,Ouest department,Port-au-Prince arrondissement,18.460548,-72.412024,POINT (-72.412024 18.460548),155736,Haiti,HTI,41,Americas,1,1,2024-05-16 00:00:00.000,2024-05-16 00:00:00.000,0,0,2,0,2,2,2,,
565581,HAI-2024-3-17971-42,2024,true,Clear,3,9067,16265,Viv Ansanm - Civilians,9067,17971,Viv Ansanm - Civilians,9067,9067,Viv Ansanm,9999,1,Civilians,1,"""National Human Rights Defense Network (RNDDH),2024-08-15,Murders, Rapes, Looting, and Arson in Carrefour and Gressier Under the Indifferent Gaze of the New State Authorities""",National Human Rights Defense Network (RNDDH),2024-08-15,"Murders, Rapes, Looting, and Arson in Carrefour and Gressier Under the Indifferent Gaze of the New State Authorities",RNDDH,3,Port-au-Prince arrondissement,Gressier or Carrefour,Ouest department,Port-au-Prince arrondissement,18.500000,-72.366670,POINT (-72.36667 18.5),156456,Haiti,HTI,41,Americas,1,1,2024-05-17 00:00:00.000,2024-05-17 00:00:00.000,0,0,1,0,1,1,1,,
565585,HAI-2024-3-17971-43,2024,true,Clear,3,9067,16265,Viv Ansanm - Civilians,9067,17971,Viv Ansanm - Civilians,9067,9067,Viv Ansanm,9999,1,Civilians,1,"""National Human Rights Defense Network (RNDDH),2024-08-15,Murders, Rapes, Looting, and Arson in Carrefour and Gressier Under the Indifferent Gaze of the New State Authorities""",National Human Rights Defense Network (RNDDH),2024-08-15,"Murders, Rapes, Looting, and Arson in Carrefour and Gressier Under the Indifferent Gaze of the New State Authorities",RNDDH,2,Gressier commune,"Rue des Quatre Gendarmes, Gressier",Ouest department,Port-au-Prince arrondissement,18.550000,-72.516667,POINT (-72.516667 18.55),156455,Haiti,HTI,41,Americas,1,1,2024-05-19 00:00:00.000,2024-05-19 00:00:00.000,0,0,1,0,1,1,1,,
565607,HAI-2024-3-17971-44,2024,true,Clear,3,9067,16265,Viv Ansanm - Civilians,9067,17971,Viv Ansanm - Civilians,9067,9067,Viv Ansanm,9999,1,Civilians,1,"""National Human Rights Defense Network (RNDDH),2024-08-15,Murders, Rapes, Looting, and Arson in Carrefour and Gressier Under the Indifferent Gaze of the New State Authorities""",National Human Rights Defense Network (RNDDH),2024-08-15,"Murders, Rapes, Looting, and Arson in Carrefour and Gressier Under the Indifferent Gaze of the New State Authorities",RNDDH,2,Gressier commune,"Kay Mason near the Gressier Police Station

Gressier",Ouest department,Port-au-Prince arrondissement,18.550000,-72.516667,POINT (-72.516667 18.55),156455,Haiti,HTI,41,Americas,1,1,2024-05-20 00:00:00.000,2024-05-20 00:00:00.000,0,0,1,0,1,1,1,,
565612,HAI-2024-3-17971-45,2024,true,Clear,3,9067,16265,Viv Ansanm - Civilians,9067,17971,Viv Ansanm - Civilians,9067,9067,Viv Ansanm,9999,1,Civilians,1,"""National Human Rights Defense Network (RNDDH),2024-08-15,Murders, Rapes, Looting, and Arson in Carrefour and Gressier Under the Indifferent Gaze of the New State Authorities""",National Human Rights Defense Network (RNDDH),2024-08-15,"Murders, Rapes, Looting, and Arson in Carrefour and Gressier Under the Indifferent Gaze of the New State Authorities",RNDDH,2,Gressier commune,"Gressier

Segressier and Doriam",Ouest department,Port-au-Prince arrondissement,18.550000,-72.516667,POINT (-72.516667 18.55),156455,Haiti,HTI,41,Americas,1,1,2024-05-21 00:00:00.000,2024-05-21 00:00:00.000,0,0,2,0,2,2,2,,
531362,HAI-2024-3-17971-23,2024,true,Clear,3,9067,16265,Viv Ansanm - Civilians,9067,17971,Viv Ansanm - Civilians,9067,9067,Viv Ansanm,9999,1,Civilians,1,"""Vant Bef Info,2024-05-25,La Direction générale de la PNH réagit suite à l’assassinat de deux américains à Lizon""",Vant Bef Info,2024-05-25,La Direction générale de la PNH réagit suite à l’assassinat de deux américains à Lizon,general management of the PNH,1,Bon Repos town,"Lizon, in the locality of Bon Repos, commune Croix-des-Bouquets",Ouest department,Croix-des-Bouquets arrondissement,18.627770,-72.269290,POINT (-72.26929 18.62777),156456,Haiti,HTI,41,Americas,1,1,2024-05-23 00:00:00.000,2024-05-23 00:00:00.000,0,0,3,0,3,3,0,,
565615,HAI-2024-3-17971-46,2024,true,Clear,3,9067,16265,Viv Ansanm - Civilians,9067,17971,Viv Ansanm - Civilians,9067,9067,Viv Ansanm,9999,1,Civilians,1,"""National Human Rights Defense Network (RNDDH),2024-08-15,Murders, Rapes, Looting, and Arson in Carrefour and Gressier Under the Indifferent Gaze of the New State Authorities""",National Human Rights Defense Network (RNDDH),2024-08-15,"Murders, Rapes, Looting, and Arson in Carrefour and Gressier Under the Indifferent Gaze of the New State Authorities",RNDDH,2,Gressier commune,near the Gressier Peace Court,Ouest department,Port-au-Prince arrondissement,18.550000,-72.516667,POINT (-72.516667 18.55),156455,Haiti,HTI,41,Americas,1,1,2024-05-28 00:00:00.000,2024-05-28 00:00:00.000,0,0,1,0,1,1,1,,
530807,HAI-2024-3-17971-20,2024,true,Clear,3,9067,16265,Viv Ansanm - Civilians,9067,17971,Viv Ansanm - Civilians,9067,9067,Viv Ansanm,9999,1,Civilians,2,"""EFE News Service,2024-07-01,Several killed in new attack by armed gangs in Haiti"";""Vant Bef Info,2024-07-02,Gressier : le bilan de la dernière attaque s’alourdit""",EFE News Service;Vant Bef Info,2024-07-01;2024-07-02,Several killed in new attack by armed gangs in Haiti;Gressier : le bilan de la dernière attaque s’alourdit,"Local press; head of the Gressier community, Vladimir Bertrand",2,Gressier commune,"municipality of Gressier, south of Port-au-Prince",Ouest department,Port-au-Prince arrondissement,18.550000,-72.516667,POINT (-72.516667 18.55),156455,Haiti,HTI,41,Americas,2,1,2024-06-30 00:00:00.000,2024-06-30 00:00:00.000,0,0,0,26,26,26,26,,
563737,HAI-2024-3-17971-27,2024,true,Clear,3,9067,16265,Viv Ansanm - Civilians,9067,17971,Viv Ansanm - Civilians,9067,9067,Viv Ansanm,9999,1,Civilians,2,"""National Human Rights Defense Network (RNDDH),2024-08-15,Murders, Rapes, Looting, and Arson in Carrefour and Gressier Under the Indifferent Gaze of the New State Authorities"";""Haiti Libre,2024-07-02,Haiti - Security : Bandits routed, Gressier police station taken over""",National Human Rights Defense Network (RNDDH);Haiti Libre,2024-08-15;2024-07-02,"Murders, Rapes, Looting, and Arson in Carrefour and Gressier Under the Indifferent Gaze of the New State Authorities;Haiti - Security : Bandits routed, Gressier police station taken over",RNDDH,2,Gressier commune,Gressier,Ouest department,Port-au-Prince arrondissement,18.550000,-72.516667,POINT (-72.516667 18.55),156455,Haiti,HTI,41,Americas,1,1,2024-07-01 00:00:00.000,2024-07-01 00:00:00.000,0,0,1,0,1,1,1,,
563442,HAI-2024-3-17971-22,2024,true,Clear,3,9067,16265,Viv Ansanm - Civilians,9067,17971,Viv Ansanm - Civilians,9067,9067,Viv Ansanm,9999,1,Civilians,1,"""Haiti Express,2024-08-08,Terreur à Cabaret et Arcahaie: 10 personnes tuées par des gangs armés""",Haiti Express,2024-08-08,Terreur à Cabaret et Arcahaie: 10 personnes tuées par des gangs armés,"Jean Edner Gilles, interim executive agent of Arcahaie",2,Cabaret commune,municipality of Cabaret,Ouest department,Arcahaie arrondissement,18.733333,-72.416667,POINT (-72.416667 18.733333),156456,Haiti,HTI,41,Americas,1,1,2024-08-06 00:00:00.000,2024-08-06 00:00:00.000,0,0,9,0,9,9,0,,
565529,HAI-2024-3-17971-36.1,2024,true,Clear,3,9067,16265,Viv Ansanm - Civilians,9067,17971,Viv Ansanm - Civilians,9067,9067,Viv Ansanm,9999,1,Civilians,1,"""BINUH,2025-02-04,Quarterly report on the Human Rights Situation in Haiti, October - December 2024""",BINUH,2025-02-04,"Quarterly report on the Human Rights Situation in Haiti, October - December 2024",BINUH,2,Carrefour commune,"Carrefour, Gressier and Leogane

neighborhoods of Fontamara, La Colline, Mariani, Rivière Froide and Thor",Ouest department,Port-au-Prince arrondissement,18.460548,-72.412024,POINT (-72.412024 18.460548),155736,Haiti,HTI,41,Americas,2,5,2024-10-01 00:00:00.000,2024-12-31 00:00:00.000,0,0,33,0,33,33,33,,
565530,HAI-2024-3-17971-36.2,2024,true,Clear,3,9067,16265,Viv Ansanm - Civilians,9067,17971,Viv Ansanm - Civilians,9067,9067,Viv Ansanm,9999,1,Civilians,1,"""BINUH,2025-02-04,Quarterly report on the Human Rights Situation in Haiti, October - December 2024""",BINUH,2025-02-04,"Quarterly report on the Human Rights Situation in Haiti, October - December 2024",BINUH,1,Léogâne town,"Carrefour, Gressier and Leogane

neighborhoods of Fontamara, La Colline, Mariani, Rivière Froide and Thor",Ouest department,Léogâne arrondissement,18.511100,-72.633430,POINT (-72.63343 18.5111),156455,Haiti,HTI,41,Americas,2,5,2024-10-01 00:00:00.000,2024-12-31 00:00:00.000,0,0,33,0,33,33,33,,
565531,HAI-2024-3-17971-36.3,2024,true,Clear,3,9067,16265,Viv Ansanm - Civilians,9067,17971,Viv Ansanm - Civilians,9067,9067,Viv Ansanm,9999,1,Civilians,1,"""BINUH,2025-02-04,Quarterly report on the Human Rights Situation in Haiti, October - December 2024""",BINUH,2025-02-04,"Quarterly report on the Human Rights Situation in Haiti, October - December 2024",BINUH,2,Gressier commune,"Carrefour, Gressier and Leogane

neighborhoods of Fontamara, La Colline, Mariani, Rivière Froide and Thor",Ouest department,Port-au-Prince arrondissement,18.550000,-72.516667,POINT (-72.516667 18.55),156455,Haiti,HTI,41,Americas,2,5,2024-10-01 00:00:00.000,2024-12-31 00:00:00.000,0,0,33,0,33,33,33,,
546697,HAI-2024-3-17971-21,2024,true,Clear,3,9067,16265,Viv Ansanm - Civilians,9067,17971,Viv Ansanm - Civilians,9067,9067,Viv Ansanm,9999,1,Civilians,2,"""Haiti Libre,2024-10-11, Haiti - FLASH : Arcahaie attacked by the «Taliban» Gang"";""Associated Press Newswires,2024-10-10,Another town in Haiti comes under attack a week after gangs killed at least 115 people""",Haiti Libre;Associated Press Newswires,2024-10-11;2024-10-10,Haiti - FLASH : Arcahaie attacked by the «Taliban» Gang;Another town in Haiti comes under attack a week after gangs killed at least 115 people,"residents of the area; Lionel Lazarre, deputy police spokesman",2,Arcahaie town,several localities in the Arcahaie commune.,Ouest department,Arcahaie arrondissement,18.770190,-72.512260,POINT (-72.51226 18.77019),156455,Haiti,HTI,41,Americas,1,2,2024-10-09 00:00:00.000,2024-10-10 00:00:00.000,0,0,3,0,3,3,0,,
552520,HAI-2024-3-17971-3,2024,true,Clear,3,9067,16265,Viv Ansanm - Civilians,9067,17971,Viv Ansanm - Civilians,9067,9067,Viv Ansanm,9999,1,Civilians,4,"""Associated Press Newswires,2024-10-18,Gangs attack neighborhoods across Haiti's capital in new wave of violence"";""EFE News Service,2024-10-20,Dead and displaced in Haiti after new attacks by armed groups in the capital"";""Associated Press Newswires,2024-10-21,Police in Haiti battle a gang coalition trying to seize control of the entire capital"";""Haiti Libre,2024-10-19,Haiti - News : Zapping...""",Associated Press Newswires;EFE News Service;Associated Press Newswires;Haiti Libre,2024-10-18;2024-10-20;2024-10-21;2024-10-19,Gangs attack neighborhoods across Haiti's capital in new wave of violence;Dead and displaced in Haiti after new attacks by armed groups in the capital;Police in Haiti battle a gang coalition trying to seize control of the entire capital;Haiti - News : Zapping...,U.N.'s International Organization for Migration,1,Port-au-Prince city,"Solino, St. Michel, Tabarre 27",Ouest department,Port-au-Prince arrondissement,18.539170,-72.335000,POINT (-72.335 18.53917),156456,Haiti,HTI,41,Americas,1,1,2024-10-18 00:00:00.000,2024-10-18 00:00:00.000,0,0,3,0,3,3,3,,
552522,HAI-2024-3-17971-4,2024,true,Clear,3,9067,16265,Viv Ansanm - Civilians,9067,17971,Viv Ansanm - Civilians,9067,9067,Viv Ansanm,9999,1,Civilians,3,"""Associated Press Newswires,2024-10-19,Haitians leave their homes in several neighborhoods to escape more gang violence in the capital"";""EFE News Service,2024-10-20,Dead and displaced in Haiti after new attacks by armed groups in the capital"";""Agence France Presse,2024-10-22,Two killed, 5,000 flee as Haiti gangs attack in Port-au-Prince""",Associated Press Newswires;EFE News Service;Agence France Presse,2024-10-19;2024-10-20;2024-10-22,"Haitians leave their homes in several neighborhoods to escape more gang violence in the capital;Dead and displaced in Haiti after new attacks by armed groups in the capital;Two killed, 5,000 flee as Haiti gangs attack in Port-au-Prince",AFP,1,Port-au-Prince city,Solino,Ouest department,Port-au-Prince arrondissement,18.539170,-72.335000,POINT (-72.335 18.53917),156456,Haiti,HTI,41,Americas,2,2,2024-10-19 00:00:00.000,2024-10-20 00:00:00.000,0,0,2,0,2,2,2,,
554822,HAI-2024-3-17971-10,2024,true,Clear,3,9067,16265,Viv Ansanm - Civilians,9067,17971,Viv Ansanm - Civilians,9067,9067,Viv Ansanm,9999,1,Civilians,1,"""ICI Haiti,2024-10-24,iciHaiti - Estère : Attack on a school establishment...""",ICI Haiti,2024-10-24,iciHaiti - Estère : Attack on a school establishment...,Haitian National Police (PNH),2,l'Estère commune,school in the commune of Estère (Dept. Artibonite),L'Artibonite department,Gonaïves arrondissement,19.333330,-72.666670,POINT (-72.66667 19.33333),157175,Haiti,HTI,41,Americas,1,2,2024-10-21 00:00:00.000,2024-10-24 00:00:00.000,0,0,1,0,1,1,1,,
565521,HAI-2024-3-17971-35.1,2024,true,Clear,3,9067,16265,Viv Ansanm - Civilians,9067,17971,Viv Ansanm - Civilians,9067,9067,Viv Ansanm,9999,1,Civilians,1,"""BINUH,2025-02-04,Quarterly report on the Human Rights Situation in Haiti, October - December 2024""",BINUH,2025-02-04,"Quarterly report on the Human Rights Situation in Haiti, October - December 2024",BINUH,1,Pétion-Ville town,"Petion Ville

Cargo, Pernier and Vivy Mitchell neighborhoods",Ouest department,Port-au-Prince arrondissement,18.512541,-72.285219,POINT (-72.285219 18.512541),156456,Haiti,HTI,41,Americas,2,4,2024-11-01 00:00:00.000,2024-11-30 00:00:00.000,0,0,4,0,4,4,4,,
565522,HAI-2024-3-17971-35.2,2024,true,Clear,3,9067,16265,Viv Ansanm - Civilians,9067,17971,Viv Ansanm - Civilians,9067,9067,Viv Ansanm,9999,1,Civilians,1,"""BINUH,2025-02-04,Quarterly report on the Human Rights Situation in Haiti, October - December 2024""",BINUH,2025-02-04,"Quarterly report on the Human Rights Situation in Haiti, October - December 2024",BINUH,1,Pétion-Ville town,"Petion Ville

Cargo, Pernier and Vivy Mitchell neighborhoods",Ouest department,Port-au-Prince arrondissement,18.512541,-72.285219,POINT (-72.285219 18.512541),156456,Haiti,HTI,41,Americas,2,4,2024-11-01 00:00:00.000,2024-11-30 00:00:00.000,0,0,4,0,4,4,4,,
565523,HAI-2024-3-17971-35.3,2024,true,Clear,3,9067,16265,Viv Ansanm - Civilians,9067,17971,Viv Ansanm - Civilians,9067,9067,Viv Ansanm,9999,1,Civilians,1,"""BINUH,2025-02-04,Quarterly report on the Human Rights Situation in Haiti, October - December 2024""",BINUH,2025-02-04,"Quarterly report on the Human Rights Situation in Haiti, October - December 2024",BINUH,1,Pétion-Ville town,"Petion Ville

Cargo, Pernier and Vivy Mitchell neighborhoods",Ouest department,Port-au-Prince arrondissement,18.512541,-72.285219,POINT (-72.285219 18.512541),156456,Haiti,HTI,41,Americas,2,4,2024-11-01 00:00:00.000,2024-11-30 00:00:00.000,0,0,4,0,4,4,4,,
565524,HAI-2024-3-17971-35.4,2024,true,Clear,3,9067,16265,Viv Ansanm - Civilians,9067,17971,Viv Ansanm - Civilians,9067,9067,Viv Ansanm,9999,1,Civilians,1,"""BINUH,2025-02-04,Quarterly report on the Human Rights Situation in Haiti, October - December 2024""",BINUH,2025-02-04,"Quarterly report on the Human Rights Situation in Haiti, October - December 2024",BINUH,1,Pétion-Ville town,"Petion Ville

Cargo, Pernier and Vivy Mitchell neighborhoods",Ouest department,Port-au-Prince arrondissement,18.512541,-72.285219,POINT (-72.285219 18.512541),156456,Haiti,HTI,41,Americas,2,4,2024-11-01 00:00:00.000,2024-11-30 00:00:00.000,0,0,4,0,4,4,4,,
553290,HAI-2024-3-17971-7,2024,true,Clear,3,9067,16265,Viv Ansanm - Civilians,9067,17971,Viv Ansanm - Civilians,9067,9067,Viv Ansanm,9999,1,Civilians,1,"""Ayibo Post,2024-11-20,Gangs are acquiring more territory in Haiti despite the presence of Kenyan forces""",Ayibo Post,2024-11-20,Gangs are acquiring more territory in Haiti despite the presence of Kenyan forces,Ayibo Post,2,l'Estère commune,"Congregational Presbyterian School in Estère

Gonaives, L'Artibonite",L'Artibonite department,Gonaïves arrondissement,19.333330,-72.666670,POINT (-72.66667 19.33333),157175,Haiti,HTI,41,Americas,1,1,2024-11-06 00:00:00.000,2024-11-06 00:00:00.000,0,0,1,0,1,1,1,,
554429,HAI-2024-3-17971-9,2024,true,Clear,3,9067,16265,Viv Ansanm - Civilians,9067,17971,Viv Ansanm - Civilians,9067,9067,Viv Ansanm,9999,1,Civilians,2,"""Haiti Libre,2024-11-14,Haiti - News : Zapping..."";""BINUH,2025-02-04,Quarterly report on the Human Rights Situation in Haiti, October - December 2024""",Haiti Libre;BINUH,2024-11-14;2025-02-04,"Haiti - News : Zapping...;Quarterly report on the Human Rights Situation in Haiti, October - December 2024",Haiti Libre; BINUH,2,Cité Soleil town,"Sarthe 45 and Terre-Noire, in the commune of Cité Soleil",Ouest department,Port-au-Prince arrondissement,18.577857,-72.331887,POINT (-72.331887 18.577857),156456,Haiti,HTI,41,Americas,1,1,2024-11-11 00:00:00.000,2024-11-11 00:00:00.000,0,0,0,21,21,21,0,,
553289,HAI-2024-3-17971-6,2024,true,Clear,3,9067,16265,Viv Ansanm - Civilians,9067,17971,Viv Ansanm - Civilians,9067,9067,Viv Ansanm,9999,1,Civilians,1,"""Ayibo Post,2024-11-20,Gangs are acquiring more territory in Haiti despite the presence of Kenyan forces""",Ayibo Post,2024-11-20,Gangs are acquiring more territory in Haiti despite the presence of Kenyan forces,witness,1,Port-au-Prince city,"Djobel, a locality near Vallée de Bourdon

PaP",Ouest department,Port-au-Prince arrondissement,18.539170,-72.335000,POINT (-72.335 18.53917),156456,Haiti,HTI,41,Americas,1,1,2024-11-19 00:00:00.000,2024-11-19 00:00:00.000,0,0,2,0,2,2,2,,
565496,HAI-2024-3-17971-34,2024,true,Clear,3,9067,16265,Viv Ansanm - Civilians,9067,17971,Viv Ansanm - Civilians,9067,9067,Viv Ansanm,9999,1,Civilians,2,"""Haiti Libre,2024-12-03,Haiti - News : Zapping..."";""BINUH,2025-02-04,Quarterly report on the Human Rights Situation in Haiti, October - December 2024""",Haiti Libre;BINUH,2024-12-03;2025-02-04,"Haiti - News : Zapping...;Quarterly report on the Human Rights Situation in Haiti, October - December 2024",Haiti Libre; Human Rights Service; BINUH,2,Carrefour commune,Ka Miyay (Carrefour),Ouest department,Port-au-Prince arrondissement,18.460548,-72.412024,POINT (-72.412024 18.460548),155736,Haiti,HTI,41,Americas,1,1,2024-11-29 00:00:00.000,2024-11-29 00:00:00.000,0,0,36,0,36,36,36,,
561425,HAI-2024-3-17971-33,2024,true,Clear,3,9067,16265,Viv Ansanm - Civilians,9067,17971,Viv Ansanm - Civilians,9067,9067,Viv Ansanm,9999,1,Civilians,2,"""Haiti Libre,2024-12-03,Haiti - News : Zapping..."";""BINUH,2025-02-04,Quarterly report on the Human Rights Situation in Haiti, October - December 2024""",Haiti Libre;BINUH,2024-12-03;2025-02-04,"Haiti - News : Zapping...;Quarterly report on the Human Rights Situation in Haiti, October - December 2024",Haiti Libre; Human Rights Service; BINUH,2,Léogâne town,"Petro, a town located near the 7th section at Easter, in the commune of Léogâne",Ouest department,Léogâne arrondissement,18.511100,-72.633430,POINT (-72.63343 18.5111),156455,Haiti,HTI,41,Americas,1,1,2024-11-29 00:00:00.000,2024-11-29 00:00:00.000,0,0,14,0,14,14,14,,
560859,HAI-2024-3-17971-12,2024,true,Clear,3,9067,16265,Viv Ansanm - Civilians,9067,17971,Viv Ansanm - Civilians,9067,9067,Viv Ansanm,9999,1,Civilians,4,"""Primature de la République d’Haïti,2024-12-09,Tweet"";""International Crisis Group,2025-01-03,Crisis Watch: Haiti December 2024"";""Associted Press Newswires,2024-12-10,Haitians demand protection after gang leader massacres dozens of people to avenge son's death"";""Associated Press Newswires,2024-12-23,UN publishes new death toll for massacre of older people and Vodou religious leaders in Haiti""",Primature de la République d’Haïti;International Crisis Group;Associted Press Newswires;Associated Press Newswires,2024-12-09;2025-01-03;2024-12-10;2024-12-23,Tweet;Crisis Watch: Haiti December 2024;Haitians demand protection after gang leader massacres dozens of people to avenge son's death;UN publishes new death toll for massacre of older people and Vodou religious leaders in Haiti,Primature de la République d’Haïti; United Nations High Commissioner for Human Rights; non-profit organization Combité pour la Paix et le Développement (CDP-Haiti); U.N. Integrated Office in Haiti,1,Cité Soleil town,"Cite Soleil

Wharf Jeremie",Ouest department,Port-au-Prince arrondissement,18.577857,-72.331887,POINT (-72.331887 18.577857),156456,Haiti,HTI,41,Americas,1,2,2024-12-06 00:00:00.000,2024-12-11 00:00:00.000,0,0,207,0,207,207,207,,
561464,HAI-2024-3-17971-14,2024,true,Clear,3,9067,16265,Viv Ansanm - Civilians,9067,17971,Viv Ansanm - Civilians,9067,9067,Viv Ansanm,9999,1,Civilians,1,"""Haiti Libre,2024-12-10,Haiti - News : Zapping...""",Haiti Libre,2024-12-10,Haiti - News : Zapping...,Haiti Libre,1,Port-au-Prince city,Poste-Marchand (Port-au-Prince),Ouest department,Port-au-Prince arrondissement,18.539170,-72.335000,POINT (-72.335 18.53917),156456,Haiti,HTI,41,Americas,1,2,2024-12-07 00:00:00.000,2024-12-08 00:00:00.000,0,0,1,0,1,1,1,,
565537,HAI-2024-3-18291-0,2024,true,Clear,3,9363,16462,Chandelle self-defense group - Civilians,9363,18291,Chandelle self-defense group - Civilians,9363,9363,Chandelle self-defense group,9999,1,Civilians,1,"""BINUH,2025-02-04,Quarterly report on the Human Rights Situation in Haiti, October - December 2024""",BINUH,2025-02-04,"Quarterly report on the Human Rights Situation in Haiti, October - December 2024",BINUH,2,Petite Riviere de l'Artibonite commune,Bois Laville and Passe Barque (Petite Rivière de l’Artibonite),L'Artibonite department,Dessalines arrondissement,19.121582,-72.474162,POINT (-72.474162 19.121582),157176,Haiti,HTI,41,Americas,2,2,2024-12-09 00:00:00.000,2024-12-10 00:00:00.000,0,0,39,0,39,39,39,,
