{
"type": "FeatureCollection",
"name": "hti_admincapitals",
"crs": { "type": "name", "properties": { "name": "urn:ogc:def:crs:OGC:1.3:CRS84" } },
"features": [
{ "type": "Feature", "properties": { "adm_p_lvl": 0, "name": "Port-au-Prince", "name_1": "Port-au-Prince", "name_2": "Pòtoprens", "name_3": null, "loc_pcode": null, "x_coord": -72.339593, "y_coord": 18.547327, "adm3_name": "1re Section Turgeau", "adm3_name1": "1re Section Turgeau", "adm3_name2": null, "adm3_name3": null, "adm3_pcode": "HT0111-01", "adm2_name": "Port-au-Prince", "adm2_name1": "Port-au-Prince", "adm2_name2": "Pòtoprens", "adm2_name3": null, "adm2_pcode": "HT0111", "adm1_name": "West", "adm1_name1": "Ouest", "adm1_name2": "Lwès", "adm1_name3": null, "adm1_pcode": "HT01", "adm0_name": "Haiti", "adm0_name1": "Haïti", "adm0_name2": "Ayiti", "adm0_name3": null, "adm0_pcode": "HT", "valid_on": "2018-11-29", "valid_to": null, "version": "v01", "name_lng": "en", "name_lng1": "fr", "name_lng2": "ht", "name_lng3": null }, "geometry": { "type": "Point", "coordinates": [ -72.339593, 18.547327000000109 ] } },
{ "type": "Feature", "properties": { "adm_p_lvl": 2, "name": "Delmas", "name_1": "Delmas", "name_2": "Dèlma", "name_3": null, "loc_pcode": null, "x_coord": -72.292007, "y_coord": 18.551846, "adm3_name": "1re Section St Martin", "adm3_name1": "1re Section St Martin", "adm3_name2": null, "adm3_name3": null, "adm3_pcode": "HT0112-01", "adm2_name": "Delmas", "adm2_name1": "Delmas", "adm2_name2": "Dèlma", "adm2_name3": null, "adm2_pcode": "HT0112", "adm1_name": "West", "adm1_name1": "Ouest", "adm1_name2": "Lwès", "adm1_name3": null, "adm1_pcode": "HT01", "adm0_name": "Haiti", "adm0_name1": "Haïti", "adm0_name2": "Ayiti", "adm0_name3": null, "adm0_pcode": "HT", "valid_on": "2018-11-29", "valid_to": null, "version": "v01", "name_lng": "en", "name_lng1": "fr", "name_lng2": "ht", "name_lng3": null }, "geometry": { "type": "Point", "coordinates": [ -72.292006999999899, 18.551845998999966 ] } },
{ "type": "Feature", "properties": { "adm_p_lvl": 2, "name": "Carrefour", "name_1": "Carrefour", "name_2": "Kafou", "name_3": null, "loc_pcode": null, "x_coord": -72.409249, "y_coord": 18.534537, "adm3_name": "10e Section Thor", "adm3_name1": "10e Section Thor", "adm3_name2": null, "adm3_name3": null, "adm3_pcode": "HT0113-10", "adm2_name": "Carrefour", "adm2_name1": "Carrefour", "adm2_name2": "Kafou", "adm2_name3": null, "adm2_pcode": "HT0113", "adm1_name": "West", "adm1_name1": "Ouest", "adm1_name2": "Lwès", "adm1_name3": null, "adm1_pcode": "HT01", "adm0_name": "Haiti", "adm0_name1": "Haïti", "adm0_name2": "Ayiti", "adm0_name3": null, "adm0_pcode": "HT", "valid_on": "2018-11-29", "valid_to": null, "version": "v01", "name_lng": "en", "name_lng1": "fr", "name_lng2": "ht", "name_lng3": null }, "geometry": { "type": "Point", "coordinates": [ -72.409249, 18.534537 ] } },
{ "type": "Feature", "properties": { "adm_p_lvl": 2, "name": "Kenscoff", "name_1": "Kenscoff", "name_2": "Kenskòf", "name_3": null, "loc_pcode": null, "x_coord": -72.286644, "y_coord": 18.449484, "adm3_name": "3e Section Sourcailles", "adm3_name1": "3e Section Sourcailles", "adm3_name2": null, "adm3_name3": null, "adm3_pcode": "HT0115-03", "adm2_name": "Kenscoff", "adm2_name1": "Kenscoff", "adm2_name2": "Kenskòf", "adm2_name3": null, "adm2_pcode": "HT0115", "adm1_name": "West", "adm1_name1": "Ouest", "adm1_name2": "Lwès", "adm1_name3": null, "adm1_pcode": "HT01", "adm0_name": "Haiti", "adm0_name1": "Haïti", "adm0_name2": "Ayiti", "adm0_name3": null, "adm0_pcode": "HT", "valid_on": "2018-11-29", "valid_to": null, "version": "v01", "name_lng": "en", "name_lng1": "fr", "name_lng2": "ht", "name_lng3": null }, "geometry": { "type": "Point", "coordinates": [ -72.2866440009999, 18.449484 ] } },
{ "type": "Feature", "properties": { "adm_p_lvl": 2, "name": "Gressier", "name_1": "Gressier", "name_2": "Gresye", "name_3": null, "loc_pcode": null, "x_coord": -72.52304, "y_coord": 18.542696, "adm3_name": "2e Section Morne Chandelle", "adm3_name1": "2e Section Morne Chandelle", "adm3_name2": null, "adm3_name3": null, "adm3_pcode": "HT0116-02", "adm2_name": "Gressier", "adm2_name1": "Gressier", "adm2_name2": "Gresye", "adm2_name3": null, "adm2_pcode": "HT0116", "adm1_name": "West", "adm1_name1": "Ouest", "adm1_name2": "Lwès", "adm1_name3": null, "adm1_pcode": "HT01", "adm0_name": "Haiti", "adm0_name1": "Haïti", "adm0_name2": "Ayiti", "adm0_name3": null, "adm0_pcode": "HT", "valid_on": "2018-11-29", "valid_to": null, "version": "v01", "name_lng": "en", "name_lng1": "fr", "name_lng2": "ht", "name_lng3": null }, "geometry": { "type": "Point", "coordinates": [ -72.52304, 18.542696 ] } },
{ "type": "Feature", "properties": { "adm_p_lvl": 2, "name": "Cite Soleil", "name_1": "Cité Soleil", "name_2": "Site Solèy", "name_3": null, "loc_pcode": null, "x_coord": -72.335601, "y_coord": 18.578277, "adm3_name": "2e Section des Varreux", "adm3_name1": "2e Section des Varreux", "adm3_name2": null, "adm3_name3": null, "adm3_pcode": "HT0117-01", "adm2_name": "Cite Soleil", "adm2_name1": "Cité Soleil", "adm2_name2": "Site Solèy", "adm2_name3": null, "adm2_pcode": "HT0117", "adm1_name": "West", "adm1_name1": "Ouest", "adm1_name2": "Lwès", "adm1_name3": null, "adm1_pcode": "HT01", "adm0_name": "Haiti", "adm0_name1": "Haïti", "adm0_name2": "Ayiti", "adm0_name3": null, "adm0_pcode": "HT", "valid_on": "2018-11-29", "valid_to": null, "version": "v01", "name_lng": "en", "name_lng1": "fr", "name_lng2": "ht", "name_lng3": null }, "geometry": { "type": "Point", "coordinates": [ -72.335600999999883, 18.578276999000025 ] } },
{ "type": "Feature", "properties": { "adm_p_lvl": 2, "name": "Tabarre", "name_1": "Tabarre", "name_2": "Taba", "name_3": null, "loc_pcode": null, "x_coord": -72.250718, "y_coord": 18.561999, "adm3_name": "4e Section Bellevue", "adm3_name1": "4e Section Bellevue", "adm3_name2": null, "adm3_name3": null, "adm3_pcode": "HT0118-04", "adm2_name": "Tabarre", "adm2_name1": "Tabarre", "adm2_name2": "Taba", "adm2_name3": null, "adm2_pcode": "HT0118", "adm1_name": "West", "adm1_name1": "Ouest", "adm1_name2": "Lwès", "adm1_name3": null, "adm1_pcode": "HT01", "adm0_name": "Haiti", "adm0_name1": "Haïti", "adm0_name2": "Ayiti", "adm0_name3": null, "adm0_pcode": "HT", "valid_on": "2018-11-29", "valid_to": null, "version": "v01", "name_lng": "en", "name_lng1": "fr", "name_lng2": "ht", "name_lng3": null }, "geometry": { "type": "Point", "coordinates": [ -72.250717999999836, 18.561999 ] } },
{ "type": "Feature", "properties": { "adm_p_lvl": 2, "name": "Leogane", "name_1": "Léogâne", "name_2": "Leyogàn", "name_3": null, "loc_pcode": null, "x_coord": -72.633425, "y_coord": 18.511113, "adm3_name": "1re Section Dessources", "adm3_name1": "1re Section Dessources", "adm3_name2": null, "adm3_name3": null, "adm3_pcode": "HT0121-01", "adm2_name": "Leogane", "adm2_name1": "Léogâne", "adm2_name2": "Leyogàn", "adm2_name3": null, "adm2_pcode": "HT0121", "adm1_name": "West", "adm1_name1": "Ouest", "adm1_name2": "Lwès", "adm1_name3": null, "adm1_pcode": "HT01", "adm0_name": "Haiti", "adm0_name1": "Haïti", "adm0_name2": "Ayiti", "adm0_name3": null, "adm0_pcode": "HT", "valid_on": "2018-11-29", "valid_to": null, "version": "v01", "name_lng": "en", "name_lng1": "fr", "name_lng2": "ht", "name_lng3": null }, "geometry": { "type": "Point", "coordinates": [ -72.633424998999885, 18.511113 ] } },
{ "type": "Feature", "properties": { "adm_p_lvl": 2, "name": "Petit-Goave", "name_1": "Petit-Goâve", "name_2": "Tigwav", "name_3": null, "loc_pcode": null, "x_coord": -72.865384, "y_coord": 18.432694, "adm3_name": "11e Section Ravine Seche", "adm3_name1": "11e Section Ravine Sèche", "adm3_name2": null, "adm3_name3": null, "adm3_pcode": "HT0122-11", "adm2_name": "Petit-Goave", "adm2_name1": "Petit-Goâve", "adm2_name2": "Tigwav", "adm2_name3": null, "adm2_pcode": "HT0122", "adm1_name": "West", "adm1_name1": "Ouest", "adm1_name2": "Lwès", "adm1_name3": null, "adm1_pcode": "HT01", "adm0_name": "Haiti", "adm0_name1": "Haïti", "adm0_name2": "Ayiti", "adm0_name3": null, "adm0_pcode": "HT", "valid_on": "2018-11-29", "valid_to": null, "version": "v01", "name_lng": "en", "name_lng1": "fr", "name_lng2": "ht", "name_lng3": null }, "geometry": { "type": "Point", "coordinates": [ -72.865383999999892, 18.432694 ] } },
{ "type": "Feature", "properties": { "adm_p_lvl": 2, "name": "Thomazeau", "name_1": "Thomazeau", "name_2": "Tomazo", "name_3": null, "loc_pcode": null, "x_coord": -72.093801, "y_coord": 18.652118, "adm3_name": "1re Section Grande Plaine", "adm3_name1": "1re Section Grande Plaine", "adm3_name2": null, "adm3_name3": null, "adm3_pcode": "HT0132-01", "adm2_name": "Thomazeau", "adm2_name1": "Thomazeau", "adm2_name2": "Tomazo", "adm2_name3": null, "adm2_pcode": "HT0132", "adm1_name": "West", "adm1_name1": "Ouest", "adm1_name2": "Lwès", "adm1_name3": null, "adm1_pcode": "HT01", "adm0_name": "Haiti", "adm0_name1": "Haïti", "adm0_name2": "Ayiti", "adm0_name3": null, "adm0_pcode": "HT", "valid_on": "2018-11-29", "valid_to": null, "version": "v01", "name_lng": "en", "name_lng1": "fr", "name_lng2": "ht", "name_lng3": null }, "geometry": { "type": "Point", "coordinates": [ -72.093801, 18.652118000000144 ] } },
{ "type": "Feature", "properties": { "adm_p_lvl": 2, "name": "Ganthier", "name_1": "Ganthier", "name_2": "Gantye", "name_3": null, "loc_pcode": null, "x_coord": -72.067881, "y_coord": 18.531973, "adm3_name": "5e Section Pays Pourri", "adm3_name1": "5e Section Pays Pourri", "adm3_name2": null, "adm3_name3": null, "adm3_pcode": "HT0133-04", "adm2_name": "Ganthier", "adm2_name1": "Ganthier", "adm2_name2": "Gantye", "adm2_name3": null, "adm2_pcode": "HT0133", "adm1_name": "West", "adm1_name1": "Ouest", "adm1_name2": "Lwès", "adm1_name3": null, "adm1_pcode": "HT01", "adm0_name": "Haiti", "adm0_name1": "Haïti", "adm0_name2": "Ayiti", "adm0_name3": null, "adm0_pcode": "HT", "valid_on": "2018-11-29", "valid_to": null, "version": "v01", "name_lng": "en", "name_lng1": "fr", "name_lng2": "ht", "name_lng3": null }, "geometry": { "type": "Point", "coordinates": [ -72.067880998999897, 18.531972999000061 ] } },
{ "type": "Feature", "properties": { "adm_p_lvl": 2, "name": "Fonds-Verrettes", "name_1": "Fonds-Verrettes", "name_2": "Fonvèrèt", "name_3": null, "loc_pcode": null, "x_coord": -71.855778, "y_coord": 18.393888, "adm3_name": "1re Section Fonds-Verrettes", "adm3_name1": "1re Section Fonds-Verrettes", "adm3_name2": null, "adm3_name3": null, "adm3_pcode": "HT0135-01", "adm2_name": "Fonds-Verrettes", "adm2_name1": "Fonds-Verrettes", "adm2_name2": "Fonvèrèt", "adm2_name3": null, "adm2_pcode": "HT0135", "adm1_name": "West", "adm1_name1": "Ouest", "adm1_name2": "Lwès", "adm1_name3": null, "adm1_pcode": "HT01", "adm0_name": "Haiti", "adm0_name1": "Haïti", "adm0_name2": "Ayiti", "adm0_name3": null, "adm0_pcode": "HT", "valid_on": "2018-11-29", "valid_to": null, "version": "v01", "name_lng": "en", "name_lng1": "fr", "name_lng2": "ht", "name_lng3": null }, "geometry": { "type": "Point", "coordinates": [ -71.855778, 18.393888000000118 ] } },
{ "type": "Feature", "properties": { "adm_p_lvl": 2, "name": "Arcahaie", "name_1": "Arcahaie", "name_2": "Akayè", "name_3": null, "loc_pcode": null, "x_coord": -72.511837, "y_coord": 18.77019, "adm3_name": "3e Section des Vases", "adm3_name1": "3e Section des Vases", "adm3_name2": null, "adm3_name3": null, "adm3_pcode": "HT0141-03", "adm2_name": "Arcahaie", "adm2_name1": "Arcahaie", "adm2_name2": "Akayè", "adm2_name3": null, "adm2_pcode": "HT0141", "adm1_name": "West", "adm1_name1": "Ouest", "adm1_name2": "Lwès", "adm1_name3": null, "adm1_pcode": "HT01", "adm0_name": "Haiti", "adm0_name1": "Haïti", "adm0_name2": "Ayiti", "adm0_name3": null, "adm0_pcode": "HT", "valid_on": "2018-11-29", "valid_to": null, "version": "v01", "name_lng": "en", "name_lng1": "fr", "name_lng2": "ht", "name_lng3": null }, "geometry": { "type": "Point", "coordinates": [ -72.511837, 18.77019 ] } },
{ "type": "Feature", "properties": { "adm_p_lvl": 2, "name": "Cabaret", "name_1": "Cabaret", "name_2": "Kabarè", "name_3": null, "loc_pcode": null, "x_coord": -72.418193, "y_coord": 18.734326, "adm3_name": "1re Section Boucassin", "adm3_name1": "1re Section Boucassin", "adm3_name2": null, "adm3_name3": null, "adm3_pcode": "HT0142-01", "adm2_name": "Cabaret", "adm2_name1": "Cabaret", "adm2_name2": "Kabarè", "adm2_name3": null, "adm2_pcode": "HT0142", "adm1_name": "West", "adm1_name1": "Ouest", "adm1_name2": "Lwès", "adm1_name3": null, "adm1_pcode": "HT01", "adm0_name": "Haiti", "adm0_name1": "Haïti", "adm0_name2": "Ayiti", "adm0_name3": null, "adm0_pcode": "HT", "valid_on": "2018-11-29", "valid_to": null, "version": "v01", "name_lng": "en", "name_lng1": "fr", "name_lng2": "ht", "name_lng3": null }, "geometry": { "type": "Point", "coordinates": [ -72.418193, 18.734326 ] } },
{ "type": "Feature", "properties": { "adm_p_lvl": 1, "name": "Jacmel", "name_1": "Jacmel", "name_2": "Jakmèl", "name_3": null, "loc_pcode": null, "x_coord": -72.537513, "y_coord": 18.235259, "adm3_name": "6e Section Montagne La Voute", "adm3_name1": "6e Section Montagne La Voûte", "adm3_name2": null, "adm3_name3": null, "adm3_pcode": "HT0211-06", "adm2_name": "Jacmel", "adm2_name1": "Jacmel", "adm2_name2": "Jakmèl", "adm2_name3": null, "adm2_pcode": "HT0211", "adm1_name": "Southeast", "adm1_name1": "Sud-Est", "adm1_name2": "Sidès", "adm1_name3": null, "adm1_pcode": "HT02", "adm0_name": "Haiti", "adm0_name1": "Haïti", "adm0_name2": "Ayiti", "adm0_name3": null, "adm0_pcode": "HT", "valid_on": "2018-11-29", "valid_to": null, "version": "v01", "name_lng": "en", "name_lng1": "fr", "name_lng2": "ht", "name_lng3": null }, "geometry": { "type": "Point", "coordinates": [ -72.537512999999876, 18.235258999000166 ] } },
{ "type": "Feature", "properties": { "adm_p_lvl": 2, "name": "Marigot", "name_1": "Marigot", "name_2": "Marigo", "name_3": null, "loc_pcode": null, "x_coord": -72.323542, "y_coord": 18.23117, "adm3_name": "1re Section Corail Soult", "adm3_name1": "1re Section Corail Soult", "adm3_name2": null, "adm3_name3": null, "adm3_pcode": "HT0212-01", "adm2_name": "Marigot", "adm2_name1": "Marigot", "adm2_name2": "Marigo", "adm2_name3": null, "adm2_pcode": "HT0212", "adm1_name": "Southeast", "adm1_name1": "Sud-Est", "adm1_name2": "Sidès", "adm1_name3": null, "adm1_pcode": "HT02", "adm0_name": "Haiti", "adm0_name1": "Haïti", "adm0_name2": "Ayiti", "adm0_name3": null, "adm0_pcode": "HT", "valid_on": "2018-11-29", "valid_to": null, "version": "v01", "name_lng": "en", "name_lng1": "fr", "name_lng2": "ht", "name_lng3": null }, "geometry": { "type": "Point", "coordinates": [ -72.323542, 18.231170000000134 ] } },
{ "type": "Feature", "properties": { "adm_p_lvl": 2, "name": "Bainet", "name_1": "Bainet", "name_2": "Benè", "name_3": null, "loc_pcode": null, "x_coord": -72.751714, "y_coord": 18.184864, "adm3_name": "5e Section Bas de Grandou", "adm3_name1": "5e Section Bas de Grandou", "adm3_name2": null, "adm3_name3": null, "adm3_pcode": "HT0221-05", "adm2_name": "Bainet", "adm2_name1": "Bainet", "adm2_name2": "Benè", "adm2_name3": null, "adm2_pcode": "HT0221", "adm1_name": "Southeast", "adm1_name1": "Sud-Est", "adm1_name2": "Sidès", "adm1_name3": null, "adm1_pcode": "HT02", "adm0_name": "Haiti", "adm0_name1": "Haïti", "adm0_name2": "Ayiti", "adm0_name3": null, "adm0_pcode": "HT", "valid_on": "2018-11-29", "valid_to": null, "version": "v01", "name_lng": "en", "name_lng1": "fr", "name_lng2": "ht", "name_lng3": null }, "geometry": { "type": "Point", "coordinates": [ -72.751713999999879, 18.184863999000072 ] } },
{ "type": "Feature", "properties": { "adm_p_lvl": 2, "name": "Thiotte", "name_1": "Thiotte", "name_2": "Tiòt", "name_3": null, "loc_pcode": null, "x_coord": -71.841976, "y_coord": 18.244247, "adm3_name": "1re Section Thiotte", "adm3_name1": "1re Section Thiotte", "adm3_name2": null, "adm3_name3": null, "adm3_pcode": "HT0233-01", "adm2_name": "Thiotte", "adm2_name1": "Thiotte", "adm2_name2": "Tiòt", "adm2_name3": null, "adm2_pcode": "HT0233", "adm1_name": "Southeast", "adm1_name1": "Sud-Est", "adm1_name2": "Sidès", "adm1_name3": null, "adm1_pcode": "HT02", "adm0_name": "Haiti", "adm0_name1": "Haïti", "adm0_name2": "Ayiti", "adm0_name3": null, "adm0_pcode": "HT", "valid_on": "2018-11-29", "valid_to": null, "version": "v01", "name_lng": "en", "name_lng1": "fr", "name_lng2": "ht", "name_lng3": null }, "geometry": { "type": "Point", "coordinates": [ -71.841976, 18.24424699900004 ] } },
{ "type": "Feature", "properties": { "adm_p_lvl": 1, "name": "Cap-Haitien", "name_1": "Cap-Haïtien", "name_2": "Kap Ayisyen", "name_3": null, "loc_pcode": null, "x_coord": -72.200807, "y_coord": 19.759524, "adm3_name": "2e Section Haut du Cap", "adm3_name1": "2e Section Haut du Cap", "adm3_name2": null, "adm3_name3": null, "adm3_pcode": "HT0311-02", "adm2_name": "Cap-Haitien", "adm2_name1": "Cap-Haïtien", "adm2_name2": "Kap Ayisyen", "adm2_name3": null, "adm2_pcode": "HT0311", "adm1_name": "North", "adm1_name1": "Nord", "adm1_name2": "Nò", "adm1_name3": null, "adm1_pcode": "HT03", "adm0_name": "Haiti", "adm0_name1": "Haïti", "adm0_name2": "Ayiti", "adm0_name3": null, "adm0_pcode": "HT", "valid_on": "2018-11-29", "valid_to": null, "version": "v01", "name_lng": "en", "name_lng1": "fr", "name_lng2": "ht", "name_lng3": null }, "geometry": { "type": "Point", "coordinates": [ -72.200807, 19.75952400000017 ] } },
{ "type": "Feature", "properties": { "adm_p_lvl": 2, "name": "Quartier Morin", "name_1": "Quartier Morin", "name_2": "Katye Moren", "name_3": null, "loc_pcode": null, "x_coord": -72.157827, "y_coord": 19.697178, "adm3_name": "1re Section Basse Plaine", "adm3_name1": "1re Section Basse Plaine", "adm3_name2": null, "adm3_name3": null, "adm3_pcode": "HT0312-01", "adm2_name": "Quartier Morin", "adm2_name1": "Quartier Morin", "adm2_name2": "Katye Moren", "adm2_name3": null, "adm2_pcode": "HT0312", "adm1_name": "North", "adm1_name1": "Nord", "adm1_name2": "Nò", "adm1_name3": null, "adm1_pcode": "HT03", "adm0_name": "Haiti", "adm0_name1": "Haïti", "adm0_name2": "Ayiti", "adm0_name3": null, "adm0_pcode": "HT", "valid_on": "2018-11-29", "valid_to": null, "version": "v01", "name_lng": "en", "name_lng1": "fr", "name_lng2": "ht", "name_lng3": null }, "geometry": { "type": "Point", "coordinates": [ -72.157827, 19.697178000000179 ] } },
{ "type": "Feature", "properties": { "adm_p_lvl": 2, "name": "Limonade", "name_1": "Limonade", "name_2": "Limonad", "name_3": null, "loc_pcode": null, "x_coord": -72.1242, "y_coord": 19.670388, "adm3_name": "3e Section Roucou", "adm3_name1": "3e Section Roucou", "adm3_name2": null, "adm3_name3": null, "adm3_pcode": "HT0313-03", "adm2_name": "Limonade", "adm2_name1": "Limonade", "adm2_name2": "Limonad", "adm2_name3": null, "adm2_pcode": "HT0313", "adm1_name": "North", "adm1_name1": "Nord", "adm1_name2": "Nò", "adm1_name3": null, "adm1_pcode": "HT03", "adm0_name": "Haiti", "adm0_name1": "Haïti", "adm0_name2": "Ayiti", "adm0_name3": null, "adm0_pcode": "HT", "valid_on": "2018-11-29", "valid_to": null, "version": "v01", "name_lng": "en", "name_lng1": "fr", "name_lng2": "ht", "name_lng3": null }, "geometry": { "type": "Point", "coordinates": [ -72.124199998999927, 19.670388000000116 ] } },
{ "type": "Feature", "properties": { "adm_p_lvl": 2, "name": "Acul du Nord", "name_1": "Acul du Nord", "name_2": "Akil dinò", "name_3": null, "loc_pcode": null, "x_coord": -72.31845, "y_coord": 19.682253, "adm3_name": "2e Section Bas de l'Acul (Basse Plaine)", "adm3_name1": "2e Section Bas de l'Acul (Basse Plaine)", "adm3_name2": null, "adm3_name3": null, "adm3_pcode": "HT0321-02", "adm2_name": "Acul du Nord", "adm2_name1": "Acul du Nord", "adm2_name2": "Akil dinò", "adm2_name3": null, "adm2_pcode": "HT0321", "adm1_name": "North", "adm1_name1": "Nord", "adm1_name2": "Nò", "adm1_name3": null, "adm1_pcode": "HT03", "adm0_name": "Haiti", "adm0_name1": "Haïti", "adm0_name2": "Ayiti", "adm0_name3": null, "adm0_pcode": "HT", "valid_on": "2018-11-29", "valid_to": null, "version": "v01", "name_lng": "en", "name_lng1": "fr", "name_lng2": "ht", "name_lng3": null }, "geometry": { "type": "Point", "coordinates": [ -72.318449999999871, 19.682253 ] } },
{ "type": "Feature", "properties": { "adm_p_lvl": 2, "name": "Plaine du Nord", "name_1": "Plaine du Nord", "name_2": "Plèn dinò", "name_3": null, "loc_pcode": null, "x_coord": -72.26926, "y_coord": 19.67624, "adm3_name": "2e Section Basse Plaine", "adm3_name1": "2e Section Basse Plaine", "adm3_name2": null, "adm3_name3": null, "adm3_pcode": "HT0322-02", "adm2_name": "Plaine du Nord", "adm2_name1": "Plaine du Nord", "adm2_name2": "Plèn dinò", "adm2_name3": null, "adm2_pcode": "HT0322", "adm1_name": "North", "adm1_name1": "Nord", "adm1_name2": "Nò", "adm1_name3": null, "adm1_pcode": "HT03", "adm0_name": "Haiti", "adm0_name1": "Haïti", "adm0_name2": "Ayiti", "adm0_name3": null, "adm0_pcode": "HT", "valid_on": "2018-11-29", "valid_to": null, "version": "v01", "name_lng": "en", "name_lng1": "fr", "name_lng2": "ht", "name_lng3": null }, "geometry": { "type": "Point", "coordinates": [ -72.269259999999861, 19.67624 ] } },
{ "type": "Feature", "properties": { "adm_p_lvl": 2, "name": "Milot", "name_1": "Milot", "name_2": "Milo", "name_3": null, "loc_pcode": null, "x_coord": -72.21479, "y_coord": 19.607896, "adm3_name": "2e Section Bonnet a l'Eveque", "adm3_name1": "2e Section Bonnet à l'Evêque", "adm3_name2": null, "adm3_name3": null, "adm3_pcode": "HT0323-02", "adm2_name": "Milot", "adm2_name1": "Milot", "adm2_name2": "Milo", "adm2_name3": null, "adm2_pcode": "HT0323", "adm1_name": "North", "adm1_name1": "Nord", "adm1_name2": "Nò", "adm1_name3": null, "adm1_pcode": "HT03", "adm0_name": "Haiti", "adm0_name1": "Haïti", "adm0_name2": "Ayiti", "adm0_name3": null, "adm0_pcode": "HT", "valid_on": "2018-11-29", "valid_to": null, "version": "v01", "name_lng": "en", "name_lng1": "fr", "name_lng2": "ht", "name_lng3": null }, "geometry": { "type": "Point", "coordinates": [ -72.21479, 19.607896 ] } },
{ "type": "Feature", "properties": { "adm_p_lvl": 2, "name": "Bahon", "name_1": "Bahon", "name_2": "Baron", "name_3": null, "loc_pcode": null, "x_coord": -72.115515, "y_coord": 19.470216, "adm3_name": "2e Section Bailly ou Bailla", "adm3_name1": "2e Section Bailly ou Bailla", "adm3_name2": null, "adm3_name3": null, "adm3_pcode": "HT0332-02", "adm2_name": "Bahon", "adm2_name1": "Bahon", "adm2_name2": "Baron", "adm2_name3": null, "adm2_pcode": "HT0332", "adm1_name": "North", "adm1_name1": "Nord", "adm1_name2": "Nò", "adm1_name3": null, "adm1_pcode": "HT03", "adm0_name": "Haiti", "adm0_name1": "Haïti", "adm0_name2": "Ayiti", "adm0_name3": null, "adm0_pcode": "HT", "valid_on": "2018-11-29", "valid_to": null, "version": "v01", "name_lng": "en", "name_lng1": "fr", "name_lng2": "ht", "name_lng3": null }, "geometry": { "type": "Point", "coordinates": [ -72.115515, 19.470215999000118 ] } },
{ "type": "Feature", "properties": { "adm_p_lvl": 2, "name": "Saint-Raphael", "name_1": "Saint-Raphaël", "name_2": "Sen Rafayèl", "name_3": null, "loc_pcode": null, "x_coord": -72.199396, "y_coord": 19.439297, "adm3_name": "4e Section San-Yago", "adm3_name1": "4e Section San-Yago", "adm3_name2": null, "adm3_name3": null, "adm3_pcode": "HT0341-04", "adm2_name": "Saint-Raphael", "adm2_name1": "Saint-Raphaël", "adm2_name2": "Sen Rafayèl", "adm2_name3": null, "adm2_pcode": "HT0341", "adm1_name": "North", "adm1_name1": "Nord", "adm1_name2": "Nò", "adm1_name3": null, "adm1_pcode": "HT03", "adm0_name": "Haiti", "adm0_name1": "Haïti", "adm0_name2": "Ayiti", "adm0_name3": null, "adm0_pcode": "HT", "valid_on": "2018-11-29", "valid_to": null, "version": "v01", "name_lng": "en", "name_lng1": "fr", "name_lng2": "ht", "name_lng3": null }, "geometry": { "type": "Point", "coordinates": [ -72.199396, 19.439297 ] } },
{ "type": "Feature", "properties": { "adm_p_lvl": 2, "name": "Dondon", "name_1": "Dondon", "name_2": "Dondon", "name_3": null, "loc_pcode": null, "x_coord": -72.242723, "y_coord": 19.527437, "adm3_name": "4e Section Laguille", "adm3_name1": "4e Section Laguille", "adm3_name2": null, "adm3_name3": null, "adm3_pcode": "HT0342-04", "adm2_name": "Dondon", "adm2_name1": "Dondon", "adm2_name2": "Dondon", "adm2_name3": null, "adm2_pcode": "HT0342", "adm1_name": "North", "adm1_name1": "Nord", "adm1_name2": "Nò", "adm1_name3": null, "adm1_pcode": "HT03", "adm0_name": "Haiti", "adm0_name1": "Haïti", "adm0_name2": "Ayiti", "adm0_name3": null, "adm0_pcode": "HT", "valid_on": "2018-11-29", "valid_to": null, "version": "v01", "name_lng": "en", "name_lng1": "fr", "name_lng2": "ht", "name_lng3": null }, "geometry": { "type": "Point", "coordinates": [ -72.242722999999842, 19.527437000000134 ] } },
{ "type": "Feature", "properties": { "adm_p_lvl": 2, "name": "Ranquitte", "name_1": "Ranquitte", "name_2": "Rankit", "name_3": null, "loc_pcode": null, "x_coord": -72.083432, "y_coord": 19.413191, "adm3_name": "1re Section Bac a Soude", "adm3_name1": "1re Section Bac à Soude", "adm3_name2": null, "adm3_name3": null, "adm3_pcode": "HT0343-01", "adm2_name": "Ranquitte", "adm2_name1": "Ranquitte", "adm2_name2": "Rankit", "adm2_name3": null, "adm2_pcode": "HT0343", "adm1_name": "North", "adm1_name1": "Nord", "adm1_name2": "Nò", "adm1_name3": null, "adm1_pcode": "HT03", "adm0_name": "Haiti", "adm0_name1": "Haïti", "adm0_name2": "Ayiti", "adm0_name3": null, "adm0_pcode": "HT", "valid_on": "2018-11-29", "valid_to": null, "version": "v01", "name_lng": "en", "name_lng1": "fr", "name_lng2": "ht", "name_lng3": null }, "geometry": { "type": "Point", "coordinates": [ -72.083432, 19.41319100100003 ] } },
{ "type": "Feature", "properties": { "adm_p_lvl": 2, "name": "Pignon", "name_1": "Pignon", "name_2": "Piyon", "name_3": null, "loc_pcode": null, "x_coord": -72.115832, "y_coord": 19.337091, "adm3_name": "1re Section Savannette", "adm3_name1": "1re Section Savannette", "adm3_name2": null, "adm3_name3": null, "adm3_pcode": "HT0344-01", "adm2_name": "Pignon", "adm2_name1": "Pignon", "adm2_name2": "Piyon", "adm2_name3": null, "adm2_pcode": "HT0344", "adm1_name": "North", "adm1_name1": "Nord", "adm1_name2": "Nò", "adm1_name3": null, "adm1_pcode": "HT03", "adm0_name": "Haiti", "adm0_name1": "Haïti", "adm0_name2": "Ayiti", "adm0_name3": null, "adm0_pcode": "HT", "valid_on": "2018-11-29", "valid_to": null, "version": "v01", "name_lng": "en", "name_lng1": "fr", "name_lng2": "ht", "name_lng3": null }, "geometry": { "type": "Point", "coordinates": [ -72.115831999999898, 19.337091 ] } },
{ "type": "Feature", "properties": { "adm_p_lvl": 2, "name": "La Victoire", "name_1": "La Victoire", "name_2": "La viktwa", "name_3": null, "loc_pcode": null, "x_coord": -72.025779, "y_coord": 19.337033, "adm3_name": "1re Section de la Victoire", "adm3_name1": "1re Section de la Victoire", "adm3_name2": null, "adm3_name3": null, "adm3_pcode": "HT0345-01", "adm2_name": "La Victoire", "adm2_name1": "La Victoire", "adm2_name2": "La viktwa", "adm2_name3": null, "adm2_pcode": "HT0345", "adm1_name": "North", "adm1_name1": "Nord", "adm1_name2": "Nò", "adm1_name3": null, "adm1_pcode": "HT03", "adm0_name": "Haiti", "adm0_name1": "Haïti", "adm0_name2": "Ayiti", "adm0_name3": null, "adm0_pcode": "HT", "valid_on": "2018-11-29", "valid_to": null, "version": "v01", "name_lng": "en", "name_lng1": "fr", "name_lng2": "ht", "name_lng3": null }, "geometry": { "type": "Point", "coordinates": [ -72.025778998999897, 19.337033 ] } },
{ "type": "Feature", "properties": { "adm_p_lvl": 2, "name": "Limbe", "name_1": "Limbé", "name_2": "Lenbe", "name_3": null, "loc_pcode": null, "x_coord": -72.402929, "y_coord": 19.70641, "adm3_name": "5e Section Ravine Desroches", "adm3_name1": "5e Section Ravine Desroches", "adm3_name2": null, "adm3_name3": null, "adm3_pcode": "HT0361-05", "adm2_name": "Limbe", "adm2_name1": "Limbé", "adm2_name2": "Lenbe", "adm2_name3": null, "adm2_pcode": "HT0361", "adm1_name": "North", "adm1_name1": "Nord", "adm1_name2": "Nò", "adm1_name3": null, "adm1_pcode": "HT03", "adm0_name": "Haiti", "adm0_name1": "Haïti", "adm0_name2": "Ayiti", "adm0_name3": null, "adm0_pcode": "HT", "valid_on": "2018-11-29", "valid_to": null, "version": "v01", "name_lng": "en", "name_lng1": "fr", "name_lng2": "ht", "name_lng3": null }, "geometry": { "type": "Point", "coordinates": [ -72.402929, 19.70641 ] } },
{ "type": "Feature", "properties": { "adm_p_lvl": 2, "name": "Plaisance", "name_1": "Plaisance", "name_2": "Plezans", "name_3": null, "loc_pcode": null, "x_coord": -72.470446, "y_coord": 19.598138, "adm3_name": "7e Section Bassin", "adm3_name1": "7e Section Bassin", "adm3_name2": null, "adm3_name3": null, "adm3_pcode": "HT0371-07", "adm2_name": "Plaisance", "adm2_name1": "Plaisance", "adm2_name2": "Plezans", "adm2_name3": null, "adm2_pcode": "HT0371", "adm1_name": "North", "adm1_name1": "Nord", "adm1_name2": "Nò", "adm1_name3": null, "adm1_pcode": "HT03", "adm0_name": "Haiti", "adm0_name1": "Haïti", "adm0_name2": "Ayiti", "adm0_name3": null, "adm0_pcode": "HT", "valid_on": "2018-11-29", "valid_to": null, "version": "v01", "name_lng": "en", "name_lng1": "fr", "name_lng2": "ht", "name_lng3": null }, "geometry": { "type": "Point", "coordinates": [ -72.470446, 19.598138 ] } },
{ "type": "Feature", "properties": { "adm_p_lvl": 2, "name": "Pilate", "name_1": "Pilate", "name_2": "Pilat", "name_3": null, "loc_pcode": null, "x_coord": -72.556046, "y_coord": 19.664348, "adm3_name": "1re Section Ballon", "adm3_name1": "1re Section Ballon", "adm3_name2": null, "adm3_name3": null, "adm3_pcode": "HT0372-01", "adm2_name": "Pilate", "adm2_name1": "Pilate", "adm2_name2": "Pilat", "adm2_name3": null, "adm2_pcode": "HT0372", "adm1_name": "North", "adm1_name1": "Nord", "adm1_name2": "Nò", "adm1_name3": null, "adm1_pcode": "HT03", "adm0_name": "Haiti", "adm0_name1": "Haïti", "adm0_name2": "Ayiti", "adm0_name3": null, "adm0_pcode": "HT", "valid_on": "2018-11-29", "valid_to": null, "version": "v01", "name_lng": "en", "name_lng1": "fr", "name_lng2": "ht", "name_lng3": null }, "geometry": { "type": "Point", "coordinates": [ -72.556046, 19.664348 ] } },
{ "type": "Feature", "properties": { "adm_p_lvl": 1, "name": "Fort-Liberte", "name_1": "Fort-Liberté", "name_2": "Fòlibète", "name_3": null, "loc_pcode": null, "x_coord": -71.836705, "y_coord": 19.663561, "adm3_name": "1re Section Dumas", "adm3_name1": "1re Section Dumas", "adm3_name2": null, "adm3_name3": null, "adm3_pcode": "HT0411-01", "adm2_name": "Fort-Liberte", "adm2_name1": "Fort-Liberté", "adm2_name2": "Fòlibète", "adm2_name3": null, "adm2_pcode": "HT0411", "adm1_name": "Northeast", "adm1_name1": "Nord-Est", "adm1_name2": "Nòdès", "adm1_name3": null, "adm1_pcode": "HT04", "adm0_name": "Haiti", "adm0_name1": "Haïti", "adm0_name2": "Ayiti", "adm0_name3": null, "adm0_pcode": "HT", "valid_on": "2018-11-29", "valid_to": null, "version": "v01", "name_lng": "en", "name_lng1": "fr", "name_lng2": "ht", "name_lng3": null }, "geometry": { "type": "Point", "coordinates": [ -71.836705, 19.663561000000129 ] } },
{ "type": "Feature", "properties": { "adm_p_lvl": 2, "name": "Ferrier", "name_1": "Ferrier", "name_2": "Ferye", "name_3": null, "loc_pcode": null, "x_coord": -71.778371, "y_coord": 19.615451, "adm3_name": "1re Section Bas Maribahoux", "adm3_name1": "1re Section Bas Maribahoux", "adm3_name2": null, "adm3_name3": null, "adm3_pcode": "HT0412-01", "adm2_name": "Ferrier", "adm2_name1": "Ferrier", "adm2_name2": "Ferye", "adm2_name3": null, "adm2_pcode": "HT0412", "adm1_name": "Northeast", "adm1_name1": "Nord-Est", "adm1_name2": "Nòdès", "adm1_name3": null, "adm1_pcode": "HT04", "adm0_name": "Haiti", "adm0_name1": "Haïti", "adm0_name2": "Ayiti", "adm0_name3": null, "adm0_pcode": "HT", "valid_on": "2018-11-29", "valid_to": null, "version": "v01", "name_lng": "en", "name_lng1": "fr", "name_lng2": "ht", "name_lng3": null }, "geometry": { "type": "Point", "coordinates": [ -71.778371, 19.615451000000121 ] } },
{ "type": "Feature", "properties": { "adm_p_lvl": 2, "name": "Perches", "name_1": "Perches", "name_2": "Pèch", "name_3": null, "loc_pcode": null, "x_coord": -71.922676, "y_coord": 19.521765, "adm3_name": "2e Section Bas des Perches", "adm3_name1": "2e Section Bas des Perches", "adm3_name2": null, "adm3_name3": null, "adm3_pcode": "HT0413-02", "adm2_name": "Perches", "adm2_name1": "Perches", "adm2_name2": "Pèch", "adm2_name3": null, "adm2_pcode": "HT0413", "adm1_name": "Northeast", "adm1_name1": "Nord-Est", "adm1_name2": "Nòdès", "adm1_name3": null, "adm1_pcode": "HT04", "adm0_name": "Haiti", "adm0_name1": "Haïti", "adm0_name2": "Ayiti", "adm0_name3": null, "adm0_pcode": "HT", "valid_on": "2018-11-29", "valid_to": null, "version": "v01", "name_lng": "en", "name_lng1": "fr", "name_lng2": "ht", "name_lng3": null }, "geometry": { "type": "Point", "coordinates": [ -71.922676, 19.521765000000187 ] } },
{ "type": "Feature", "properties": { "adm_p_lvl": 2, "name": "Ouanaminthe", "name_1": "Ouanaminthe", "name_2": "Wanament", "name_3": null, "loc_pcode": null, "x_coord": -71.725833, "y_coord": 19.548532, "adm3_name": "1re Section Haut Maribahoux", "adm3_name1": "1re Section Haut Maribahoux", "adm3_name2": null, "adm3_name3": null, "adm3_pcode": "HT0421-01", "adm2_name": "Ouanaminthe", "adm2_name1": "Ouanaminthe", "adm2_name2": "Wanament", "adm2_name3": null, "adm2_pcode": "HT0421", "adm1_name": "Northeast", "adm1_name1": "Nord-Est", "adm1_name2": "Nòdès", "adm1_name3": null, "adm1_pcode": "HT04", "adm0_name": "Haiti", "adm0_name1": "Haïti", "adm0_name2": "Ayiti", "adm0_name3": null, "adm0_pcode": "HT", "valid_on": "2018-11-29", "valid_to": null, "version": "v01", "name_lng": "en", "name_lng1": "fr", "name_lng2": "ht", "name_lng3": null }, "geometry": { "type": "Point", "coordinates": [ -71.725833, 19.548532000000137 ] } },
{ "type": "Feature", "properties": { "adm_p_lvl": 2, "name": "Capotille", "name_1": "Capotille", "name_2": "Kapotiy", "name_3": null, "loc_pcode": null, "x_coord": -71.692974, "y_coord": 19.447942, "adm3_name": "1re Section Capotille", "adm3_name1": "1re Section Capotille", "adm3_name2": null, "adm3_name3": null, "adm3_pcode": "HT0422-01", "adm2_name": "Capotille", "adm2_name1": "Capotille", "adm2_name2": "Kapotiy", "adm2_name3": null, "adm2_pcode": "HT0422", "adm1_name": "Northeast", "adm1_name1": "Nord-Est", "adm1_name2": "Nòdès", "adm1_name3": null, "adm1_pcode": "HT04", "adm0_name": "Haiti", "adm0_name1": "Haïti", "adm0_name2": "Ayiti", "adm0_name3": null, "adm0_pcode": "HT", "valid_on": "2018-11-29", "valid_to": null, "version": "v01", "name_lng": "en", "name_lng1": "fr", "name_lng2": "ht", "name_lng3": null }, "geometry": { "type": "Point", "coordinates": [ -71.692974000999868, 19.447942 ] } },
{ "type": "Feature", "properties": { "adm_p_lvl": 2, "name": "Mont-Organise", "name_1": "Mont-Organisé", "name_2": "Montòganize", "name_3": null, "loc_pcode": null, "x_coord": -71.781135, "y_coord": 19.40952, "adm3_name": "1re Section Savanette", "adm3_name1": "1re Section Savanette", "adm3_name2": null, "adm3_name3": null, "adm3_pcode": "HT0423-01", "adm2_name": "Mont-Organise", "adm2_name1": "Mont-Organisé", "adm2_name2": "Montòganize", "adm2_name3": null, "adm2_pcode": "HT0423", "adm1_name": "Northeast", "adm1_name1": "Nord-Est", "adm1_name2": "Nòdès", "adm1_name3": null, "adm1_pcode": "HT04", "adm0_name": "Haiti", "adm0_name1": "Haïti", "adm0_name2": "Ayiti", "adm0_name3": null, "adm0_pcode": "HT", "valid_on": "2018-11-29", "valid_to": null, "version": "v01", "name_lng": "en", "name_lng1": "fr", "name_lng2": "ht", "name_lng3": null }, "geometry": { "type": "Point", "coordinates": [ -71.781134999999892, 19.4095200000001 ] } },
{ "type": "Feature", "properties": { "adm_p_lvl": 2, "name": "Sainte Suzanne", "name_1": "Sainte Suzanne", "name_2": "Sent sizàn", "name_3": null, "loc_pcode": null, "x_coord": -72.088683, "y_coord": 19.582614, "adm3_name": "4e Section Sarazin", "adm3_name1": "4e Section Sarazin", "adm3_name2": null, "adm3_name3": null, "adm3_pcode": "HT0432-04", "adm2_name": "Sainte Suzanne", "adm2_name1": "Sainte Suzanne", "adm2_name2": "Sent sizàn", "adm2_name3": null, "adm2_pcode": "HT0432", "adm1_name": "Northeast", "adm1_name1": "Nord-Est", "adm1_name2": "Nòdès", "adm1_name3": null, "adm1_pcode": "HT04", "adm0_name": "Haiti", "adm0_name1": "Haïti", "adm0_name2": "Ayiti", "adm0_name3": null, "adm0_pcode": "HT", "valid_on": "2018-11-29", "valid_to": null, "version": "v01", "name_lng": "en", "name_lng1": "fr", "name_lng2": "ht", "name_lng3": null }, "geometry": { "type": "Point", "coordinates": [ -72.088683000999879, 19.582614 ] } },
{ "type": "Feature", "properties": { "adm_p_lvl": 2, "name": "Terrier Rouge", "name_1": "Terrier Rouge", "name_2": "Tèrye rouj", "name_3": null, "loc_pcode": null, "x_coord": -71.954526, "y_coord": 19.637254, "adm3_name": "1re Section Fond Blanc", "adm3_name1": "1re Section Fond Blanc", "adm3_name2": null, "adm3_name3": null, "adm3_pcode": "HT0433-01", "adm2_name": "Terrier Rouge", "adm2_name1": "Terrier Rouge", "adm2_name2": "Tèrye rouj", "adm2_name3": null, "adm2_pcode": "HT0433", "adm1_name": "Northeast", "adm1_name1": "Nord-Est", "adm1_name2": "Nòdès", "adm1_name3": null, "adm1_pcode": "HT04", "adm0_name": "Haiti", "adm0_name1": "Haïti", "adm0_name2": "Ayiti", "adm0_name3": null, "adm0_pcode": "HT", "valid_on": "2018-11-29", "valid_to": null, "version": "v01", "name_lng": "en", "name_lng1": "fr", "name_lng2": "ht", "name_lng3": null }, "geometry": { "type": "Point", "coordinates": [ -71.954526, 19.637254 ] } },
{ "type": "Feature", "properties": { "adm_p_lvl": 2, "name": "Caracol", "name_1": "Caracol", "name_2": "Karakòl", "name_3": null, "loc_pcode": null, "x_coord": -72.017946, "y_coord": 19.693864, "adm3_name": "1re Section Champin", "adm3_name1": "1re Section Champin", "adm3_name2": null, "adm3_name3": null, "adm3_pcode": "HT0434-01", "adm2_name": "Caracol", "adm2_name1": "Caracol", "adm2_name2": "Karakòl", "adm2_name3": null, "adm2_pcode": "HT0434", "adm1_name": "Northeast", "adm1_name1": "Nord-Est", "adm1_name2": "Nòdès", "adm1_name3": null, "adm1_pcode": "HT04", "adm0_name": "Haiti", "adm0_name1": "Haïti", "adm0_name2": "Ayiti", "adm0_name3": null, "adm0_pcode": "HT", "valid_on": "2018-11-29", "valid_to": null, "version": "v01", "name_lng": "en", "name_lng1": "fr", "name_lng2": "ht", "name_lng3": null }, "geometry": { "type": "Point", "coordinates": [ -72.017945999999881, 19.693864 ] } },
{ "type": "Feature", "properties": { "adm_p_lvl": 2, "name": "Carice", "name_1": "Carice", "name_2": "karis", "name_3": null, "loc_pcode": null, "x_coord": -71.82997, "y_coord": 19.38035, "adm3_name": "1re Section Bois Camelle", "adm3_name1": "1re Section Bois Camelle", "adm3_name2": null, "adm3_name3": null, "adm3_pcode": "HT0442-01", "adm2_name": "Carice", "adm2_name1": "Carice", "adm2_name2": "karis", "adm2_name3": null, "adm2_pcode": "HT0442", "adm1_name": "Northeast", "adm1_name1": "Nord-Est", "adm1_name2": "Nòdès", "adm1_name3": null, "adm1_pcode": "HT04", "adm0_name": "Haiti", "adm0_name1": "Haïti", "adm0_name2": "Ayiti", "adm0_name3": null, "adm0_pcode": "HT", "valid_on": "2018-11-29", "valid_to": null, "version": "v01", "name_lng": "en", "name_lng1": "fr", "name_lng2": "ht", "name_lng3": null }, "geometry": { "type": "Point", "coordinates": [ -71.82997, 19.380350000000135 ] } },
{ "type": "Feature", "properties": { "adm_p_lvl": 2, "name": "Mombin Crochu", "name_1": "Mombin Crochu", "name_2": "Monben Krochi", "name_3": null, "loc_pcode": null, "x_coord": -71.98237, "y_coord": 19.369796, "adm3_name": "1re Section Sans Souci", "adm3_name1": "1re Section Sans Souci", "adm3_name2": null, "adm3_name3": null, "adm3_pcode": "HT0443-01", "adm2_name": "Mombin Crochu", "adm2_name1": "Mombin Crochu", "adm2_name2": "Monben Krochi", "adm2_name3": null, "adm2_pcode": "HT0443", "adm1_name": "Northeast", "adm1_name1": "Nord-Est", "adm1_name2": "Nòdès", "adm1_name3": null, "adm1_pcode": "HT04", "adm0_name": "Haiti", "adm0_name1": "Haïti", "adm0_name2": "Ayiti", "adm0_name3": null, "adm0_pcode": "HT", "valid_on": "2018-11-29", "valid_to": null, "version": "v01", "name_lng": "en", "name_lng1": "fr", "name_lng2": "ht", "name_lng3": null }, "geometry": { "type": "Point", "coordinates": [ -71.98237, 19.369796000000122 ] } },
{ "type": "Feature", "properties": { "adm_p_lvl": 2, "name": "Ennery", "name_1": "Ennery", "name_2": "Ènri", "name_3": null, "loc_pcode": null, "x_coord": -72.484937, "y_coord": 19.484583, "adm3_name": "4e Section Puilboreau", "adm3_name1": "4e Section Puilboreau", "adm3_name2": null, "adm3_name3": null, "adm3_pcode": "HT0512-04", "adm2_name": "Ennery", "adm2_name1": "Ennery", "adm2_name2": "Ènri", "adm2_name3": null, "adm2_pcode": "HT0512", "adm1_name": "Artibonite", "adm1_name1": "Artibonite", "adm1_name2": "Latibonit", "adm1_name3": null, "adm1_pcode": "HT05", "adm0_name": "Haiti", "adm0_name1": "Haïti", "adm0_name2": "Ayiti", "adm0_name3": null, "adm0_pcode": "HT", "valid_on": "2018-11-29", "valid_to": null, "version": "v01", "name_lng": "en", "name_lng1": "fr", "name_lng2": "ht", "name_lng3": null }, "geometry": { "type": "Point", "coordinates": [ -72.484937000999935, 19.484583 ] } },
{ "type": "Feature", "properties": { "adm_p_lvl": 2, "name": "L'Estere", "name_1": "L'Estère", "name_2": "Lestè", "name_3": null, "loc_pcode": null, "x_coord": -72.610203, "y_coord": 19.30315, "adm3_name": "2e Section Petite Desdunes", "adm3_name1": "2e Section Petite Desdunes", "adm3_name2": null, "adm3_name3": null, "adm3_pcode": "HT0513-02", "adm2_name": "L'Estere", "adm2_name1": "L'Estère", "adm2_name2": "Lestè", "adm2_name3": null, "adm2_pcode": "HT0513", "adm1_name": "Artibonite", "adm1_name1": "Artibonite", "adm1_name2": "Latibonit", "adm1_name3": null, "adm1_pcode": "HT05", "adm0_name": "Haiti", "adm0_name1": "Haïti", "adm0_name2": "Ayiti", "adm0_name3": null, "adm0_pcode": "HT", "valid_on": "2018-11-29", "valid_to": null, "version": "v01", "name_lng": "en", "name_lng1": "fr", "name_lng2": "ht", "name_lng3": null }, "geometry": { "type": "Point", "coordinates": [ -72.61020299899991, 19.303150000000187 ] } },
{ "type": "Feature", "properties": { "adm_p_lvl": 2, "name": "Gros Morne", "name_1": "Gros Morne", "name_2": "Gro Mòn", "name_3": null, "loc_pcode": null, "x_coord": -72.678392, "y_coord": 19.67161, "adm3_name": "3e Section Riviere Blanche", "adm3_name1": "3e Section Rivière Blanche", "adm3_name2": null, "adm3_name3": null, "adm3_pcode": "HT0521-03", "adm2_name": "Gros Morne", "adm2_name1": "Gros Morne", "adm2_name2": "Gro Mòn", "adm2_name3": null, "adm2_pcode": "HT0521", "adm1_name": "Artibonite", "adm1_name1": "Artibonite", "adm1_name2": "Latibonit", "adm1_name3": null, "adm1_pcode": "HT05", "adm0_name": "Haiti", "adm0_name1": "Haïti", "adm0_name2": "Ayiti", "adm0_name3": null, "adm0_pcode": "HT", "valid_on": "2018-11-29", "valid_to": null, "version": "v01", "name_lng": "en", "name_lng1": "fr", "name_lng2": "ht", "name_lng3": null }, "geometry": { "type": "Point", "coordinates": [ -72.678392, 19.671610000000157 ] } },
{ "type": "Feature", "properties": { "adm_p_lvl": 2, "name": "Terre Neuve", "name_1": "Terre Neuve", "name_2": "Tènèv", "name_3": null, "loc_pcode": null, "x_coord": -72.781574, "y_coord": 19.6007, "adm3_name": "2e Section Bois Neuf", "adm3_name1": "2e Section Bois Neuf", "adm3_name2": null, "adm3_name3": null, "adm3_pcode": "HT0522-02", "adm2_name": "Terre Neuve", "adm2_name1": "Terre Neuve", "adm2_name2": "Tènèv", "adm2_name3": null, "adm2_pcode": "HT0522", "adm1_name": "Artibonite", "adm1_name1": "Artibonite", "adm1_name2": "Latibonit", "adm1_name3": null, "adm1_pcode": "HT05", "adm0_name": "Haiti", "adm0_name1": "Haïti", "adm0_name2": "Ayiti", "adm0_name3": null, "adm0_pcode": "HT", "valid_on": "2018-11-29", "valid_to": null, "version": "v01", "name_lng": "en", "name_lng1": "fr", "name_lng2": "ht", "name_lng3": null }, "geometry": { "type": "Point", "coordinates": [ -72.781574, 19.600700000000131 ] } },
{ "type": "Feature", "properties": { "adm_p_lvl": 2, "name": "Saint-Marc", "name_1": "Saint-Marc", "name_2": "Sen Mak", "name_3": null, "loc_pcode": null, "x_coord": -72.699511, "y_coord": 19.102027, "adm3_name": "6e Section Charrette", "adm3_name1": "6e Section Charrette", "adm3_name2": null, "adm3_name3": null, "adm3_pcode": "HT0531-06", "adm2_name": "Saint-Marc", "adm2_name1": "Saint-Marc", "adm2_name2": "Sen Mak", "adm2_name3": null, "adm2_pcode": "HT0531", "adm1_name": "Artibonite", "adm1_name1": "Artibonite", "adm1_name2": "Latibonit", "adm1_name3": null, "adm1_pcode": "HT05", "adm0_name": "Haiti", "adm0_name1": "Haïti", "adm0_name2": "Ayiti", "adm0_name3": null, "adm0_pcode": "HT", "valid_on": "2018-11-29", "valid_to": null, "version": "v01", "name_lng": "en", "name_lng1": "fr", "name_lng2": "ht", "name_lng3": null }, "geometry": { "type": "Point", "coordinates": [ -72.699511000999905, 19.102026998999975 ] } },
{ "type": "Feature", "properties": { "adm_p_lvl": 2, "name": "Verrettes", "name_1": "Verrettes", "name_2": "Vèrèt", "name_3": null, "loc_pcode": null, "x_coord": -72.467358, "y_coord": 19.050755, "adm3_name": "5e Section Bastien", "adm3_name1": "5e Section Bastien", "adm3_name2": null, "adm3_name3": null, "adm3_pcode": "HT0532-05", "adm2_name": "Verrettes", "adm2_name1": "Verrettes", "adm2_name2": "Vèrèt", "adm2_name3": null, "adm2_pcode": "HT0532", "adm1_name": "Artibonite", "adm1_name1": "Artibonite", "adm1_name2": "Latibonit", "adm1_name3": null, "adm1_pcode": "HT05", "adm0_name": "Haiti", "adm0_name1": "Haïti", "adm0_name2": "Ayiti", "adm0_name3": null, "adm0_pcode": "HT", "valid_on": "2018-11-29", "valid_to": null, "version": "v01", "name_lng": "en", "name_lng1": "fr", "name_lng2": "ht", "name_lng3": null }, "geometry": { "type": "Point", "coordinates": [ -72.467358, 19.050755 ] } },
{ "type": "Feature", "properties": { "adm_p_lvl": 2, "name": "La Chapelle", "name_1": "La Chapelle", "name_2": "Lachapèl", "name_3": null, "loc_pcode": null, "x_coord": -72.312042, "y_coord": 18.911552, "adm3_name": "1re Section Martineau", "adm3_name1": "1re Section Martineau", "adm3_name2": null, "adm3_name3": null, "adm3_pcode": "HT0533-01", "adm2_name": "La Chapelle", "adm2_name1": "La Chapelle", "adm2_name2": "Lachapèl", "adm2_name3": null, "adm2_pcode": "HT0533", "adm1_name": "Artibonite", "adm1_name1": "Artibonite", "adm1_name2": "Latibonit", "adm1_name3": null, "adm1_pcode": "HT05", "adm0_name": "Haiti", "adm0_name1": "Haïti", "adm0_name2": "Ayiti", "adm0_name3": null, "adm0_pcode": "HT", "valid_on": "2018-11-29", "valid_to": null, "version": "v01", "name_lng": "en", "name_lng1": "fr", "name_lng2": "ht", "name_lng3": null }, "geometry": { "type": "Point", "coordinates": [ -72.312041998999973, 18.911552000000142 ] } },
{ "type": "Feature", "properties": { "adm_p_lvl": 2, "name": "Dessalines", "name_1": "Dessalines", "name_2": "Desalin", "name_3": null, "loc_pcode": null, "x_coord": -72.517022, "y_coord": 19.261313, "adm3_name": "3e Section Oge", "adm3_name1": "3e Section Oge", "adm3_name2": null, "adm3_name3": null, "adm3_pcode": "HT0541-03", "adm2_name": "Dessalines", "adm2_name1": "Dessalines", "adm2_name2": "Desalin", "adm2_name3": null, "adm2_pcode": "HT0541", "adm1_name": "Artibonite", "adm1_name1": "Artibonite", "adm1_name2": "Latibonit", "adm1_name3": null, "adm1_pcode": "HT05", "adm0_name": "Haiti", "adm0_name1": "Haïti", "adm0_name2": "Ayiti", "adm0_name3": null, "adm0_pcode": "HT", "valid_on": "2018-11-29", "valid_to": null, "version": "v01", "name_lng": "en", "name_lng1": "fr", "name_lng2": "ht", "name_lng3": null }, "geometry": { "type": "Point", "coordinates": [ -72.517021998999894, 19.261313000000143 ] } },
{ "type": "Feature", "properties": { "adm_p_lvl": 2, "name": "Desdunes", "name_1": "Desdunes", "name_2": "Dedin", "name_3": null, "loc_pcode": null, "x_coord": -72.646048, "y_coord": 19.295496, "adm3_name": "1re Section de Desdunes", "adm3_name1": "1re Section de Desdunes", "adm3_name2": null, "adm3_name3": null, "adm3_pcode": "HT0544-01", "adm2_name": "Desdunes", "adm2_name1": "Desdunes", "adm2_name2": "Dedin", "adm2_name3": null, "adm2_pcode": "HT0544", "adm1_name": "Artibonite", "adm1_name1": "Artibonite", "adm1_name2": "Latibonit", "adm1_name3": null, "adm1_pcode": "HT05", "adm0_name": "Haiti", "adm0_name1": "Haïti", "adm0_name2": "Ayiti", "adm0_name3": null, "adm0_pcode": "HT", "valid_on": "2018-11-29", "valid_to": null, "version": "v01", "name_lng": "en", "name_lng1": "fr", "name_lng2": "ht", "name_lng3": null }, "geometry": { "type": "Point", "coordinates": [ -72.646048, 19.295496000000128 ] } },
{ "type": "Feature", "properties": { "adm_p_lvl": 2, "name": "Marmelade", "name_1": "Marmelade", "name_2": "Mamelad", "name_3": null, "loc_pcode": null, "x_coord": -72.361914, "y_coord": 19.517408, "adm3_name": "1re Section Crete a Pins", "adm3_name1": "1re Section Crête à Pins", "adm3_name2": null, "adm3_name3": null, "adm3_pcode": "HT0552-01", "adm2_name": "Marmelade", "adm2_name1": "Marmelade", "adm2_name2": "Mamelad", "adm2_name3": null, "adm2_pcode": "HT0552", "adm1_name": "Artibonite", "adm1_name1": "Artibonite", "adm1_name2": "Latibonit", "adm1_name3": null, "adm1_pcode": "HT05", "adm0_name": "Haiti", "adm0_name1": "Haïti", "adm0_name2": "Ayiti", "adm0_name3": null, "adm0_pcode": "HT", "valid_on": "2018-11-29", "valid_to": null, "version": "v01", "name_lng": "en", "name_lng1": "fr", "name_lng2": "ht", "name_lng3": null }, "geometry": { "type": "Point", "coordinates": [ -72.361914, 19.517408000999978 ] } },
{ "type": "Feature", "properties": { "adm_p_lvl": 1, "name": "Hinche", "name_1": "Hinche", "name_2": "Ench", "name_3": null, "loc_pcode": null, "x_coord": -72.008753, "y_coord": 19.144554, "adm3_name": "1re Section Juanaria", "adm3_name1": "1re Section Juanaria", "adm3_name2": null, "adm3_name3": null, "adm3_pcode": "HT0611-01", "adm2_name": "Hinche", "adm2_name1": "Hinche", "adm2_name2": "Ench", "adm2_name3": null, "adm2_pcode": "HT0611", "adm1_name": "Center", "adm1_name1": "Centre", "adm1_name2": "Sant", "adm1_name3": null, "adm1_pcode": "HT06", "adm0_name": "Haiti", "adm0_name1": "Haïti", "adm0_name2": "Ayiti", "adm0_name3": null, "adm0_pcode": "HT", "valid_on": "2018-11-29", "valid_to": null, "version": "v01", "name_lng": "en", "name_lng1": "fr", "name_lng2": "ht", "name_lng3": null }, "geometry": { "type": "Point", "coordinates": [ -72.008752999999899, 19.144554 ] } },
{ "type": "Feature", "properties": { "adm_p_lvl": 2, "name": "Maissade", "name_1": "Maïssade", "name_2": "Mayisad", "name_3": null, "loc_pcode": null, "x_coord": -72.139556, "y_coord": 19.174768, "adm3_name": "1re Section Savane Grande", "adm3_name1": "1re Section Savane Grande", "adm3_name2": null, "adm3_name3": null, "adm3_pcode": "HT0612-01", "adm2_name": "Maissade", "adm2_name1": "Maïssade", "adm2_name2": "Mayisad", "adm2_name3": null, "adm2_pcode": "HT0612", "adm1_name": "Center", "adm1_name1": "Centre", "adm1_name2": "Sant", "adm1_name3": null, "adm1_pcode": "HT06", "adm0_name": "Haiti", "adm0_name1": "Haïti", "adm0_name2": "Ayiti", "adm0_name3": null, "adm0_pcode": "HT", "valid_on": "2018-11-29", "valid_to": null, "version": "v01", "name_lng": "en", "name_lng1": "fr", "name_lng2": "ht", "name_lng3": null }, "geometry": { "type": "Point", "coordinates": [ -72.139556, 19.174768 ] } },
{ "type": "Feature", "properties": { "adm_p_lvl": 2, "name": "Thomonde", "name_1": "Thomonde", "name_2": "Tomond", "name_3": null, "loc_pcode": null, "x_coord": -71.95977, "y_coord": 19.017016, "adm3_name": "1re Section Cabral", "adm3_name1": "1re Section Cabral", "adm3_name2": null, "adm3_name3": null, "adm3_pcode": "HT0613-01", "adm2_name": "Thomonde", "adm2_name1": "Thomonde", "adm2_name2": "Tomond", "adm2_name3": null, "adm2_pcode": "HT0613", "adm1_name": "Center", "adm1_name1": "Centre", "adm1_name2": "Sant", "adm1_name3": null, "adm1_pcode": "HT06", "adm0_name": "Haiti", "adm0_name1": "Haïti", "adm0_name2": "Ayiti", "adm0_name3": null, "adm0_pcode": "HT", "valid_on": "2018-11-29", "valid_to": null, "version": "v01", "name_lng": "en", "name_lng1": "fr", "name_lng2": "ht", "name_lng3": null }, "geometry": { "type": "Point", "coordinates": [ -71.959769999999878, 19.017016001000172 ] } },
{ "type": "Feature", "properties": { "adm_p_lvl": 2, "name": "Cerca Carvajal", "name_1": "Cerca Carvajal", "name_2": "Sèka Kavajal", "name_3": null, "loc_pcode": null, "x_coord": -71.94055, "y_coord": 19.270041, "adm3_name": "1re Section Rang", "adm3_name1": "1re Section Rang", "adm3_name2": null, "adm3_name3": null, "adm3_pcode": "HT0614-01", "adm2_name": "Cerca Carvajal", "adm2_name1": "Cerca Carvajal", "adm2_name2": "Sèka Kavajal", "adm2_name3": null, "adm2_pcode": "HT0614", "adm1_name": "Center", "adm1_name1": "Centre", "adm1_name2": "Sant", "adm1_name3": null, "adm1_pcode": "HT06", "adm0_name": "Haiti", "adm0_name1": "Haïti", "adm0_name2": "Ayiti", "adm0_name3": null, "adm0_pcode": "HT", "valid_on": "2018-11-29", "valid_to": null, "version": "v01", "name_lng": "en", "name_lng1": "fr", "name_lng2": "ht", "name_lng3": null }, "geometry": { "type": "Point", "coordinates": [ -71.94055, 19.270041 ] } },
{ "type": "Feature", "properties": { "adm_p_lvl": 2, "name": "Mirebalais", "name_1": "Mirebalais", "name_2": "Mibalè", "name_3": null, "loc_pcode": null, "x_coord": -72.104836, "y_coord": 18.834416, "adm3_name": "4e Section Crete Brulee", "adm3_name1": "4e Section Crête Brûlee", "adm3_name2": null, "adm3_name3": null, "adm3_pcode": "HT0621-04", "adm2_name": "Mirebalais", "adm2_name1": "Mirebalais", "adm2_name2": "Mibalè", "adm2_name3": null, "adm2_pcode": "HT0621", "adm1_name": "Center", "adm1_name1": "Centre", "adm1_name2": "Sant", "adm1_name3": null, "adm1_pcode": "HT06", "adm0_name": "Haiti", "adm0_name1": "Haïti", "adm0_name2": "Ayiti", "adm0_name3": null, "adm0_pcode": "HT", "valid_on": "2018-11-29", "valid_to": null, "version": "v01", "name_lng": "en", "name_lng1": "fr", "name_lng2": "ht", "name_lng3": null }, "geometry": { "type": "Point", "coordinates": [ -72.104836, 18.834416000000147 ] } },
{ "type": "Feature", "properties": { "adm_p_lvl": 2, "name": "Saut d'Eau", "name_1": "Saut d'Eau", "name_2": "Sodo", "name_3": null, "loc_pcode": null, "x_coord": -72.200426, "y_coord": 18.816158, "adm3_name": "1re Section Canot ou Riviere Canot", "adm3_name1": "1re Section Canot ou Rivière Canot", "adm3_name2": null, "adm3_name3": null, "adm3_pcode": "HT0622-01", "adm2_name": "Saut d'Eau", "adm2_name1": "Saut d'Eau", "adm2_name2": "Sodo", "adm2_name3": null, "adm2_pcode": "HT0622", "adm1_name": "Center", "adm1_name1": "Centre", "adm1_name2": "Sant", "adm1_name3": null, "adm1_pcode": "HT06", "adm0_name": "Haiti", "adm0_name1": "Haïti", "adm0_name2": "Ayiti", "adm0_name3": null, "adm0_pcode": "HT", "valid_on": "2018-11-29", "valid_to": null, "version": "v01", "name_lng": "en", "name_lng1": "fr", "name_lng2": "ht", "name_lng3": null }, "geometry": { "type": "Point", "coordinates": [ -72.200426, 18.816158 ] } },
{ "type": "Feature", "properties": { "adm_p_lvl": 2, "name": "Boucan Carre", "name_1": "Boucan Carré", "name_2": "Boukan Kare", "name_3": null, "loc_pcode": null, "x_coord": -72.147497, "y_coord": 18.924535, "adm3_name": "2e Section Boucan Carre", "adm3_name1": "2e Section Boucan Carre", "adm3_name2": null, "adm3_name3": null, "adm3_pcode": "HT0623-02", "adm2_name": "Boucan Carre", "adm2_name1": "Boucan Carré", "adm2_name2": "Boukan Kare", "adm2_name3": null, "adm2_pcode": "HT0623", "adm1_name": "Center", "adm1_name1": "Centre", "adm1_name2": "Sant", "adm1_name3": null, "adm1_pcode": "HT06", "adm0_name": "Haiti", "adm0_name1": "Haïti", "adm0_name2": "Ayiti", "adm0_name3": null, "adm0_pcode": "HT", "valid_on": "2018-11-29", "valid_to": null, "version": "v01", "name_lng": "en", "name_lng1": "fr", "name_lng2": "ht", "name_lng3": null }, "geometry": { "type": "Point", "coordinates": [ -72.147497, 18.924535 ] } },
{ "type": "Feature", "properties": { "adm_p_lvl": 2, "name": "Lascahobas", "name_1": "Lascahobas", "name_2": "Laskawobas", "name_3": null, "loc_pcode": null, "x_coord": -71.935805, "y_coord": 18.829882, "adm3_name": "2e Section Juampas", "adm3_name1": "2e Section Juampas", "adm3_name2": null, "adm3_name3": null, "adm3_pcode": "HT0631-02", "adm2_name": "Lascahobas", "adm2_name1": "Lascahobas", "adm2_name2": "Laskawobas", "adm2_name3": null, "adm2_pcode": "HT0631", "adm1_name": "Center", "adm1_name1": "Centre", "adm1_name2": "Sant", "adm1_name3": null, "adm1_pcode": "HT06", "adm0_name": "Haiti", "adm0_name1": "Haïti", "adm0_name2": "Ayiti", "adm0_name3": null, "adm0_pcode": "HT", "valid_on": "2018-11-29", "valid_to": null, "version": "v01", "name_lng": "en", "name_lng1": "fr", "name_lng2": "ht", "name_lng3": null }, "geometry": { "type": "Point", "coordinates": [ -71.935805, 18.829882000000168 ] } },
{ "type": "Feature", "properties": { "adm_p_lvl": 2, "name": "Belladere", "name_1": "Belladère", "name_2": "Beladè", "name_3": null, "loc_pcode": null, "x_coord": -71.76363, "y_coord": 18.86603, "adm3_name": "1re Section Renthe Mathe", "adm3_name1": "1re Section Renthe Mathe", "adm3_name2": null, "adm3_name3": null, "adm3_pcode": "HT0632-01", "adm2_name": "Belladère", "adm2_name1": "Belladère", "adm2_name2": "Beladè", "adm2_name3": null, "adm2_pcode": "HT0632", "adm1_name": "Center", "adm1_name1": "Centre", "adm1_name2": "Sant", "adm1_name3": null, "adm1_pcode": "HT06", "adm0_name": "Haiti", "adm0_name1": "Haïti", "adm0_name2": "Ayiti", "adm0_name3": null, "adm0_pcode": "HT", "valid_on": "2018-11-29", "valid_to": null, "version": "v01", "name_lng": "en", "name_lng1": "fr", "name_lng2": "ht", "name_lng3": null }, "geometry": { "type": "Point", "coordinates": [ -71.76363, 18.86603 ] } },
{ "type": "Feature", "properties": { "adm_p_lvl": 2, "name": "Savanette", "name_1": "Savanette", "name_2": "Savanèt", "name_3": null, "loc_pcode": null, "x_coord": -71.820238, "y_coord": 18.744765, "adm3_name": "2e Section la Haye", "adm3_name1": "2e Section la Haye", "adm3_name2": null, "adm3_name3": null, "adm3_pcode": "HT0633-02", "adm2_name": "Savanette", "adm2_name1": "Savanette", "adm2_name2": "Savanèt", "adm2_name3": null, "adm2_pcode": "HT0633", "adm1_name": "Center", "adm1_name1": "Centre", "adm1_name2": "Sant", "adm1_name3": null, "adm1_pcode": "HT06", "adm0_name": "Haiti", "adm0_name1": "Haïti", "adm0_name2": "Ayiti", "adm0_name3": null, "adm0_pcode": "HT", "valid_on": "2018-11-29", "valid_to": null, "version": "v01", "name_lng": "en", "name_lng1": "fr", "name_lng2": "ht", "name_lng3": null }, "geometry": { "type": "Point", "coordinates": [ -71.820237999999847, 18.744765 ] } },
{ "type": "Feature", "properties": { "adm_p_lvl": 2, "name": "Thomassique", "name_1": "Thomassique", "name_2": "Tomasik", "name_3": null, "loc_pcode": null, "x_coord": -71.841881, "y_coord": 19.080034, "adm3_name": "2e Section Lociane", "adm3_name1": "2e Section Lociane", "adm3_name2": null, "adm3_name3": null, "adm3_pcode": "HT0642-02", "adm2_name": "Thomassique", "adm2_name1": "Thomassique", "adm2_name2": "Tomasik", "adm2_name3": null, "adm2_pcode": "HT0642", "adm1_name": "Center", "adm1_name1": "Centre", "adm1_name2": "Sant", "adm1_name3": null, "adm1_pcode": "HT06", "adm0_name": "Haiti", "adm0_name1": "Haïti", "adm0_name2": "Ayiti", "adm0_name3": null, "adm0_pcode": "HT", "valid_on": "2018-11-29", "valid_to": null, "version": "v01", "name_lng": "en", "name_lng1": "fr", "name_lng2": "ht", "name_lng3": null }, "geometry": { "type": "Point", "coordinates": [ -71.841881, 19.080034 ] } },
{ "type": "Feature", "properties": { "adm_p_lvl": 1, "name": "Les Cayes", "name_1": "Les Cayes", "name_2": "Okay", "name_3": null, "loc_pcode": null, "x_coord": -73.75116, "y_coord": 18.194443, "adm3_name": "1re Section Bourdet", "adm3_name1": "1re Section Bourdet", "adm3_name2": null, "adm3_name3": null, "adm3_pcode": "HT0711-01", "adm2_name": "Les Cayes", "adm2_name1": "Les Cayes", "adm2_name2": "Okay", "adm2_name3": null, "adm2_pcode": "HT0711", "adm1_name": "South", "adm1_name1": "Sud", "adm1_name2": "Sid", "adm1_name3": null, "adm1_pcode": "HT07", "adm0_name": "Haiti", "adm0_name1": "Haïti", "adm0_name2": "Ayiti", "adm0_name3": null, "adm0_pcode": "HT", "valid_on": "2018-11-29", "valid_to": null, "version": "v01", "name_lng": "en", "name_lng1": "fr", "name_lng2": "ht", "name_lng3": null }, "geometry": { "type": "Point", "coordinates": [ -73.75116000099996, 18.194443000000149 ] } },
{ "type": "Feature", "properties": { "adm_p_lvl": 2, "name": "Torbeck", "name_1": "Torbeck", "name_2": "Tòbèk", "name_3": null, "loc_pcode": null, "x_coord": -73.810693, "y_coord": 18.1642, "adm3_name": "1re Section Boury", "adm3_name1": "1re Section Boury", "adm3_name2": null, "adm3_name3": null, "adm3_pcode": "HT0712-01", "adm2_name": "Torbeck", "adm2_name1": "Torbeck", "adm2_name2": "Tòbèk", "adm2_name3": null, "adm2_pcode": "HT0712", "adm1_name": "South", "adm1_name1": "Sud", "adm1_name2": "Sid", "adm1_name3": null, "adm1_pcode": "HT07", "adm0_name": "Haiti", "adm0_name1": "Haïti", "adm0_name2": "Ayiti", "adm0_name3": null, "adm0_pcode": "HT", "valid_on": "2018-11-29", "valid_to": null, "version": "v01", "name_lng": "en", "name_lng1": "fr", "name_lng2": "ht", "name_lng3": null }, "geometry": { "type": "Point", "coordinates": [ -73.810693, 18.164200000000164 ] } },
{ "type": "Feature", "properties": { "adm_p_lvl": 2, "name": "Chantal", "name_1": "Chantal", "name_2": "Chantal", "name_3": null, "loc_pcode": null, "x_coord": -73.888981, "y_coord": 18.202446, "adm3_name": "1re Section Fonds Palmiste", "adm3_name1": "1re Section Fonds Palmiste", "adm3_name2": null, "adm3_name3": null, "adm3_pcode": "HT0713-01", "adm2_name": "Chantal", "adm2_name1": "Chantal", "adm2_name2": "Chantal", "adm2_name3": null, "adm2_pcode": "HT0713", "adm1_name": "South", "adm1_name1": "Sud", "adm1_name2": "Sid", "adm1_name3": null, "adm1_pcode": "HT07", "adm0_name": "Haiti", "adm0_name1": "Haïti", "adm0_name2": "Ayiti", "adm0_name3": null, "adm0_pcode": "HT", "valid_on": "2018-11-29", "valid_to": null, "version": "v01", "name_lng": "en", "name_lng1": "fr", "name_lng2": "ht", "name_lng3": null }, "geometry": { "type": "Point", "coordinates": [ -73.888980999999887, 18.202446 ] } },
{ "type": "Feature", "properties": { "adm_p_lvl": 2, "name": "Camp-Perrin", "name_1": "Camp-Perrin", "name_2": "Kanperen", "name_3": null, "loc_pcode": null, "x_coord": -73.866566, "y_coord": 18.324961, "adm3_name": "1re Section Levy Mersan", "adm3_name1": "1re Section Levy Mersan", "adm3_name2": null, "adm3_name3": null, "adm3_pcode": "HT0714-01", "adm2_name": "Camp-Perrin", "adm2_name1": "Camp-Perrin", "adm2_name2": "Kanperen", "adm2_name3": null, "adm2_pcode": "HT0714", "adm1_name": "South", "adm1_name1": "Sud", "adm1_name2": "Sid", "adm1_name3": null, "adm1_pcode": "HT07", "adm0_name": "Haiti", "adm0_name1": "Haïti", "adm0_name2": "Ayiti", "adm0_name3": null, "adm0_pcode": "HT", "valid_on": "2018-11-29", "valid_to": null, "version": "v01", "name_lng": "en", "name_lng1": "fr", "name_lng2": "ht", "name_lng3": null }, "geometry": { "type": "Point", "coordinates": [ -73.866566, 18.324961 ] } },
{ "type": "Feature", "properties": { "adm_p_lvl": 2, "name": "Maniche", "name_1": "Maniche", "name_2": "Manich", "name_3": null, "loc_pcode": null, "x_coord": -73.77794, "y_coord": 18.34391, "adm3_name": "1re Section Maniche", "adm3_name1": "1re Section Maniche", "adm3_name2": null, "adm3_name3": null, "adm3_pcode": "HT0715-01", "adm2_name": "Maniche", "adm2_name1": "Maniche", "adm2_name2": "Manich", "adm2_name3": null, "adm2_pcode": "HT0715", "adm1_name": "South", "adm1_name1": "Sud", "adm1_name2": "Sid", "adm1_name3": null, "adm1_pcode": "HT07", "adm0_name": "Haiti", "adm0_name1": "Haïti", "adm0_name2": "Ayiti", "adm0_name3": null, "adm0_pcode": "HT", "valid_on": "2018-11-29", "valid_to": null, "version": "v01", "name_lng": "en", "name_lng1": "fr", "name_lng2": "ht", "name_lng3": null }, "geometry": { "type": "Point", "coordinates": [ -73.777939998999898, 18.343910000000108 ] } },
{ "type": "Feature", "properties": { "adm_p_lvl": 2, "name": "Saint Jean du Sud", "name_1": "Saint Jean du Sud", "name_2": "Sen Jan disid.", "name_3": null, "loc_pcode": null, "x_coord": -73.811641, "y_coord": 18.074991, "adm3_name": "3e Section Trichet", "adm3_name1": "3e Section Trichet", "adm3_name2": null, "adm3_name3": null, "adm3_pcode": "HT0722-03", "adm2_name": "Saint Jean du Sud", "adm2_name1": "Saint Jean du Sud", "adm2_name2": "Sen Jan disid.", "adm2_name3": null, "adm2_pcode": "HT0722", "adm1_name": "South", "adm1_name1": "Sud", "adm1_name2": "Sid", "adm1_name3": null, "adm1_pcode": "HT07", "adm0_name": "Haiti", "adm0_name1": "Haïti", "adm0_name2": "Ayiti", "adm0_name3": null, "adm0_pcode": "HT", "valid_on": "2018-11-29", "valid_to": null, "version": "v01", "name_lng": "en", "name_lng1": "fr", "name_lng2": "ht", "name_lng3": null }, "geometry": { "type": "Point", "coordinates": [ -73.811640999999895, 18.074991001 ] } },
{ "type": "Feature", "properties": { "adm_p_lvl": 2, "name": "Aquin", "name_1": "Aquin", "name_2": "Aken", "name_3": null, "loc_pcode": null, "x_coord": -73.394446, "y_coord": 18.280901, "adm3_name": "3e Section Brodequin", "adm3_name1": "3e Section Brodequin", "adm3_name2": null, "adm3_name3": null, "adm3_pcode": "HT0731-03", "adm2_name": "Aquin", "adm2_name1": "Aquin", "adm2_name2": "Aken", "adm2_name3": null, "adm2_pcode": "HT0731", "adm1_name": "South", "adm1_name1": "Sud", "adm1_name2": "Sid", "adm1_name3": null, "adm1_pcode": "HT07", "adm0_name": "Haiti", "adm0_name1": "Haïti", "adm0_name2": "Ayiti", "adm0_name3": null, "adm0_pcode": "HT", "valid_on": "2018-11-29", "valid_to": null, "version": "v01", "name_lng": "en", "name_lng1": "fr", "name_lng2": "ht", "name_lng3": null }, "geometry": { "type": "Point", "coordinates": [ -73.394446, 18.280901000000142 ] } },
{ "type": "Feature", "properties": { "adm_p_lvl": 2, "name": "Cavaillon", "name_1": "Cavaillon", "name_2": "Kavayon", "name_3": null, "loc_pcode": null, "x_coord": -73.653698, "y_coord": 18.299604, "adm3_name": "2e Section Martineau", "adm3_name1": "2e Section Martineau", "adm3_name2": null, "adm3_name3": null, "adm3_pcode": "HT0733-02", "adm2_name": "Cavaillon", "adm2_name1": "Cavaillon", "adm2_name2": "Kavayon", "adm2_name3": null, "adm2_pcode": "HT0733", "adm1_name": "South", "adm1_name1": "Sud", "adm1_name2": "Sid", "adm1_name3": null, "adm1_pcode": "HT07", "adm0_name": "Haiti", "adm0_name1": "Haïti", "adm0_name2": "Ayiti", "adm0_name3": null, "adm0_pcode": "HT", "valid_on": "2018-11-29", "valid_to": null, "version": "v01", "name_lng": "en", "name_lng1": "fr", "name_lng2": "ht", "name_lng3": null }, "geometry": { "type": "Point", "coordinates": [ -73.653698, 18.299604 ] } },
{ "type": "Feature", "properties": { "adm_p_lvl": 2, "name": "Coteaux", "name_1": "Côteaux", "name_2": "Okoto", "name_3": null, "loc_pcode": null, "x_coord": -74.035974, "y_coord": 18.209058, "adm3_name": "2e Section Despas", "adm3_name1": "2e Section Despas", "adm3_name2": null, "adm3_name3": null, "adm3_pcode": "HT0741-02", "adm2_name": "Côteaux", "adm2_name1": "Côteaux", "adm2_name2": "Okoto", "adm2_name3": null, "adm2_pcode": "HT0741", "adm1_name": "South", "adm1_name1": "Sud", "adm1_name2": "Sid", "adm1_name3": null, "adm1_pcode": "HT07", "adm0_name": "Haiti", "adm0_name1": "Haïti", "adm0_name2": "Ayiti", "adm0_name3": null, "adm0_pcode": "HT", "valid_on": "2018-11-29", "valid_to": null, "version": "v01", "name_lng": "en", "name_lng1": "fr", "name_lng2": "ht", "name_lng3": null }, "geometry": { "type": "Point", "coordinates": [ -74.035973999999896, 18.209058 ] } },
{ "type": "Feature", "properties": { "adm_p_lvl": 2, "name": "Port-à-Piment", "name_1": "Port-à-Piment", "name_2": "Pòtapiman", "name_3": null, "loc_pcode": null, "x_coord": -74.096185, "y_coord": 18.25018, "adm3_name": "1re Section Paricot", "adm3_name1": "1re Section Paricot", "adm3_name2": null, "adm3_name3": null, "adm3_pcode": "HT0742-01", "adm2_name": "Port-à-Piment", "adm2_name1": "Port-à-Piment", "adm2_name2": "Pòtapiman", "adm2_name3": null, "adm2_pcode": "HT0742", "adm1_name": "South", "adm1_name1": "Sud", "adm1_name2": "Sid", "adm1_name3": null, "adm1_pcode": "HT07", "adm0_name": "Haiti", "adm0_name1": "Haïti", "adm0_name2": "Ayiti", "adm0_name3": null, "adm0_pcode": "HT", "valid_on": "2018-11-29", "valid_to": null, "version": "v01", "name_lng": "en", "name_lng1": "fr", "name_lng2": "ht", "name_lng3": null }, "geometry": { "type": "Point", "coordinates": [ -74.096184999999878, 18.25018 ] } },
{ "type": "Feature", "properties": { "adm_p_lvl": 2, "name": "Chardonnieres", "name_1": "Chardonnières", "name_2": "Chadonyè", "name_3": null, "loc_pcode": null, "x_coord": -74.162456, "y_coord": 18.274153, "adm3_name": "3e Section Bony", "adm3_name1": "3e Section Bony", "adm3_name2": null, "adm3_name3": null, "adm3_pcode": "HT0751-03", "adm2_name": "Chardonnieres", "adm2_name1": "Chardonnières", "adm2_name2": "Chadonyè", "adm2_name3": null, "adm2_pcode": "HT0751", "adm1_name": "South", "adm1_name1": "Sud", "adm1_name2": "Sid", "adm1_name3": null, "adm1_pcode": "HT07", "adm0_name": "Haiti", "adm0_name1": "Haïti", "adm0_name2": "Ayiti", "adm0_name3": null, "adm0_pcode": "HT", "valid_on": "2018-11-29", "valid_to": null, "version": "v01", "name_lng": "en", "name_lng1": "fr", "name_lng2": "ht", "name_lng3": null }, "geometry": { "type": "Point", "coordinates": [ -74.162456, 18.274153000000126 ] } },
{ "type": "Feature", "properties": { "adm_p_lvl": 2, "name": "Les Anglais", "name_1": "Les Anglais", "name_2": "Anglè yo", "name_3": null, "loc_pcode": null, "x_coord": -74.216984, "y_coord": 18.306194, "adm3_name": "3e Section Cosse", "adm3_name1": "3e Section Cosse", "adm3_name2": null, "adm3_name3": null, "adm3_pcode": "HT0752-03", "adm2_name": "Les Anglais", "adm2_name1": "Les Anglais", "adm2_name2": "Anglè yo", "adm2_name3": null, "adm2_pcode": "HT0752", "adm1_name": "South", "adm1_name1": "Sud", "adm1_name2": "Sid", "adm1_name3": null, "adm1_pcode": "HT07", "adm0_name": "Haiti", "adm0_name1": "Haïti", "adm0_name2": "Ayiti", "adm0_name3": null, "adm0_pcode": "HT", "valid_on": "2018-11-29", "valid_to": null, "version": "v01", "name_lng": "en", "name_lng1": "fr", "name_lng2": "ht", "name_lng3": null }, "geometry": { "type": "Point", "coordinates": [ -74.216984, 18.306194000000175 ] } },
{ "type": "Feature", "properties": { "adm_p_lvl": 2, "name": "Tiburon", "name_1": "Tiburon", "name_2": "Tibiwon", "name_3": null, "loc_pcode": null, "x_coord": -74.395922, "y_coord": 18.32673, "adm3_name": "3e Section Loby", "adm3_name1": "3e Section Loby", "adm3_name2": null, "adm3_name3": null, "adm3_pcode": "HT0753-03", "adm2_name": "Tiburon", "adm2_name1": "Tiburon", "adm2_name2": "Tibiwon", "adm2_name3": null, "adm2_pcode": "HT0753", "adm1_name": "South", "adm1_name1": "Sud", "adm1_name2": "Sid", "adm1_name3": null, "adm1_pcode": "HT07", "adm0_name": "Haiti", "adm0_name1": "Haïti", "adm0_name2": "Ayiti", "adm0_name3": null, "adm0_pcode": "HT", "valid_on": "2018-11-29", "valid_to": null, "version": "v01", "name_lng": "en", "name_lng1": "fr", "name_lng2": "ht", "name_lng3": null }, "geometry": { "type": "Point", "coordinates": [ -74.395922000999974, 18.32673 ] } },
{ "type": "Feature", "properties": { "adm_p_lvl": 1, "name": "Jeremie", "name_1": "Jérémie", "name_2": "Jeremi", "name_3": null, "loc_pcode": null, "x_coord": -74.113918, "y_coord": 18.644583, "adm3_name": "9e Section Fond Rouge Torbeck", "adm3_name1": "9e Section Fond Rouge Torbeck", "adm3_name2": null, "adm3_name3": null, "adm3_pcode": "HT0811-09", "adm2_name": "Jeremie", "adm2_name1": "Jérémie", "adm2_name2": "Jeremi", "adm2_name3": null, "adm2_pcode": "HT0811", "adm1_name": "Grande'Anse", "adm1_name1": "Grande'Anse", "adm1_name2": "Grandans", "adm1_name3": null, "adm1_pcode": "HT08", "adm0_name": "Haiti", "adm0_name1": "Haïti", "adm0_name2": "Ayiti", "adm0_name3": null, "adm0_pcode": "HT", "valid_on": "2018-11-29", "valid_to": null, "version": "v01", "name_lng": "en", "name_lng1": "fr", "name_lng2": "ht", "name_lng3": null }, "geometry": { "type": "Point", "coordinates": [ -74.113918, 18.644583000000182 ] } },
{ "type": "Feature", "properties": { "adm_p_lvl": 2, "name": "Abricots", "name_1": "Abricots", "name_2": "Abriko", "name_3": null, "loc_pcode": null, "x_coord": -74.30922, "y_coord": 18.648588, "adm3_name": "2e Section Balisiers", "adm3_name1": "2e Section Balisiers", "adm3_name2": null, "adm3_name3": null, "adm3_pcode": "HT0812-02", "adm2_name": "Abricots", "adm2_name1": "Abricots", "adm2_name2": "Abriko", "adm2_name3": null, "adm2_pcode": "HT0812", "adm1_name": "Grande'Anse", "adm1_name1": "Grande'Anse", "adm1_name2": "Grandans", "adm1_name3": null, "adm1_pcode": "HT08", "adm0_name": "Haiti", "adm0_name1": "Haïti", "adm0_name2": "Ayiti", "adm0_name3": null, "adm0_pcode": "HT", "valid_on": "2018-11-29", "valid_to": null, "version": "v01", "name_lng": "en", "name_lng1": "fr", "name_lng2": "ht", "name_lng3": null }, "geometry": { "type": "Point", "coordinates": [ -74.30922, 18.648588 ] } },
{ "type": "Feature", "properties": { "adm_p_lvl": 2, "name": "Moron", "name_1": "Moron", "name_2": "Mowon", "name_3": null, "loc_pcode": null, "x_coord": -74.258134, "y_coord": 18.560201, "adm3_name": "1re Section Anote ou 1re Tapion", "adm3_name1": "1re Section Anote ou 1re Tapion", "adm3_name2": null, "adm3_name3": null, "adm3_pcode": "HT0814-01", "adm2_name": "Moron", "adm2_name1": "Moron", "adm2_name2": "Mowon", "adm2_name3": null, "adm2_pcode": "HT0814", "adm1_name": "Grande'Anse", "adm1_name1": "Grande'Anse", "adm1_name2": "Grandans", "adm1_name3": null, "adm1_pcode": "HT08", "adm0_name": "Haiti", "adm0_name1": "Haïti", "adm0_name2": "Ayiti", "adm0_name3": null, "adm0_pcode": "HT", "valid_on": "2018-11-29", "valid_to": null, "version": "v01", "name_lng": "en", "name_lng1": "fr", "name_lng2": "ht", "name_lng3": null }, "geometry": { "type": "Point", "coordinates": [ -74.258134, 18.560201000000177 ] } },
{ "type": "Feature", "properties": { "adm_p_lvl": 2, "name": "Chambellan", "name_1": "Chambellan", "name_2": "Chanbelan", "name_3": null, "loc_pcode": null, "x_coord": -74.313407, "y_coord": 18.550606, "adm3_name": "1re Section Dejean", "adm3_name1": "1re Section Dejean", "adm3_name2": null, "adm3_name3": null, "adm3_pcode": "HT0815-01", "adm2_name": "Chambellan", "adm2_name1": "Chambellan", "adm2_name2": "Chanbelan", "adm2_name3": null, "adm2_pcode": "HT0815", "adm1_name": "Grande'Anse", "adm1_name1": "Grande'Anse", "adm1_name2": "Grandans", "adm1_name3": null, "adm1_pcode": "HT08", "adm0_name": "Haiti", "adm0_name1": "Haïti", "adm0_name2": "Ayiti", "adm0_name3": null, "adm0_pcode": "HT", "valid_on": "2018-11-29", "valid_to": null, "version": "v01", "name_lng": "en", "name_lng1": "fr", "name_lng2": "ht", "name_lng3": null }, "geometry": { "type": "Point", "coordinates": [ -74.313407, 18.55060600000013 ] } },
{ "type": "Feature", "properties": { "adm_p_lvl": 2, "name": "Anse d'Hainault", "name_1": "Anse d'Hainault", "name_2": "Ansdeno", "name_3": null, "loc_pcode": null, "x_coord": -74.451954, "y_coord": 18.485873, "adm3_name": "1re Section Grandoit", "adm3_name1": "1re Section Grandoit", "adm3_name2": null, "adm3_name3": null, "adm3_pcode": "HT0821-01", "adm2_name": "Anse d'Hainault", "adm2_name1": "Anse d'Hainault", "adm2_name2": "Ansdeno", "adm2_name3": null, "adm2_pcode": "HT0821", "adm1_name": "Grande'Anse", "adm1_name1": "Grande'Anse", "adm1_name2": "Grandans", "adm1_name3": null, "adm1_pcode": "HT08", "adm0_name": "Haiti", "adm0_name1": "Haïti", "adm0_name2": "Ayiti", "adm0_name3": null, "adm0_pcode": "HT", "valid_on": "2018-11-29", "valid_to": null, "version": "v01", "name_lng": "en", "name_lng1": "fr", "name_lng2": "ht", "name_lng3": null }, "geometry": { "type": "Point", "coordinates": [ -74.451953999999887, 18.485873 ] } },
{ "type": "Feature", "properties": { "adm_p_lvl": 2, "name": "Dame Marie", "name_1": "Dame Marie", "name_2": "Dam Mari", "name_3": null, "loc_pcode": null, "x_coord": -74.418985, "y_coord": 18.561306, "adm3_name": "3e Section Desormeau", "adm3_name1": "3e Section Desormeau", "adm3_name2": null, "adm3_name3": null, "adm3_pcode": "HT0822-03", "adm2_name": "Dame Marie", "adm2_name1": "Dame Marie", "adm2_name2": "Dam Mari", "adm2_name3": null, "adm2_pcode": "HT0822", "adm1_name": "Grande'Anse", "adm1_name1": "Grande'Anse", "adm1_name2": "Grandans", "adm1_name3": null, "adm1_pcode": "HT08", "adm0_name": "Haiti", "adm0_name1": "Haïti", "adm0_name2": "Ayiti", "adm0_name3": null, "adm0_pcode": "HT", "valid_on": "2018-11-29", "valid_to": null, "version": "v01", "name_lng": "en", "name_lng1": "fr", "name_lng2": "ht", "name_lng3": null }, "geometry": { "type": "Point", "coordinates": [ -74.418985, 18.561306000000116 ] } },
{ "type": "Feature", "properties": { "adm_p_lvl": 2, "name": "Les Irois", "name_1": "Les Irois", "name_2": "Lèziwa", "name_3": null, "loc_pcode": null, "x_coord": -74.452341, "y_coord": 18.403692, "adm3_name": "1re Section Matador (Jorgue)", "adm3_name1": "1re Section Matador (Jorgue)", "adm3_name2": null, "adm3_name3": null, "adm3_pcode": "HT0823-01", "adm2_name": "Les Irois", "adm2_name1": "Les Irois", "adm2_name2": "Lèziwa", "adm2_name3": null, "adm2_pcode": "HT0823", "adm1_name": "Grande'Anse", "adm1_name1": "Grande'Anse", "adm1_name2": "Grandans", "adm1_name3": null, "adm1_pcode": "HT08", "adm0_name": "Haiti", "adm0_name1": "Haïti", "adm0_name2": "Ayiti", "adm0_name3": null, "adm0_pcode": "HT", "valid_on": "2018-11-29", "valid_to": null, "version": "v01", "name_lng": "en", "name_lng1": "fr", "name_lng2": "ht", "name_lng3": null }, "geometry": { "type": "Point", "coordinates": [ -74.452341, 18.403692 ] } },
{ "type": "Feature", "properties": { "adm_p_lvl": 2, "name": "Corail", "name_1": "Corail", "name_2": "Koray", "name_3": null, "loc_pcode": null, "x_coord": -73.889269, "y_coord": 18.566961, "adm3_name": "1re Section Duquillon", "adm3_name1": "1re Section Duquillon", "adm3_name2": null, "adm3_name3": null, "adm3_pcode": "HT0831-01", "adm2_name": "Corail", "adm2_name1": "Corail", "adm2_name2": "Koray", "adm2_name3": null, "adm2_pcode": "HT0831", "adm1_name": "Grande'Anse", "adm1_name1": "Grande'Anse", "adm1_name2": "Grandans", "adm1_name3": null, "adm1_pcode": "HT08", "adm0_name": "Haiti", "adm0_name1": "Haïti", "adm0_name2": "Ayiti", "adm0_name3": null, "adm0_pcode": "HT", "valid_on": "2018-11-29", "valid_to": null, "version": "v01", "name_lng": "en", "name_lng1": "fr", "name_lng2": "ht", "name_lng3": null }, "geometry": { "type": "Point", "coordinates": [ -73.889269, 18.566960999000059 ] } },
{ "type": "Feature", "properties": { "adm_p_lvl": 2, "name": "Roseaux", "name_1": "Roseaux", "name_2": "Rozo", "name_3": null, "loc_pcode": null, "x_coord": -74.016827, "y_coord": 18.599154, "adm3_name": "4e Section les Gommiers", "adm3_name1": "4e Section les Gommiers", "adm3_name2": null, "adm3_name3": null, "adm3_pcode": "HT0832-04", "adm2_name": "Roseaux", "adm2_name1": "Roseaux", "adm2_name2": "Rozo", "adm2_name3": null, "adm2_pcode": "HT0832", "adm1_name": "Grande'Anse", "adm1_name1": "Grande'Anse", "adm1_name2": "Grandans", "adm1_name3": null, "adm1_pcode": "HT08", "adm0_name": "Haiti", "adm0_name1": "Haïti", "adm0_name2": "Ayiti", "adm0_name3": null, "adm0_pcode": "HT", "valid_on": "2018-11-29", "valid_to": null, "version": "v01", "name_lng": "en", "name_lng1": "fr", "name_lng2": "ht", "name_lng3": null }, "geometry": { "type": "Point", "coordinates": [ -74.016827, 18.599154000000169 ] } },
{ "type": "Feature", "properties": { "adm_p_lvl": 2, "name": "Beaumont", "name_1": "Beaumont", "name_2": "Bomon", "name_3": null, "loc_pcode": null, "x_coord": -73.957733, "y_coord": 18.478179, "adm3_name": "1re Section Beaumont\r\n1re  Section Beaumont\r\n", "adm3_name1": "1re Section Beaumont\r\n1re  Section Beaumont\r\n", "adm3_name2": null, "adm3_name3": null, "adm3_pcode": "HT0833-01", "adm2_name": "Beaumont", "adm2_name1": "Beaumont", "adm2_name2": "Bomon", "adm2_name3": null, "adm2_pcode": "HT0833", "adm1_name": "Grande'Anse", "adm1_name1": "Grande'Anse", "adm1_name2": "Grandans", "adm1_name3": null, "adm1_pcode": "HT08", "adm0_name": "Haiti", "adm0_name1": "Haïti", "adm0_name2": "Ayiti", "adm0_name3": null, "adm0_pcode": "HT", "valid_on": "2018-11-29", "valid_to": null, "version": "v01", "name_lng": "en", "name_lng1": "fr", "name_lng2": "ht", "name_lng3": null }, "geometry": { "type": "Point", "coordinates": [ -73.957733, 18.478179 ] } },
{ "type": "Feature", "properties": { "adm_p_lvl": 2, "name": "Pestel", "name_1": "Pestel", "name_2": "Pestèl", "name_3": null, "loc_pcode": null, "x_coord": -73.792061, "y_coord": 18.542127, "adm3_name": "2e Section Espere", "adm3_name1": "2e Section Espère", "adm3_name2": null, "adm3_name3": null, "adm3_pcode": "HT0834-02", "adm2_name": "Pestel", "adm2_name1": "Pestel", "adm2_name2": "Pestèl", "adm2_name3": null, "adm2_pcode": "HT0834", "adm1_name": "Grande'Anse", "adm1_name1": "Grande'Anse", "adm1_name2": "Grandans", "adm1_name3": null, "adm1_pcode": "HT08", "adm0_name": "Haiti", "adm0_name1": "Haïti", "adm0_name2": "Ayiti", "adm0_name3": null, "adm0_pcode": "HT", "valid_on": "2018-11-29", "valid_to": null, "version": "v01", "name_lng": "en", "name_lng1": "fr", "name_lng2": "ht", "name_lng3": null }, "geometry": { "type": "Point", "coordinates": [ -73.792060999999876, 18.542127 ] } },
{ "type": "Feature", "properties": { "adm_p_lvl": 1, "name": "Port-de-Paix", "name_1": "Port-de-Paix", "name_2": "Pòdpè", "name_3": null, "loc_pcode": null, "x_coord": -72.830813, "y_coord": 19.938985, "adm3_name": "3e Section Aubert", "adm3_name1": "3e Section Aubert", "adm3_name2": null, "adm3_name3": null, "adm3_pcode": "HT0911-03", "adm2_name": "Port-de-Paix", "adm2_name1": "Port-de-Paix", "adm2_name2": "Pòdpè", "adm2_name3": null, "adm2_pcode": "HT0911", "adm1_name": "Northwest", "adm1_name1": "Nord-Ouest", "adm1_name2": "Nòdwès", "adm1_name3": null, "adm1_pcode": "HT09", "adm0_name": "Haiti", "adm0_name1": "Haïti", "adm0_name2": "Ayiti", "adm0_name3": null, "adm0_pcode": "HT", "valid_on": "2018-11-29", "valid_to": null, "version": "v01", "name_lng": "en", "name_lng1": "fr", "name_lng2": "ht", "name_lng3": null }, "geometry": { "type": "Point", "coordinates": [ -72.830812999999864, 19.938985000000116 ] } },
{ "type": "Feature", "properties": { "adm_p_lvl": 2, "name": "La Tortue", "name_1": "La Tortue", "name_2": "Latòti", "name_3": null, "loc_pcode": null, "x_coord": -72.704766, "y_coord": 20.031845, "adm3_name": "1re Section Pointe des Oiseaux", "adm3_name1": "1re Section Pointe des Oiseaux", "adm3_name2": null, "adm3_name3": null, "adm3_pcode": "HT0912-01", "adm2_name": "La Tortue", "adm2_name1": "La Tortue", "adm2_name2": "Latòti", "adm2_name3": null, "adm2_pcode": "HT0912", "adm1_name": "Northwest", "adm1_name1": "Nord-Ouest", "adm1_name2": "Nòdwès", "adm1_name3": null, "adm1_pcode": "HT09", "adm0_name": "Haiti", "adm0_name1": "Haïti", "adm0_name2": "Ayiti", "adm0_name3": null, "adm0_pcode": "HT", "valid_on": "2018-11-29", "valid_to": null, "version": "v01", "name_lng": "en", "name_lng1": "fr", "name_lng2": "ht", "name_lng3": null }, "geometry": { "type": "Point", "coordinates": [ -72.70476599899996, 20.031845 ] } },
{ "type": "Feature", "properties": { "adm_p_lvl": 2, "name": "Bassin Bleu", "name_1": "Bassin Bleu", "name_2": "Basenble", "name_3": null, "loc_pcode": null, "x_coord": -72.799173, "y_coord": 19.780538, "adm3_name": "1re Section La Plate", "adm3_name1": "1re Section La Plate", "adm3_name2": null, "adm3_name3": null, "adm3_pcode": "HT0913-01", "adm2_name": "Bassin Bleu", "adm2_name1": "Bassin Bleu", "adm2_name2": "Basenble", "adm2_name3": null, "adm2_pcode": "HT0913", "adm1_name": "Northwest", "adm1_name1": "Nord-Ouest", "adm1_name2": "Nòdwès", "adm1_name3": null, "adm1_pcode": "HT09", "adm0_name": "Haiti", "adm0_name1": "Haïti", "adm0_name2": "Ayiti", "adm0_name3": null, "adm0_pcode": "HT", "valid_on": "2018-11-29", "valid_to": null, "version": "v01", "name_lng": "en", "name_lng1": "fr", "name_lng2": "ht", "name_lng3": null }, "geometry": { "type": "Point", "coordinates": [ -72.799173, 19.780538 ] } },
{ "type": "Feature", "properties": { "adm_p_lvl": 2, "name": "Baie de Henne", "name_1": "Baie de Henne", "name_2": "Bèdeyèn", "name_3": null, "loc_pcode": null, "x_coord": -73.209789, "y_coord": 19.663859, "adm3_name": "2e Section Dos d'Ane", "adm3_name1": "2e Section Dos d'Ane", "adm3_name2": null, "adm3_name3": null, "adm3_pcode": "HT0932-02", "adm2_name": "Baie de Henne", "adm2_name1": "Baie de Henne", "adm2_name2": "Bèdeyèn", "adm2_name3": null, "adm2_pcode": "HT0932", "adm1_name": "Northwest", "adm1_name1": "Nord-Ouest", "adm1_name2": "Nòdwès", "adm1_name3": null, "adm1_pcode": "HT09", "adm0_name": "Haiti", "adm0_name1": "Haïti", "adm0_name2": "Ayiti", "adm0_name3": null, "adm0_pcode": "HT", "valid_on": "2018-11-29", "valid_to": null, "version": "v01", "name_lng": "en", "name_lng1": "fr", "name_lng2": "ht", "name_lng3": null }, "geometry": { "type": "Point", "coordinates": [ -73.209789, 19.663859 ] } },
{ "type": "Feature", "properties": { "adm_p_lvl": 2, "name": "Bombardopolis", "name_1": "Bombardopolis", "name_2": "Bonbadopolis", "name_3": null, "loc_pcode": null, "x_coord": -73.3375, "y_coord": 19.69114, "adm3_name": "1re Section Plate Forme", "adm3_name1": "1re Section Plate Forme", "adm3_name2": null, "adm3_name3": null, "adm3_pcode": "HT0933-01", "adm2_name": "Bombardopolis", "adm2_name1": "Bombardopolis", "adm2_name2": "Bonbadopolis", "adm2_name3": null, "adm2_pcode": "HT0933", "adm1_name": "Northwest", "adm1_name1": "Nord-Ouest", "adm1_name2": "Nòdwès", "adm1_name3": null, "adm1_pcode": "HT09", "adm0_name": "Haiti", "adm0_name1": "Haïti", "adm0_name2": "Ayiti", "adm0_name3": null, "adm0_pcode": "HT", "valid_on": "2018-11-29", "valid_to": null, "version": "v01", "name_lng": "en", "name_lng1": "fr", "name_lng2": "ht", "name_lng3": null }, "geometry": { "type": "Point", "coordinates": [ -73.3375, 19.691140000000132 ] } },
{ "type": "Feature", "properties": { "adm_p_lvl": 1, "name": "Miragoane", "name_1": "Miragoâne", "name_2": "Miragwàn", "name_3": null, "loc_pcode": null, "x_coord": -73.088639, "y_coord": 18.444843, "adm3_name": "1re Section Chalon", "adm3_name1": "1re Section Chalon", "adm3_name2": null, "adm3_name3": null, "adm3_pcode": "HT1011-01", "adm2_name": "Miragoane", "adm2_name1": "Miragoâne", "adm2_name2": "Miragwàn", "adm2_name3": null, "adm2_pcode": "HT1011", "adm1_name": "Nipples", "adm1_name1": "Nippes", "adm1_name2": "Nip", "adm1_name3": null, "adm1_pcode": "HT10", "adm0_name": "Haiti", "adm0_name1": "Haïti", "adm0_name2": "Ayiti", "adm0_name3": null, "adm0_pcode": "HT", "valid_on": "2018-11-29", "valid_to": null, "version": "v01", "name_lng": "en", "name_lng1": "fr", "name_lng2": "ht", "name_lng3": null }, "geometry": { "type": "Point", "coordinates": [ -73.088639, 18.444843000000162 ] } },
{ "type": "Feature", "properties": { "adm_p_lvl": 2, "name": "Petite Riviere de Nippes", "name_1": "Petite Rivière de Nippes", "name_2": "Ti Rivyè Nip", "name_3": null, "loc_pcode": null, "x_coord": -73.241049, "y_coord": 18.475928, "adm3_name": "1re Section Fond des Lianes", "adm3_name1": "1re Section Fond des Lianes", "adm3_name2": null, "adm3_name3": null, "adm3_pcode": "HT1012-01", "adm2_name": "Petite Riviere de Nippes", "adm2_name1": "Petite Rivière de Nippes", "adm2_name2": "Ti Rivyè Nip", "adm2_name3": null, "adm2_pcode": "HT1012", "adm1_name": "Nipples", "adm1_name1": "Nippes", "adm1_name2": "Nip", "adm1_name3": null, "adm1_pcode": "HT10", "adm0_name": "Haiti", "adm0_name1": "Haïti", "adm0_name2": "Ayiti", "adm0_name3": null, "adm0_pcode": "HT", "valid_on": "2018-11-29", "valid_to": null, "version": "v01", "name_lng": "en", "name_lng1": "fr", "name_lng2": "ht", "name_lng3": null }, "geometry": { "type": "Point", "coordinates": [ -73.241049, 18.475928000000124 ] } },
{ "type": "Feature", "properties": { "adm_p_lvl": 2, "name": "Paillant", "name_1": "Paillant", "name_2": "Payan", "name_3": null, "loc_pcode": null, "x_coord": -73.143, "y_coord": 18.418411, "adm3_name": "2e Section Bezin II", "adm3_name1": "2e Section Bezin II", "adm3_name2": null, "adm3_name3": null, "adm3_pcode": "HT1014-02", "adm2_name": "Paillant", "adm2_name1": "Paillant", "adm2_name2": "Payan", "adm2_name3": null, "adm2_pcode": "HT1014", "adm1_name": "Nipples", "adm1_name1": "Nippes", "adm1_name2": "Nip", "adm1_name3": null, "adm1_pcode": "HT10", "adm0_name": "Haiti", "adm0_name1": "Haïti", "adm0_name2": "Ayiti", "adm0_name3": null, "adm0_pcode": "HT", "valid_on": "2018-11-29", "valid_to": null, "version": "v01", "name_lng": "en", "name_lng1": "fr", "name_lng2": "ht", "name_lng3": null }, "geometry": { "type": "Point", "coordinates": [ -73.143, 18.418411 ] } },
{ "type": "Feature", "properties": { "adm_p_lvl": 2, "name": "Petit Trou de Nippes", "name_1": "Petit Trou de Nippes", "name_2": "Ti Trou Nip", "name_3": null, "loc_pcode": null, "x_coord": -73.508086, "y_coord": 18.525965, "adm3_name": "1re Section Raymond", "adm3_name1": "1re Section Raymond", "adm3_name2": null, "adm3_name3": null, "adm3_pcode": "HT1022-01", "adm2_name": "Petit Trou de Nippes", "adm2_name1": "Petit Trou de Nippes", "adm2_name2": "Ti Trou Nip", "adm2_name3": null, "adm2_pcode": "HT1022", "adm1_name": "Nipples", "adm1_name1": "Nippes", "adm1_name2": "Nip", "adm1_name3": null, "adm1_pcode": "HT10", "adm0_name": "Haiti", "adm0_name1": "Haïti", "adm0_name2": "Ayiti", "adm0_name3": null, "adm0_pcode": "HT", "valid_on": "2018-11-29", "valid_to": null, "version": "v01", "name_lng": "en", "name_lng1": "fr", "name_lng2": "ht", "name_lng3": null }, "geometry": { "type": "Point", "coordinates": [ -73.508086, 18.525965 ] } },
{ "type": "Feature", "properties": { "adm_p_lvl": 2, "name": "L'Asile", "name_1": "L'Asile", "name_2": "Lazil", "name_3": null, "loc_pcode": null, "x_coord": -73.414436, "y_coord": 18.384409, "adm3_name": "1re Section l'Asile ou Nan Paul", "adm3_name1": "1re Section l'Asile ou Nan Paul", "adm3_name2": null, "adm3_name3": null, "adm3_pcode": "HT1023-03", "adm2_name": "L'Asile", "adm2_name1": "L'Asile", "adm2_name2": "Lazil", "adm2_name3": null, "adm2_pcode": "HT1023", "adm1_name": "Nipples", "adm1_name1": "Nippes", "adm1_name2": "Nip", "adm1_name3": null, "adm1_pcode": "HT10", "adm0_name": "Haiti", "adm0_name1": "Haïti", "adm0_name2": "Ayiti", "adm0_name3": null, "adm0_pcode": "HT", "valid_on": "2018-11-29", "valid_to": null, "version": "v01", "name_lng": "en", "name_lng1": "fr", "name_lng2": "ht", "name_lng3": null }, "geometry": { "type": "Point", "coordinates": [ -73.414435999999853, 18.384409 ] } },
{ "type": "Feature", "properties": { "adm_p_lvl": 2, "name": "Arnaud", "name_1": "Arnaud", "name_2": "Ano", "name_3": null, "loc_pcode": null, "x_coord": -73.388474, "y_coord": 18.447444, "adm3_name": "3e Section Arnaud (Morcou)", "adm3_name1": "3e Section Arnaud (Morcou)", "adm3_name2": null, "adm3_name3": null, "adm3_pcode": "HT1024-03", "adm2_name": "Arnaud", "adm2_name1": "Arnaud", "adm2_name2": "Ano", "adm2_name3": null, "adm2_pcode": "HT1024", "adm1_name": "Nipples", "adm1_name1": "Nippes", "adm1_name2": "Nip", "adm1_name3": null, "adm1_pcode": "HT10", "adm0_name": "Haiti", "adm0_name1": "Haïti", "adm0_name2": "Ayiti", "adm0_name3": null, "adm0_pcode": "HT", "valid_on": "2018-11-29", "valid_to": null, "version": "v01", "name_lng": "en", "name_lng1": "fr", "name_lng2": "ht", "name_lng3": null }, "geometry": { "type": "Point", "coordinates": [ -73.388474, 18.447444 ] } },
{ "type": "Feature", "properties": { "adm_p_lvl": 2, "name": "Plaisance du Sud", "name_1": "Plaisance du Sud", "name_2": "Plezans Disid", "name_3": null, "loc_pcode": null, "x_coord": -73.600826, "y_coord": 18.429452, "adm3_name": "1re Section Plaisance du Sud (ou ti Francois)", "adm3_name1": "1re Section Plaisance du Sud (ou ti François)", "adm3_name2": null, "adm3_name3": null, "adm3_pcode": "HT1025-01", "adm2_name": "Plaisance du Sud", "adm2_name1": "Plaisance du Sud", "adm2_name2": "Plezans Disid", "adm2_name3": null, "adm2_pcode": "HT1025", "adm1_name": "Nipples", "adm1_name1": "Nippes", "adm1_name2": "Nip", "adm1_name3": null, "adm1_pcode": "HT10", "adm0_name": "Haiti", "adm0_name1": "Haïti", "adm0_name2": "Ayiti", "adm0_name3": null, "adm0_pcode": "HT", "valid_on": "2018-11-29", "valid_to": null, "version": "v01", "name_lng": "en", "name_lng1": "fr", "name_lng2": "ht", "name_lng3": null }, "geometry": { "type": "Point", "coordinates": [ -73.600826, 18.429452 ] } },
{ "type": "Feature", "properties": { "adm_p_lvl": 2, "name": "Baraderes", "name_1": "Baradères", "name_2": "Baradè", "name_3": null, "loc_pcode": null, "x_coord": -73.638702, "y_coord": 18.482941, "adm3_name": "1re Section Gerin ou Mouton", "adm3_name1": "1re Section Gerin ou Mouton", "adm3_name2": null, "adm3_name3": null, "adm3_pcode": "HT1031-01", "adm2_name": "Baraderes", "adm2_name1": "Baradères", "adm2_name2": "Baradè", "adm2_name3": null, "adm2_pcode": "HT1031", "adm1_name": "Nipples", "adm1_name1": "Nippes", "adm1_name2": "Nip", "adm1_name3": null, "adm1_pcode": "HT10", "adm0_name": "Haiti", "adm0_name1": "Haïti", "adm0_name2": "Ayiti", "adm0_name3": null, "adm0_pcode": "HT", "valid_on": "2018-11-29", "valid_to": null, "version": "v01", "name_lng": "en", "name_lng1": "fr", "name_lng2": "ht", "name_lng3": null }, "geometry": { "type": "Point", "coordinates": [ -73.638702, 18.482941001000142 ] } },
{ "type": "Feature", "properties": { "adm_p_lvl": 2, "name": "Belle-Anse", "name_1": "Belle-Anse", "name_2": "Bèlans", "name_3": null, "loc_pcode": null, "x_coord": -72.06648122, "y_coord": 18.23784401, "adm3_name": "5e Section Bel Air", "adm3_name1": "5e Section Bel Air", "adm3_name2": null, "adm3_name3": null, "adm3_pcode": "HT0231-05", "adm2_name": "Belle-Anse", "adm2_name1": "Belle-Anse", "adm2_name2": "Bèlans", "adm2_name3": null, "adm2_pcode": "HT0231", "adm1_name": "Southeast", "adm1_name1": "Sud-Est", "adm1_name2": "Sidès", "adm1_name3": null, "adm1_pcode": "HT02", "adm0_name": "Haiti", "adm0_name1": "Haïti", "adm0_name2": "Ayiti", "adm0_name3": null, "adm0_pcode": "HT", "valid_on": "2018-11-29", "valid_to": null, "version": "v01", "name_lng": "en", "name_lng1": "fr", "name_lng2": "ht", "name_lng3": null }, "geometry": { "type": "Point", "coordinates": [ -72.066481217999979, 18.23784401000006 ] } },
{ "type": "Feature", "properties": { "adm_p_lvl": 2, "name": "Anse-à-Pitre", "name_1": "Anse-à-Pître", "name_2": "Ansapit", "name_3": null, "loc_pcode": null, "x_coord": -71.76231, "y_coord": 18.041972, "adm3_name": "1re Section Boucan Guillaume", "adm3_name1": "1re Section Boucan Guillaume", "adm3_name2": null, "adm3_name3": null, "adm3_pcode": "HT0234-01", "adm2_name": "Anse-a-Pître", "adm2_name1": "Anse-à-Pître", "adm2_name2": "Ansapit", "adm2_name3": null, "adm2_pcode": "HT0234", "adm1_name": "Southeast", "adm1_name1": "Sud-Est", "adm1_name2": "Sidès", "adm1_name3": null, "adm1_pcode": "HT02", "adm0_name": "Haiti", "adm0_name1": "Haïti", "adm0_name2": "Ayiti", "adm0_name3": null, "adm0_pcode": "HT", "valid_on": "2018-11-29", "valid_to": null, "version": "v01", "name_lng": "en", "name_lng1": "fr", "name_lng2": "ht", "name_lng3": null }, "geometry": { "type": "Point", "coordinates": [ -71.76231, 18.041972000000158 ] } },
{ "type": "Feature", "properties": { "adm_p_lvl": 2, "name": "Croix-Des-Bouquets", "name_1": "Croix-Des-Bouquets", "name_2": "Kwadèboukè", "name_3": null, "loc_pcode": null, "x_coord": -72.229622, "y_coord": 18.577544, "adm3_name": "2e Section des Varreux", "adm3_name1": "2e Section des Varreux", "adm3_name2": null, "adm3_name3": null, "adm3_pcode": "HT0131-02", "adm2_name": "Croix-Des-Bouquets", "adm2_name1": "Croix-Des-Bouquets", "adm2_name2": "Kwadèboukè", "adm2_name3": null, "adm2_pcode": "HT0131", "adm1_name": "West", "adm1_name1": "Ouest", "adm1_name2": "Lwès", "adm1_name3": null, "adm1_pcode": "HT01", "adm0_name": "Haiti", "adm0_name1": "Haïti", "adm0_name2": "Ayiti", "adm0_name3": null, "adm0_pcode": "HT", "valid_on": "2018-11-29", "valid_to": null, "version": "v01", "name_lng": "en", "name_lng1": "fr", "name_lng2": "ht", "name_lng3": null }, "geometry": { "type": "Point", "coordinates": [ -72.229622000999882, 18.577544 ] } },
{ "type": "Feature", "properties": { "adm_p_lvl": 2, "name": "Grande Saline", "name_1": "Grande Saline", "name_2": "Grand Salin", "name_3": null, "loc_pcode": null, "x_coord": -72.773793, "y_coord": 19.246059, "adm3_name": "1re Section Poteneau", "adm3_name1": "1re Section Poteneau", "adm3_name2": null, "adm3_name3": null, "adm3_pcode": "HT0543-01", "adm2_name": "Grande Saline", "adm2_name1": "Grande Saline", "adm2_name2": "Grand Salin", "adm2_name3": null, "adm2_pcode": "HT0543", "adm1_name": "Artibonite", "adm1_name1": "Artibonite", "adm1_name2": "Latibonit", "adm1_name3": null, "adm1_pcode": "HT05", "adm0_name": "Haiti", "adm0_name1": "Haïti", "adm0_name2": "Ayiti", "adm0_name3": null, "adm0_pcode": "HT", "valid_on": "2018-11-29", "valid_to": null, "version": "v01", "name_lng": "en", "name_lng1": "fr", "name_lng2": "ht", "name_lng3": null }, "geometry": { "type": "Point", "coordinates": [ -72.773792999999898, 19.246059000000116 ] } },
{ "type": "Feature", "properties": { "adm_p_lvl": 1, "name": "Gonaives", "name_1": "Gonaïves", "name_2": "Gonayiv", "name_3": null, "loc_pcode": null, "x_coord": -72.688434, "y_coord": 19.44606, "adm3_name": "1re Section Pont Tamarin", "adm3_name1": "1re Section Pont Tamarin", "adm3_name2": null, "adm3_name3": null, "adm3_pcode": "HT0511-01", "adm2_name": "Gonaives", "adm2_name1": "Gonaïves", "adm2_name2": "Gonayiv", "adm2_name3": null, "adm2_pcode": "HT0511", "adm1_name": "Artibonite", "adm1_name1": "Artibonite", "adm1_name2": "Latibonit", "adm1_name3": null, "adm1_pcode": "HT05", "adm0_name": "Haiti", "adm0_name1": "Haïti", "adm0_name2": "Ayiti", "adm0_name3": null, "adm0_pcode": "HT", "valid_on": "2018-11-29", "valid_to": null, "version": "v01", "name_lng": "en", "name_lng1": "fr", "name_lng2": "ht", "name_lng3": null }, "geometry": { "type": "Point", "coordinates": [ -72.688434000999905, 19.446060000000102 ] } },
{ "type": "Feature", "properties": { "adm_p_lvl": 2, "name": "Anse Rouge", "name_1": "Anse Rouge", "name_2": "Ans Rouj", "name_3": null, "loc_pcode": null, "x_coord": -73.055068, "y_coord": 19.632007, "adm3_name": "1re Section l'Arbre", "adm3_name1": "1re Section l'Arbre", "adm3_name2": null, "adm3_name3": null, "adm3_pcode": "HT0523-01", "adm2_name": "Anse Rouge", "adm2_name1": "Anse Rouge", "adm2_name2": "Ans Rouj", "adm2_name3": null, "adm2_pcode": "HT0523", "adm1_name": "Artibonite", "adm1_name1": "Artibonite", "adm1_name2": "Latibonit", "adm1_name3": null, "adm1_pcode": "HT05", "adm0_name": "Haiti", "adm0_name1": "Haïti", "adm0_name2": "Ayiti", "adm0_name3": null, "adm0_pcode": "HT", "valid_on": "2018-11-29", "valid_to": null, "version": "v01", "name_lng": "en", "name_lng1": "fr", "name_lng2": "ht", "name_lng3": null }, "geometry": { "type": "Point", "coordinates": [ -73.055068000999938, 19.632007 ] } },
{ "type": "Feature", "properties": { "adm_p_lvl": 2, "name": "Mole Saint Nicolas", "name_1": "Môle Saint Nicolas", "name_2": "Mòl Sen Nikola", "name_3": null, "loc_pcode": null, "x_coord": -73.377434, "y_coord": 19.807848, "adm3_name": "1re Section de Cotes de Fer", "adm3_name1": "1re Section de Cotes de Fer", "adm3_name2": null, "adm3_name3": null, "adm3_pcode": "HT0931-01", "adm2_name": "Mole Saint Nicolas", "adm2_name1": "Môle Saint Nicolas", "adm2_name2": "Mòl Sen Nikola", "adm2_name3": null, "adm2_pcode": "HT0931", "adm1_name": "Northwest", "adm1_name1": "Nord-Ouest", "adm1_name2": "Nòdwès", "adm1_name3": null, "adm1_pcode": "HT09", "adm0_name": "Haiti", "adm0_name1": "Haïti", "adm0_name2": "Ayiti", "adm0_name3": null, "adm0_pcode": "HT", "valid_on": "2018-11-29", "valid_to": null, "version": "v01", "name_lng": "en", "name_lng1": "fr", "name_lng2": "ht", "name_lng3": null }, "geometry": { "type": "Point", "coordinates": [ -73.377434, 19.807848 ] } },
{ "type": "Feature", "properties": { "adm_p_lvl": 2, "name": "Jean Rabel", "name_1": "Jean Rabel", "name_2": "Jan Rabèl", "name_3": null, "loc_pcode": null, "x_coord": -73.195431, "y_coord": 19.904591, "adm3_name": "3e Section Vieille Hatte", "adm3_name1": "3e Section Vieille Hatte", "adm3_name2": null, "adm3_name3": null, "adm3_pcode": "HT0934-03", "adm2_name": "Jean Rabel", "adm2_name1": "Jean Rabel", "adm2_name2": "Jan Rabèl", "adm2_name3": null, "adm2_pcode": "HT0934", "adm1_name": "Northwest", "adm1_name1": "Nord-Ouest", "adm1_name2": "Nòdwès", "adm1_name3": null, "adm1_pcode": "HT09", "adm0_name": "Haiti", "adm0_name1": "Haïti", "adm0_name2": "Ayiti", "adm0_name3": null, "adm0_pcode": "HT", "valid_on": "2018-11-29", "valid_to": null, "version": "v01", "name_lng": "en", "name_lng1": "fr", "name_lng2": "ht", "name_lng3": null }, "geometry": { "type": "Point", "coordinates": [ -73.195431, 19.904591 ] } },
{ "type": "Feature", "properties": { "adm_p_lvl": 2, "name": "Chamsolme", "name_1": "Chamsolme", "name_2": "Chansòlm", "name_3": null, "loc_pcode": null, "x_coord": -72.835938, "y_coord": 19.879587, "adm3_name": "1re Section Chansolme", "adm3_name1": "1re Section Chansolme", "adm3_name2": null, "adm3_name3": null, "adm3_pcode": "HT0914-01", "adm2_name": "Chamsolme", "adm2_name1": "Chamsolme", "adm2_name2": "Chansòlm", "adm2_name3": null, "adm2_pcode": "HT0914", "adm1_name": "Northwest", "adm1_name1": "Nord-Ouest", "adm1_name2": "Nòdwès", "adm1_name3": null, "adm1_pcode": "HT09", "adm0_name": "Haiti", "adm0_name1": "Haïti", "adm0_name2": "Ayiti", "adm0_name3": null, "adm0_pcode": "HT", "valid_on": "2018-11-29", "valid_to": null, "version": "v01", "name_lng": "en", "name_lng1": "fr", "name_lng2": "ht", "name_lng3": null }, "geometry": { "type": "Point", "coordinates": [ -72.835937999999885, 19.879587000000129 ] } },
{ "type": "Feature", "properties": { "adm_p_lvl": 2, "name": "Saint-Louis du Nord", "name_1": "Saint-Louis du Nord", "name_2": "Sen Lwi dinò", "name_3": null, "loc_pcode": null, "x_coord": -72.720909, "y_coord": 19.933366, "adm3_name": "2e Section Derourvay", "adm3_name1": "2e Section Derourvay", "adm3_name2": null, "adm3_name3": null, "adm3_pcode": "HT0921-02", "adm2_name": "Saint-Louis du Nord", "adm2_name1": "Saint-Louis du Nord", "adm2_name2": "Sen Lwi dinò", "adm2_name3": null, "adm2_pcode": "HT0921", "adm1_name": "Northwest", "adm1_name1": "Nord-Ouest", "adm1_name2": "Nòdwès", "adm1_name3": null, "adm1_pcode": "HT09", "adm0_name": "Haiti", "adm0_name1": "Haïti", "adm0_name2": "Ayiti", "adm0_name3": null, "adm0_pcode": "HT", "valid_on": "2018-11-29", "valid_to": null, "version": "v01", "name_lng": "en", "name_lng1": "fr", "name_lng2": "ht", "name_lng3": null }, "geometry": { "type": "Point", "coordinates": [ -72.720908999999892, 19.933366 ] } },
{ "type": "Feature", "properties": { "adm_p_lvl": 2, "name": "Anse-a-Foleur", "name_1": "Anse-à-Foleur", "name_2": "Ansafolè", "name_3": null, "loc_pcode": null, "x_coord": -72.619829, "y_coord": 19.892321, "adm3_name": "3e Section Cotes de Fer", "adm3_name1": "3e Section Cotes de Fer", "adm3_name2": null, "adm3_name3": null, "adm3_pcode": "HT0922-03", "adm2_name": "Anse-a-Foleur", "adm2_name1": "Anse-à-Foleur", "adm2_name2": "Ansafolè", "adm2_name3": null, "adm2_pcode": "HT0922", "adm1_name": "Northwest", "adm1_name1": "Nord-Ouest", "adm1_name2": "Nòdwès", "adm1_name3": null, "adm1_pcode": "HT09", "adm0_name": "Haiti", "adm0_name1": "Haïti", "adm0_name2": "Ayiti", "adm0_name3": null, "adm0_pcode": "HT", "valid_on": "2018-11-29", "valid_to": null, "version": "v01", "name_lng": "en", "name_lng1": "fr", "name_lng2": "ht", "name_lng3": null }, "geometry": { "type": "Point", "coordinates": [ -72.619829, 19.892321 ] } },
{ "type": "Feature", "properties": { "adm_p_lvl": 2, "name": "Borgne", "name_1": "Borgne", "name_2": "Bòn", "name_3": null, "loc_pcode": null, "x_coord": -72.522861, "y_coord": 19.845121, "adm3_name": "7e Section Cote de Feret Fond Lagrange", "adm3_name1": "7e Section Cote de Feret Fond Lagrange", "adm3_name2": null, "adm3_name3": null, "adm3_pcode": "HT0351-07", "adm2_name": "Borgne", "adm2_name1": "Borgne", "adm2_name2": "Bòn", "adm2_name3": null, "adm2_pcode": "HT0351", "adm1_name": "North", "adm1_name1": "Nord", "adm1_name2": "Nò", "adm1_name3": null, "adm1_pcode": "HT03", "adm0_name": "Haiti", "adm0_name1": "Haïti", "adm0_name2": "Ayiti", "adm0_name3": null, "adm0_pcode": "HT", "valid_on": "2018-11-29", "valid_to": null, "version": "v01", "name_lng": "en", "name_lng1": "fr", "name_lng2": "ht", "name_lng3": null }, "geometry": { "type": "Point", "coordinates": [ -72.522860999999864, 19.845121000000177 ] } },
{ "type": "Feature", "properties": { "adm_p_lvl": 2, "name": "Port-Margot", "name_1": "Port-Margot", "name_2": "Pòmago", "name_3": null, "loc_pcode": null, "x_coord": -72.429346, "y_coord": 19.751873, "adm3_name": "2e Section Bas Petit Borgne", "adm3_name1": "2e Section Bas Petit Borgne", "adm3_name2": null, "adm3_name3": null, "adm3_pcode": "HT0352-02", "adm2_name": "Port-Margot", "adm2_name1": "Port-Margot", "adm2_name2": "Pòmago", "adm2_name3": null, "adm2_pcode": "HT0352", "adm1_name": "North", "adm1_name1": "Nord", "adm1_name2": "Nò", "adm1_name3": null, "adm1_pcode": "HT03", "adm0_name": "Haiti", "adm0_name1": "Haïti", "adm0_name2": "Ayiti", "adm0_name3": null, "adm0_pcode": "HT", "valid_on": "2018-11-29", "valid_to": null, "version": "v01", "name_lng": "en", "name_lng1": "fr", "name_lng2": "ht", "name_lng3": null }, "geometry": { "type": "Point", "coordinates": [ -72.429346, 19.751873 ] } },
{ "type": "Feature", "properties": { "adm_p_lvl": 2, "name": "Bas Limbe", "name_1": "Bas Limbé", "name_2": "Ba Lenbe", "name_3": null, "loc_pcode": null, "x_coord": -72.38317, "y_coord": 19.770044, "adm3_name": "2e Section Petit Howars (la Fange)", "adm3_name1": "2e Section Petit Howars (la Fange)", "adm3_name2": null, "adm3_name3": null, "adm3_pcode": "HT0362-02", "adm2_name": "Bas Limbe", "adm2_name1": "Bas Limbé", "adm2_name2": "Ba Lenbe", "adm2_name3": null, "adm2_pcode": "HT0362", "adm1_name": "North", "adm1_name1": "Nord", "adm1_name2": "Nò", "adm1_name3": null, "adm1_pcode": "HT03", "adm0_name": "Haiti", "adm0_name1": "Haïti", "adm0_name2": "Ayiti", "adm0_name3": null, "adm0_pcode": "HT", "valid_on": "2018-11-29", "valid_to": null, "version": "v01", "name_lng": "en", "name_lng1": "fr", "name_lng2": "ht", "name_lng3": null }, "geometry": { "type": "Point", "coordinates": [ -72.383169999999893, 19.770044 ] } },
{ "type": "Feature", "properties": { "adm_p_lvl": 2, "name": "Trou du Nord", "name_1": "Trou du Nord", "name_2": "Twou dinò", "name_3": null, "loc_pcode": null, "x_coord": -72.024863, "y_coord": 19.616781, "adm3_name": "3e Section Roche Plate", "adm3_name1": "3e Section Roche Plate", "adm3_name2": null, "adm3_name3": null, "adm3_pcode": "HT0431-03", "adm2_name": "Trou du Nord", "adm2_name1": "Trou du Nord", "adm2_name2": "Twou dinò", "adm2_name3": null, "adm2_pcode": "HT0431", "adm1_name": "Northeast", "adm1_name1": "Nord-Est", "adm1_name2": "Nòdès", "adm1_name3": null, "adm1_pcode": "HT04", "adm0_name": "Haiti", "adm0_name1": "Haïti", "adm0_name2": "Ayiti", "adm0_name3": null, "adm0_pcode": "HT", "valid_on": "2018-11-29", "valid_to": null, "version": "v01", "name_lng": "en", "name_lng1": "fr", "name_lng2": "ht", "name_lng3": null }, "geometry": { "type": "Point", "coordinates": [ -72.024863, 19.616781 ] } },
{ "type": "Feature", "properties": { "adm_p_lvl": 2, "name": "Vallieres", "name_1": "Vallières", "name_2": "Valyè", "name_3": null, "loc_pcode": null, "x_coord": -71.910729, "y_coord": 19.434891, "adm3_name": "1re Section Trois Palmistes", "adm3_name1": "1re Section Trois Palmistes", "adm3_name2": null, "adm3_name3": null, "adm3_pcode": "HT0441-01", "adm2_name": "Vallieres", "adm2_name1": "Vallières", "adm2_name2": "Valyè", "adm2_name3": null, "adm2_pcode": "HT0441", "adm1_name": "Northeast", "adm1_name1": "Nord-Est", "adm1_name2": "Nòdès", "adm1_name3": null, "adm1_pcode": "HT04", "adm0_name": "Haiti", "adm0_name1": "Haïti", "adm0_name2": "Ayiti", "adm0_name3": null, "adm0_pcode": "HT", "valid_on": "2018-11-29", "valid_to": null, "version": "v01", "name_lng": "en", "name_lng1": "fr", "name_lng2": "ht", "name_lng3": null }, "geometry": { "type": "Point", "coordinates": [ -71.910729, 19.434891 ] } },
{ "type": "Feature", "properties": { "adm_p_lvl": 2, "name": "Cerca La Source", "name_1": "Cerca La Source", "name_2": "Sèka Lasous", "name_3": null, "loc_pcode": null, "x_coord": -71.79117, "y_coord": 19.165775, "adm3_name": "2e Section Acaj ou Brule No 1", "adm3_name1": "2e Section Acaj ou Brûle No 1", "adm3_name2": null, "adm3_name3": null, "adm3_pcode": "HT0641-02", "adm2_name": "Cerca La Source", "adm2_name1": "Cerca La Source", "adm2_name2": "Sèka Lasous", "adm2_name3": null, "adm2_pcode": "HT0641", "adm1_name": "Center", "adm1_name1": "Centre", "adm1_name2": "Sant", "adm1_name3": null, "adm1_pcode": "HT06", "adm0_name": "Haiti", "adm0_name1": "Haïti", "adm0_name2": "Ayiti", "adm0_name3": null, "adm0_pcode": "HT", "valid_on": "2018-11-29", "valid_to": null, "version": "v01", "name_lng": "en", "name_lng1": "fr", "name_lng2": "ht", "name_lng3": null }, "geometry": { "type": "Point", "coordinates": [ -71.791169999999852, 19.16577500000011 ] } },
{ "type": "Feature", "properties": { "adm_p_lvl": 2, "name": "Cornillon / Grand Bois", "name_1": "Cornillon / Grand Bois", "name_2": "Kòniyon / Gran Bwa", "name_3": null, "loc_pcode": null, "x_coord": -71.952105, "y_coord": 18.675231, "adm3_name": "2e Section Plaine Celeste", "adm3_name1": "2e Section Plaine Céleste", "adm3_name2": null, "adm3_name3": null, "adm3_pcode": "HT0134-02", "adm2_name": "Cornillon / Grand Bois", "adm2_name1": "Cornillon / Grand Bois", "adm2_name2": "Kòniyon / Gran Bwa", "adm2_name3": null, "adm2_pcode": "HT0134", "adm1_name": "West", "adm1_name1": "Ouest", "adm1_name2": "Lwès", "adm1_name3": null, "adm1_pcode": "HT01", "adm0_name": "Haiti", "adm0_name1": "Haïti", "adm0_name2": "Ayiti", "adm0_name3": null, "adm0_pcode": "HT", "valid_on": "2018-11-29", "valid_to": null, "version": "v01", "name_lng": "en", "name_lng1": "fr", "name_lng2": "ht", "name_lng3": null }, "geometry": { "type": "Point", "coordinates": [ -71.952105, 18.67523100000011 ] } },
{ "type": "Feature", "properties": { "adm_p_lvl": 2, "name": "Cayes-Jacmel", "name_1": "Cayes-Jacmel", "name_2": "Kay Jakmèl", "name_3": null, "loc_pcode": null, "x_coord": -72.396529, "y_coord": 18.231349, "adm3_name": "1re Section Ravine Normande", "adm3_name1": "1re Section Ravine Normande", "adm3_name2": null, "adm3_name3": null, "adm3_pcode": "HT0213-01", "adm2_name": "Cayes-Jacmel", "adm2_name1": "Cayes-Jacmel", "adm2_name2": "Kay Jakmèl", "adm2_name3": null, "adm2_pcode": "HT0213", "adm1_name": "Southeast", "adm1_name1": "Sud-Est", "adm1_name2": "Sidès", "adm1_name3": null, "adm1_pcode": "HT02", "adm0_name": "Haiti", "adm0_name1": "Haïti", "adm0_name2": "Ayiti", "adm0_name3": null, "adm0_pcode": "HT", "valid_on": "2018-11-29", "valid_to": null, "version": "v01", "name_lng": "en", "name_lng1": "fr", "name_lng2": "ht", "name_lng3": null }, "geometry": { "type": "Point", "coordinates": [ -72.396529, 18.231349001000126 ] } },
{ "type": "Feature", "properties": { "adm_p_lvl": 2, "name": "Grand-Goave", "name_1": "Grand-Goâve", "name_2": "Gran Gwav", "name_3": null, "loc_pcode": null, "x_coord": -72.768196, "y_coord": 18.428251, "adm3_name": "1re Section Tete-a-Boeuf", "adm3_name1": "1re Section Tête-à-Boeuf", "adm3_name2": null, "adm3_name3": null, "adm3_pcode": "HT0123-01", "adm2_name": "Grand-Goave", "adm2_name1": "Grand-Goâve", "adm2_name2": "Gran Gwav", "adm2_name3": null, "adm2_pcode": "HT0123", "adm1_name": "West", "adm1_name1": "Ouest", "adm1_name2": "Lwès", "adm1_name3": null, "adm1_pcode": "HT01", "adm0_name": "Haiti", "adm0_name1": "Haïti", "adm0_name2": "Ayiti", "adm0_name3": null, "adm0_pcode": "HT", "valid_on": "2018-11-29", "valid_to": null, "version": "v01", "name_lng": "en", "name_lng1": "fr", "name_lng2": "ht", "name_lng3": null }, "geometry": { "type": "Point", "coordinates": [ -72.768196, 18.428251000000103 ] } },
{ "type": "Feature", "properties": { "adm_p_lvl": 2, "name": "Cotes de Fer", "name_1": "Côtes de Fer", "name_2": "Kòtdefè", "name_3": null, "loc_pcode": null, "x_coord": -73.003592, "y_coord": 18.18912, "adm3_name": "6e Section Jamais Vu", "adm3_name1": "6e Section Jamais Vu", "adm3_name2": null, "adm3_name3": null, "adm3_pcode": "HT0222-06", "adm2_name": "Cotes de Fer", "adm2_name1": "Côtes de Fer", "adm2_name2": "Kòtdefè", "adm2_name3": null, "adm2_pcode": "HT0222", "adm1_name": "Southeast", "adm1_name1": "Sud-Est", "adm1_name2": "Sidès", "adm1_name3": null, "adm1_pcode": "HT02", "adm0_name": "Haiti", "adm0_name1": "Haïti", "adm0_name2": "Ayiti", "adm0_name3": null, "adm0_pcode": "HT", "valid_on": "2018-11-29", "valid_to": null, "version": "v01", "name_lng": "en", "name_lng1": "fr", "name_lng2": "ht", "name_lng3": null }, "geometry": { "type": "Point", "coordinates": [ -73.003592, 18.189119999000184 ] } },
{ "type": "Feature", "properties": { "adm_p_lvl": 2, "name": "Fonds des Negres", "name_1": "Fonds des Nègres", "name_2": "Fon dènèg", "name_3": null, "loc_pcode": null, "x_coord": -73.241126, "y_coord": 18.358776, "adm3_name": "2e Section Fond-des-Negres ou Morne Brice", "adm3_name1": "2e Section Fond-des-Nègres ou Morne Brice", "adm3_name2": null, "adm3_name3": null, "adm3_pcode": "HT1013-02", "adm2_name": "Fonds des Negres", "adm2_name1": "Fonds des Nègres", "adm2_name2": "Fon dènèg", "adm2_name3": null, "adm2_pcode": "HT1013", "adm1_name": "Nipples", "adm1_name1": "Nippes", "adm1_name2": "Nip", "adm1_name3": null, "adm1_pcode": "HT10", "adm0_name": "Haiti", "adm0_name1": "Haïti", "adm0_name2": "Ayiti", "adm0_name3": null, "adm0_pcode": "HT", "valid_on": "2018-11-29", "valid_to": null, "version": "v01", "name_lng": "en", "name_lng1": "fr", "name_lng2": "ht", "name_lng3": null }, "geometry": { "type": "Point", "coordinates": [ -73.241126, 18.358776001000081 ] } },
{ "type": "Feature", "properties": { "adm_p_lvl": 2, "name": "Anse-a-Veau", "name_1": "Anse-à-Veau", "name_2": "Ansavo", "name_3": null, "loc_pcode": null, "x_coord": -73.345276, "y_coord": 18.503487, "adm3_name": "2e Section Grande-Riviere-Joly", "adm3_name1": "2e Section Grande-Rivière-Joly", "adm3_name2": null, "adm3_name3": null, "adm3_pcode": "HT1021-02", "adm2_name": "Anse-a-Veau", "adm2_name1": "Anse-à-Veau", "adm2_name2": "Ansavo", "adm2_name3": null, "adm2_pcode": "HT1021", "adm1_name": "Nipples", "adm1_name1": "Nippes", "adm1_name2": "Nip", "adm1_name3": null, "adm1_pcode": "HT10", "adm0_name": "Haiti", "adm0_name1": "Haïti", "adm0_name2": "Ayiti", "adm0_name3": null, "adm0_pcode": "HT", "valid_on": "2018-11-29", "valid_to": null, "version": "v01", "name_lng": "en", "name_lng1": "fr", "name_lng2": "ht", "name_lng3": null }, "geometry": { "type": "Point", "coordinates": [ -73.345276, 18.503487 ] } },
{ "type": "Feature", "properties": { "adm_p_lvl": 2, "name": "Saint Louis du Sud", "name_1": "Saint Louis du Sud", "name_2": "Sen Lwi disid", "name_3": null, "loc_pcode": null, "x_coord": -73.546094, "y_coord": 18.262467, "adm3_name": "2e Section Baie Dumesle", "adm3_name1": "2e Section Baie Dumesle", "adm3_name2": null, "adm3_name3": null, "adm3_pcode": "HT0732-02", "adm2_name": "Saint Louis du Sud", "adm2_name1": "Saint Louis du Sud", "adm2_name2": "Sen Lwi disid", "adm2_name3": null, "adm2_pcode": "HT0732", "adm1_name": "South", "adm1_name1": "Sud", "adm1_name2": "Sid", "adm1_name3": null, "adm1_pcode": "HT07", "adm0_name": "Haiti", "adm0_name1": "Haïti", "adm0_name2": "Ayiti", "adm0_name3": null, "adm0_pcode": "HT", "valid_on": "2018-11-29", "valid_to": null, "version": "v01", "name_lng": "en", "name_lng1": "fr", "name_lng2": "ht", "name_lng3": null }, "geometry": { "type": "Point", "coordinates": [ -73.546094, 18.262467 ] } },
{ "type": "Feature", "properties": { "adm_p_lvl": 2, "name": "Grand-Boucan", "name_1": "Grand-Boucan", "name_2": "Gran Boukan", "name_3": null, "loc_pcode": null, "x_coord": -73.591826, "y_coord": 18.554313, "adm3_name": "1re Section Grand-Boucan", "adm3_name1": "1re Section Grand-Boucan", "adm3_name2": null, "adm3_name3": null, "adm3_pcode": "HT1032-01", "adm2_name": "Grand-Boucan", "adm2_name1": "Grand-Boucan", "adm2_name2": "Gran Boukan", "adm2_name3": null, "adm2_pcode": "HT1032", "adm1_name": "Nipples", "adm1_name1": "Nippes", "adm1_name2": "Nip", "adm1_name3": null, "adm1_pcode": "HT10", "adm0_name": "Haiti", "adm0_name1": "Haïti", "adm0_name2": "Ayiti", "adm0_name3": null, "adm0_pcode": "HT", "valid_on": "2018-11-29", "valid_to": null, "version": "v01", "name_lng": "en", "name_lng1": "fr", "name_lng2": "ht", "name_lng3": null }, "geometry": { "type": "Point", "coordinates": [ -73.591826, 18.554313 ] } },
{ "type": "Feature", "properties": { "adm_p_lvl": 2, "name": "Port-Salut", "name_1": "Port-Salut", "name_2": "Pò Sali", "name_3": null, "loc_pcode": null, "x_coord": -73.918135, "y_coord": 18.076771, "adm3_name": "1re Section Barbois", "adm3_name1": "1re Section Barbois", "adm3_name2": null, "adm3_name3": null, "adm3_pcode": "HT0721-01", "adm2_name": "Port-Salut", "adm2_name1": "Port-Salut", "adm2_name2": "Pò Sali", "adm2_name3": null, "adm2_pcode": "HT0721", "adm1_name": "South", "adm1_name1": "Sud", "adm1_name2": "Sid", "adm1_name3": null, "adm1_pcode": "HT07", "adm0_name": "Haiti", "adm0_name1": "Haïti", "adm0_name2": "Ayiti", "adm0_name3": null, "adm0_pcode": "HT", "valid_on": "2018-11-29", "valid_to": null, "version": "v01", "name_lng": "en", "name_lng1": "fr", "name_lng2": "ht", "name_lng3": null }, "geometry": { "type": "Point", "coordinates": [ -73.918134998999903, 18.076771000000122 ] } },
{ "type": "Feature", "properties": { "adm_p_lvl": 2, "name": "Roche a Bateau", "name_1": "Roche à Bâteau", "name_2": "Ròcha Bato", "name_3": null, "loc_pcode": null, "x_coord": -74.003094, "y_coord": 18.181762, "adm3_name": "2e Section Renaudin", "adm3_name1": "2e Section Renaudin", "adm3_name2": null, "adm3_name3": null, "adm3_pcode": "HT0743-02", "adm2_name": "Roche a Bateau", "adm2_name1": "Roche à Bâteau", "adm2_name2": "Ròcha Bato", "adm2_name3": null, "adm2_pcode": "HT0743", "adm1_name": "South", "adm1_name1": "Sud", "adm1_name2": "Sid", "adm1_name3": null, "adm1_pcode": "HT07", "adm0_name": "Haiti", "adm0_name1": "Haïti", "adm0_name2": "Ayiti", "adm0_name3": null, "adm0_pcode": "HT", "valid_on": "2018-11-29", "valid_to": null, "version": "v01", "name_lng": "en", "name_lng1": "fr", "name_lng2": "ht", "name_lng3": null }, "geometry": { "type": "Point", "coordinates": [ -74.003094, 18.181762 ] } },
{ "type": "Feature", "properties": { "adm_p_lvl": 2, "name": "Trou Bonbon", "name_1": "Trou Bonbon", "name_2": "Trou Bonbon", "name_3": null, "loc_pcode": null, "x_coord": -74.244401, "y_coord": 18.665623, "adm3_name": "1re Section Desormeau ou Bonbon", "adm3_name1": "1re Section Desormeau ou Bonbon", "adm3_name2": null, "adm3_name3": null, "adm3_pcode": "HT0813-01", "adm2_name": "Trou Bonbon", "adm2_name1": "Trou Bonbon", "adm2_name2": "Trou Bonbon", "adm2_name3": null, "adm2_pcode": "HT0813", "adm1_name": "Grande'Anse", "adm1_name1": "Grande'Anse", "adm1_name2": "Grandans", "adm1_name3": null, "adm1_pcode": "HT08", "adm0_name": "Haiti", "adm0_name1": "Haïti", "adm0_name2": "Ayiti", "adm0_name3": null, "adm0_pcode": "HT", "valid_on": "2018-11-29", "valid_to": null, "version": "v01", "name_lng": "en", "name_lng1": "fr", "name_lng2": "ht", "name_lng3": null }, "geometry": { "type": "Point", "coordinates": [ -74.244401, 18.665623 ] } },
{ "type": "Feature", "properties": { "adm_p_lvl": 2, "name": "Saint-Michel de l'Attalaye", "name_1": "Saint-Michel de l'Attalaye", "name_2": "Sen Michèl Latalay", "name_3": null, "loc_pcode": null, "x_coord": -72.333213, "y_coord": 19.374027, "adm3_name": "3e Section Bas de Sault", "adm3_name1": "3e Section Bas de Sault", "adm3_name2": null, "adm3_name3": null, "adm3_pcode": "HT0551-03", "adm2_name": "Saint-Michel de l'Attalaye", "adm2_name1": "Saint-Michel de l'Attalaye", "adm2_name2": "Sen Michèl Latalay", "adm2_name3": null, "adm2_pcode": "HT0551", "adm1_name": "Artibonite", "adm1_name1": "Artibonite", "adm1_name2": "Latibonit", "adm1_name3": null, "adm1_pcode": "HT05", "adm0_name": "Haiti", "adm0_name1": "Haïti", "adm0_name2": "Ayiti", "adm0_name3": null, "adm0_pcode": "HT", "valid_on": "2018-11-29", "valid_to": null, "version": "v01", "name_lng": "en", "name_lng1": "fr", "name_lng2": "ht", "name_lng3": null }, "geometry": { "type": "Point", "coordinates": [ -72.333213, 19.374027 ] } },
{ "type": "Feature", "properties": { "adm_p_lvl": 2, "name": "Petite Riviere de l'Artibonite", "name_1": "Petite Rivière de l'Artibonite", "name_2": "Ti Rivyè Latibonit", "name_3": null, "loc_pcode": null, "x_coord": -72.479981, "y_coord": 19.122983, "adm3_name": "3e Section Labady", "adm3_name1": "3e Section Labady", "adm3_name2": null, "adm3_name3": null, "adm3_pcode": "HT0542-03", "adm2_name": "Petite Riviere de l'Artibonite", "adm2_name1": "Petite Rivière de l'Artibonite", "adm2_name2": "Ti Rivyè Latibonit", "adm2_name3": null, "adm2_pcode": "HT0542", "adm1_name": "Artibonite", "adm1_name1": "Artibonite", "adm1_name2": "Latibonit", "adm1_name3": null, "adm1_pcode": "HT05", "adm0_name": "Haiti", "adm0_name1": "Haïti", "adm0_name2": "Ayiti", "adm0_name3": null, "adm0_pcode": "HT", "valid_on": "2018-11-29", "valid_to": null, "version": "v01", "name_lng": "en", "name_lng1": "fr", "name_lng2": "ht", "name_lng3": null }, "geometry": { "type": "Point", "coordinates": [ -72.479981000999942, 19.122983 ] } },
{ "type": "Feature", "properties": { "adm_p_lvl": 2, "name": "Grande Riviere Du Nord", "name_1": "Grande Rivière Du Nord", "name_2": "Grann Rivyè dinò", "name_3": null, "loc_pcode": null, "x_coord": -72.169346, "y_coord": 19.577821, "adm3_name": "6e Section Cormiers", "adm3_name1": "6e Section Cormiers", "adm3_name2": null, "adm3_name3": null, "adm3_pcode": "HT0331-06", "adm2_name": "Grande Riviere Du Nord", "adm2_name1": "Grande Riviere Du Nord", "adm2_name2": "Grann Rivyè dinò", "adm2_name3": null, "adm2_pcode": "HT0331", "adm1_name": "North", "adm1_name1": "Nord", "adm1_name2": "Nò", "adm1_name3": null, "adm1_pcode": "HT03", "adm0_name": "Haiti", "adm0_name1": "Haïti", "adm0_name2": "Ayiti", "adm0_name3": null, "adm0_pcode": "HT", "valid_on": "2018-11-29", "valid_to": null, "version": "v01", "name_lng": "en", "name_lng1": "fr", "name_lng2": "ht", "name_lng3": null }, "geometry": { "type": "Point", "coordinates": [ -72.169346, 19.577821001000132 ] } },
{ "type": "Feature", "properties": { "adm_p_lvl": 2, "name": "Pointe a Raquettes", "name_1": "Pointe à Raquettes", "name_2": "Pwent a Rakèt", "name_3": null, "loc_pcode": null, "x_coord": -73.060524, "y_coord": 18.784963, "adm3_name": "3e Section Trou Louis", "adm3_name1": "3e Section Trou Louis", "adm3_name2": null, "adm3_name3": null, "adm3_pcode": "HT0152-04", "adm2_name": "Pointe a Raquettes", "adm2_name1": "Pointe a Raquettes", "adm2_name2": "Pwent a Rakèt", "adm2_name3": null, "adm2_pcode": "HT0152", "adm1_name": "West", "adm1_name1": "Ouest", "adm1_name2": "Lwès", "adm1_name3": null, "adm1_pcode": "HT01", "adm0_name": "Haiti", "adm0_name1": "Haïti", "adm0_name2": "Ayiti", "adm0_name3": null, "adm0_pcode": "HT", "valid_on": "2018-11-29", "valid_to": null, "version": "v01", "name_lng": "en", "name_lng1": "fr", "name_lng2": "ht", "name_lng3": null }, "geometry": { "type": "Point", "coordinates": [ -73.060524, 18.784963 ] } },
{ "type": "Feature", "properties": { "adm_p_lvl": 2, "name": "Anse a Galets", "name_1": "Anse à Galets", "name_2": "Ansa galè ", "name_3": null, "loc_pcode": null, "x_coord": -72.864686, "y_coord": 18.834515, "adm3_name": "2e Section Petite Source", "adm3_name1": "2e Section Petite Source", "adm3_name2": null, "adm3_name3": null, "adm3_pcode": "HT0151-02", "adm2_name": "Anse a Galets", "adm2_name1": "Anse à Galets", "adm2_name2": "Ansa galè ", "adm2_name3": null, "adm2_pcode": "HT0151", "adm1_name": "West", "adm1_name1": "Ouest", "adm1_name2": "Lwès", "adm1_name3": null, "adm1_pcode": "HT01", "adm0_name": "Haiti", "adm0_name1": "Haïti", "adm0_name2": "Ayiti", "adm0_name3": null, "adm0_pcode": "HT", "valid_on": "2018-11-29", "valid_to": null, "version": "v01", "name_lng": "en", "name_lng1": "fr", "name_lng2": "ht", "name_lng3": null }, "geometry": { "type": "Point", "coordinates": [ -72.864686, 18.834515000000181 ] } },
{ "type": "Feature", "properties": { "adm_p_lvl": 2, "name": "Ile a Vache", "name_1": "Île à Vache", "name_2": "Ilavach", "name_3": null, "loc_pcode": null, "x_coord": -73.653215, "y_coord": 18.084432, "adm3_name": "1re Section Ile a Vache", "adm3_name1": "1re Section Île à Vache", "adm3_name2": null, "adm3_name3": null, "adm3_pcode": "HT0716-01", "adm2_name": "Ile a Vache", "adm2_name1": "Île à Vache", "adm2_name2": "Ilavach", "adm2_name3": null, "adm2_pcode": "HT0716", "adm1_name": "South", "adm1_name1": "Sud", "adm1_name2": "Sid", "adm1_name3": null, "adm1_pcode": "HT07", "adm0_name": "Haiti", "adm0_name1": "Haïti", "adm0_name2": "Ayiti", "adm0_name3": null, "adm0_pcode": "HT", "valid_on": "2018-11-29", "valid_to": null, "version": "v01", "name_lng": "en", "name_lng1": "fr", "name_lng2": "ht", "name_lng3": null }, "geometry": { "type": "Point", "coordinates": [ -73.653214999999875, 18.084431999000117 ] } },
{ "type": "Feature", "properties": { "adm_p_lvl": 2, "name": "Grand Gosier", "name_1": "Grand Gosier", "name_2": "Gran Gozye", "name_3": null, "loc_pcode": null, "x_coord": -71.92097128, "y_coord": 18.18742009, "adm3_name": "1re Section Colline des Chenes ou Bodarie", "adm3_name1": "1re Section Colline des Chênes ou Bodarie", "adm3_name2": null, "adm3_name3": null, "adm3_pcode": "HT0232-01", "adm2_name": "Grand Gosier", "adm2_name1": "Grand Gosier", "adm2_name2": "Gran Gozye", "adm2_name3": null, "adm2_pcode": "HT0232", "adm1_name": "Southeast", "adm1_name1": "Sud-Est", "adm1_name2": "Sidès", "adm1_name3": null, "adm1_pcode": "HT02", "adm0_name": "Haiti", "adm0_name1": "Haïti", "adm0_name2": "Ayiti", "adm0_name3": null, "adm0_pcode": "HT", "valid_on": "2018-11-29", "valid_to": null, "version": "v01", "name_lng": "en", "name_lng1": "fr", "name_lng2": "ht", "name_lng3": null }, "geometry": { "type": "Point", "coordinates": [ -71.920971276999978, 18.187420093000185 ] } },
{ "type": "Feature", "properties": { "adm_p_lvl": 2, "name": "Petion-Ville", "name_1": "Pétion-Ville", "name_2": "Petyonvil", "name_3": null, "loc_pcode": null, "x_coord": -72.286021, "y_coord": 18.513218, "adm3_name": "5e Section Bellevue Chardonniere", "adm3_name1": "5e Section Bellevue Chardonnière", "adm3_name2": null, "adm3_name3": null, "adm3_pcode": "HT0114-05", "adm2_name": "Petion-Ville", "adm2_name1": "Pétion-Ville", "adm2_name2": "Petyonvil", "adm2_name3": null, "adm2_pcode": "HT0114", "adm1_name": "West", "adm1_name1": "Ouest", "adm1_name2": "Lwès", "adm1_name3": null, "adm1_pcode": "HT01", "adm0_name": "Haiti", "adm0_name1": "Haïti", "adm0_name2": "Ayiti", "adm0_name3": null, "adm0_pcode": "HT", "valid_on": "2018-11-29", "valid_to": null, "version": "v01", "name_lng": "en", "name_lng1": "fr", "name_lng2": "ht", "name_lng3": null }, "geometry": { "type": "Point", "coordinates": [ -72.286021, 18.513218000000165 ] } },
{ "type": "Feature", "properties": { "adm_p_lvl": 2, "name": "La Vallee", "name_1": "La Vallée", "name_2": "Lavale", "name_3": null, "loc_pcode": null, "x_coord": -72.66632733, "y_coord": 18.26909763, "adm3_name": "1re Section La Vallee de Jacmel ou Muzac", "adm3_name1": "1re Section La Vallee de Jacmel ou Muzac", "adm3_name2": null, "adm3_name3": null, "adm3_pcode": "HT0214-01", "adm2_name": "La Vallee", "adm2_name1": "La Vallée", "adm2_name2": "Lavale", "adm2_name3": null, "adm2_pcode": "HT0214", "adm1_name": "Southeast", "adm1_name1": "Sud-Est", "adm1_name2": "Sidès", "adm1_name3": null, "adm1_pcode": "HT02", "adm0_name": "Haiti", "adm0_name1": "Haïti", "adm0_name2": "Ayiti", "adm0_name3": null, "adm0_pcode": "HT", "valid_on": "2018-11-29", "valid_to": null, "version": "v01", "name_lng": "en", "name_lng1": "fr", "name_lng2": "ht", "name_lng3": null }, "geometry": { "type": "Point", "coordinates": [ -72.666327325999987, 18.2690976290001 ] } },
{ "type": "Feature", "properties": { "adm_p_lvl": 2, "name": "Arniquet", "name_1": "Arniquet", "name_2": "Anikè", "name_3": null, "loc_pcode": null, "x_coord": -73.87663551, "y_coord": 18.14975929, "adm3_name": "3e Section d'Arniquet", "adm3_name1": "3e Section d'Arniquet", "adm3_name2": null, "adm3_name3": null, "adm3_pcode": "HT0723-03", "adm2_name": "Arniquet", "adm2_name1": "Arniquet", "adm2_name2": "Anikè", "adm2_name3": null, "adm2_pcode": "HT0723", "adm1_name": "South", "adm1_name1": "Sud", "adm1_name2": "Sid", "adm1_name3": null, "adm1_pcode": "HT07", "adm0_name": "Haiti", "adm0_name1": "Haïti", "adm0_name2": "Ayiti", "adm0_name3": null, "adm0_pcode": "HT", "valid_on": "2018-11-29", "valid_to": null, "version": "v01", "name_lng": "en", "name_lng1": "fr", "name_lng2": "ht", "name_lng3": null }, "geometry": { "type": "Point", "coordinates": [ -73.876635507999936, 18.149759294000148 ] } }
]
}
