{
"type": "FeatureCollection",
"name": "paup_schools",
"crs": { "type": "name", "properties": { "name": "urn:ogc:def:crs:OGC:1.3:CRS84" } },
"features": [
{ "type": "Feature", "properties": { "name": "Institution Mixte Fondation Solides", "name:en": null, "amenity": "school", "building": null, "operator:type": null, "capacity:persons": null, "addr:full": null, "addr:city": null, "source": null, "name:fr": "Institution Mixte Fondation Solides", "name:ht": null, "osm_id": 5032187922, "osm_type": "nodes" }, "geometry": { "type": "Point", "coordinates": [ -72.3433526, 18.5213743 ] } },
{ "type": "Feature", "properties": { "name": "Caprose", "name:en": null, "amenity": "college", "building": null, "operator:type": null, "capacity:persons": null, "addr:full": null, "addr:city": null, "source": null, "name:fr": "CAPROSE", "name:ht": null, "osm_id": 5032187932, "osm_type": "nodes" }, "geometry": { "type": "Point", "coordinates": [ -72.3418951, 18.5214952 ] } },
{ "type": "Feature", "properties": { "name": "Centre Professionnel Du Rédempteur", "name:en": null, "amenity": "college", "building": null, "operator:type": null, "capacity:persons": null, "addr:full": null, "addr:city": null, "source": null, "name:fr": "Centre Professionnel du Rédempteur", "name:ht": null, "osm_id": 5032185923, "osm_type": "nodes" }, "geometry": { "type": "Point", "coordinates": [ -72.3433446, 18.5216147 ] } },
{ "type": "Feature", "properties": { "name": "Ecole Presbyterale De Saint Jean", "name:en": null, "amenity": "school", "building": null, "operator:type": "private_non_profit", "capacity:persons": null, "addr:full": "morne l'hopital ,Rue saint jude 8e section martissant(pap/ht)", "addr:city": "port-au-prince", "source": "hot_iom_cosmha", "name:fr": null, "name:ht": null, "osm_id": 1171105030, "osm_type": "nodes" }, "geometry": { "type": "Point", "coordinates": [ -72.3617169, 18.5069216 ] } },
{ "type": "Feature", "properties": { "name": "Institution Mixte Supra De Frere Auguste", "name:en": null, "amenity": "school", "building": null, "operator:type": "private_for_profit", "capacity:persons": null, "addr:full": null, "addr:city": null, "source": "CNIGS/OIM/ FOCS", "name:fr": null, "name:ht": null, "osm_id": 802082100, "osm_type": "nodes" }, "geometry": { "type": "Point", "coordinates": [ -72.3659859, 18.5173735 ] } },
{ "type": "Feature", "properties": { "name": "College Mixte Du Bon Berger", "name:en": null, "amenity": "school", "building": null, "operator:type": null, "capacity:persons": null, "addr:full": null, "addr:city": null, "source": "CNIGS/OIM/ FOCS", "name:fr": null, "name:ht": null, "osm_id": 802682749, "osm_type": "nodes" }, "geometry": { "type": "Point", "coordinates": [ -72.3608342, 18.5185813 ] } },
{ "type": "Feature", "properties": { "name": "Institution Mixte Lumière", "name:en": null, "amenity": "school", "building": null, "operator:type": "private_for_profit", "capacity:persons": null, "addr:full": null, "addr:city": null, "source": "CNIGS/OIM/ FOCS", "name:fr": null, "name:ht": null, "osm_id": 802082112, "osm_type": "nodes" }, "geometry": { "type": "Point", "coordinates": [ -72.3687898, 18.5189257 ] } },
{ "type": "Feature", "properties": { "name": "Ecole Just Fr.Gregoire", "name:en": null, "amenity": "school", "building": null, "operator:type": null, "capacity:persons": null, "addr:full": null, "addr:city": null, "source": "survey", "name:fr": null, "name:ht": null, "osm_id": 2555838535, "osm_type": "nodes" }, "geometry": { "type": "Point", "coordinates": [ -72.3503897, 18.5197919 ] } },
{ "type": "Feature", "properties": { "name": "Ecole Communataire", "name:en": null, "amenity": "school", "building": null, "operator:type": null, "capacity:persons": null, "addr:full": null, "addr:city": null, "source": "survey", "name:fr": null, "name:ht": null, "osm_id": 2555833839, "osm_type": "nodes" }, "geometry": { "type": "Point", "coordinates": [ -72.3509181, 18.5205081 ] } },
{ "type": "Feature", "properties": { "name": "Ecole Mixte Emedh", "name:en": null, "amenity": "school", "building": null, "operator:type": null, "capacity:persons": null, "addr:full": null, "addr:city": null, "source": "CNIGS/OIM/FOCS", "name:fr": null, "name:ht": null, "osm_id": 802682945, "osm_type": "nodes" }, "geometry": { "type": "Point", "coordinates": [ -72.3610045, 18.5211345 ] } },
{ "type": "Feature", "properties": { "name": "Ecole La Nouvel Elliance", "name:en": null, "amenity": "school", "building": null, "operator:type": null, "capacity:persons": null, "addr:full": null, "addr:city": null, "source": "survey", "name:fr": null, "name:ht": null, "osm_id": 2555819512, "osm_type": "nodes" }, "geometry": { "type": "Point", "coordinates": [ -72.3558902, 18.5217719 ] } },
{ "type": "Feature", "properties": { "name": "Institution Mixte De Le Me", "name:en": null, "amenity": "school", "building": null, "operator:type": null, "capacity:persons": null, "addr:full": null, "addr:city": null, "source": "survey", "name:fr": null, "name:ht": null, "osm_id": 2555833853, "osm_type": "nodes" }, "geometry": { "type": "Point", "coordinates": [ -72.3552968, 18.5234423 ] } },
{ "type": "Feature", "properties": { "name": "College Inter Familial De Fontamara", "name:en": null, "amenity": "school", "building": null, "operator:type": null, "capacity:persons": null, "addr:full": null, "addr:city": null, "source": "CNIGS/OIM/ FOCS", "name:fr": null, "name:ht": null, "osm_id": 802682657, "osm_type": "nodes" }, "geometry": { "type": "Point", "coordinates": [ -72.3642851, 18.5234627 ] } },
{ "type": "Feature", "properties": { "name": "Séminaire De Théologie De Port-Au-Prince (Step)", "name:en": null, "amenity": "school", "building": null, "operator:type": null, "capacity:persons": null, "addr:full": null, "addr:city": null, "source": null, "name:fr": null, "name:ht": null, "osm_id": 613530599, "osm_type": "nodes" }, "geometry": { "type": "Point", "coordinates": [ -72.3516697, 18.5244141 ] } },
{ "type": "Feature", "properties": { "name": "Ecole Memorial", "name:en": null, "amenity": "school", "building": null, "operator:type": null, "capacity:persons": null, "addr:full": null, "addr:city": null, "source": "survey", "name:fr": null, "name:ht": null, "osm_id": 2555833845, "osm_type": "nodes" }, "geometry": { "type": "Point", "coordinates": [ -72.3548082, 18.5246565 ] } },
{ "type": "Feature", "properties": { "name": "Ecole Mixed Simeon", "name:en": null, "amenity": "school", "building": null, "operator:type": null, "capacity:persons": null, "addr:full": null, "addr:city": null, "source": null, "name:fr": null, "name:ht": null, "osm_id": 2555833848, "osm_type": "nodes" }, "geometry": { "type": "Point", "coordinates": [ -72.3562669, 18.5247608 ] } },
{ "type": "Feature", "properties": { "name": "Institution Mixte De Carrefour-Feuille", "name:en": null, "amenity": "school", "building": null, "operator:type": "private_for_profit", "capacity:persons": null, "addr:full": null, "addr:city": null, "source": null, "name:fr": null, "name:ht": null, "osm_id": 902735409, "osm_type": "nodes" }, "geometry": { "type": "Point", "coordinates": [ -72.3422812, 18.5228088 ] } },
{ "type": "Feature", "properties": { "name": "Ecole Professionnel", "name:en": null, "amenity": "college", "building": null, "operator:type": null, "capacity:persons": null, "addr:full": null, "addr:city": null, "source": null, "name:fr": "Ecole Professionnel", "name:ht": null, "osm_id": 5032187931, "osm_type": "nodes" }, "geometry": { "type": "Point", "coordinates": [ -72.3408538, 18.5230127 ] } },
{ "type": "Feature", "properties": { "name": "Institution Mixte Les Abeilles", "name:en": null, "amenity": "school", "building": null, "operator:type": "private_for_profit", "capacity:persons": null, "addr:full": null, "addr:city": null, "source": "CNIGS/OIM/ FOCS; Red Cross Field Survey", "name:fr": null, "name:ht": null, "osm_id": 883253429, "osm_type": "nodes" }, "geometry": { "type": "Point", "coordinates": [ -72.3399182, 18.5232065 ] } },
{ "type": "Feature", "properties": { "name": "Ecole Mixte Enfants De La Grace", "name:en": null, "amenity": "school", "building": null, "operator:type": null, "capacity:persons": null, "addr:full": null, "addr:city": null, "source": "Red Cross Field Survey", "name:fr": null, "name:ht": null, "osm_id": 4975993635, "osm_type": "nodes" }, "geometry": { "type": "Point", "coordinates": [ -72.3375618, 18.5232099 ] } },
{ "type": "Feature", "properties": { "name": "Séminaire Biblique", "name:en": null, "amenity": "college", "building": null, "operator:type": null, "capacity:persons": null, "addr:full": null, "addr:city": null, "source": null, "name:fr": "Séminaire Biblique", "name:ht": null, "osm_id": 5032185936, "osm_type": "nodes" }, "geometry": { "type": "Point", "coordinates": [ -72.3407931, 18.5233041 ] } },
{ "type": "Feature", "properties": { "name": "Eden'S School", "name:en": null, "amenity": "school", "building": null, "operator:type": null, "capacity:persons": null, "addr:full": null, "addr:city": null, "source": null, "name:fr": "Eden's School", "name:ht": null, "osm_id": 5032160530, "osm_type": "nodes" }, "geometry": { "type": "Point", "coordinates": [ -72.3407217, 18.5233942 ] } },
{ "type": "Feature", "properties": { "name": "Ecole Primaire", "name:en": null, "amenity": "school", "building": null, "operator:type": null, "capacity:persons": null, "addr:full": null, "addr:city": null, "source": null, "name:fr": "Ecole Primaire", "name:ht": null, "osm_id": 5032185938, "osm_type": "nodes" }, "geometry": { "type": "Point", "coordinates": [ -72.3436487, 18.5236616 ] } },
{ "type": "Feature", "properties": { "name": "Institution Mixte Pau Paul", "name:en": null, "amenity": "school", "building": null, "operator:type": "private_for_profit", "capacity:persons": null, "addr:full": null, "addr:city": null, "source": null, "name:fr": null, "name:ht": null, "osm_id": 902735399, "osm_type": "nodes" }, "geometry": { "type": "Point", "coordinates": [ -72.3413141, 18.5237401 ] } },
{ "type": "Feature", "properties": { "name": "Lycée National De Carrefour-Feuilles", "name:en": null, "amenity": "school", "building": null, "operator:type": "government_facility-public", "capacity:persons": null, "addr:full": "Rue Tunel#38,7e section(port-au-prince/haiti)", "addr:city": "port-au-prince", "source": "hot_iom_cosmha", "name:fr": null, "name:ht": null, "osm_id": 1170905410, "osm_type": "nodes" }, "geometry": { "type": "Point", "coordinates": [ -72.3390007, 18.5238962 ] } },
{ "type": "Feature", "properties": { "name": "Nan", "name:en": null, "amenity": "school", "building": null, "operator:type": null, "capacity:persons": null, "addr:full": null, "addr:city": null, "source": null, "name:fr": null, "name:ht": null, "osm_id": 5743933021, "osm_type": "nodes" }, "geometry": { "type": "Point", "coordinates": [ -72.3394675, 18.5239318 ] } },
{ "type": "Feature", "properties": { "name": "Le Train Des Petits", "name:en": null, "amenity": "school", "building": null, "operator:type": "private_for_profit", "capacity:persons": null, "addr:full": null, "addr:city": null, "source": "CNIGS/OIM/ FOCS", "name:fr": null, "name:ht": null, "osm_id": 3804504844, "osm_type": "nodes" }, "geometry": { "type": "Point", "coordinates": [ -72.3392692, 18.5240163 ] } },
{ "type": "Feature", "properties": { "name": "Ecole Nationale Callisthènes Fouchard", "name:en": null, "amenity": "school", "building": null, "operator:type": null, "capacity:persons": null, "addr:full": null, "addr:city": null, "source": "Red Cross Field Survey", "name:fr": null, "name:ht": null, "osm_id": 4975993710, "osm_type": "nodes" }, "geometry": { "type": "Point", "coordinates": [ -72.3397887, 18.5240453 ] } },
{ "type": "Feature", "properties": { "name": "Institution Chrétienne Mixte Pierre Harry Oska", "name:en": null, "amenity": "school", "building": null, "operator:type": null, "capacity:persons": null, "addr:full": null, "addr:city": null, "source": "Red Cross Field Survey", "name:fr": null, "name:ht": null, "osm_id": 4975993626, "osm_type": "nodes" }, "geometry": { "type": "Point", "coordinates": [ -72.3354395, 18.5240517 ] } },
{ "type": "Feature", "properties": { "name": "Lycée National De Carrefour-Feuilles", "name:en": null, "amenity": "school", "building": null, "operator:type": "public no for profit", "capacity:persons": null, "addr:full": null, "addr:city": null, "source": "CNIGS/OIM/ FOCS; Red Cross Field Survey", "name:fr": null, "name:ht": null, "osm_id": 883253021, "osm_type": "nodes" }, "geometry": { "type": "Point", "coordinates": [ -72.3396742, 18.524055 ] } },
{ "type": "Feature", "properties": { "name": "École Communautaire Gérald Brisson", "name:en": null, "amenity": "school", "building": null, "operator:type": "private_non_profit", "capacity:persons": null, "addr:full": null, "addr:city": "p-au-p", "source": "iom_cosmha; Red Cross Field Survey", "name:fr": null, "name:ht": null, "osm_id": 1395083442, "osm_type": "nodes" }, "geometry": { "type": "Point", "coordinates": [ -72.3333703, 18.5241591 ] } },
{ "type": "Feature", "properties": { "name": "Ecole Mixte Capois", "name:en": null, "amenity": "school", "building": null, "operator:type": "private_for_profit", "capacity:persons": null, "addr:full": null, "addr:city": null, "source": null, "name:fr": null, "name:ht": null, "osm_id": 902735400, "osm_type": "nodes" }, "geometry": { "type": "Point", "coordinates": [ -72.3430645, 18.5243519 ] } },
{ "type": "Feature", "properties": { "name": "Les Abeilles", "name:en": null, "amenity": "school", "building": null, "operator:type": null, "capacity:persons": null, "addr:full": null, "addr:city": null, "source": null, "name:fr": "Les Abeilles", "name:ht": null, "osm_id": 5032187928, "osm_type": "nodes" }, "geometry": { "type": "Point", "coordinates": [ -72.3401692, 18.5243758 ] } },
{ "type": "Feature", "properties": { "name": "Jaden Lakay", "name:en": null, "amenity": "school", "building": null, "operator:type": "private_for_profit", "capacity:persons": null, "addr:full": null, "addr:city": null, "source": null, "name:fr": null, "name:ht": null, "osm_id": 902735404, "osm_type": "nodes" }, "geometry": { "type": "Point", "coordinates": [ -72.340863, 18.5245017 ] } },
{ "type": "Feature", "properties": { "name": "École Communautaire Cemeah", "name:en": null, "amenity": "school", "building": null, "operator:type": "public no for profit", "capacity:persons": null, "addr:full": null, "addr:city": null, "source": "CNIGS/OIM/ FOCS; Red Cross Field Survey", "name:fr": null, "name:ht": null, "osm_id": 883253353, "osm_type": "nodes" }, "geometry": { "type": "Point", "coordinates": [ -72.3348576, 18.524864 ] } },
{ "type": "Feature", "properties": { "name": "Institution Mixte Du Cad", "name:en": null, "amenity": "school", "building": null, "operator:type": null, "capacity:persons": null, "addr:full": null, "addr:city": null, "source": "Red Cross Field Survey", "name:fr": null, "name:ht": null, "osm_id": 4726235177, "osm_type": "nodes" }, "geometry": { "type": "Point", "coordinates": [ -72.335364, 18.5251944 ] } },
{ "type": "Feature", "properties": { "name": "Ecole Marie Magdalene", "name:en": null, "amenity": "school", "building": null, "operator:type": null, "capacity:persons": null, "addr:full": null, "addr:city": null, "source": "survey", "name:fr": null, "name:ht": null, "osm_id": 2555833842, "osm_type": "nodes" }, "geometry": { "type": "Point", "coordinates": [ -72.3549471, 18.5248911 ] } },
{ "type": "Feature", "properties": { "name": "Institution Mixte De L'Avenir", "name:en": null, "amenity": "school", "building": null, "operator:type": "private", "capacity:persons": null, "addr:full": null, "addr:city": null, "source": "survey", "name:fr": null, "name:ht": null, "osm_id": 2462182739, "osm_type": "nodes" }, "geometry": { "type": "Point", "coordinates": [ -72.348203, 18.5250191 ] } },
{ "type": "Feature", "properties": { "name": "Lycée Jacques Roumain De Grand Ravine", "name:en": null, "amenity": "school", "building": null, "operator:type": null, "capacity:persons": null, "addr:full": null, "addr:city": "port-au-prince", "source": "hot_cosmha_iom", "name:fr": null, "name:ht": null, "osm_id": 1217951330, "osm_type": "nodes" }, "geometry": { "type": "Point", "coordinates": [ -72.3564909, 18.5255781 ] } },
{ "type": "Feature", "properties": { "name": "Institution Mixte Frere", "name:en": null, "amenity": "school", "building": null, "operator:type": null, "capacity:persons": null, "addr:full": null, "addr:city": null, "source": "survey", "name:fr": null, "name:ht": null, "osm_id": 2555833850, "osm_type": "nodes" }, "geometry": { "type": "Point", "coordinates": [ -72.3563813, 18.5258916 ] } },
{ "type": "Feature", "properties": { "name": "Institution Mixte Évangélique Pêcheur D'Homme", "name:en": null, "amenity": "school", "building": null, "operator:type": null, "capacity:persons": null, "addr:full": null, "addr:city": null, "source": "CNIGS/OIM/ FOCS", "name:fr": null, "name:ht": null, "osm_id": 802682974, "osm_type": "nodes" }, "geometry": { "type": "Point", "coordinates": [ -72.357824, 18.5259585 ] } },
{ "type": "Feature", "properties": { "name": "École Municipale De Fort Mercredi", "name:en": null, "amenity": "school", "building": null, "operator:type": "private_for_profit", "capacity:persons": null, "addr:full": "Rte Fort Mercredi a l'entree du fort 8e section martissant(pap/ht)", "addr:city": "port-au-prince", "source": "hot_iom_cosmha; Red Cross Field Survey", "name:fr": null, "name:ht": null, "osm_id": 1171105110, "osm_type": "nodes" }, "geometry": { "type": "Point", "coordinates": [ -72.3508604, 18.5263048 ] } },
{ "type": "Feature", "properties": { "name": "Collège Thales Milet", "name:en": null, "amenity": "school", "building": null, "operator:type": "private_for_profit", "capacity:persons": null, "addr:full": null, "addr:city": null, "source": "CNIGS/OIM/ FOCS", "name:fr": null, "name:ht": null, "osm_id": 910968203, "osm_type": "nodes" }, "geometry": { "type": "Point", "coordinates": [ -72.3467471, 18.5266697 ] } },
{ "type": "Feature", "properties": { "name": "Ecole Jehova Tsidkeu", "name:en": null, "amenity": "school", "building": null, "operator:type": null, "capacity:persons": null, "addr:full": null, "addr:city": null, "source": "Red Cross Field Survey", "name:fr": null, "name:ht": null, "osm_id": 4975993622, "osm_type": "nodes" }, "geometry": { "type": "Point", "coordinates": [ -72.3332602, 18.5260017 ] } },
{ "type": "Feature", "properties": { "name": "Institution Mixte Nouvelle Jerusalem", "name:en": null, "amenity": "school", "building": null, "operator:type": null, "capacity:persons": null, "addr:full": null, "addr:city": null, "source": "Red Cross Field Survey", "name:fr": null, "name:ht": null, "osm_id": 1944515198, "osm_type": "nodes" }, "geometry": { "type": "Point", "coordinates": [ -72.3342867, 18.5263276 ] } },
{ "type": "Feature", "properties": { "name": "Institution Les Papillons De Freres Andre", "name:en": null, "amenity": "school", "building": null, "operator:type": "private_for_profit", "capacity:persons": null, "addr:full": null, "addr:city": null, "source": "CNIGS/OIM/ FOCS", "name:fr": null, "name:ht": null, "osm_id": 910968348, "osm_type": "nodes" }, "geometry": { "type": "Point", "coordinates": [ -72.3411079, 18.5275162 ] } },
{ "type": "Feature", "properties": { "name": "Institution Mixte Les Papillons", "name:en": null, "amenity": "school", "building": null, "operator:type": "private_for_profit", "capacity:persons": null, "addr:full": null, "addr:city": null, "source": null, "name:fr": null, "name:ht": null, "osm_id": 902735406, "osm_type": "nodes" }, "geometry": { "type": "Point", "coordinates": [ -72.3412884, 18.5275307 ] } },
{ "type": "Feature", "properties": { "name": "Jardin D'Esther", "name:en": null, "amenity": "school", "building": null, "operator:type": null, "capacity:persons": null, "addr:full": null, "addr:city": null, "source": "Red Cross Field Survey", "name:fr": null, "name:ht": null, "osm_id": 4975993627, "osm_type": "nodes" }, "geometry": { "type": "Point", "coordinates": [ -72.3347636, 18.5275651 ] } },
{ "type": "Feature", "properties": { "name": "Village Des Petits Prince", "name:en": null, "amenity": "school", "building": null, "operator:type": null, "capacity:persons": null, "addr:full": null, "addr:city": null, "source": "Red Cross Field Survey", "name:fr": null, "name:ht": null, "osm_id": 4975993623, "osm_type": "nodes" }, "geometry": { "type": "Point", "coordinates": [ -72.3402467, 18.5275836 ] } },
{ "type": "Feature", "properties": { "name": "College Mixte Freres Unis", "name:en": null, "amenity": "school", "building": null, "operator:type": "private_for_profit", "capacity:persons": null, "addr:full": null, "addr:city": null, "source": "CNIGS/OIM/ FOCS", "name:fr": null, "name:ht": null, "osm_id": 910968362, "osm_type": "nodes" }, "geometry": { "type": "Point", "coordinates": [ -72.3412533, 18.5277927 ] } },
{ "type": "Feature", "properties": { "name": "Rose Enfantine", "name:en": null, "amenity": "school", "building": null, "operator:type": "private_for_profit", "capacity:persons": null, "addr:full": null, "addr:city": null, "source": "CNIGS/OIM/ FOCS; Red Cross Field Survey", "name:fr": null, "name:ht": null, "osm_id": 883253867, "osm_type": "nodes" }, "geometry": { "type": "Point", "coordinates": [ -72.3381409, 18.527882 ] } },
{ "type": "Feature", "properties": { "name": "Institution Mixte Sopine", "name:en": null, "amenity": "school", "building": null, "operator:type": "private_for_profit", "capacity:persons": null, "addr:full": null, "addr:city": null, "source": "CNIGS/OIM/ FOCS", "name:fr": null, "name:ht": null, "osm_id": 910968378, "osm_type": "nodes" }, "geometry": { "type": "Point", "coordinates": [ -72.341932, 18.5279232 ] } },
{ "type": "Feature", "properties": { "name": "College Nouvelle Et Professionnelle De Fontamara", "name:en": null, "amenity": "school", "building": null, "operator:type": "private_for_profit", "capacity:persons": null, "addr:full": null, "addr:city": null, "source": null, "name:fr": null, "name:ht": null, "osm_id": 806830996, "osm_type": "nodes" }, "geometry": { "type": "Point", "coordinates": [ -72.3693077, 18.5276629 ] } },
{ "type": "Feature", "properties": { "name": "Institution Mixte Shekina", "name:en": null, "amenity": "school", "building": null, "operator:type": "private_for_profit", "capacity:persons": null, "addr:full": null, "addr:city": null, "source": "CNIGS/OIM/FOCS", "name:fr": null, "name:ht": null, "osm_id": 803854157, "osm_type": "nodes" }, "geometry": { "type": "Point", "coordinates": [ -72.3681417, 18.5287582 ] } },
{ "type": "Feature", "properties": { "name": "College Petion Salvin", "name:en": null, "amenity": "school", "building": null, "operator:type": "private_for_profit", "capacity:persons": null, "addr:full": null, "addr:city": null, "source": "CNIGS/OIM/FOCS", "name:fr": null, "name:ht": null, "osm_id": 803854958, "osm_type": "nodes" }, "geometry": { "type": "Point", "coordinates": [ -72.3681808, 18.5290785 ] } },
{ "type": "Feature", "properties": { "name": "Nan", "name:en": null, "amenity": "school", "building": null, "operator:type": "local_ngo", "capacity:persons": null, "addr:full": null, "addr:city": null, "source": null, "name:fr": null, "name:ht": null, "osm_id": 1195604927, "osm_type": "nodes" }, "geometry": { "type": "Point", "coordinates": [ -72.3233126, 18.5120304 ] } },
{ "type": "Feature", "properties": { "name": "Ecole Foyer Christian De Sarazen", "name:en": null, "amenity": "school", "building": null, "operator:type": null, "capacity:persons": null, "addr:full": null, "addr:city": null, "source": null, "name:fr": null, "name:ht": null, "osm_id": 1195604946, "osm_type": "nodes" }, "geometry": { "type": "Point", "coordinates": [ -72.3237568, 18.5124025 ] } },
{ "type": "Feature", "properties": { "name": "Nan", "name:en": null, "amenity": "school", "building": null, "operator:type": null, "capacity:persons": null, "addr:full": null, "addr:city": null, "source": null, "name:fr": null, "name:ht": null, "osm_id": 1032056889, "osm_type": "nodes" }, "geometry": { "type": "Point", "coordinates": [ -72.3227346, 18.5141588 ] } },
{ "type": "Feature", "properties": { "name": "Ecole Communautaire Emile Tanis", "name:en": null, "amenity": "school", "building": null, "operator:type": null, "capacity:persons": null, "addr:full": null, "addr:city": null, "source": "Red Cross Field Survey", "name:fr": null, "name:ht": null, "osm_id": 4975993017, "osm_type": "nodes" }, "geometry": { "type": "Point", "coordinates": [ -72.3282217, 18.5217093 ] } },
{ "type": "Feature", "properties": { "name": "École De Grossah", "name:en": null, "amenity": "school", "building": null, "operator:type": "private_for_profit", "capacity:persons": null, "addr:full": null, "addr:city": null, "source": "CNIGS/OIM/ FOCS", "name:fr": null, "name:ht": null, "osm_id": 899265790, "osm_type": "nodes" }, "geometry": { "type": "Point", "coordinates": [ -72.3283954, 18.5217517 ] } },
{ "type": "Feature", "properties": { "name": "Saint Rasin", "name:en": null, "amenity": "school", "building": null, "operator:type": null, "capacity:persons": null, "addr:full": null, "addr:city": null, "source": null, "name:fr": null, "name:ht": null, "osm_id": 1032039193, "osm_type": "nodes" }, "geometry": { "type": "Point", "coordinates": [ -72.3201459, 18.5116851 ] } },
{ "type": "Feature", "properties": { "name": "Institution Mixte La Bergerie", "name:en": null, "amenity": "school", "building": null, "operator:type": null, "capacity:persons": null, "addr:full": null, "addr:city": null, "source": "bing", "name:fr": null, "name:ht": null, "osm_id": 8210385324, "osm_type": "nodes" }, "geometry": { "type": "Point", "coordinates": [ -72.3185442, 18.52513 ] } },
{ "type": "Feature", "properties": { "name": "École République Des États-Unis", "name:en": null, "amenity": "school", "building": null, "operator:type": null, "capacity:persons": null, "addr:full": null, "addr:city": null, "source": null, "name:fr": null, "name:ht": null, "osm_id": 3306791790, "osm_type": "nodes" }, "geometry": { "type": "Point", "coordinates": [ -72.3200464, 18.5335516 ] } },
{ "type": "Feature", "properties": { "name": "Collège Canapé-Vert", "name:en": null, "amenity": "school", "building": null, "operator:type": null, "capacity:persons": null, "addr:full": null, "addr:city": null, "source": "Traced from Yahoo aerial imagery", "name:fr": null, "name:ht": null, "osm_id": 613212557, "osm_type": "nodes" }, "geometry": { "type": "Point", "coordinates": [ -72.3191078, 18.5337574 ] } },
{ "type": "Feature", "properties": { "name": "Coath", "name:en": null, "amenity": "college", "building": null, "operator:type": null, "capacity:persons": null, "addr:full": null, "addr:city": null, "source": null, "name:fr": null, "name:ht": null, "osm_id": 2580902129, "osm_type": "nodes" }, "geometry": { "type": "Point", "coordinates": [ -72.3200123, 18.5363724 ] } },
{ "type": "Feature", "properties": { "name": "Ens", "name:en": null, "amenity": "school", "building": null, "operator:type": null, "capacity:persons": null, "addr:full": null, "addr:city": null, "source": null, "name:fr": "ENS", "name:ht": null, "osm_id": 4638475491, "osm_type": "nodes" }, "geometry": { "type": "Point", "coordinates": [ -72.3200863, 18.5366993 ] } },
{ "type": "Feature", "properties": { "name": "Saint-Louis De Bourdon", "name:en": null, "amenity": "school", "building": null, "operator:type": null, "capacity:persons": null, "addr:full": null, "addr:city": null, "source": null, "name:fr": null, "name:ht": null, "osm_id": 768063842, "osm_type": "nodes" }, "geometry": { "type": "Point", "coordinates": [ -72.3124642, 18.5367595 ] } },
{ "type": "Feature", "properties": { "name": "Ecole Nationale Argentine Bellegarde", "name:en": null, "amenity": "school", "building": null, "operator:type": "government_facility-not_public", "capacity:persons": null, "addr:full": null, "addr:city": "port-au-prince", "source": "iom_hot_cosmah", "name:fr": null, "name:ht": null, "osm_id": 1216521492, "osm_type": "nodes" }, "geometry": { "type": "Point", "coordinates": [ -72.3038749, 18.5273483 ] } },
{ "type": "Feature", "properties": { "name": "Centre Professionnel Le Jeunes Filles", "name:en": null, "amenity": "school", "building": null, "operator:type": null, "capacity:persons": null, "addr:full": null, "addr:city": null, "source": null, "name:fr": null, "name:ht": null, "osm_id": 3249670619, "osm_type": "nodes" }, "geometry": { "type": "Point", "coordinates": [ -72.299012, 18.5306225 ] } },
{ "type": "Feature", "properties": { "name": "Nan", "name:en": null, "amenity": "school", "building": null, "operator:type": null, "capacity:persons": null, "addr:full": null, "addr:city": null, "source": "survey", "name:fr": null, "name:ht": null, "osm_id": 2163658544, "osm_type": "nodes" }, "geometry": { "type": "Point", "coordinates": [ -72.3051132, 18.5320573 ] } },
{ "type": "Feature", "properties": { "name": "Nan", "name:en": null, "amenity": "school", "building": null, "operator:type": null, "capacity:persons": null, "addr:full": null, "addr:city": null, "source": "FiresideInternational", "name:fr": null, "name:ht": null, "osm_id": 627949187, "osm_type": "nodes" }, "geometry": { "type": "Point", "coordinates": [ -72.296555, 18.533789 ] } },
{ "type": "Feature", "properties": { "name": "Ecole Altagrace", "name:en": null, "amenity": "school", "building": null, "operator:type": "private_for_profit", "capacity:persons": null, "addr:full": null, "addr:city": null, "source": "IOM_C_OSM_HA", "name:fr": null, "name:ht": null, "osm_id": 1102329475, "osm_type": "nodes" }, "geometry": { "type": "Point", "coordinates": [ -72.2978293, 18.5369695 ] } },
{ "type": "Feature", "properties": { "name": "Institution Mixte Jean Le Baptiste", "name:en": null, "amenity": "school", "building": null, "operator:type": "private_for_profit", "capacity:persons": null, "addr:full": null, "addr:city": null, "source": "CNIGS/OIM/FOCS;IOM_C_OSM_HA", "name:fr": null, "name:ht": null, "osm_id": 928591460, "osm_type": "nodes" }, "geometry": { "type": "Point", "coordinates": [ -72.2995767, 18.5371396 ] } },
{ "type": "Feature", "properties": { "name": "Nouce", "name:en": null, "amenity": "school", "building": null, "operator:type": null, "capacity:persons": null, "addr:full": null, "addr:city": null, "source": "IOM_C_OSM_HA", "name:fr": null, "name:ht": null, "osm_id": 1102299973, "osm_type": "nodes" }, "geometry": { "type": "Point", "coordinates": [ -72.2984507, 18.5374409 ] } },
{ "type": "Feature", "properties": { "name": "Ile Du Trésor", "name:en": null, "amenity": "school", "building": null, "operator:type": null, "capacity:persons": null, "addr:full": null, "addr:city": null, "source": "Red Cross Field Survey", "name:fr": null, "name:ht": null, "osm_id": 4975993621, "osm_type": "nodes" }, "geometry": { "type": "Point", "coordinates": [ -72.3299336, 18.5262147 ] } },
{ "type": "Feature", "properties": { "name": "Nan", "name:en": null, "amenity": "college", "building": null, "operator:type": null, "capacity:persons": null, "addr:full": null, "addr:city": null, "source": null, "name:fr": null, "name:ht": null, "osm_id": 3143465568, "osm_type": "nodes" }, "geometry": { "type": "Point", "coordinates": [ -72.3321386, 18.5294826 ] } },
{ "type": "Feature", "properties": { "name": "St Jean L'Évangéliste", "name:en": null, "amenity": "school", "building": null, "operator:type": null, "capacity:persons": null, "addr:full": null, "addr:city": null, "source": null, "name:fr": "st jean l'évangéliste", "name:ht": null, "osm_id": 4905103421, "osm_type": "nodes" }, "geometry": { "type": "Point", "coordinates": [ -72.3289397, 18.5308067 ] } },
{ "type": "Feature", "properties": { "name": "Académie Nationale Diplomatique Et Consulaire", "name:en": null, "amenity": "college", "building": null, "operator:type": null, "capacity:persons": null, "addr:full": null, "addr:city": null, "source": null, "name:fr": null, "name:ht": null, "osm_id": 2494427606, "osm_type": "nodes" }, "geometry": { "type": "Point", "coordinates": [ -72.3226881, 18.531114 ] } },
{ "type": "Feature", "properties": { "name": "Antillean International School", "name:en": null, "amenity": "school", "building": null, "operator:type": null, "capacity:persons": null, "addr:full": null, "addr:city": "Pétion-Ville", "source": null, "name:fr": null, "name:ht": null, "osm_id": 5191992647, "osm_type": "nodes" }, "geometry": { "type": "Point", "coordinates": [ -72.3310831, 18.5314766 ] } },
{ "type": "Feature", "properties": { "name": "Centre D'Instruction Classique D'Haiti", "name:en": null, "amenity": "school", "building": null, "operator:type": "private_for_profit", "capacity:persons": null, "addr:full": null, "addr:city": null, "source": "CNIGS/OIM/ FOCS", "name:fr": null, "name:ht": null, "osm_id": 883253786, "osm_type": "nodes" }, "geometry": { "type": "Point", "coordinates": [ -72.3388879, 18.5281271 ] } },
{ "type": "Feature", "properties": { "name": "Fmss-Undh", "name:en": null, "amenity": "school", "building": null, "operator:type": null, "capacity:persons": null, "addr:full": null, "addr:city": null, "source": null, "name:fr": "FMSS-UNDH", "name:ht": null, "osm_id": 4634560196, "osm_type": "nodes" }, "geometry": { "type": "Point", "coordinates": [ -72.3327065, 18.5284118 ] } },
{ "type": "Feature", "properties": { "name": "Yapitou", "name:en": null, "amenity": "school", "building": null, "operator:type": null, "capacity:persons": null, "addr:full": null, "addr:city": null, "source": null, "name:fr": "Yapitou", "name:ht": null, "osm_id": 5032185935, "osm_type": "nodes" }, "geometry": { "type": "Point", "coordinates": [ -72.3407107, 18.5285947 ] } },
{ "type": "Feature", "properties": { "name": "Nan", "name:en": null, "amenity": "college", "building": null, "operator:type": null, "capacity:persons": null, "addr:full": null, "addr:city": null, "source": null, "name:fr": null, "name:ht": null, "osm_id": 5032188728, "osm_type": "nodes" }, "geometry": { "type": "Point", "coordinates": [ -72.3400748, 18.5286766 ] } },
{ "type": "Feature", "properties": { "name": "Nan", "name:en": null, "amenity": "school", "building": null, "operator:type": null, "capacity:persons": null, "addr:full": null, "addr:city": null, "source": null, "name:fr": null, "name:ht": null, "osm_id": 5032188727, "osm_type": "nodes" }, "geometry": { "type": "Point", "coordinates": [ -72.3399586, 18.5288904 ] } },
{ "type": "Feature", "properties": { "name": "College St. Gerard", "name:en": null, "amenity": "school", "building": null, "operator:type": null, "capacity:persons": null, "addr:full": null, "addr:city": null, "source": "Red Cross Field Survey", "name:fr": null, "name:ht": null, "osm_id": 4975993709, "osm_type": "nodes" }, "geometry": { "type": "Point", "coordinates": [ -72.3394963, 18.5290643 ] } },
{ "type": "Feature", "properties": { "name": "Institution Mixte André Malreau", "name:en": null, "amenity": "school", "building": null, "operator:type": "private_for_profit", "capacity:persons": null, "addr:full": null, "addr:city": null, "source": "CNIGS/OIM/ FOCS", "name:fr": null, "name:ht": null, "osm_id": 910968447, "osm_type": "nodes" }, "geometry": { "type": "Point", "coordinates": [ -72.3419132, 18.5299797 ] } },
{ "type": "Feature", "properties": { "name": "École Nouvelle Vision Éducative D'Haiti", "name:en": null, "amenity": "school", "building": null, "operator:type": "private_for_profit", "capacity:persons": null, "addr:full": null, "addr:city": null, "source": "CNIGS/OIM/ FOCS", "name:fr": null, "name:ht": null, "osm_id": 883253950, "osm_type": "nodes" }, "geometry": { "type": "Point", "coordinates": [ -72.3365624, 18.5302106 ] } },
{ "type": "Feature", "properties": { "name": "Notre Dame Du Mont Carmel", "name:en": null, "amenity": "school", "building": null, "operator:type": "private_for_profit", "capacity:persons": null, "addr:full": null, "addr:city": null, "source": "CNIGS/OIM/ FOCS", "name:fr": null, "name:ht": null, "osm_id": 910968207, "osm_type": "nodes" }, "geometry": { "type": "Point", "coordinates": [ -72.3477619, 18.5292282 ] } },
{ "type": "Feature", "properties": { "name": "Institution Mixte Racine", "name:en": null, "amenity": "school", "building": null, "operator:type": "private_for_profit", "capacity:persons": null, "addr:full": null, "addr:city": null, "source": "CNIGS/OIM/ FOCS", "name:fr": null, "name:ht": null, "osm_id": 910968231, "osm_type": "nodes" }, "geometry": { "type": "Point", "coordinates": [ -72.3466203, 18.5296368 ] } },
{ "type": "Feature", "properties": { "name": "École Communautaire (Sodo/O.Vjbol)", "name:en": null, "amenity": "school", "building": null, "operator:type": "private_for_profit", "capacity:persons": null, "addr:full": null, "addr:city": null, "source": "CNIGS/OIM/FOCS", "name:fr": null, "name:ht": null, "osm_id": 919822317, "osm_type": "nodes" }, "geometry": { "type": "Point", "coordinates": [ -72.3520539, 18.5299627 ] } },
{ "type": "Feature", "properties": { "name": "Institution Mixte Reginald Lysias", "name:en": null, "amenity": "school", "building": null, "operator:type": "private_for_profit", "capacity:persons": null, "addr:full": null, "addr:city": null, "source": "CNIGS/OIM/ FOCS", "name:fr": null, "name:ht": null, "osm_id": 910968276, "osm_type": "nodes" }, "geometry": { "type": "Point", "coordinates": [ -72.3466563, 18.5305394 ] } },
{ "type": "Feature", "properties": { "name": "Institution Mixte Le Messager", "name:en": null, "amenity": "school", "building": null, "operator:type": "private_for_profit", "capacity:persons": null, "addr:full": null, "addr:city": null, "source": "CNIGS/OIM/ FOCS", "name:fr": null, "name:ht": null, "osm_id": 910968291, "osm_type": "nodes" }, "geometry": { "type": "Point", "coordinates": [ -72.3458218, 18.5307472 ] } },
{ "type": "Feature", "properties": { "name": "École Nationale République Du Paraguay", "name:en": null, "amenity": "school", "building": null, "operator:type": "public", "capacity:persons": null, "addr:full": null, "addr:city": null, "source": "CNIGS/OIM/ FOCS", "name:fr": null, "name:ht": null, "osm_id": 883253983, "osm_type": "nodes" }, "geometry": { "type": "Point", "coordinates": [ -72.3401401, 18.5302734 ] } },
{ "type": "Feature", "properties": { "name": "École Des Engins Lourds", "name:en": null, "amenity": "college", "building": null, "operator:type": null, "capacity:persons": null, "addr:full": null, "addr:city": null, "source": "survey", "name:fr": null, "name:ht": null, "osm_id": 1545695614, "osm_type": "nodes" }, "geometry": { "type": "Point", "coordinates": [ -72.3401417, 18.5303176 ] } },
{ "type": "Feature", "properties": { "name": "Solen'S School", "name:en": null, "amenity": "school", "building": null, "operator:type": "private_for_profit", "capacity:persons": null, "addr:full": null, "addr:city": null, "source": "CNIGS/OIM/ FOCS", "name:fr": null, "name:ht": null, "osm_id": 883252985, "osm_type": "nodes" }, "geometry": { "type": "Point", "coordinates": [ -72.3378241, 18.530772 ] } },
{ "type": "Feature", "properties": { "name": "Collège Leclerc Tertulien", "name:en": null, "amenity": "school", "building": null, "operator:type": "private_for_profit", "capacity:persons": null, "addr:full": null, "addr:city": null, "source": "CNIGS/OIM/ FOCS", "name:fr": null, "name:ht": null, "osm_id": 883253696, "osm_type": "nodes" }, "geometry": { "type": "Point", "coordinates": [ -72.3385557, 18.530867 ] } },
{ "type": "Feature", "properties": { "name": "Ecole Mixte El Carius Lherisson", "name:en": null, "amenity": "school", "building": null, "operator:type": "private_for_profit", "capacity:persons": null, "addr:full": null, "addr:city": null, "source": "CNIGS/OIM/FOCS", "name:fr": null, "name:ht": null, "osm_id": 806858516, "osm_type": "nodes" }, "geometry": { "type": "Point", "coordinates": [ -72.3660121, 18.531339 ] } },
{ "type": "Feature", "properties": { "name": "Collège Mixte Henry 1Er", "name:en": null, "amenity": "school", "building": null, "operator:type": "private_for_profit", "capacity:persons": null, "addr:full": null, "addr:city": null, "source": "CNIGS/OIM/ FOCS", "name:fr": null, "name:ht": null, "osm_id": 910968297, "osm_type": "nodes" }, "geometry": { "type": "Point", "coordinates": [ -72.3464224, 18.5314424 ] } },
{ "type": "Feature", "properties": { "name": "Centre Professionnel Saint Surin Francois Manigat", "name:en": null, "amenity": "college", "building": null, "operator:type": null, "capacity:persons": null, "addr:full": null, "addr:city": null, "source": "cosmha_iom", "name:fr": null, "name:ht": null, "osm_id": 1395175194, "osm_type": "nodes" }, "geometry": { "type": "Point", "coordinates": [ -72.3568998, 18.5317652 ] } },
{ "type": "Feature", "properties": { "name": "Ecole Saint Jean L'Evangéliste", "name:en": null, "amenity": "school", "building": null, "operator:type": null, "capacity:persons": null, "addr:full": null, "addr:city": null, "source": null, "name:fr": "saint jean l'évangéliste", "name:ht": null, "osm_id": 4745451024, "osm_type": "nodes" }, "geometry": { "type": "Point", "coordinates": [ -72.3331793, 18.5310922 ] } },
{ "type": "Feature", "properties": { "name": "École Pentecostale Unité", "name:en": null, "amenity": "school", "building": null, "operator:type": "private_for_profit", "capacity:persons": null, "addr:full": null, "addr:city": null, "source": "CNIGS/OIM/ FOCS", "name:fr": null, "name:ht": null, "osm_id": 910968457, "osm_type": "nodes" }, "geometry": { "type": "Point", "coordinates": [ -72.3442712, 18.531281 ] } },
{ "type": "Feature", "properties": { "name": "Collège Wetsel Pierre Louis", "name:en": null, "amenity": "school", "building": null, "operator:type": "private_for_profit", "capacity:persons": null, "addr:full": null, "addr:city": null, "source": "CNIGS/OIM/ FOCS", "name:fr": null, "name:ht": null, "osm_id": 883253413, "osm_type": "nodes" }, "geometry": { "type": "Point", "coordinates": [ -72.3374163, 18.5313212 ] } },
{ "type": "Feature", "properties": { "name": "Institution Claire De Lune", "name:en": null, "amenity": "school", "building": null, "operator:type": "private_for_profit", "capacity:persons": null, "addr:full": null, "addr:city": null, "source": "CNIGS/OIM/ FOCS", "name:fr": null, "name:ht": null, "osm_id": 883253916, "osm_type": "nodes" }, "geometry": { "type": "Point", "coordinates": [ -72.3384677, 18.5313242 ] } },
{ "type": "Feature", "properties": { "name": "Institut De Formation Professionnelle", "name:en": null, "amenity": "school", "building": null, "operator:type": null, "capacity:persons": null, "addr:full": null, "addr:city": null, "source": null, "name:fr": null, "name:ht": null, "osm_id": 9236501129, "osm_type": "nodes" }, "geometry": { "type": "Point", "coordinates": [ -72.3390117, 18.5313843 ] } },
{ "type": "Feature", "properties": { "name": "College Saint Georges", "name:en": null, "amenity": "school", "building": null, "operator:type": "private_for_profit", "capacity:persons": null, "addr:full": null, "addr:city": null, "source": "CNIGS/OIM/ FOCS", "name:fr": null, "name:ht": null, "osm_id": 883252729, "osm_type": "nodes" }, "geometry": { "type": "Point", "coordinates": [ -72.338436, 18.5315255 ] } },
{ "type": "Feature", "properties": { "name": "École Sœurs Sainte Marie Des Anges", "name:en": null, "amenity": "school", "building": null, "operator:type": "private_for_profit", "capacity:persons": null, "addr:full": null, "addr:city": null, "source": "CNIGS/OIM/ FOCS", "name:fr": null, "name:ht": null, "osm_id": 883253190, "osm_type": "nodes" }, "geometry": { "type": "Point", "coordinates": [ -72.3371107, 18.5317236 ] } },
{ "type": "Feature", "properties": { "name": "Centre D’Éducation Spécialisé", "name:en": null, "amenity": "school", "building": null, "operator:type": null, "capacity:persons": null, "addr:full": null, "addr:city": null, "source": null, "name:fr": null, "name:ht": null, "osm_id": 6415481704, "osm_type": "nodes" }, "geometry": { "type": "Point", "coordinates": [ -72.3401897, 18.5317601 ] } },
{ "type": "Feature", "properties": { "name": "College Paul Robert", "name:en": null, "amenity": "school", "building": null, "operator:type": null, "capacity:persons": null, "addr:full": null, "addr:city": null, "source": null, "name:fr": null, "name:ht": null, "osm_id": 5191989441, "osm_type": "nodes" }, "geometry": { "type": "Point", "coordinates": [ -72.3356349, 18.5318952 ] } },
{ "type": "Feature", "properties": { "name": "Collège Claudin", "name:en": null, "amenity": "school", "building": null, "operator:type": "private_for_profit", "capacity:persons": null, "addr:full": null, "addr:city": null, "source": "CNIGS/OIM/ FOCS", "name:fr": null, "name:ht": null, "osm_id": 883253538, "osm_type": "nodes" }, "geometry": { "type": "Point", "coordinates": [ -72.3368608, 18.532052 ] } },
{ "type": "Feature", "properties": { "name": "Collège Éducatif D'Haïti", "name:en": null, "amenity": "school", "building": null, "operator:type": "private_for_profit", "capacity:persons": null, "addr:full": null, "addr:city": null, "source": "CNIGS/OIM/FOCS", "name:fr": null, "name:ht": null, "osm_id": 899529897, "osm_type": "nodes" }, "geometry": { "type": "Point", "coordinates": [ -72.3357411, 18.5320597 ] } },
{ "type": "Feature", "properties": { "name": "École Alexandre Fabre", "name:en": null, "amenity": "school", "building": null, "operator:type": null, "capacity:persons": null, "addr:full": null, "addr:city": null, "source": null, "name:fr": null, "name:ht": null, "osm_id": 6659313708, "osm_type": "nodes" }, "geometry": { "type": "Point", "coordinates": [ -72.3422831, 18.5322356 ] } },
{ "type": "Feature", "properties": { "name": "Institution Secondaire Montesquieu", "name:en": null, "amenity": "school", "building": null, "operator:type": null, "capacity:persons": null, "addr:full": null, "addr:city": null, "source": null, "name:fr": null, "name:ht": null, "osm_id": 7472186476, "osm_type": "nodes" }, "geometry": { "type": "Point", "coordinates": [ -72.3376161, 18.5322636 ] } },
{ "type": "Feature", "properties": { "name": "Collège Des Sciences Modernes", "name:en": null, "amenity": "school", "building": null, "operator:type": "private_for_profit", "capacity:persons": null, "addr:full": null, "addr:city": null, "source": "CNIGS/OIM/ FOCS", "name:fr": null, "name:ht": null, "osm_id": 910968317, "osm_type": "nodes" }, "geometry": { "type": "Point", "coordinates": [ -72.3472789, 18.5321166 ] } },
{ "type": "Feature", "properties": { "name": "Grand College Indigene", "name:en": null, "amenity": "school", "building": null, "operator:type": "private_for_profit", "capacity:persons": null, "addr:full": null, "addr:city": null, "source": "CNIGS/OIM/FOCS", "name:fr": null, "name:ht": null, "osm_id": 806858352, "osm_type": "nodes" }, "geometry": { "type": "Point", "coordinates": [ -72.3661224, 18.5323685 ] } },
{ "type": "Feature", "properties": { "name": "Centre De Formation Pour L’École Fondamentale", "name:en": null, "amenity": "college", "building": null, "operator:type": null, "capacity:persons": null, "addr:full": "blv jean jacques dessalines entre ruelle ste bernadette , martissant 1", "addr:city": "port-Au-prince", "source": "hot_iom-cosmha", "name:fr": null, "name:ht": null, "osm_id": 1217951306, "osm_type": "nodes" }, "geometry": { "type": "Point", "coordinates": [ -72.3544008, 18.5325425 ] } },
{ "type": "Feature", "properties": { "name": "Collège Christophe De Port-Au-Prince", "name:en": null, "amenity": "school", "building": null, "operator:type": "private_for_profit", "capacity:persons": null, "addr:full": null, "addr:city": null, "source": "CNIGS/OIM/FOCS", "name:fr": null, "name:ht": null, "osm_id": 806858405, "osm_type": "nodes" }, "geometry": { "type": "Point", "coordinates": [ -72.3515043, 18.5332617 ] } },
{ "type": "Feature", "properties": { "name": "Institut Saint Geneviève", "name:en": null, "amenity": "school", "building": null, "operator:type": null, "capacity:persons": null, "addr:full": null, "addr:city": null, "source": null, "name:fr": null, "name:ht": null, "osm_id": 5191992648, "osm_type": "nodes" }, "geometry": { "type": "Point", "coordinates": [ -72.3312012, 18.5317264 ] } },
{ "type": "Feature", "properties": { "name": "College Les Normaliens Reunis", "name:en": null, "amenity": "school", "building": null, "operator:type": null, "capacity:persons": null, "addr:full": null, "addr:city": null, "source": null, "name:fr": null, "name:ht": null, "osm_id": 5191997870, "osm_type": "nodes" }, "geometry": { "type": "Point", "coordinates": [ -72.330441, 18.5328862 ] } },
{ "type": "Feature", "properties": { "name": "Centre De Formation Classique", "name:en": null, "amenity": "school", "building": null, "operator:type": null, "capacity:persons": null, "addr:full": null, "addr:city": null, "source": null, "name:fr": null, "name:ht": null, "osm_id": 2152231503, "osm_type": "nodes" }, "geometry": { "type": "Point", "coordinates": [ -72.3287407, 18.5329093 ] } },
{ "type": "Feature", "properties": { "name": "College Simone De Beauvoir", "name:en": null, "amenity": "school", "building": null, "operator:type": null, "capacity:persons": null, "addr:full": null, "addr:city": null, "source": null, "name:fr": null, "name:ht": null, "osm_id": 5191985962, "osm_type": "nodes" }, "geometry": { "type": "Point", "coordinates": [ -72.3310791, 18.5330637 ] } },
{ "type": "Feature", "properties": { "name": "Institut Pere De Montfort", "name:en": null, "amenity": "school", "building": null, "operator:type": "private_for_profit", "capacity:persons": null, "addr:full": null, "addr:city": null, "source": "CNIGS/OIM/ FOCS", "name:fr": null, "name:ht": null, "osm_id": 901011237, "osm_type": "nodes" }, "geometry": { "type": "Point", "coordinates": [ -72.3279596, 18.5332746 ] } },
{ "type": "Feature", "properties": { "name": "École Marie Esther", "name:en": null, "amenity": "school", "building": null, "operator:type": null, "capacity:persons": null, "addr:full": null, "addr:city": null, "source": null, "name:fr": null, "name:ht": null, "osm_id": 2402075099, "osm_type": "nodes" }, "geometry": { "type": "Point", "coordinates": [ -72.3268307, 18.5332892 ] } },
{ "type": "Feature", "properties": { "name": "Nan", "name:en": null, "amenity": "school", "building": null, "operator:type": null, "capacity:persons": null, "addr:full": null, "addr:city": null, "source": null, "name:fr": null, "name:ht": null, "osm_id": 4030079336, "osm_type": "nodes" }, "geometry": { "type": "Point", "coordinates": [ -72.3274022, 18.5338976 ] } },
{ "type": "Feature", "properties": { "name": "Collège Nouvelle Lune", "name:en": null, "amenity": "school", "building": null, "operator:type": "private_for_profit", "capacity:persons": null, "addr:full": null, "addr:city": null, "source": "CNIGS/OIM/ FOCS", "name:fr": null, "name:ht": null, "osm_id": 883450352, "osm_type": "nodes" }, "geometry": { "type": "Point", "coordinates": [ -72.3276108, 18.5340307 ] } },
{ "type": "Feature", "properties": { "name": "Collège Cœurs-Unis", "name:en": null, "amenity": "school", "building": null, "operator:type": "private_for_profit", "capacity:persons": null, "addr:full": null, "addr:city": null, "source": "CNIGS/OIM/FOCS", "name:fr": null, "name:ht": null, "osm_id": 899529856, "osm_type": "nodes" }, "geometry": { "type": "Point", "coordinates": [ -72.3385312, 18.532437 ] } },
{ "type": "Feature", "properties": { "name": "Collège Mixte Adonaï", "name:en": null, "amenity": "school", "building": null, "operator:type": "private_for_profit", "capacity:persons": null, "addr:full": null, "addr:city": null, "source": "CNIGS/OIM/ FOCS", "name:fr": null, "name:ht": null, "osm_id": 883450362, "osm_type": "nodes" }, "geometry": { "type": "Point", "coordinates": [ -72.3337099, 18.5325368 ] } },
{ "type": "Feature", "properties": { "name": "École De Commerce Julien Craan", "name:en": null, "amenity": "college", "building": null, "operator:type": null, "capacity:persons": null, "addr:full": null, "addr:city": null, "source": null, "name:fr": null, "name:ht": null, "osm_id": 2565671056, "osm_type": "nodes" }, "geometry": { "type": "Point", "coordinates": [ -72.3335499, 18.5334728 ] } },
{ "type": "Feature", "properties": { "name": "Collège Adventiste De Vertière", "name:en": null, "amenity": "school", "building": null, "operator:type": "private_for_profit", "capacity:persons": null, "addr:full": null, "addr:city": null, "source": "CNIGS/OIM/FOCS", "name:fr": null, "name:ht": null, "osm_id": 899529827, "osm_type": "nodes" }, "geometry": { "type": "Point", "coordinates": [ -72.3394163, 18.5334864 ] } },
{ "type": "Feature", "properties": { "name": "École La Bambinière", "name:en": null, "amenity": "school", "building": null, "operator:type": null, "capacity:persons": null, "addr:full": null, "addr:city": null, "source": null, "name:fr": null, "name:ht": null, "osm_id": 5327915423, "osm_type": "nodes" }, "geometry": { "type": "Point", "coordinates": [ -72.3357466, 18.5343502 ] } },
{ "type": "Feature", "properties": { "name": "College Notre Dame De Lourde", "name:en": null, "amenity": "school", "building": null, "operator:type": "private_for_profit", "capacity:persons": null, "addr:full": null, "addr:city": null, "source": "CNIGS/OIM/FOCS", "name:fr": null, "name:ht": null, "osm_id": 899529944, "osm_type": "nodes" }, "geometry": { "type": "Point", "coordinates": [ -72.334656, 18.5348329 ] } },
{ "type": "Feature", "properties": { "name": "École Municipale De Carl Brouard", "name:en": null, "amenity": "school", "building": null, "operator:type": "private_for_profit", "capacity:persons": null, "addr:full": null, "addr:city": null, "source": "CNIGS/OIM/FOCS", "name:fr": null, "name:ht": null, "osm_id": 899529874, "osm_type": "nodes" }, "geometry": { "type": "Point", "coordinates": [ -72.3397665, 18.5349217 ] } },
{ "type": "Feature", "properties": { "name": "Institution Mixte Shekinah", "name:en": null, "amenity": "school", "building": null, "operator:type": null, "capacity:persons": null, "addr:full": null, "addr:city": null, "source": null, "name:fr": null, "name:ht": null, "osm_id": 5308499813, "osm_type": "nodes" }, "geometry": { "type": "Point", "coordinates": [ -72.3500562, 18.5349936 ] } },
{ "type": "Feature", "properties": { "name": "Les P'Tits Mousses", "name:en": null, "amenity": "school", "building": null, "operator:type": "private_for_profit", "capacity:persons": null, "addr:full": null, "addr:city": null, "source": "CNIGS/OIM/ FOCS", "name:fr": null, "name:ht": null, "osm_id": 879369414, "osm_type": "nodes" }, "geometry": { "type": "Point", "coordinates": [ -72.3283593, 18.53477 ] } },
{ "type": "Feature", "properties": { "name": "Collège La Renaissance", "name:en": null, "amenity": "school", "building": null, "operator:type": null, "capacity:persons": null, "addr:full": null, "addr:city": null, "source": null, "name:fr": null, "name:ht": null, "osm_id": 4614950181, "osm_type": "nodes" }, "geometry": { "type": "Point", "coordinates": [ -72.3237115, 18.5350496 ] } },
{ "type": "Feature", "properties": { "name": "Institut George Marc", "name:en": null, "amenity": "school", "building": null, "operator:type": "private_for_profit", "capacity:persons": null, "addr:full": null, "addr:city": null, "source": "CNIGS/OIM/ FOCS", "name:fr": null, "name:ht": null, "osm_id": 883450420, "osm_type": "nodes" }, "geometry": { "type": "Point", "coordinates": [ -72.3319141, 18.5352859 ] } },
{ "type": "Feature", "properties": { "name": "Institut De Nursing Rosette Poletti (Inurop) Sise Au Local De George Marc", "name:en": null, "amenity": "school", "building": null, "operator:type": null, "capacity:persons": null, "addr:full": null, "addr:city": null, "source": null, "name:fr": null, "name:ht": null, "osm_id": 4241596789, "osm_type": "nodes" }, "geometry": { "type": "Point", "coordinates": [ -72.3320608, 18.535303 ] } },
{ "type": "Feature", "properties": { "name": "The International School", "name:en": null, "amenity": "school", "building": null, "operator:type": "private_for_profit", "capacity:persons": null, "addr:full": null, "addr:city": null, "source": "CNIGS/OIM/ FOCS", "name:fr": null, "name:ht": null, "osm_id": 879369357, "osm_type": "nodes" }, "geometry": { "type": "Point", "coordinates": [ -72.330795, 18.5354263 ] } },
{ "type": "Feature", "properties": { "name": "Collège Nicolas Leopernic", "name:en": null, "amenity": "school", "building": null, "operator:type": "private_for_profit", "capacity:persons": null, "addr:full": null, "addr:city": null, "source": "CNIGS/OIM/ FOCS", "name:fr": null, "name:ht": null, "osm_id": 879369498, "osm_type": "nodes" }, "geometry": { "type": "Point", "coordinates": [ -72.3287433, 18.5356403 ] } },
{ "type": "Feature", "properties": { "name": "College Mixte Primaire", "name:en": null, "amenity": "school", "building": null, "operator:type": "private_for_profit", "capacity:persons": null, "addr:full": null, "addr:city": null, "source": "CNIGS/OIM/FOCS", "name:fr": null, "name:ht": null, "osm_id": 795926627, "osm_type": "nodes" }, "geometry": { "type": "Point", "coordinates": [ -72.3507759, 18.5354633 ] } },
{ "type": "Feature", "properties": { "name": "Les Petits Paons Bleus", "name:en": null, "amenity": "school", "building": null, "operator:type": null, "capacity:persons": null, "addr:full": null, "addr:city": null, "source": "CNIGS/OIM/FOCS", "name:fr": null, "name:ht": null, "osm_id": 795926611, "osm_type": "nodes" }, "geometry": { "type": "Point", "coordinates": [ -72.3517112, 18.5360223 ] } },
{ "type": "Feature", "properties": { "name": "Collège Classique Des Frères Monfort", "name:en": null, "amenity": "school", "building": null, "operator:type": null, "capacity:persons": null, "addr:full": null, "addr:city": null, "source": null, "name:fr": null, "name:ht": null, "osm_id": 5194235411, "osm_type": "nodes" }, "geometry": { "type": "Point", "coordinates": [ -72.3349832, 18.535087 ] } },
{ "type": "Feature", "properties": { "name": "Institution Mixte Montesquieu", "name:en": null, "amenity": "school", "building": null, "operator:type": "private_for_profit", "capacity:persons": null, "addr:full": null, "addr:city": null, "source": "CNIGS/OIM/FOCS", "name:fr": null, "name:ht": null, "osm_id": 899529955, "osm_type": "nodes" }, "geometry": { "type": "Point", "coordinates": [ -72.3372789, 18.5352948 ] } },
{ "type": "Feature", "properties": { "name": "Collège Yves Albert Boucher", "name:en": null, "amenity": "school", "building": null, "operator:type": "private_for_profit", "capacity:persons": null, "addr:full": null, "addr:city": null, "source": "CNIGS/OIM/ FOCS", "name:fr": null, "name:ht": null, "osm_id": 879369366, "osm_type": "nodes" }, "geometry": { "type": "Point", "coordinates": [ -72.3337488, 18.5353174 ] } },
{ "type": "Feature", "properties": { "name": "Saint Therese De L'Enfant Jesus", "name:en": null, "amenity": "school", "building": null, "operator:type": null, "capacity:persons": null, "addr:full": null, "addr:city": null, "source": null, "name:fr": null, "name:ht": null, "osm_id": 5194266051, "osm_type": "nodes" }, "geometry": { "type": "Point", "coordinates": [ -72.3350451, 18.5356913 ] } },
{ "type": "Feature", "properties": { "name": "Sœurs Du Sacré Cœur", "name:en": null, "amenity": "school", "building": null, "operator:type": null, "capacity:persons": null, "addr:full": null, "addr:city": null, "source": "local knowledge", "name:fr": null, "name:ht": null, "osm_id": 1756781166, "osm_type": "nodes" }, "geometry": { "type": "Point", "coordinates": [ -72.333133, 18.536041 ] } },
{ "type": "Feature", "properties": { "name": "Institution Mixte Sœur Hélène", "name:en": null, "amenity": "school", "building": null, "operator:type": "private_for_profit", "capacity:persons": null, "addr:full": null, "addr:city": null, "source": "CNIGS/OIM/ FOCS", "name:fr": null, "name:ht": null, "osm_id": 879369511, "osm_type": "nodes" }, "geometry": { "type": "Point", "coordinates": [ -72.3344448, 18.5362998 ] } },
{ "type": "Feature", "properties": { "name": "École Sainte Thérèse De L’Enfant Jésus", "name:en": null, "amenity": "school", "building": null, "operator:type": null, "capacity:persons": null, "addr:full": null, "addr:city": null, "source": null, "name:fr": null, "name:ht": null, "osm_id": 2726475751, "osm_type": "nodes" }, "geometry": { "type": "Point", "coordinates": [ -72.3357433, 18.5368427 ] } },
{ "type": "Feature", "properties": { "name": "Collège Mixte Lamartinière", "name:en": null, "amenity": "school", "building": null, "operator:type": "private_for_profit", "capacity:persons": null, "addr:full": null, "addr:city": null, "source": "CNIGS/OIM/ FOCS", "name:fr": null, "name:ht": null, "osm_id": 879369385, "osm_type": "nodes" }, "geometry": { "type": "Point", "coordinates": [ -72.3293981, 18.536051 ] } },
{ "type": "Feature", "properties": { "name": "Collège Philadelphie", "name:en": null, "amenity": "school", "building": null, "operator:type": "private_for_profit", "capacity:persons": null, "addr:full": null, "addr:city": null, "source": "CNIGS/OIM/ FOCS", "name:fr": null, "name:ht": null, "osm_id": 883450415, "osm_type": "nodes" }, "geometry": { "type": "Point", "coordinates": [ -72.3316225, 18.5360623 ] } },
{ "type": "Feature", "properties": { "name": "Collège Saint Louis Roi De France", "name:en": null, "amenity": "school", "building": null, "operator:type": "private_for_profit", "capacity:persons": null, "addr:full": null, "addr:city": null, "source": "CNIGS/OIM/ FOCS", "name:fr": null, "name:ht": null, "osm_id": 879369389, "osm_type": "nodes" }, "geometry": { "type": "Point", "coordinates": [ -72.3304227, 18.5362825 ] } },
{ "type": "Feature", "properties": { "name": "Centre D'Étude", "name:en": null, "amenity": "school", "building": null, "operator:type": "private_for_profit", "capacity:persons": null, "addr:full": null, "addr:city": null, "source": "CNIGS/OIM/ FOCS", "name:fr": null, "name:ht": null, "osm_id": 879369450, "osm_type": "nodes" }, "geometry": { "type": "Point", "coordinates": [ -72.3285556, 18.5362972 ] } },
{ "type": "Feature", "properties": { "name": "Igc Annexe", "name:en": null, "amenity": "school", "building": null, "operator:type": null, "capacity:persons": null, "addr:full": null, "addr:city": null, "source": null, "name:fr": null, "name:ht": null, "osm_id": 1535394022, "osm_type": "nodes" }, "geometry": { "type": "Point", "coordinates": [ -72.3259489, 18.5365631 ] } },
{ "type": "Feature", "properties": { "name": "Aube Center", "name:en": null, "amenity": "college", "building": null, "operator:type": null, "capacity:persons": null, "addr:full": null, "addr:city": null, "source": null, "name:fr": null, "name:ht": null, "osm_id": 3108737074, "osm_type": "nodes" }, "geometry": { "type": "Point", "coordinates": [ -72.3241185, 18.5366427 ] } },
{ "type": "Feature", "properties": { "name": "Nan", "name:en": null, "amenity": "college", "building": null, "operator:type": null, "capacity:persons": null, "addr:full": null, "addr:city": null, "source": null, "name:fr": null, "name:ht": null, "osm_id": 6089861008, "osm_type": "nodes" }, "geometry": { "type": "Point", "coordinates": [ -72.3271674, 18.5367219 ] } },
{ "type": "Feature", "properties": { "name": "College Mixte Pasteur Soy Maxco", "name:en": null, "amenity": "school", "building": null, "operator:type": "private_for_profit", "capacity:persons": null, "addr:full": null, "addr:city": null, "source": "CNIGS/OIM/ FOCS", "name:fr": null, "name:ht": null, "osm_id": 795926619, "osm_type": "nodes" }, "geometry": { "type": "Point", "coordinates": [ -72.3519904, 18.5363879 ] } },
{ "type": "Feature", "properties": { "name": "Institution Mixte De Mahama", "name:en": null, "amenity": "school", "building": null, "operator:type": "private_for_profit", "capacity:persons": null, "addr:full": null, "addr:city": null, "source": null, "name:fr": null, "name:ht": null, "osm_id": 806858159, "osm_type": "nodes" }, "geometry": { "type": "Point", "coordinates": [ -72.3551411, 18.536802 ] } },
{ "type": "Feature", "properties": { "name": "Science International School", "name:en": null, "amenity": "school", "building": null, "operator:type": "private_for_profit", "capacity:persons": null, "addr:full": null, "addr:city": null, "source": null, "name:fr": null, "name:ht": null, "osm_id": 795926602, "osm_type": "nodes" }, "geometry": { "type": "Point", "coordinates": [ -72.3500959, 18.5373574 ] } },
{ "type": "Feature", "properties": { "name": "Ecole Mixte Chretienne Reunie", "name:en": null, "amenity": "school", "building": null, "operator:type": null, "capacity:persons": null, "addr:full": null, "addr:city": null, "source": "cosmha_iom", "name:fr": null, "name:ht": null, "osm_id": 1410023198, "osm_type": "nodes" }, "geometry": { "type": "Point", "coordinates": [ -72.3507671, 18.5375498 ] } },
{ "type": "Feature", "properties": { "name": "Nouvelle École Mixte Du Redempteur", "name:en": null, "amenity": "school", "building": null, "operator:type": "private_for_profit", "capacity:persons": null, "addr:full": null, "addr:city": null, "source": "CNIGS/OIM/FOCS", "name:fr": null, "name:ht": null, "osm_id": 795926592, "osm_type": "nodes" }, "geometry": { "type": "Point", "coordinates": [ -72.3518196, 18.5379711 ] } },
{ "type": "Feature", "properties": { "name": "College Rene Descartes", "name:en": null, "amenity": "school", "building": null, "operator:type": "private_for_profit", "capacity:persons": null, "addr:full": null, "addr:city": null, "source": "CNIGS/OIM/ FOCS", "name:fr": null, "name:ht": null, "osm_id": 879369438, "osm_type": "nodes" }, "geometry": { "type": "Point", "coordinates": [ -72.3337102, 18.5368919 ] } },
{ "type": "Feature", "properties": { "name": "Lycée Du Centenaire", "name:en": null, "amenity": "school", "building": null, "operator:type": "government_facility-public", "capacity:persons": null, "addr:full": null, "addr:city": null, "source": "CNIGS/OIM/FOCS", "name:fr": null, "name:ht": null, "osm_id": 899529808, "osm_type": "nodes" }, "geometry": { "type": "Point", "coordinates": [ -72.3357613, 18.5373879 ] } },
{ "type": "Feature", "properties": { "name": "Institut D'Enseignement Chrétien De Siloe", "name:en": null, "amenity": "school", "building": null, "operator:type": "private_for_profit", "capacity:persons": null, "addr:full": null, "addr:city": null, "source": "CNIGS/GIS /DTM", "name:fr": null, "name:ht": null, "osm_id": 945354602, "osm_type": "nodes" }, "geometry": { "type": "Point", "coordinates": [ -72.3447454, 18.5376115 ] } },
{ "type": "Feature", "properties": { "name": "École Nationale Des Infirmières De Port-Au-Prince", "name:en": null, "amenity": "college", "building": null, "operator:type": null, "capacity:persons": null, "addr:full": null, "addr:city": null, "source": null, "name:fr": null, "name:ht": null, "osm_id": 2480536748, "osm_type": "nodes" }, "geometry": { "type": "Point", "coordinates": [ -72.3403631, 18.5381324 ] } },
{ "type": "Feature", "properties": { "name": "Institution Rosalvo Bobo", "name:en": null, "amenity": "school", "building": "yes", "operator:type": "private_non_profit", "capacity:persons": null, "addr:full": "P-au-P, rue L. Salomon", "addr:city": "PORT-AU-PRICE", "source": "IOM_COSMHA", "name:fr": null, "name:ht": null, "osm_id": 1438361010, "osm_type": "nodes" }, "geometry": { "type": "Point", "coordinates": [ -72.3388364, 18.5382117 ] } },
{ "type": "Feature", "properties": { "name": "Nan", "name:en": null, "amenity": "school", "building": null, "operator:type": null, "capacity:persons": null, "addr:full": null, "addr:city": null, "source": null, "name:fr": null, "name:ht": null, "osm_id": 6360615876, "osm_type": "nodes" }, "geometry": { "type": "Point", "coordinates": [ -72.3332652, 18.5384766 ] } },
{ "type": "Feature", "properties": { "name": "College Isidor Jean Louis", "name:en": null, "amenity": "school", "building": null, "operator:type": "private_for_profit", "capacity:persons": null, "addr:full": null, "addr:city": null, "source": "CNIGS/OIM/ FOCS", "name:fr": null, "name:ht": null, "osm_id": 879369485, "osm_type": "nodes" }, "geometry": { "type": "Point", "coordinates": [ -72.3330127, 18.5384838 ] } },
{ "type": "Feature", "properties": { "name": "Collège Saint Pierre", "name:en": null, "amenity": "school", "building": null, "operator:type": null, "capacity:persons": null, "addr:full": null, "addr:city": null, "source": null, "name:fr": null, "name:ht": null, "osm_id": 2152146034, "osm_type": "nodes" }, "geometry": { "type": "Point", "coordinates": [ -72.3346069, 18.5386362 ] } },
{ "type": "Feature", "properties": { "name": "College Nelson Mandela", "name:en": null, "amenity": "school", "building": null, "operator:type": "private_for_profit", "capacity:persons": null, "addr:full": null, "addr:city": null, "source": "CNIGS/OIM/ FOCS", "name:fr": null, "name:ht": null, "osm_id": 879369443, "osm_type": "nodes" }, "geometry": { "type": "Point", "coordinates": [ -72.3332238, 18.5389584 ] } },
{ "type": "Feature", "properties": { "name": "Institution Mixte Saint-Martin", "name:en": null, "amenity": "college", "building": null, "operator:type": "private_for_profit", "capacity:persons": null, "addr:full": null, "addr:city": null, "source": "CNIGS/GIS /DTM", "name:fr": null, "name:ht": null, "osm_id": 945354597, "osm_type": "nodes" }, "geometry": { "type": "Point", "coordinates": [ -72.3443694, 18.5390043 ] } },
{ "type": "Feature", "properties": { "name": "Collège De Formation Moderne", "name:en": null, "amenity": "school", "building": null, "operator:type": null, "capacity:persons": null, "addr:full": null, "addr:city": null, "source": "iom hot", "name:fr": null, "name:ht": null, "osm_id": 985909876, "osm_type": "nodes" }, "geometry": { "type": "Point", "coordinates": [ -72.322721, 18.5374665 ] } },
{ "type": "Feature", "properties": { "name": "Collège Louis Mercier", "name:en": null, "amenity": "school", "building": null, "operator:type": "private_for_profit", "capacity:persons": null, "addr:full": null, "addr:city": null, "source": "CNIGS/OIM/ FOCS", "name:fr": null, "name:ht": null, "osm_id": 879369469, "osm_type": "nodes" }, "geometry": { "type": "Point", "coordinates": [ -72.3280156, 18.5374979 ] } },
{ "type": "Feature", "properties": { "name": "Collège Cœur Immaculé De Marie", "name:en": null, "amenity": "school", "building": null, "operator:type": null, "capacity:persons": null, "addr:full": null, "addr:city": null, "source": null, "name:fr": "Collège Cœur Immaculé de Marie", "name:ht": null, "osm_id": 1695239386, "osm_type": "nodes" }, "geometry": { "type": "Point", "coordinates": [ -72.3296682, 18.5376934 ] } },
{ "type": "Feature", "properties": { "name": "Lycee Firmin", "name:en": null, "amenity": "school", "building": null, "operator:type": "government_facility-public", "capacity:persons": null, "addr:full": null, "addr:city": null, "source": "CNIGS/OIM/FOCS", "name:fr": null, "name:ht": null, "osm_id": 879369540, "osm_type": "nodes" }, "geometry": { "type": "Point", "coordinates": [ -72.3316312, 18.5377302 ] } },
{ "type": "Feature", "properties": { "name": "Artimoun", "name:en": null, "amenity": "school", "building": null, "operator:type": null, "capacity:persons": null, "addr:full": null, "addr:city": null, "source": "iom hot", "name:fr": null, "name:ht": null, "osm_id": 985903562, "osm_type": "nodes" }, "geometry": { "type": "Point", "coordinates": [ -72.3239394, 18.538019 ] } },
{ "type": "Feature", "properties": { "name": "Nan", "name:en": null, "amenity": "school", "building": null, "operator:type": null, "capacity:persons": null, "addr:full": null, "addr:city": null, "source": "iom hot", "name:fr": null, "name:ht": null, "osm_id": 985901128, "osm_type": "nodes" }, "geometry": { "type": "Point", "coordinates": [ -72.3246728, 18.5384241 ] } },
{ "type": "Feature", "properties": { "name": "Centre De Formation Moderne", "name:en": null, "amenity": "school", "building": null, "operator:type": "private_for_profit", "capacity:persons": null, "addr:full": null, "addr:city": null, "source": "CNIGS/OIM/ FOCS", "name:fr": null, "name:ht": null, "osm_id": 879369399, "osm_type": "nodes" }, "geometry": { "type": "Point", "coordinates": [ -72.3281153, 18.5385216 ] } },
{ "type": "Feature", "properties": { "name": "Homo Sapiens Centre Classique", "name:en": null, "amenity": "school", "building": null, "operator:type": "private_for_profit", "capacity:persons": null, "addr:full": null, "addr:city": null, "source": "CNIGS/OIM/ FOCS", "name:fr": null, "name:ht": null, "osm_id": 879369446, "osm_type": "nodes" }, "geometry": { "type": "Point", "coordinates": [ -72.3284697, 18.5386145 ] } },
{ "type": "Feature", "properties": { "name": "Eden'S School", "name:en": null, "amenity": "school", "building": null, "operator:type": "private_for_profit", "capacity:persons": null, "addr:full": null, "addr:city": null, "source": "CNIGS/OIM/FOCS", "name:fr": null, "name:ht": null, "osm_id": 795926615, "osm_type": "nodes" }, "geometry": { "type": "Point", "coordinates": [ -72.3514088, 18.5380671 ] } },
{ "type": "Feature", "properties": { "name": "Nouveau College Mixte Le Sorbon", "name:en": null, "amenity": "school", "building": null, "operator:type": null, "capacity:persons": null, "addr:full": "Village de Dieu", "addr:city": null, "source": "cosmha_iom", "name:fr": null, "name:ht": null, "osm_id": 1410024058, "osm_type": "nodes" }, "geometry": { "type": "Point", "coordinates": [ -72.3503935, 18.5390584 ] } },
{ "type": "Feature", "properties": { "name": "College Hermas Monnereau", "name:en": null, "amenity": "school", "building": null, "operator:type": "private_for_profit", "capacity:persons": null, "addr:full": null, "addr:city": null, "source": "CNIGS/OIM/ FOCS", "name:fr": null, "name:ht": null, "osm_id": 879369488, "osm_type": "nodes" }, "geometry": { "type": "Point", "coordinates": [ -72.3307818, 18.5389895 ] } },
{ "type": "Feature", "properties": { "name": "Massillon Coicou", "name:en": null, "amenity": "school", "building": null, "operator:type": null, "capacity:persons": null, "addr:full": null, "addr:city": null, "source": null, "name:fr": null, "name:ht": null, "osm_id": 4332355242, "osm_type": "nodes" }, "geometry": { "type": "Point", "coordinates": [ -72.3263361, 18.539107 ] } },
{ "type": "Feature", "properties": { "name": "Collège Massillon Coicou", "name:en": null, "amenity": "school", "building": null, "operator:type": null, "capacity:persons": null, "addr:full": null, "addr:city": null, "source": null, "name:fr": null, "name:ht": null, "osm_id": 6404775927, "osm_type": "nodes" }, "geometry": { "type": "Point", "coordinates": [ -72.3261984, 18.5392321 ] } },
{ "type": "Feature", "properties": { "name": "Jardin Des Anges", "name:en": null, "amenity": "school", "building": null, "operator:type": null, "capacity:persons": null, "addr:full": null, "addr:city": null, "source": "iom hot", "name:fr": null, "name:ht": null, "osm_id": 985894635, "osm_type": "nodes" }, "geometry": { "type": "Point", "coordinates": [ -72.324498, 18.5392897 ] } },
{ "type": "Feature", "properties": { "name": "Nouveau College Mixte De Bourdon", "name:en": null, "amenity": "school", "building": null, "operator:type": null, "capacity:persons": null, "addr:full": null, "addr:city": null, "source": null, "name:fr": null, "name:ht": null, "osm_id": 2152135671, "osm_type": "nodes" }, "geometry": { "type": "Point", "coordinates": [ -72.3222393, 18.5393755 ] } },
{ "type": "Feature", "properties": { "name": "Collège Jean-Paul Sarthe", "name:en": null, "amenity": "school", "building": null, "operator:type": null, "capacity:persons": null, "addr:full": null, "addr:city": null, "source": "iom hot", "name:fr": null, "name:ht": null, "osm_id": 985906209, "osm_type": "nodes" }, "geometry": { "type": "Point", "coordinates": [ -72.3228569, 18.5394986 ] } },
{ "type": "Feature", "properties": { "name": "Collège Georges Sand D'Haïti", "name:en": null, "amenity": "school", "building": null, "operator:type": null, "capacity:persons": null, "addr:full": null, "addr:city": null, "source": null, "name:fr": null, "name:ht": null, "osm_id": 2152135656, "osm_type": "nodes" }, "geometry": { "type": "Point", "coordinates": [ -72.3219868, 18.5395187 ] } },
{ "type": "Feature", "properties": { "name": "Ecole Hôtelière D'Haïti", "name:en": null, "amenity": "college", "building": null, "operator:type": null, "capacity:persons": null, "addr:full": null, "addr:city": null, "source": null, "name:fr": null, "name:ht": null, "osm_id": 6391556442, "osm_type": "nodes" }, "geometry": { "type": "Point", "coordinates": [ -72.3292829, 18.5395913 ] } },
{ "type": "Feature", "properties": { "name": "Ecole Foyer Immaculee Conception", "name:en": null, "amenity": "school", "building": null, "operator:type": "private_for_profit", "capacity:persons": null, "addr:full": null, "addr:city": null, "source": "CNIGS/OIM/FOCS", "name:fr": null, "name:ht": null, "osm_id": 795926623, "osm_type": "nodes" }, "geometry": { "type": "Point", "coordinates": [ -72.3528671, 18.5394658 ] } },
{ "type": "Feature", "properties": { "name": "Ecole Chrétienne Frères Cadet", "name:en": null, "amenity": "school", "building": null, "operator:type": "private_for_profit", "capacity:persons": null, "addr:full": null, "addr:city": null, "source": "CNIGS/OIM/FOCS", "name:fr": null, "name:ht": null, "osm_id": 795926598, "osm_type": "nodes" }, "geometry": { "type": "Point", "coordinates": [ -72.353825, 18.5404467 ] } },
{ "type": "Feature", "properties": { "name": "École Nationale De La République De Colombie", "name:en": null, "amenity": "school", "building": null, "operator:type": "government_facility-public;private_for_profit", "capacity:persons": null, "addr:full": null, "addr:city": null, "source": "CNIGS/OIM/FOCS;hot_iom-cosmha", "name:fr": null, "name:ht": null, "osm_id": 768063836, "osm_type": "nodes" }, "geometry": { "type": "Point", "coordinates": [ -72.3140888, 18.5372433 ] } },
{ "type": "Feature", "properties": { "name": "École Village Des Enfants", "name:en": null, "amenity": "school", "building": null, "operator:type": "private_for_profit", "capacity:persons": null, "addr:full": null, "addr:city": null, "source": "hot_cosmha_iom", "name:fr": null, "name:ht": null, "osm_id": 768063840, "osm_type": "nodes" }, "geometry": { "type": "Point", "coordinates": [ -72.3087044, 18.53745 ] } },
{ "type": "Feature", "properties": { "name": "College Classique De Bourdon", "name:en": null, "amenity": "school", "building": null, "operator:type": "private_for_profit", "capacity:persons": null, "addr:full": null, "addr:city": null, "source": null, "name:fr": null, "name:ht": null, "osm_id": 768080548, "osm_type": "nodes" }, "geometry": { "type": "Point", "coordinates": [ -72.3199669, 18.5383243 ] } },
{ "type": "Feature", "properties": { "name": "École Marie Eugénie", "name:en": null, "amenity": "school", "building": null, "operator:type": null, "capacity:persons": null, "addr:full": null, "addr:city": null, "source": null, "name:fr": null, "name:ht": null, "osm_id": 2524494433, "osm_type": "nodes" }, "geometry": { "type": "Point", "coordinates": [ -72.3196203, 18.5383291 ] } },
{ "type": "Feature", "properties": { "name": "Collège Classique De Bourdon", "name:en": null, "amenity": "school", "building": null, "operator:type": null, "capacity:persons": null, "addr:full": null, "addr:city": null, "source": null, "name:fr": null, "name:ht": null, "osm_id": 2524494401, "osm_type": "nodes" }, "geometry": { "type": "Point", "coordinates": [ -72.3197531, 18.5383551 ] } },
{ "type": "Feature", "properties": { "name": "Mickey Mous", "name:en": null, "amenity": "school", "building": null, "operator:type": "private_for_profit", "capacity:persons": null, "addr:full": null, "addr:city": null, "source": "hot_iom-cosmha", "name:fr": null, "name:ht": null, "osm_id": 617595738, "osm_type": "nodes" }, "geometry": { "type": "Point", "coordinates": [ -72.3191861, 18.5385377 ] } },
{ "type": "Feature", "properties": { "name": "Collège Marie-Anne", "name:en": null, "amenity": "school", "building": null, "operator:type": null, "capacity:persons": null, "addr:full": null, "addr:city": null, "source": "survey;hot_iom-cosmha", "name:fr": null, "name:ht": null, "osm_id": 2510869439, "osm_type": "nodes" }, "geometry": { "type": "Point", "coordinates": [ -72.3191035, 18.5392075 ] } },
{ "type": "Feature", "properties": { "name": "Collège Mixte Bernard", "name:en": null, "amenity": "school", "building": null, "operator:type": "private_for_profit", "capacity:persons": null, "addr:full": null, "addr:city": null, "source": "hot_iom-cosmha", "name:fr": null, "name:ht": null, "osm_id": 1132723905, "osm_type": "nodes" }, "geometry": { "type": "Point", "coordinates": [ -72.3153515, 18.5396481 ] } },
{ "type": "Feature", "properties": { "name": "Ecole L'Espoir", "name:en": null, "amenity": "school", "building": null, "operator:type": null, "capacity:persons": null, "addr:full": null, "addr:city": null, "source": "hot_iom_cosmha", "name:fr": null, "name:ht": null, "osm_id": 1244927506, "osm_type": "nodes" }, "geometry": { "type": "Point", "coordinates": [ -72.2995006, 18.5387468 ] } },
{ "type": "Feature", "properties": { "name": "Collège Hispagnola", "name:en": null, "amenity": "school", "building": null, "operator:type": "private_for_profit", "capacity:persons": null, "addr:full": null, "addr:city": null, "source": "CNIGS/OIM/FOCS", "name:fr": null, "name:ht": null, "osm_id": 928591166, "osm_type": "nodes" }, "geometry": { "type": "Point", "coordinates": [ -72.304916, 18.5388097 ] } },
{ "type": "Feature", "properties": { "name": "Lycee Marie Jeanne", "name:en": null, "amenity": "school", "building": null, "operator:type": "government_facility-public", "capacity:persons": null, "addr:full": null, "addr:city": null, "source": "CNIGS/OIM/ FOCS", "name:fr": null, "name:ht": null, "osm_id": 879386438, "osm_type": "nodes" }, "geometry": { "type": "Point", "coordinates": [ -72.3291432, 18.5397372 ] } },
{ "type": "Feature", "properties": { "name": "École Nationale Altagrace Charles Dube", "name:en": null, "amenity": "school", "building": null, "operator:type": "government_facility-public", "capacity:persons": null, "addr:full": null, "addr:city": null, "source": "CNIGS/OIM/ FOCS", "name:fr": null, "name:ht": null, "osm_id": 879386329, "osm_type": "nodes" }, "geometry": { "type": "Point", "coordinates": [ -72.3268135, 18.5398415 ] } },
{ "type": "Feature", "properties": { "name": "École Nationale Darius Denis", "name:en": null, "amenity": "school", "building": null, "operator:type": null, "capacity:persons": null, "addr:full": null, "addr:city": null, "source": "Map note by Anoymous", "name:fr": null, "name:ht": null, "osm_id": 2930199451, "osm_type": "nodes" }, "geometry": { "type": "Point", "coordinates": [ -72.3266964, 18.5401436 ] } },
{ "type": "Feature", "properties": { "name": "École Nationale Argentine Bellegarde", "name:en": null, "amenity": "school", "building": null, "operator:type": "government_facility-public", "capacity:persons": null, "addr:full": null, "addr:city": null, "source": "CNIGS/OIM/ FOCS", "name:fr": null, "name:ht": null, "osm_id": 879386406, "osm_type": "nodes" }, "geometry": { "type": "Point", "coordinates": [ -72.3232234, 18.5401475 ] } },
{ "type": "Feature", "properties": { "name": "Collège Fernand Prosper", "name:en": null, "amenity": "school", "building": null, "operator:type": "private_for_profit", "capacity:persons": null, "addr:full": null, "addr:city": null, "source": "CNIGS/OIM/ FOCS", "name:fr": null, "name:ht": null, "osm_id": 879386360, "osm_type": "nodes" }, "geometry": { "type": "Point", "coordinates": [ -72.3279781, 18.540229 ] } },
{ "type": "Feature", "properties": { "name": "Centre D'Etude Classique Albert Einstein", "name:en": null, "amenity": "school", "building": null, "operator:type": "private_for_profit", "capacity:persons": null, "addr:full": null, "addr:city": null, "source": "CNIGS/OIM/ FOCS", "name:fr": null, "name:ht": null, "osm_id": 879369465, "osm_type": "nodes" }, "geometry": { "type": "Point", "coordinates": [ -72.3315164, 18.5412305 ] } },
{ "type": "Feature", "properties": { "name": "Collège Saint François De Tours", "name:en": null, "amenity": "school", "building": null, "operator:type": null, "capacity:persons": null, "addr:full": null, "addr:city": null, "source": null, "name:fr": "Collège Saint François de Tours", "name:ht": null, "osm_id": 2150628729, "osm_type": "nodes" }, "geometry": { "type": "Point", "coordinates": [ -72.3319105, 18.5422929 ] } },
{ "type": "Feature", "properties": { "name": "Institution Mixte El Shaddai", "name:en": null, "amenity": "school", "building": null, "operator:type": "private_for_profit", "capacity:persons": null, "addr:full": null, "addr:city": null, "source": "hot_iom-cosmha", "name:fr": null, "name:ht": null, "osm_id": 768080558, "osm_type": "nodes" }, "geometry": { "type": "Point", "coordinates": [ -72.3169271, 18.5405665 ] } },
{ "type": "Feature", "properties": { "name": "École Congréganiste Filles De Marie", "name:en": null, "amenity": "school", "building": null, "operator:type": null, "capacity:persons": null, "addr:full": null, "addr:city": null, "source": null, "name:fr": null, "name:ht": null, "osm_id": 5327980940, "osm_type": "nodes" }, "geometry": { "type": "Point", "coordinates": [ -72.3202086, 18.5408045 ] } },
{ "type": "Feature", "properties": { "name": "Institution Mixte Service Amical", "name:en": null, "amenity": "school", "building": null, "operator:type": null, "capacity:persons": null, "addr:full": null, "addr:city": null, "source": null, "name:fr": null, "name:ht": null, "osm_id": 768063835, "osm_type": "nodes" }, "geometry": { "type": "Point", "coordinates": [ -72.3117021, 18.5410837 ] } },
{ "type": "Feature", "properties": { "name": "Collège Mixte La Bergerie", "name:en": null, "amenity": "school", "building": null, "operator:type": "private_for_profit", "capacity:persons": null, "addr:full": null, "addr:city": null, "source": null, "name:fr": null, "name:ht": null, "osm_id": 768098721, "osm_type": "nodes" }, "geometry": { "type": "Point", "coordinates": [ -72.3195392, 18.5439931 ] } },
{ "type": "Feature", "properties": { "name": "College Fransiscaine", "name:en": null, "amenity": "school", "building": null, "operator:type": null, "capacity:persons": null, "addr:full": null, "addr:city": null, "source": null, "name:fr": null, "name:ht": null, "osm_id": 1542586044, "osm_type": "nodes" }, "geometry": { "type": "Point", "coordinates": [ -72.3164969, 18.5442819 ] } },
{ "type": "Feature", "properties": { "name": "Collrgr Aurel Exama", "name:en": null, "amenity": "school", "building": null, "operator:type": null, "capacity:persons": null, "addr:full": null, "addr:city": null, "source": "bing", "name:fr": null, "name:ht": null, "osm_id": 2133896458, "osm_type": "nodes" }, "geometry": { "type": "Point", "coordinates": [ -72.3167073, 18.545065 ] } },
{ "type": "Feature", "properties": { "name": "École Wilington Du Sacré-Cœur", "name:en": null, "amenity": "school", "building": null, "operator:type": null, "capacity:persons": null, "addr:full": "Delmas 18 et Carrefour Peant #2", "addr:city": null, "source": "IOM_HOT", "name:fr": "École Wilington du Sacré-Cœur", "name:ht": null, "osm_id": 976612207, "osm_type": "nodes" }, "geometry": { "type": "Point", "coordinates": [ -72.3306537, 18.5513285 ] } },
{ "type": "Feature", "properties": { "name": "Collège Immaculée De Conception", "name:en": null, "amenity": "school", "building": null, "operator:type": "private_for_profit", "capacity:persons": null, "addr:full": null, "addr:city": null, "source": "CNIGS/OIM/FOCS", "name:fr": null, "name:ht": null, "osm_id": 899529848, "osm_type": "nodes" }, "geometry": { "type": "Point", "coordinates": [ -72.338623, 18.5390394 ] } },
{ "type": "Feature", "properties": { "name": "Collège Michel Moïse", "name:en": null, "amenity": "school", "building": null, "operator:type": "private_for_profit", "capacity:persons": null, "addr:full": null, "addr:city": null, "source": "CNIGS/OIM/ FOCS", "name:fr": null, "name:ht": null, "osm_id": 879369396, "osm_type": "nodes" }, "geometry": { "type": "Point", "coordinates": [ -72.3331187, 18.5391547 ] } },
{ "type": "Feature", "properties": { "name": "Institut Louis Pasteur (Ecole Infirmiere Et Auxiliaire)", "name:en": null, "amenity": "school", "building": null, "operator:type": "private_for_profit", "capacity:persons": null, "addr:full": null, "addr:city": null, "source": "IOM_COSMHA", "name:fr": null, "name:ht": null, "osm_id": 1457964115, "osm_type": "nodes" }, "geometry": { "type": "Point", "coordinates": [ -72.3388854, 18.5393371 ] } },
{ "type": "Feature", "properties": { "name": "École Nationale Don De Dumerlan Dumerlin", "name:en": null, "amenity": "school", "building": null, "operator:type": "private_for_profit", "capacity:persons": null, "addr:full": null, "addr:city": null, "source": "CNIGS/GIS /DTM", "name:fr": null, "name:ht": null, "osm_id": 945354419, "osm_type": "nodes" }, "geometry": { "type": "Point", "coordinates": [ -72.3433407, 18.5408991 ] } },
{ "type": "Feature", "properties": { "name": "Lycée Toussaint Louverture", "name:en": null, "amenity": "school", "building": null, "operator:type": "private_for_profit", "capacity:persons": null, "addr:full": null, "addr:city": "Port-au-Prince", "source": "OIM/GIS /DTM", "name:fr": null, "name:ht": null, "osm_id": 945354468, "osm_type": "nodes" }, "geometry": { "type": "Point", "coordinates": [ -72.3437717, 18.542073 ] } },
{ "type": "Feature", "properties": { "name": "Institution Mixte La Bonne Semence", "name:en": null, "amenity": "school", "building": null, "operator:type": null, "capacity:persons": null, "addr:full": "72 rue de l'enterrement", "addr:city": "port -Au -prince", "source": "iom_cosmha", "name:fr": null, "name:ht": null, "osm_id": 1384942418, "osm_type": "nodes" }, "geometry": { "type": "Point", "coordinates": [ -72.3424914, 18.5424871 ] } },
{ "type": "Feature", "properties": { "name": "Institution La Belle Semence", "name:en": null, "amenity": "college", "building": null, "operator:type": "private_for_profit", "capacity:persons": null, "addr:full": null, "addr:city": null, "source": "CNIGS/GIS /DTM", "name:fr": null, "name:ht": null, "osm_id": 945354601, "osm_type": "nodes" }, "geometry": { "type": "Point", "coordinates": [ -72.3420555, 18.5426935 ] } },
{ "type": "Feature", "properties": { "name": "École Nationale Caroline Chauveau", "name:en": null, "amenity": "school", "building": null, "operator:type": "government_facility-public", "capacity:persons": null, "addr:full": null, "addr:city": null, "source": "CNIGS/OIM/ FOCS", "name:fr": null, "name:ht": null, "osm_id": 879369550, "osm_type": "nodes" }, "geometry": { "type": "Point", "coordinates": [ -72.334165, 18.5433944 ] } },
{ "type": "Feature", "properties": { "name": "Centre De Technologie Moderne D'Haiti", "name:en": null, "amenity": "school", "building": null, "operator:type": null, "capacity:persons": null, "addr:full": null, "addr:city": null, "source": "CNIGS/OIM/FOCS", "name:fr": null, "name:ht": null, "osm_id": 806858085, "osm_type": "nodes" }, "geometry": { "type": "Point", "coordinates": [ -72.3490007, 18.5409843 ] } },
{ "type": "Feature", "properties": { "name": "École Professionnelle Cetemoh", "name:en": null, "amenity": "school", "building": null, "operator:type": null, "capacity:persons": null, "addr:full": null, "addr:city": null, "source": "CNIGS/OIM/FOCS", "name:fr": null, "name:ht": null, "osm_id": 795926606, "osm_type": "nodes" }, "geometry": { "type": "Point", "coordinates": [ -72.3490018, 18.5409999 ] } },
{ "type": "Feature", "properties": { "name": "College Jaques Roumian", "name:en": null, "amenity": "school", "building": null, "operator:type": null, "capacity:persons": null, "addr:full": null, "addr:city": null, "source": "CNIGS/OIM/ FOCS", "name:fr": null, "name:ht": null, "osm_id": 879413923, "osm_type": "nodes" }, "geometry": { "type": "Point", "coordinates": [ -72.3327278, 18.5435141 ] } },
{ "type": "Feature", "properties": { "name": "Nan", "name:en": "St. Louis de Gonzague School", "amenity": "school", "building": null, "operator:type": null, "capacity:persons": null, "addr:full": null, "addr:city": null, "source": null, "name:fr": "Saint Louis de Gonzague", "name:ht": null, "osm_id": 615333970, "osm_type": "nodes" }, "geometry": { "type": "Point", "coordinates": [ -72.341032, 18.5438372 ] } },
{ "type": "Feature", "properties": { "name": "École Nationale", "name:en": null, "amenity": "school", "building": null, "operator:type": "government_facility-public", "capacity:persons": null, "addr:full": null, "addr:city": null, "source": null, "name:fr": null, "name:ht": null, "osm_id": 879413880, "osm_type": "nodes" }, "geometry": { "type": "Point", "coordinates": [ -72.3360421, 18.5439718 ] } },
{ "type": "Feature", "properties": { "name": "College Classique De Lalue", "name:en": null, "amenity": "school", "building": null, "operator:type": null, "capacity:persons": null, "addr:full": null, "addr:city": null, "source": "CNIGS/OIM/ FOCS", "name:fr": null, "name:ht": null, "osm_id": 879414001, "osm_type": "nodes" }, "geometry": { "type": "Point", "coordinates": [ -72.3332493, 18.5440442 ] } },
{ "type": "Feature", "properties": { "name": "College Daniel Mitterand Bethesda", "name:en": null, "amenity": "school", "building": null, "operator:type": null, "capacity:persons": null, "addr:full": null, "addr:city": null, "source": "CNIGS/OIM/ FOCS", "name:fr": null, "name:ht": null, "osm_id": 879413955, "osm_type": "nodes" }, "geometry": { "type": "Point", "coordinates": [ -72.3327097, 18.5441539 ] } },
{ "type": "Feature", "properties": { "name": "École Frère André", "name:en": null, "amenity": "school", "building": null, "operator:type": "private_for_profit", "capacity:persons": null, "addr:full": null, "addr:city": null, "source": "CNIGS/OIM/ FOCS", "name:fr": null, "name:ht": null, "osm_id": 879413902, "osm_type": "nodes" }, "geometry": { "type": "Point", "coordinates": [ -72.3361981, 18.5442615 ] } },
{ "type": "Feature", "properties": { "name": "College Francois Capois", "name:en": null, "amenity": "school", "building": null, "operator:type": null, "capacity:persons": null, "addr:full": null, "addr:city": null, "source": "CNIGS/OIM/ FOCS", "name:fr": null, "name:ht": null, "osm_id": 879413791, "osm_type": "nodes" }, "geometry": { "type": "Point", "coordinates": [ -72.3340679, 18.5444748 ] } },
{ "type": "Feature", "properties": { "name": "Nouveau Collège Bird", "name:en": null, "amenity": "school", "building": null, "operator:type": "private_for_profit", "capacity:persons": null, "addr:full": null, "addr:city": null, "source": "CNIGS/GIS /DTM", "name:fr": null, "name:ht": null, "osm_id": 945354599, "osm_type": "nodes" }, "geometry": { "type": "Point", "coordinates": [ -72.342011, 18.5446319 ] } },
{ "type": "Feature", "properties": { "name": "Cfef", "name:en": null, "amenity": "school", "building": null, "operator:type": "private_for_profit", "capacity:persons": null, "addr:full": null, "addr:city": null, "source": "CNIGS/GIS /DTM", "name:fr": null, "name:ht": null, "osm_id": 945354532, "osm_type": "nodes" }, "geometry": { "type": "Point", "coordinates": [ -72.3420897, 18.5454892 ] } },
{ "type": "Feature", "properties": { "name": "École Cœur De Jésus", "name:en": null, "amenity": "school", "building": null, "operator:type": "private_for_profit", "capacity:persons": null, "addr:full": null, "addr:city": null, "source": "CNIGS/FOCS/OIM", "name:fr": null, "name:ht": null, "osm_id": 879413776, "osm_type": "nodes" }, "geometry": { "type": "Point", "coordinates": [ -72.3384908, 18.5457083 ] } },
{ "type": "Feature", "properties": { "name": "Marie Reine Immaculee", "name:en": null, "amenity": "school", "building": null, "operator:type": null, "capacity:persons": null, "addr:full": null, "addr:city": null, "source": "CNIGS/OIM/ FOCS", "name:fr": null, "name:ht": null, "osm_id": 879413889, "osm_type": "nodes" }, "geometry": { "type": "Point", "coordinates": [ -72.3317644, 18.5433479 ] } },
{ "type": "Feature", "properties": { "name": "Collège Max Louis", "name:en": null, "amenity": "school", "building": null, "operator:type": "private_for_profit", "capacity:persons": null, "addr:full": null, "addr:city": null, "source": "CNIGS/OIM/ FOCS", "name:fr": "Collège Max Louis", "name:ht": null, "osm_id": 879413834, "osm_type": "nodes" }, "geometry": { "type": "Point", "coordinates": [ -72.3310025, 18.5442866 ] } },
{ "type": "Feature", "properties": { "name": "Claire Marie De La Fine", "name:en": null, "amenity": "school", "building": null, "operator:type": "private_for_profit", "capacity:persons": null, "addr:full": null, "addr:city": null, "source": "CNIGS/OIM/ FOCS", "name:fr": null, "name:ht": null, "osm_id": 879386457, "osm_type": "nodes" }, "geometry": { "type": "Point", "coordinates": [ -72.324352, 18.5444798 ] } },
{ "type": "Feature", "properties": { "name": "Institution Mixte Emile Jean Louis", "name:en": null, "amenity": "school", "building": null, "operator:type": "private_for_profit", "capacity:persons": null, "addr:full": null, "addr:city": null, "source": "CNIGS/OIM/FOCS", "name:fr": null, "name:ht": null, "osm_id": 879386319, "osm_type": "nodes" }, "geometry": { "type": "Point", "coordinates": [ -72.3223178, 18.5447126 ] } },
{ "type": "Feature", "properties": { "name": "Centre Rosalie Jahouhey", "name:en": null, "amenity": "school", "building": null, "operator:type": null, "capacity:persons": null, "addr:full": null, "addr:city": null, "source": "IOM_COSMAH", "name:fr": null, "name:ht": null, "osm_id": 1481372849, "osm_type": "nodes" }, "geometry": { "type": "Point", "coordinates": [ -72.3305517, 18.5447908 ] } },
{ "type": "Feature", "properties": { "name": "College Pierre Fermat", "name:en": null, "amenity": "school", "building": null, "operator:type": "private_for_profit", "capacity:persons": null, "addr:full": null, "addr:city": null, "source": "CNIGS/OIM/FOCS", "name:fr": null, "name:ht": null, "osm_id": 879386298, "osm_type": "nodes" }, "geometry": { "type": "Point", "coordinates": [ -72.3299508, 18.5452112 ] } },
{ "type": "Feature", "properties": { "name": "Institut Mixte Le Pedagogue", "name:en": null, "amenity": "school", "building": null, "operator:type": "private_for_profit", "capacity:persons": null, "addr:full": null, "addr:city": null, "source": "CNIGS/OIM/FOCS", "name:fr": null, "name:ht": null, "osm_id": 878854830, "osm_type": "nodes" }, "geometry": { "type": "Point", "coordinates": [ -72.3275651, 18.5490472 ] } },
{ "type": "Feature", "properties": { "name": "École Adventiste Mixte Peniel", "name:en": null, "amenity": "school", "building": null, "operator:type": null, "capacity:persons": null, "addr:full": null, "addr:city": null, "source": null, "name:fr": "École Adventiste Mixte Peniel", "name:ht": null, "osm_id": 5381180221, "osm_type": "nodes" }, "geometry": { "type": "Point", "coordinates": [ -72.3320491, 18.5500516 ] } },
{ "type": "Feature", "properties": { "name": "École Professionelle Des Professeurs De Saint-Louis De Gonzague", "name:en": null, "amenity": "college", "building": null, "operator:type": null, "capacity:persons": null, "addr:full": null, "addr:city": "Port-au-Prince", "source": null, "name:fr": null, "name:ht": null, "osm_id": 5756836369, "osm_type": "nodes" }, "geometry": { "type": "Point", "coordinates": [ -72.3431027, 18.5463731 ] } },
{ "type": "Feature", "properties": { "name": "École Nationale De Géologie Appliquée", "name:en": null, "amenity": "college", "building": null, "operator:type": null, "capacity:persons": null, "addr:full": null, "addr:city": "Port-au-Prince", "source": null, "name:fr": null, "name:ht": null, "osm_id": 5756836367, "osm_type": "nodes" }, "geometry": { "type": "Point", "coordinates": [ -72.3430651, 18.5465664 ] } },
{ "type": "Feature", "properties": { "name": "College Isidore Boisrond", "name:en": null, "amenity": "school", "building": null, "operator:type": "private_for_profit", "capacity:persons": null, "addr:full": null, "addr:city": null, "source": "CNIGS/OIM/ FOCS", "name:fr": null, "name:ht": null, "osm_id": 879413960, "osm_type": "nodes" }, "geometry": { "type": "Point", "coordinates": [ -72.3356195, 18.5467677 ] } },
{ "type": "Feature", "properties": { "name": "Institut Nursing D'Epraim", "name:en": null, "amenity": "school", "building": null, "operator:type": "private_for_profit", "capacity:persons": null, "addr:full": null, "addr:city": null, "source": "CNIGS/OIM/ FOCS", "name:fr": null, "name:ht": null, "osm_id": 879413770, "osm_type": "nodes" }, "geometry": { "type": "Point", "coordinates": [ -72.335547, 18.5469656 ] } },
{ "type": "Feature", "properties": { "name": "College Mixte La Manne Du Matin", "name:en": null, "amenity": "school", "building": null, "operator:type": "private_for_profit", "capacity:persons": null, "addr:full": null, "addr:city": null, "source": "CNIGS/FOCS/OIM", "name:fr": null, "name:ht": null, "osm_id": 879413840, "osm_type": "nodes" }, "geometry": { "type": "Point", "coordinates": [ -72.3353842, 18.5475178 ] } },
{ "type": "Feature", "properties": { "name": "École Dominique Savio", "name:en": null, "amenity": "school", "building": null, "operator:type": "private_for_profit", "capacity:persons": null, "addr:full": null, "addr:city": null, "source": "CNIGS/OIM/ FOCS", "name:fr": null, "name:ht": null, "osm_id": 879413812, "osm_type": "nodes" }, "geometry": { "type": "Point", "coordinates": [ -72.3353012, 18.5477948 ] } },
{ "type": "Feature", "properties": { "name": "Collège Pierre Nicolas Wilfrid", "name:en": null, "amenity": "school", "building": null, "operator:type": "private_for_profit", "capacity:persons": null, "addr:full": null, "addr:city": null, "source": "CNIGS/FOCS/OIM", "name:fr": null, "name:ht": null, "osm_id": 879413975, "osm_type": "nodes" }, "geometry": { "type": "Point", "coordinates": [ -72.3365763, 18.5479439 ] } },
{ "type": "Feature", "properties": { "name": "College Mixte Marcelin Evans", "name:en": null, "amenity": "school", "building": null, "operator:type": null, "capacity:persons": null, "addr:full": null, "addr:city": null, "source": "hot_iom_cosmha", "name:fr": null, "name:ht": null, "osm_id": 1129469963, "osm_type": "nodes" }, "geometry": { "type": "Point", "coordinates": [ -72.3327094, 18.5498215 ] } },
{ "type": "Feature", "properties": { "name": "École Communautaire Korebel", "name:en": null, "amenity": "school", "building": null, "operator:type": "private_for_profit", "capacity:persons": null, "addr:full": null, "addr:city": null, "source": "hot_iom_cosmha", "name:fr": null, "name:ht": null, "osm_id": 1129470082, "osm_type": "nodes" }, "geometry": { "type": "Point", "coordinates": [ -72.3327815, 18.5499118 ] } },
{ "type": "Feature", "properties": { "name": "Institution Mixte Bambinou", "name:en": null, "amenity": "school", "building": null, "operator:type": "private_for_profit", "capacity:persons": null, "addr:full": null, "addr:city": null, "source": "CNIGS/OIM/ FOCS", "name:fr": null, "name:ht": null, "osm_id": 933621007, "osm_type": "nodes" }, "geometry": { "type": "Point", "coordinates": [ -72.3372254, 18.5508026 ] } },
{ "type": "Feature", "properties": { "name": "Complexe Edcatif Educatif Du Bel Air", "name:en": null, "amenity": "school", "building": null, "operator:type": "private_for_profit", "capacity:persons": null, "addr:full": null, "addr:city": null, "source": "CNIGS/OIM/ FOCS", "name:fr": null, "name:ht": null, "osm_id": 933621055, "osm_type": "nodes" }, "geometry": { "type": "Point", "coordinates": [ -72.336992, 18.5509136 ] } },
{ "type": "Feature", "properties": { "name": "Institution D'Enseignement De La Creche", "name:en": null, "amenity": "school", "building": null, "operator:type": "private_for_profit", "capacity:persons": null, "addr:full": null, "addr:city": null, "source": "CNIGS/OIM/ FOCS", "name:fr": null, "name:ht": null, "osm_id": 933621015, "osm_type": "nodes" }, "geometry": { "type": "Point", "coordinates": [ -72.3381205, 18.5513852 ] } },
{ "type": "Feature", "properties": { "name": "École Notre-Dame Du Perpétuel Secours", "name:en": null, "amenity": "school", "building": null, "operator:type": "private_for_profit", "capacity:persons": null, "addr:full": null, "addr:city": null, "source": "CNIGS/OIM/ FOCS", "name:fr": null, "name:ht": null, "osm_id": 933621075, "osm_type": "nodes" }, "geometry": { "type": "Point", "coordinates": [ -72.3375739, 18.5516418 ] } },
{ "type": "Feature", "properties": { "name": "École Dumarsais Estime", "name:en": null, "amenity": "school", "building": null, "operator:type": "private_for_profit", "capacity:persons": null, "addr:full": null, "addr:city": null, "source": "CNIGS/OIM/ FOCS", "name:fr": null, "name:ht": null, "osm_id": 933621086, "osm_type": "nodes" }, "geometry": { "type": "Point", "coordinates": [ -72.3366015, 18.551698 ] } },
{ "type": "Feature", "properties": { "name": "École Mixte Celigny Ardouin", "name:en": null, "amenity": "school", "building": null, "operator:type": "private_for_profit", "capacity:persons": null, "addr:full": null, "addr:city": null, "source": "CNIGS/OIM/ FOCS", "name:fr": null, "name:ht": null, "osm_id": 933620987, "osm_type": "nodes" }, "geometry": { "type": "Point", "coordinates": [ -72.339127, 18.5536083 ] } },
{ "type": "Feature", "properties": { "name": "Institut Monfort (École Des Enfants Sourds)", "name:en": null, "amenity": "school", "building": null, "operator:type": null, "capacity:persons": null, "addr:full": null, "addr:city": null, "source": "hot_iom_cosmha", "name:fr": null, "name:ht": null, "osm_id": 1129469928, "osm_type": "nodes" }, "geometry": { "type": "Point", "coordinates": [ -72.3387512, 18.5550827 ] } },
{ "type": "Feature", "properties": { "name": "Ecole Classique Universelle", "name:en": null, "amenity": "school", "building": null, "operator:type": "private_for_profit", "capacity:persons": null, "addr:full": null, "addr:city": null, "source": "CNIGS/OIM/ FOCS", "name:fr": null, "name:ht": null, "osm_id": 933621107, "osm_type": "nodes" }, "geometry": { "type": "Point", "coordinates": [ -72.3409658, 18.5556864 ] } },
{ "type": "Feature", "properties": { "name": "École Nationale République Des États-Unis", "name:en": null, "amenity": "school", "building": null, "operator:type": "government_facility-public", "capacity:persons": null, "addr:full": null, "addr:city": "port-au-prince", "source": null, "name:fr": null, "name:ht": null, "osm_id": 1216521623, "osm_type": "nodes" }, "geometry": { "type": "Point", "coordinates": [ -72.3370449, 18.5560883 ] } },
{ "type": "Feature", "properties": { "name": "École Verena D'Haiti", "name:en": null, "amenity": "school", "building": null, "operator:type": null, "capacity:persons": null, "addr:full": null, "addr:city": null, "source": "hot_iom_cosmha", "name:fr": null, "name:ht": null, "osm_id": 976612237, "osm_type": "nodes" }, "geometry": { "type": "Point", "coordinates": [ -72.3364936, 18.556145 ] } },
{ "type": "Feature", "properties": { "name": "Ecole Mixte La Perfection", "name:en": null, "amenity": "school", "building": null, "operator:type": null, "capacity:persons": null, "addr:full": null, "addr:city": null, "source": "IOM HOT", "name:fr": null, "name:ht": null, "osm_id": 965251206, "osm_type": "nodes" }, "geometry": { "type": "Point", "coordinates": [ -72.3416965, 18.5631491 ] } },
{ "type": "Feature", "properties": { "name": "Ecole St Martin De Porres", "name:en": null, "amenity": "school", "building": null, "operator:type": null, "capacity:persons": null, "addr:full": null, "addr:city": null, "source": null, "name:fr": null, "name:ht": null, "osm_id": 747494560, "osm_type": "nodes" }, "geometry": { "type": "Point", "coordinates": [ -72.3456077, 18.5645937 ] } },
{ "type": "Feature", "properties": { "name": "Ecole Mixte Tes'Nv", "name:en": null, "amenity": "school", "building": null, "operator:type": null, "capacity:persons": null, "addr:full": null, "addr:city": null, "source": null, "name:fr": null, "name:ht": null, "osm_id": 614595817, "osm_type": "nodes" }, "geometry": { "type": "Point", "coordinates": [ -72.3469806, 18.5654174 ] } }
]
}
